material_id,material_type,strength_mpa,weight_capacity_kg,biodegradability_percent,co2_emission_kg_per_kg,recyclability_percent,cost_per_kg,industry_use_case,source_type,confidence_level,co2_emission_norm,biodegradability_norm,recyclability_category,recyclability_score,co2_impact_index,cost_norm,strength_norm,cost_efficiency_index,material_suitability_score
1.0,Virgin Cardboard,15.0,15.0,5.0,1.14,90.0,45.0,General Packaging,Literature,High,0.057783820530251516,0.05,A,1.0,69.18864717878994,0.09574468085106383,0.12371134020618557,51.39833296775609,60.29349007327301
2.0,Recycled Cardboard,15.0,15.0,5.0,0.82,95.0,40.0,General Packaging,Literature,High,0.03602991162474507,0.05,A,1.0,70.0588035350102,0.07801418439716312,0.12371134020618557,52.28485779045112,61.171830662730656
3.0,Virgin Paper,5.0,5.0,5.0,0.91,85.0,35.0,Light Packaging,Literature,High,0.04214819850441877,0.05,B,0.75,62.314072059823246,0.06028368794326241,0.020618556701030927,48.01674343788843,55.16540774885584
4.0,Recycled Paper,5.0,5.0,5.0,0.62,90.0,30.0,Light Packaging,Literature,High,0.022433718558803536,0.05,A,1.0,70.60265125764786,0.0425531914893617,0.020618556701030927,48.90326826058347,59.75295975911567
5.0,PLA Bioplastic,50.0,10.0,80.0,0.5,70.0,120.0,Food/Cosmetic,Literature,High,0.014276002719238614,0.8,B,0.75,85.92895989123045,0.3617021276595745,0.4845360824742268,56.141697740732624,71.03532881598153
6.0,Compostable Plastic,40.0,8.0,85.0,0.6,70.0,110.0,Food Packaging,Literature,High,0.02107409925220938,0.85,B,0.75,87.15703602991162,0.3262411347517731,0.38144329896907214,52.760108210864956,69.95857212038828
7.0,Conventional Plastic (PET),60.0,15.0,1.0,3.0,50.0,80.0,General Packaging,Literature,High,0.18422841604350781,0.01,C,0.5,47.93086335825969,0.2198581560283688,0.5876288659793815,68.38853549755063,58.15969942790517
8.0,Conventional Plastic (HDPE),65.0,18.0,1.0,3.1,55.0,85.0,Food/Cosmetics,Literature,High,0.19102651257647857,0.01,C,0.5,47.65893949694087,0.2375886524822695,0.6391752577319587,70.07933026248446,58.86913487971266
9.0,Recycled PET,60.0,15.0,1.0,1.8,75.0,90.0,General Packaging,Literature,High,0.1026512576478586,0.01,B,0.75,58.69394969408566,0.2553191489361702,0.5876288659793815,66.61548585216057,62.65471777312312
10.0,Sugarcane Bagasse,12.0,7.0,90.0,0.4,80.0,50.0,Food Packaging,Literature,High,0.007477906186267848,0.9,B,0.75,89.20088375254929,0.11347517730496454,0.09278350515463918,48.96541639248373,69.0831500725165
11.0,Wood Pulp Molded Fiber,10.0,6.0,85.0,0.5,75.0,55.0,Electronics Packaging,Literature,High,0.014276002719238614,0.85,B,0.75,87.42895989123046,0.13120567375886524,0.07216494845360824,47.047963734737145,67.2384618129838
12.0,Corrugated Paperboard,16.0,20.0,5.0,1.2,92.0,48.0,Electronics Packaging,Literature,High,0.06186267845003398,0.05,A,1.0,69.02549286199864,0.10638297872340426,0.13402061855670103,51.381881991664834,60.203687426831735
13.0,Cotton Fabric Wrap,20.0,8.0,90.0,0.6,70.0,100.0,Food/Cosmetics,Literature,Medium,0.02107409925220938,0.9,B,0.75,88.65703602991162,0.2907801418439716,0.17525773195876287,44.22387950573956,66.44045776782559
14.0,Jute Bag,25.0,12.0,95.0,0.5,85.0,90.0,Food/Cosmetics,Literature,Medium,0.014276002719238614,0.95,B,0.75,90.42895989123045,0.2553191489361702,0.2268041237113402,48.5742487387585,69.50160431499447
15.0,PLA Sheet,50.0,12.0,80.0,0.55,70.0,125.0,Food Packaging,Literature,High,0.017675050985724,0.8,B,0.75,85.79299796057104,0.37943262411347517,0.4845360824742268,55.25517291803759,70.52408543930432
16.0,Polylactic Acid Blend,45.0,10.0,80.0,0.5,70.0,118.0,Food/Cosmetic,Literature,High,0.014276002719238614,0.8,B,0.75,85.92895989123045,0.3546099290780142,0.4329896907216495,53.91898808218176,69.9239739867061
17.0,Biodegradable Film,30.0,8.0,85.0,0.6,65.0,105.0,Food Packaging,Literature,High,0.02107409925220938,0.85,C,0.5,79.65703602991164,0.30851063829787234,0.27835051546391754,48.49199385830226,64.07451494410695
18.0,Aluminum Foil,70.0,20.0,1.0,8.0,90.0,150.0,Food Packaging,Literature,High,0.5241332426920462,0.01,A,1.0,49.33467029231815,0.46808510638297873,0.6907216494845361,61.131827155077865,55.23324872369801
19.0,Glass Bottle,90.0,25.0,0.0,2.5,95.0,120.0,Drinkware,Literature,High,0.15023793337865396,0.0,A,1.0,63.99048266485384,0.3617021276595745,0.8969072164948454,76.76025444176355,70.3753685533087
20.0,Steel Can,80.0,22.0,0.0,6.0,90.0,100.0,Food/Drink,Literature,High,0.38817131203263083,0.0,A,1.0,54.473147518694766,0.2907801418439716,0.7938144329896907,75.15171455728596,64.81243103799036
21.0,Mixed Plastic (HDPE+PET),60.0,15.0,1.0,3.5,60.0,90.0,General Packaging,Estimate,Medium,0.21821889870836164,0.01,C,0.5,46.57124405166554,0.2553191489361702,0.5876288659793815,66.61548585216057,56.59336495191306
22.0,Recycled Mixed Plastic,60.0,15.0,1.0,2.0,70.0,85.0,General Packaging,Estimate,Medium,0.11624745071380013,0.01,B,0.75,58.15010197144799,0.2375886524822695,0.5876288659793815,67.5020106748556,62.82605632315179
23.0,PLA Compostable Pack,50.0,10.0,85.0,0.55,70.0,115.0,Food/Cosmetics,Literature,High,0.017675050985724,0.85,B,0.75,87.29299796057104,0.34397163120567376,0.4845360824742268,57.028222563427654,72.16061026199935
24.0,Paper Pulp Tray,14.0,10.0,80.0,0.9,88.0,50.0,Food Packaging,Estimate,Medium,0.04146838885112169,0.8,B,0.75,84.84126444595513,0.11347517730496454,0.1134020618556701,49.99634422753528,67.41880433674521
25.0,Cardboard Sleeve,16.0,12.0,5.0,1.1,92.0,42.0,Electronics Packaging,Estimate,Medium,0.055064581917063225,0.05,A,1.0,69.29741672331747,0.0851063829787234,0.13402061855670103,52.44571177889888,60.871564251108175
26.0,PLA Clamshell,48.0,9.0,80.0,0.52,70.0,120.0,Food Packaging,Literature,High,0.01563562202583277,0.8,B,0.75,85.87457511896669,0.3617021276595745,0.4639175257731959,55.11076990568107,70.49267251232388
27.0,Recycled Cardboard Box,15.0,15.0,5.0,0.83,95.0,41.0,General Packaging,Literature,High,0.036709721278042146,0.05,A,1.0,70.03161114887831,0.08156028368794327,0.12371134020618557,52.107552825912116,61.06958198739521
28.0,Virgin Cardboard - Heavy Duty,18.0,20.0,5.0,1.2,90.0,48.0,Electronics Packaging,Estimate,Medium,0.06186267845003398,0.05,A,1.0,69.02549286199864,0.10638297872340426,0.15463917525773196,52.41280982671639,60.71915134435751
29.0,Virgin Cardboard - Lightweight,12.0,10.0,5.0,1.1,90.0,42.0,Light Packaging,Estimate,Medium,0.055064581917063225,0.05,A,1.0,69.29741672331747,0.0851063829787234,0.09278350515463918,50.38385610879579,59.840636416056626
30.0,Recycled Cardboard - Heavy Duty,18.0,20.0,5.0,0.85,95.0,43.0,Electronics Packaging,Estimate,Medium,0.038069340584636305,0.05,A,1.0,69.97722637661454,0.08865248226950355,0.15463917525773196,53.29933464941142,61.63828051301298
31.0,Recycled Cardboard - Lightweight,12.0,10.0,5.0,0.8,95.0,38.0,Light Packaging,Estimate,Medium,0.034670292318150914,0.05,A,1.0,70.11318830727397,0.07092198581560284,0.09278350515463918,51.093075966951815,60.603132137112894
32.0,Virgin Cardboard - Food Grade,16.0,15.0,5.0,1.15,90.0,47.0,Food Packaging,Estimate,Medium,0.058463630183548596,0.05,A,1.0,69.16145479265805,0.10283687943262411,0.13402061855670103,51.55918695620385,60.360320874430954
33.0,Recycled Cardboard - Food Grade,16.0,15.0,5.0,0.84,95.0,41.0,Food Packaging,Estimate,Medium,0.037389530931339225,0.05,A,1.0,70.00441876274644,0.08156028368794327,0.13402061855670103,52.62301674343789,61.31371775309216
34.0,Virgin Paper - Coated,6.0,6.0,5.0,0.95,80.0,37.0,Labels & Inserts,Estimate,Medium,0.04486743711760706,0.05,B,0.75,62.20530251529573,0.0673758865248227,0.030927835051546393,48.177597426336185,55.19144997081595
35.0,Virgin Paper - Uncoated,5.0,5.0,5.0,0.9,85.0,34.0,Light Packaging,Literature,High,0.04146838885112169,0.05,B,0.75,62.34126444595513,0.05673758865248227,0.020618556701030927,48.194048402427434,55.26765642419129
36.0,Recycled Paper - Coated,6.0,6.0,5.0,0.65,88.0,32.0,Labels & Inserts,Estimate,Medium,0.02447314751869477,0.05,B,0.75,63.02107409925222,0.04964539007092199,0.030927835051546393,49.06412224903122,56.042598174141716
37.0,Recycled Paper - High Recycle,5.0,5.0,5.0,0.6,92.0,29.0,Light Packaging,Literature,High,0.02107409925220938,0.05,A,1.0,70.65703602991162,0.03900709219858156,0.020618556701030927,49.08057322512247,59.86880462751705
38.0,Virgin Paper - Kraft,7.0,7.0,5.0,0.93,85.0,36.0,Mailers,Literature,High,0.04350781781101292,0.05,B,0.75,62.25968728755949,0.06382978723404255,0.041237113402061855,48.87036630840097,55.565026797980224
39.0,Recycled Paper - Kraft,7.0,7.0,5.0,0.64,90.0,31.0,Mailers,Literature,High,0.02379333786539769,0.05,A,1.0,70.54826648538409,0.04609929078014184,0.041237113402061855,49.756891131096,60.152578808240044
40.0,PLA Bioplastic - Rigid,52.0,11.0,80.0,0.52,70.0,122.0,Food Packaging,Literature,High,0.01563562202583277,0.8,B,0.75,85.87457511896669,0.36879432624113473,0.5051546391752577,56.818015646706144,71.34629538283642
41.0,PLA Bioplastic - Flexible,48.0,9.0,80.0,0.48,70.0,118.0,Food/Cosmetic,Literature,High,0.012916383412644459,0.8,B,0.75,85.98334466349422,0.3546099290780142,0.4639175257731959,55.46537983475908,70.72436224912664
42.0,PLA Bioplastic - Transparent,50.0,10.0,80.0,0.51,70.0,121.0,Food/Cosmetic,Estimate,Medium,0.01495581237253569,0.8,B,0.75,85.90176750509858,0.36524822695035464,0.4845360824742268,55.964392776193606,70.9330801406461
43.0,PLA Bioplastic - Industrial Grade,55.0,12.0,75.0,0.6,65.0,130.0,Electronics Packaging,Estimate,Medium,0.02107409925220938,0.75,C,0.5,76.65703602991162,0.3971631205673759,0.5360824742268041,56.94596768297141,66.80150185644152
44.0,PLA Bioplastic - Home Compost Grade,45.0,9.0,85.0,0.48,70.0,119.0,Food Packaging,Literature,High,0.012916383412644459,0.85,B,0.75,87.48334466349422,0.35815602836879434,0.4329896907216495,53.74168311764276,70.6125138905685
45.0,Compostable Plastic - Starch Blend,38.0,7.0,88.0,0.58,68.0,108.0,Food Packaging,Literature,High,0.019714479945615225,0.88,C,0.5,80.61142080217539,0.3191489361702128,0.36082474226804123,52.08379030489142,66.34760555353341
46.0,Compostable Plastic - High Barrier,42.0,8.0,82.0,0.62,70.0,112.0,Food Packaging,Estimate,Medium,0.022433718558803536,0.82,B,0.75,86.20265125764786,0.3333333333333333,0.4020618556701031,53.4364261168385,69.81953868724318
47.0,Compostable Plastic - Film,35.0,6.0,90.0,0.55,70.0,106.0,Snack Packaging,Estimate,Medium,0.017675050985724,0.9,B,0.75,88.79299796057104,0.3120567375886525,0.32989690721649484,50.89200848139212,69.84250322098158
48.0,Compostable Plastic - Rigid Tray,40.0,8.0,85.0,0.6,70.0,111.0,Ready Meals,Estimate,Medium,0.02107409925220938,0.85,B,0.75,87.15703602991162,0.32978723404255317,0.38144329896907214,52.58280324632595,69.86991963811879
49.0,Compostable Plastic - Cold Use,37.0,7.0,88.0,0.57,70.0,109.0,Salad Packaging,Estimate,Medium,0.01903467029231815,0.88,B,0.75,88.13861318830727,0.32269503546099293,0.35051546391752575,51.39102142282663,69.76481730556695
50.0,Conventional Plastic PET - Bottle Grade,62.0,18.0,1.0,3.1,50.0,82.0,Beverage Bottles,Literature,High,0.19102651257647857,0.01,C,0.5,47.65893949694087,0.22695035460992907,0.6082474226804123,69.06485340352417,58.36189645023252
51.0,Conventional Plastic PET - Sheet,58.0,15.0,1.0,2.9,50.0,78.0,Blister Packs,Literature,High,0.17743031951053703,0.01,C,0.5,48.202787219578525,0.2127659574468085,0.5670103092783505,67.7122175915771,57.95750240557781
52.0,Conventional Plastic PET - Film,55.0,14.0,1.0,2.8,50.0,76.0,Flex Packaging,Estimate,Medium,0.17063222297756625,0.01,C,0.5,48.47471108089735,0.20567375886524822,0.5360824742268041,66.5204357680778,57.49757342448758
53.0,Conventional Plastic PET - High Clarity,60.0,16.0,1.0,3.0,50.0,81.0,Display Packaging,Literature,High,0.18422841604350781,0.01,C,0.5,47.93086335825969,0.22340425531914893,0.5876288659793815,68.21123053301163,58.07104694563566
54.0,Conventional Plastic PET - Reheat Grade,63.0,18.0,1.0,3.2,50.0,83.0,Bottle Preforms,Estimate,Medium,0.19782460910944935,0.01,C,0.5,47.387015635622035,0.23049645390070922,0.6185567010309279,69.40301235651093,58.39501399606648
55.0,Conventional Plastic HDPE - Blow Molding,68.0,20.0,1.0,3.2,55.0,88.0,Bottles & Jerrycans,Literature,High,0.19782460910944935,0.01,C,0.5,47.387015635622035,0.24822695035460993,0.6701030927835051,71.09380712144475,59.240411378533395
56.0,Conventional Plastic HDPE - Injection Grade,62.0,17.0,1.0,3.0,55.0,84.0,Caps & Closures,Literature,High,0.18422841604350781,0.01,C,0.5,47.93086335825969,0.23404255319148937,0.6082474226804123,68.71024347444614,58.32055341635292
57.0,Conventional Plastic HDPE - Film,58.0,16.0,1.0,2.9,55.0,82.0,Bags & Liners,Estimate,Medium,0.17743031951053703,0.01,C,0.5,48.202787219578525,0.22695035460992907,0.5670103092783505,67.00299773342107,57.6028924764998
58.0,Conventional Plastic HDPE - High Rigidity,70.0,21.0,1.0,3.3,55.0,89.0,Industrial Pails,Estimate,Medium,0.2046227056424201,0.01,C,0.5,47.115091774303195,0.25177304964539005,0.6907216494845361,71.9474299919573,59.53126088313025
59.0,Conventional Plastic HDPE - Food Grade,65.0,18.0,1.0,3.1,55.0,86.0,Food Containers,Literature,High,0.19102651257647857,0.01,C,0.5,47.65893949694087,0.24113475177304963,0.6391752577319587,69.90202529794544,58.78048239744315
60.0,Recycled PET - Clear,60.0,15.0,1.0,1.9,75.0,92.0,Bottles,Estimate,Medium,0.10944935418082935,0.01,B,0.75,58.422025832766835,0.2624113475177305,0.5876288659793815,66.26087592308254,62.341450877924686
61.0,Recycled PET - Colored,58.0,14.0,1.0,1.7,70.0,88.0,Straps & Fibers,Estimate,Medium,0.09585316111488781,0.01,B,0.75,58.96587355540448,0.24822695035460993,0.5670103092783505,65.93916794618703,62.452520750795756
62.0,Recycled PET - Sheet Grade,59.0,15.0,1.0,1.8,75.0,90.0,Blister Packs,Literature,High,0.1026512576478586,0.01,B,0.75,58.69394969408566,0.2553191489361702,0.5773195876288659,66.1000219346348,62.39698581436023
63.0,Recycled PET - Film Grade,57.0,14.0,1.0,1.75,70.0,89.0,Flex Packaging,Estimate,Medium,0.0992522093813732,0.01,B,0.75,58.829911624745066,0.25177304964539005,0.5567010309278351,65.24639906412226,62.03815534443366
64.0,Recycled PET - High Recycled Content,60.0,15.0,1.0,1.6,80.0,93.0,Bottles & Trays,Estimate,Medium,0.08905506458191706,0.01,B,0.75,59.237797416723325,0.26595744680851063,0.5876288659793815,66.08357095854353,62.66068418763343
65.0,Sugarcane Bagasse - Plate Grade,12.0,7.0,90.0,0.42,80.0,52.0,Food Service Ware,Literature,High,0.008837525492861998,0.9,B,0.75,89.14649898028551,0.12056737588652482,0.09278350515463918,48.61080646340572,68.87865272184561
66.0,Sugarcane Bagasse - Bowl Grade,11.0,6.0,92.0,0.39,80.0,49.0,Food Service Ware,Literature,High,0.00679809653297077,0.92,B,0.75,89.82807613868117,0.1099290780141844,0.08247422680412371,48.627257439496965,69.22766678908907
67.0,Sugarcane Bagasse - Clamshell,13.0,8.0,88.0,0.43,78.0,53.0,Takeaway Packaging,Estimate,Medium,0.009517335146159076,0.88,B,0.75,88.51930659415365,0.12411347517730496,0.10309278350515463,48.94896541639248,68.73413600527306
68.0,Sugarcane Bagasse - Thick Tray,14.0,9.0,85.0,0.45,78.0,55.0,Ready Meals,Estimate,Medium,0.01087695445275323,0.85,B,0.75,87.56492182188987,0.13120567375886524,0.1134020618556701,49.109819404840245,68.33737061336505
69.0,Sugarcane Bagasse - Thin Tray,10.0,5.0,92.0,0.38,82.0,48.0,Snacks & Bakery,Estimate,Medium,0.006118286879673693,0.92,B,0.75,89.85526852481306,0.10638297872340426,0.07216494845360824,48.2890984865102,69.07218350566163
70.0,Wood Pulp Molded Fiber - Corner Protector,11.0,8.0,85.0,0.52,75.0,57.0,Electronics Packaging,Literature,High,0.01563562202583277,0.85,B,0.75,87.37457511896669,0.13829787234042554,0.08247422680412371,47.20881772318491,67.2916964210758
71.0,Wood Pulp Molded Fiber - Insert,9.0,5.0,88.0,0.48,75.0,54.0,Electronics Packaging,Literature,High,0.012916383412644459,0.88,B,0.75,88.38334466349423,0.1276595744680851,0.061855670103092786,46.709804781750385,67.54657472262231
72.0,Wood Pulp Molded Fiber - Tray,10.0,6.0,86.0,0.5,75.0,56.0,Furniture & Appliances,Estimate,Medium,0.014276002719238614,0.86,B,0.75,87.72895989123045,0.1347517730496454,0.07216494845360824,46.87065877019814,67.2998093307143
73.0,Wood Pulp Molded Fiber - Thicker Grade,12.0,8.0,82.0,0.55,70.0,59.0,Heavy Goods,Estimate,Medium,0.017675050985724,0.82,B,0.75,86.39299796057104,0.1453900709219858,0.09278350515463918,47.36967171163267,66.88133483610186
74.0,Wood Pulp Molded Fiber - Thin Grade,8.0,4.0,90.0,0.47,78.0,52.0,Consumer Electronics,Estimate,Medium,0.012236573759347382,0.9,B,0.75,89.01053704962611,0.12056737588652482,0.05154639175257732,46.54895079330263,67.77974392146437
75.0,Corrugated Paperboard - Single Wall,16.0,20.0,5.0,1.2,92.0,48.0,Shipping Boxes,Literature,High,0.06186267845003398,0.05,A,1.0,69.02549286199864,0.10638297872340426,0.13402061855670103,51.381881991664834,60.203687426831735
76.0,Corrugated Paperboard - Double Wall,18.0,25.0,5.0,1.25,92.0,50.0,Heavy Duty Boxes,Literature,High,0.06526172671651936,0.05,A,1.0,68.88953093133922,0.11347517730496454,0.15463917525773196,52.05819989763838,60.4738654144888
77.0,Corrugated Paperboard - Triple Wall,20.0,30.0,5.0,1.3,92.0,55.0,Bulky Appliances,Estimate,Medium,0.06866077498300475,0.05,A,1.0,68.75356900067982,0.13120567375886524,0.17525773195876287,52.20260290999488,60.47808595533735
78.0,Corrugated Paperboard - Lightweight,14.0,15.0,5.0,1.1,92.0,45.0,E-commerce Boxes,Estimate,Medium,0.055064581917063225,0.05,A,1.0,69.29741672331747,0.09574468085106383,0.1134020618556701,50.88286905023032,60.09014288677389
79.0,Corrugated Paperboard - Recycled Core,16.0,20.0,5.0,1.0,94.0,46.0,General Packaging,Estimate,Medium,0.04826648538409245,0.05,A,1.0,69.56934058463631,0.09929078014184398,0.13402061855670103,51.73649192074286,60.65291625268958
80.0,Cotton Fabric Wrap - Single Layer,18.0,7.0,90.0,0.58,70.0,95.0,Gift Packaging,Estimate,Medium,0.019714479945615225,0.9,B,0.75,88.71142080217538,0.2730496453900709,0.15463917525773196,44.079476493383055,66.39544864777922
81.0,Cotton Fabric Wrap - Double Layer,22.0,9.0,88.0,0.62,70.0,105.0,Reusable Wraps,Estimate,Medium,0.022433718558803536,0.88,B,0.75,88.00265125764787,0.30851063829787234,0.1958762886597938,44.368282518096066,66.18546688787197
82.0,Cotton Fabric Wrap - Printed,20.0,8.0,90.0,0.6,68.0,102.0,Brand Packaging,Estimate,Medium,0.02107409925220938,0.9,C,0.5,81.15703602991164,0.2978723404255319,0.17525773195876287,43.86926957666155,62.513152803286594
83.0,Cotton Fabric Wrap - Organic,19.0,8.0,92.0,0.55,72.0,110.0,Premium Packaging,Estimate,Medium,0.017675050985724,0.92,B,0.75,89.39299796057104,0.3262411347517731,0.16494845360824742,41.935365942823715,65.66418195169737
84.0,Cotton Fabric Wrap - Heavy Weave,24.0,10.0,85.0,0.65,70.0,115.0,Carry Bags,Estimate,Medium,0.02447314751869477,0.85,B,0.75,87.0210740992522,0.34397163120567376,0.21649484536082475,43.62616070775755,65.32361740350487
85.0,Jute Bag - Light,22.0,10.0,95.0,0.48,85.0,85.0,Grocery Bags,Literature,High,0.012916383412644459,0.95,B,0.75,90.48334466349422,0.2375886524822695,0.1958762886597938,47.914381808876215,69.19886323618522
86.0,Jute Bag - Medium,25.0,12.0,95.0,0.5,85.0,90.0,Carry Bags,Literature,High,0.014276002719238614,0.95,B,0.75,90.42895989123045,0.2553191489361702,0.2268041237113402,48.5742487387585,69.50160431499447
87.0,Jute Bag - Heavy,28.0,15.0,93.0,0.52,85.0,95.0,Multi-use Bags,Estimate,Medium,0.01563562202583277,0.93,B,0.75,89.7745751189667,0.2730496453900709,0.25773195876288657,49.23411566864078,69.50434539380373
88.0,Jute Bag - Laminated,27.0,14.0,80.0,0.7,75.0,98.0,Industrial Bags,Estimate,Medium,0.027872195785180146,0.8,B,0.75,85.3851121685928,0.28368794326241137,0.24742268041237114,48.18673685749799,66.78592451304539
89.0,Jute Bag - Organic,26.0,13.0,96.0,0.49,88.0,100.0,Premium Retail,Estimate,Medium,0.013596193065941536,0.96,B,0.75,90.75615227736235,0.2907801418439716,0.23711340206185566,47.3166630108942,69.03640764412827
90.0,PLA Sheet - Thin,48.0,10.0,80.0,0.54,70.0,120.0,Bakery Lids,Estimate,Medium,0.016995241332426924,0.8,B,0.75,85.82019034670293,0.3617021276595745,0.4639175257731959,55.11076990568107,70.465480126192
91.0,PLA Sheet - Medium,50.0,12.0,80.0,0.55,70.0,125.0,Food Trays,Literature,High,0.017675050985724,0.8,B,0.75,85.79299796057104,0.37943262411347517,0.4845360824742268,55.25517291803759,70.52408543930432
92.0,PLA Sheet - Thick,52.0,14.0,78.0,0.6,68.0,130.0,Clamshells,Estimate,Medium,0.02107409925220938,0.78,C,0.5,77.55703602991163,0.3971631205673759,0.5051546391752577,55.399575930394086,66.47830598015285
93.0,PLA Sheet - Anti-fog,49.0,11.0,80.0,0.56,70.0,128.0,Fresh Produce,Estimate,Medium,0.01835486063902108,0.8,B,0.75,85.76580557443916,0.3900709219858156,0.4742268041237113,54.20779410689478,69.98679984066698
94.0,PLA Sheet - High Transparency,51.0,12.0,80.0,0.55,70.0,127.0,Display Packs,Estimate,Medium,0.017675050985724,0.8,B,0.75,85.79299796057104,0.38652482269503546,0.4948453608247423,55.416026906485335,70.60451243352819
95.0,Polylactic Acid Blend - Flexible,42.0,9.0,82.0,0.49,70.0,116.0,Sachets,Estimate,Medium,0.013596193065941536,0.82,B,0.75,86.55615227736234,0.3475177304964539,0.4020618556701031,52.72720625868246,69.6416792680224
96.0,Polylactic Acid Blend - Rigid,47.0,11.0,78.0,0.52,70.0,120.0,Tubs & Cups,Estimate,Medium,0.01563562202583277,0.78,B,0.75,85.2745751189667,0.3617021276595745,0.4536082474226804,54.595305988155296,69.93494055356099
97.0,Polylactic Acid Blend - High Impact,50.0,12.0,75.0,0.58,68.0,124.0,Electronics Blisters,Estimate,Medium,0.019714479945615225,0.75,C,0.5,76.71142080217538,0.375886524822695,0.4845360824742268,55.43247788257659,66.07194934237599
98.0,Polylactic Acid Blend - Transparent,45.0,10.0,80.0,0.5,70.0,118.0,Display Cartons,Literature,High,0.014276002719238614,0.8,B,0.75,85.92895989123045,0.3546099290780142,0.4329896907216495,53.91898808218176,69.9239739867061
99.0,Polylactic Acid Blend - Home Compost,40.0,8.0,85.0,0.48,72.0,115.0,Food/Cosmetic,Estimate,Medium,0.012916383412644459,0.85,B,0.75,87.48334466349422,0.34397163120567376,0.38144329896907214,51.87358338816992,69.67846402583207
100.0,Biodegradable Film - Starch Based,28.0,7.0,88.0,0.58,65.0,102.0,Snack Wraps,Literature,High,0.019714479945615225,0.88,C,0.5,80.61142080217539,0.2978723404255319,0.25773195876288657,47.99298091686774,64.30220085952156
101.0,Biodegradable Film - Cellulose Based,32.0,8.0,82.0,0.62,70.0,108.0,Overwrap,Estimate,Medium,0.022433718558803536,0.82,B,0.75,86.20265125764786,0.3191489361702128,0.29896907216494845,48.99100679973678,67.59682902869233
102.0,Biodegradable Film - Barrier,30.0,8.0,85.0,0.6,65.0,105.0,Snack Packaging,Literature,High,0.02107409925220938,0.85,C,0.5,79.65703602991164,0.30851063829787234,0.27835051546391754,48.49199385830226,64.07451494410695
103.0,Biodegradable Film - Compost Home,26.0,6.0,90.0,0.55,68.0,100.0,Food Wrap,Estimate,Medium,0.017675050985724,0.9,C,0.5,81.29299796057104,0.2907801418439716,0.23711340206185566,47.3166630108942,64.30483048573262
104.0,Biodegradable Film - Industrial,34.0,9.0,80.0,0.65,60.0,110.0,Frozen Foods,Estimate,Medium,0.02447314751869477,0.8,C,0.5,78.02107409925222,0.3262411347517731,0.31958762886597936,49.667324705710314,63.844199402481266
105.0,Aluminum Foil - Thin Household,60.0,12.0,1.0,7.5,90.0,130.0,Food Wrap,Literature,High,0.49014276002719237,0.01,A,1.0,50.69428959891231,0.3971631205673759,0.5876288659793815,59.52328727060028,55.10878843475629
106.0,Aluminum Foil - Thick Catering,75.0,22.0,1.0,8.2,90.0,155.0,Food Trays,Literature,High,0.5377294357579877,0.01,A,1.0,48.79082256968049,0.4858156028368794,0.7422680412371134,62.8226219200117,55.8067222448461
107.0,Aluminum Foil - Laminated,70.0,20.0,1.0,8.5,85.0,160.0,Snack Wrap,Estimate,Medium,0.5581237253569001,0.01,B,0.75,40.475050985723996,0.5035460992907801,0.6907216494845361,59.3587775096878,49.9169142477059
108.0,Aluminum Foil - Pharma Grade,72.0,18.0,1.0,8.3,92.0,165.0,Blister Packs,Estimate,Medium,0.5445275322909586,0.01,A,1.0,48.51889870836166,0.5212765957446809,0.711340206185567,59.50318052204431,54.01103961520299
109.0,Aluminum Foil - Industrial,80.0,25.0,1.0,8.8,90.0,170.0,Insulation,Estimate,Medium,0.5785180149558125,0.01,A,1.0,47.1592794017675,0.5390070921985816,0.7938144329896907,62.74036703955546,54.94982322066148
110.0,Glass Bottle - Lightweight,85.0,18.0,0.0,2.3,95.0,115.0,Beverage,Estimate,Medium,0.13664174031271242,0.0,A,1.0,64.53433038749151,0.34397163120567376,0.845360824742268,75.06945967682972,69.80189503216062
111.0,Glass Bottle - Returnable,95.0,28.0,0.0,2.7,98.0,125.0,Beverage Refill,Literature,High,0.16383412644459552,0.0,A,1.0,63.446634942216185,0.37943262411347517,0.9484536082474226,78.45104920669738,70.94884207445678
112.0,Glass Bottle - Amber,90.0,25.0,0.0,2.6,95.0,122.0,Beverages & Pharma,Literature,High,0.15703602991162474,0.0,A,1.0,63.71855880353501,0.36879432624113473,0.8969072164948454,76.40564451268553,70.06210165811027
113.0,Glass Bottle - Fluted,92.0,26.0,0.0,2.5,95.0,124.0,Premium Drinks,Estimate,Medium,0.15023793337865396,0.0,A,1.0,63.99048266485384,0.375886524822695,0.9175257731958762,77.08196241865906,70.53622254175644
114.0,Glass Bottle - Thick Wall,100.0,30.0,0.0,2.8,95.0,130.0,Spirits,Estimate,Medium,0.17063222297756625,0.0,A,1.0,63.17471108089735,0.3971631205673759,1.0,80.1418439716312,71.65827752626427
115.0,Steel Can - Thin Wall,75.0,18.0,0.0,5.8,90.0,95.0,Foods,Literature,High,0.37457511896668927,0.0,A,1.0,55.01699524133243,0.2730496453900709,0.7422680412371134,73.46091979235212,64.23895751684228
116.0,Steel Can - Heavy Wall,85.0,24.0,0.0,6.2,90.0,105.0,Bulk Foods,Literature,High,0.4017675050985724,0.0,A,1.0,53.92929979605711,0.30851063829787234,0.845360824742268,76.84250932221978,65.38590455913845
117.0,Steel Can - Aerosol,80.0,20.0,0.0,6.1,88.0,102.0,Personal Care,Estimate,Medium,0.3949694085656016,0.0,B,0.75,46.701223657375934,0.2978723404255319,0.7938144329896907,74.79710462820795,60.74916414279194
118.0,Steel Can - Easy Open,78.0,19.0,0.0,6.0,90.0,100.0,Ready Foods,Estimate,Medium,0.38817131203263083,0.0,A,1.0,54.473147518694766,0.2907801418439716,0.7731958762886598,74.12078672223441,64.29696712046459
119.0,Steel Can - BPA Free Lined,80.0,22.0,0.0,6.2,90.0,108.0,Premium Foods,Estimate,Medium,0.4017675050985724,0.0,A,1.0,53.92929979605711,0.3191489361702128,0.7938144329896907,73.73327484097389,63.8312873185155
120.0,Mixed Plastic (HDPE+PET) - Rigid,62.0,16.0,1.0,3.6,60.0,92.0,Trays & Lids,Estimate,Medium,0.22501699524133242,0.01,C,0.5,46.299320190346705,0.2624113475177305,0.6082474226804123,67.29180375813408,56.79556197424039
121.0,Mixed Plastic (HDPE+PET) - Film,58.0,14.0,1.0,3.4,60.0,88.0,Multipack Wrap,Estimate,Medium,0.21142080217539086,0.01,C,0.5,46.84316791298437,0.24822695035460993,0.5670103092783505,65.93916794618703,56.3911679295857
122.0,Mixed Plastic (HDPE+PET) - Laminate,60.0,15.0,1.0,3.5,55.0,90.0,Snack Packs,Estimate,Medium,0.21821889870836164,0.01,C,0.5,46.57124405166554,0.2553191489361702,0.5876288659793815,66.61548585216057,56.59336495191306
123.0,Mixed Plastic (HDPE+PET) - Foam,55.0,12.0,1.0,3.3,50.0,86.0,Cushioning,Estimate,Medium,0.2046227056424201,0.01,C,0.5,47.115091774303195,0.24113475177304963,0.5360824742268041,64.74738612268773,55.93123894849546
124.0,Mixed Plastic (HDPE+PET) - Shrink,57.0,13.0,1.0,3.4,60.0,89.0,Bottle Bundling,Estimate,Medium,0.21142080217539086,0.01,C,0.5,46.84316791298437,0.25177304964539005,0.5567010309278351,65.24639906412226,56.044783488553314
125.0,Recycled Mixed Plastic - Rigid,60.0,15.0,1.0,2.0,70.0,87.0,Pallets,Estimate,Medium,0.11624745071380013,0.01,B,0.75,58.15010197144799,0.24468085106382978,0.5876288659793815,67.14740074577759,62.648751358612785
126.0,Recycled Mixed Plastic - Film,55.0,13.0,1.0,1.9,72.0,82.0,Garbage Bags,Estimate,Medium,0.10944935418082935,0.01,B,0.75,58.422025832766835,0.22695035460992907,0.5360824742268041,65.45660598084375,61.93931590680529
127.0,Recycled Mixed Plastic - Sheet,58.0,14.0,1.0,2.1,68.0,84.0,Construction Boards,Estimate,Medium,0.1230455472467709,0.01,C,0.5,50.37817811012917,0.23404255319148937,0.5670103092783505,66.64838780434306,58.513282957236115
128.0,Recycled Mixed Plastic - Lumber,62.0,16.0,1.0,2.2,65.0,88.0,Outdoor Furniture,Estimate,Medium,0.12984364377974167,0.01,C,0.5,50.10625424881033,0.24822695035460993,0.6082474226804123,68.00102361629013,59.05363893255023
129.0,Recycled Mixed Plastic - Foam,50.0,11.0,1.0,1.8,70.0,80.0,Cushioning,Estimate,Medium,0.1026512576478586,0.01,B,0.75,58.69394969408566,0.2198581560283688,0.4845360824742268,63.23389632229291,60.96392300818928
130.0,PLA Compostable Pack - Thin,48.0,9.0,88.0,0.54,70.0,112.0,Snack Trays,Estimate,Medium,0.016995241332426924,0.88,B,0.75,88.22019034670294,0.3333333333333333,0.4639175257731959,56.529209621993125,72.37469998434803
131.0,PLA Compostable Pack - Thick,52.0,11.0,82.0,0.57,68.0,118.0,Meal Trays,Estimate,Medium,0.01903467029231815,0.82,C,0.5,78.83861318830728,0.3546099290780142,0.5051546391752577,57.527235504862176,68.18292434658473
132.0,PLA Compostable Pack - Clear,50.0,10.0,85.0,0.55,70.0,115.0,Fresh Produce,Literature,High,0.017675050985724,0.85,B,0.75,87.29299796057104,0.34397163120567376,0.4845360824742268,57.028222563427654,72.16061026199935
133.0,PLA Compostable Pack - Matte,49.0,10.0,85.0,0.56,70.0,114.0,Premium Packs,Estimate,Medium,0.01835486063902108,0.85,B,0.75,87.26580557443916,0.3404255319148936,0.4742268041237113,56.69006361044089,71.97793459244002
134.0,PLA Compostable Pack - Rigid,53.0,11.0,80.0,0.58,68.0,120.0,Food/Cosmetics,Estimate,Medium,0.019714479945615225,0.8,C,0.5,78.2114208021754,0.3617021276595745,0.5154639175257731,57.68808949330994,67.94975514774266
135.0,Paper Pulp Tray - Shallow,13.0,9.0,80.0,0.88,88.0,49.0,Fruit & Veg,Estimate,Medium,0.04010876954452754,0.8,B,0.75,84.89564921821889,0.1099290780141844,0.10309278350515463,49.65818527454851,67.2769172463837
136.0,Paper Pulp Tray - Deep,15.0,11.0,78.0,0.92,86.0,52.0,Ready Meals,Estimate,Medium,0.04282800815771585,0.78,B,0.75,84.18687967369138,0.12056737588652482,0.12371134020618557,50.15719821598304,67.17203894483721
137.0,Paper Pulp Tray - Coated,14.0,10.0,75.0,0.95,85.0,55.0,Wet Foods,Estimate,Medium,0.04486743711760706,0.75,B,0.75,83.20530251529571,0.13120567375886524,0.1134020618556701,49.109819404840245,66.15756096006798
138.0,Paper Pulp Tray - Uncoated,14.0,10.0,82.0,0.9,88.0,50.0,Dry Foods,Estimate,Medium,0.04146838885112169,0.82,B,0.75,85.44126444595513,0.11347517730496454,0.1134020618556701,49.99634422753528,67.71880433674521
139.0,Paper Pulp Tray - Heavy Duty,16.0,12.0,75.0,1.0,85.0,58.0,Meat & Fish,Estimate,Medium,0.04826648538409245,0.75,B,0.75,83.0693405846363,0.14184397163120568,0.13402061855670103,49.60883234627477,66.33908646545552
140.0,Cardboard Sleeve - Light,15.0,10.0,5.0,1.05,92.0,40.0,Food Sleeves,Estimate,Medium,0.051665533650577834,0.05,A,1.0,69.4333786539769,0.07801418439716312,0.12371134020618557,52.28485779045112,60.85911822221401
141.0,Cardboard Sleeve - Heavy,17.0,14.0,5.0,1.15,92.0,44.0,Electronics Sleeves,Estimate,Medium,0.058463630183548596,0.05,A,1.0,69.16145479265805,0.09219858156028368,0.14432989690721648,52.60656576734664,60.88401028000234
142.0,Cardboard Sleeve - Printed,16.0,12.0,5.0,1.12,90.0,45.0,Brand Packaging,Estimate,Medium,0.05642420122365738,0.05,A,1.0,69.2430319510537,0.09574468085106383,0.13402061855670103,51.91379688528186,60.57841441816778
143.0,Cardboard Sleeve - Recycled,16.0,12.0,5.0,0.9,95.0,41.0,General Sleeves,Estimate,Medium,0.04146838885112169,0.05,A,1.0,69.84126444595513,0.08156028368794327,0.13402061855670103,52.62301674343789,61.23214059469651
144.0,Cardboard Sleeve - Kraft,16.0,12.0,5.0,1.08,92.0,43.0,Eco Sleeves,Estimate,Medium,0.053704962610469066,0.05,A,1.0,69.35180149558124,0.08865248226950355,0.13402061855670103,52.26840681435988,60.81010415497056
145.0,PLA Clamshell - Salad,46.0,8.0,80.0,0.5,70.0,118.0,Fresh Salads,Literature,High,0.014276002719238614,0.8,B,0.75,85.92895989123045,0.3546099290780142,0.44329896907216493,54.434451999707534,70.18170594546899
146.0,PLA Clamshell - Bakery,48.0,9.0,80.0,0.52,70.0,120.0,Bakery Items,Literature,High,0.01563562202583277,0.8,B,0.75,85.87457511896669,0.3617021276595745,0.4639175257731959,55.11076990568107,70.49267251232388
147.0,PLA Clamshell - Fruit,49.0,9.0,80.0,0.53,70.0,121.0,Berries & Fruit,Estimate,Medium,0.016315431679129844,0.8,B,0.75,85.8473827328348,0.36524822695035464,0.4742268041237113,55.448928858667834,70.64815579575132
148.0,PLA Clamshell - Dessert,47.0,8.0,82.0,0.51,70.0,119.0,Desserts,Estimate,Medium,0.01495581237253569,0.82,B,0.75,86.50176750509857,0.35815602836879434,0.4536082474226804,54.7726109526943,70.63718922889643
149.0,PLA Clamshell - Takeaway,50.0,10.0,78.0,0.56,68.0,123.0,Meals,Estimate,Medium,0.01835486063902108,0.78,C,0.5,77.66580557443916,0.3723404255319149,0.4845360824742268,55.609782847115596,66.63779421077737
150.0,Recycled Cardboard Box - Small Parcel,15.0,12.0,5.0,0.8,95.0,39.0,E-commerce,Estimate,Medium,0.034670292318150914,0.05,A,1.0,70.11318830727397,0.07446808510638298,0.12371134020618557,52.462162754990125,61.28767553113205
151.0,Recycled Cardboard Box - Medium Parcel,16.0,15.0,5.0,0.82,95.0,41.0,E-commerce,Literature,High,0.03602991162474507,0.05,A,1.0,70.0588035350102,0.08156028368794327,0.13402061855670103,52.62301674343789,61.34091013922404
152.0,Recycled Cardboard Box - Large Parcel,17.0,18.0,5.0,0.85,95.0,43.0,E-commerce,Estimate,Medium,0.038069340584636305,0.05,A,1.0,69.97722637661454,0.08865248226950355,0.14432989690721648,52.78387073188565,61.3805485542501
153.0,Recycled Cardboard Box - Extra Heavy,18.0,22.0,5.0,0.9,93.0,45.0,Appliances,Estimate,Medium,0.04146838885112169,0.05,A,1.0,69.84126444595513,0.09574468085106383,0.15463917525773196,52.944724720333404,61.39299458314427
154.0,Recycled Cardboard Box - Archive,14.0,12.0,5.0,0.78,96.0,38.0,Document Storage,Estimate,Medium,0.03331067301155677,0.05,A,1.0,70.16757307953773,0.07092198581560284,0.1134020618556701,52.12400380200336,61.145788440770545
155.0,Bamboo Fiber Pulp Tray,16.0,10.0,90.0,0.4,80.0,60.0,Food Packaging,Literature,High,0.007477906186267848,0.9,B,0.75,89.20088375254929,0.14893617021276595,0.13402061855670103,49.25422241719675,69.22755308487302
156.0,Bamboo Fiber Clamshell,18.0,12.0,88.0,0.42,78.0,65.0,Takeaway Food,Estimate,Medium,0.008837525492861998,0.88,B,0.75,88.54649898028552,0.16666666666666666,0.15463917525773196,49.39862542955326,68.9725622049194
157.0,Bamboo Paper Cup Board,14.0,8.0,85.0,0.45,80.0,58.0,Hot Cups,Estimate,Medium,0.01087695445275323,0.85,B,0.75,87.56492182188987,0.14184397163120568,0.1134020618556701,48.577904511223224,68.07141316655654
158.0,Bamboo Molded Cushioning,15.0,9.0,88.0,0.43,78.0,62.0,Electronics Packaging,Estimate,Medium,0.009517335146159076,0.88,B,0.75,88.51930659415365,0.15602836879432624,0.12371134020618557,48.38414857059297,68.45172758237331
159.0,Bamboo Fiber Plate,13.0,7.0,92.0,0.39,82.0,57.0,Disposable Tableware,Estimate,Medium,0.00679809653297077,0.92,B,0.75,89.82807613868117,0.13829787234042554,0.10309278350515463,48.23974555823645,69.03391084845882
160.0,Hemp Fiber Pulp,18.0,11.0,92.0,0.38,80.0,70.0,Premium Packaging,Estimate,Medium,0.006118286879673693,0.92,B,0.75,89.85526852481306,0.18439716312056736,0.15463917525773196,48.512100606858226,69.18368456583565
161.0,Hemp Paperboard,20.0,14.0,90.0,0.4,82.0,75.0,Boxes & Cartons,Estimate,Medium,0.007477906186267848,0.9,B,0.75,89.20088375254929,0.20212765957446807,0.17525773195876287,48.65650361921474,68.92869368588201
162.0,Hemp Fabric Bag,25.0,12.0,95.0,0.42,85.0,90.0,Reusable Bags,Estimate,Medium,0.008837525492861998,0.95,B,0.75,90.64649898028551,0.2553191489361702,0.2268041237113402,48.5742487387585,69.61037385952201
163.0,Hemp Molded Fiber Insert,17.0,10.0,90.0,0.41,80.0,72.0,Electronics Inserts,Estimate,Medium,0.00815771583956492,0.9,B,0.75,89.1736913664174,0.19148936170212766,0.14432989690721648,47.64202676025444,68.40785906333592
164.0,Hemp Pulp Tray,16.0,9.0,92.0,0.39,82.0,68.0,Food Packaging,Estimate,Medium,0.00679809653297077,0.92,B,0.75,89.82807613868117,0.1773049645390071,0.13402061855670103,47.83578270088469,68.83192941978294
165.0,Mushroom Mycelium Foam,8.0,5.0,98.0,0.3,60.0,80.0,Cushioning,Literature,High,0.0006798096532970774,0.98,C,0.5,84.37280761386813,0.2198581560283688,0.05154639175257732,41.58441178621043,62.978609700039286
166.0,Mushroom Mycelium Rigid Block,10.0,7.0,98.0,0.32,60.0,85.0,Protective Packaging,Literature,High,0.0020394289598912323,0.98,C,0.5,84.31842284160435,0.2375886524822695,0.07216494845360824,41.72881479856694,63.023618820085645
167.0,Mushroom Mycelium Corner,9.0,6.0,98.0,0.31,60.0,82.0,Electronics Packaging,Estimate,Medium,0.0013596193065941549,0.98,C,0.5,84.34561522773623,0.22695035460992907,0.061855670103092786,41.745265774658186,63.045440501197206
168.0,Mushroom Mycelium Insert,7.0,4.0,98.0,0.29,60.0,78.0,Small Appliances,Estimate,Medium,0.0,0.98,C,0.5,84.39999999999999,0.2127659574468085,0.041237113402061855,41.42355779776267,62.91177889888133
169.0,Mushroom Mycelium Board,11.0,8.0,95.0,0.35,60.0,88.0,Panels & Liners,Estimate,Medium,0.00407885791978246,0.95,C,0.5,83.33684568320871,0.24822695035460993,0.08247422680412371,41.71236382247569,62.524604752842194
170.0,Seaweed Bioplastic Film,25.0,6.0,90.0,0.4,65.0,100.0,Edible Wraps,Literature,High,0.007477906186267848,0.9,C,0.5,81.70088375254929,0.2907801418439716,0.2268041237113402,46.80119909336843,64.25104142295886
171.0,Seaweed Bioplastic Pouch,28.0,7.0,88.0,0.42,65.0,105.0,Dry Foods,Estimate,Medium,0.008837525492861998,0.88,C,0.5,81.04649898028552,0.30851063829787234,0.25773195876288657,47.46106602325071,64.25378250176811
172.0,Seaweed Bioplastic Coating,22.0,5.0,92.0,0.38,65.0,95.0,Fiber Barriers,Estimate,Medium,0.006118286879673693,0.92,C,0.5,82.35526852481307,0.2730496453900709,0.1958762886597938,46.14133216348614,64.24830034414961
173.0,Seaweed Bioplastic Laminate,30.0,8.0,85.0,0.45,60.0,110.0,Snack Packs,Estimate,Medium,0.01087695445275323,0.85,C,0.5,80.06492182188988,0.3262411347517731,0.27835051546391754,47.60546903560722,63.83519542874855
174.0,Seaweed Bioplastic Rigid,32.0,9.0,80.0,0.5,60.0,115.0,Trays,Estimate,Medium,0.014276002719238614,0.8,C,0.5,78.42895989123045,0.34397163120567376,0.29896907216494845,47.749872047963734,63.08941596959709
175.0,Paper Honeycomb Board,18.0,25.0,80.0,1.1,85.0,70.0,Furniture Packaging,Literature,High,0.055064581917063225,0.8,B,0.75,84.29741672331747,0.18439716312056736,0.15463917525773196,48.512100606858226,66.40475866508785
176.0,Paper Honeycomb Panel,20.0,28.0,80.0,1.15,85.0,75.0,Pallet Tops,Estimate,Medium,0.058463630183548596,0.8,B,0.75,84.16145479265805,0.20212765957446807,0.17525773195876287,48.65650361921474,66.40897920593639
177.0,Paper Honeycomb Cushion,16.0,20.0,82.0,1.05,88.0,65.0,Void Fill,Estimate,Medium,0.051665533650577834,0.82,B,0.75,85.03337865397688,0.16666666666666666,0.13402061855670103,48.36769759450172,66.7005381242393
178.0,Paper Honeycomb Edge Protector,19.0,24.0,80.0,1.12,85.0,72.0,Edge Protection,Estimate,Medium,0.05642420122365738,0.8,B,0.75,84.24303195105371,0.19148936170212766,0.16494845360824742,48.67295459530599,66.45799327317985
179.0,Paper Honeycomb Pallet,22.0,30.0,78.0,1.2,82.0,80.0,Light Pallets,Estimate,Medium,0.06186267845003398,0.78,B,0.75,83.42549286199863,0.2198581560283688,0.1958762886597938,48.80090663157125,66.11319974678494
180.0,Recycled Paper Honeycomb,18.0,25.0,82.0,0.95,90.0,68.0,Furniture Packaging,Estimate,Medium,0.04486743711760706,0.82,A,1.0,92.80530251529571,0.1773049645390071,0.15463917525773196,48.86671053593624,70.83600652561597
181.0,Bio-PE (Sugarcane-based),55.0,15.0,15.0,1.5,75.0,140.0,Bottles & Caps,Literature,High,0.08225696804894629,0.15,B,0.75,63.70972127804215,0.4326241134751773,0.5360824742268041,55.17291803758133,59.441319657811746
182.0,Bio-PE Film,50.0,13.0,20.0,1.4,75.0,135.0,Flex Packaging,Estimate,Medium,0.07545887151597551,0.2,B,0.75,65.48164513936098,0.4148936170212766,0.4845360824742268,53.482123272647506,59.48188420600424
183.0,Bio-PE Rigid,58.0,17.0,10.0,1.6,70.0,145.0,Containers,Estimate,Medium,0.08905506458191706,0.1,B,0.75,61.93779741672331,0.450354609929078,0.5670103092783505,55.832784967463624,58.88529119209347
184.0,Bio-PE Shrink,52.0,14.0,20.0,1.45,75.0,138.0,Shrink Wrap,Estimate,Medium,0.0788579197824609,0.2,B,0.75,65.34568320870156,0.425531914893617,0.5051546391752577,53.981136214082035,59.66340971139179
185.0,Bio-PE Coating,48.0,12.0,25.0,1.35,78.0,132.0,Paper Coatings,Estimate,Medium,0.07205982324949015,0.25,B,0.75,67.1176070700204,0.40425531914893614,0.4639175257731959,52.98311033121299,60.0503587006167
186.0,Paper-PLA Laminate,18.0,12.0,60.0,1.0,75.0,120.0,Hot Cups,Literature,High,0.04826648538409245,0.6,B,0.75,78.56934058463631,0.3617021276595745,0.15463917525773196,39.64685237990788,59.10809648227209
187.0,Paper-PE Laminate,20.0,15.0,5.0,2.5,65.0,90.0,Beverage Cartons,Literature,High,0.15023793337865396,0.05,C,0.5,50.49048266485384,0.2553191489361702,0.17525773195876287,45.99692915112964,48.24370590799174
188.0,Paper-BioPE Laminate,19.0,14.0,30.0,1.8,70.0,110.0,Beverage Cartons,Estimate,Medium,0.1026512576478586,0.3,B,0.75,67.39394969408565,0.3262411347517731,0.16494845360824742,41.935365942823715,54.664657818454685
189.0,Cardboard-PLA Laminate,21.0,18.0,55.0,1.2,75.0,125.0,Frozen Foods,Estimate,Medium,0.06186267845003398,0.55,B,0.75,76.52549286199864,0.37943262411347517,0.18556701030927836,40.30671930979016,58.4161060858944
190.0,Cardboard-Compostable Laminate,20.0,17.0,60.0,1.05,78.0,118.0,Snack Packs,Estimate,Medium,0.051665533650577834,0.6,B,0.75,78.43337865397689,0.3546099290780142,0.17525773195876287,41.032390144037436,59.73288439900716
191.0,Recycled Paper-PLA Laminate,17.0,12.0,65.0,0.9,80.0,115.0,Food Service,Estimate,Medium,0.04146838885112169,0.65,B,0.75,80.34126444595515,0.34397163120567376,0.14432989690721648,40.017913285077135,60.17958886551614
192.0,Flexible Paper Wrap,8.0,4.0,80.0,0.7,85.0,40.0,Confectionery Wrap,Literature,High,0.027872195785180146,0.8,B,0.75,85.3851121685928,0.07801418439716312,0.05154639175257732,48.676610367770714,67.03086126818175
193.0,Flexible Kraft Paper Wrap,10.0,5.0,82.0,0.75,88.0,42.0,Bakery Wrap,Estimate,Medium,0.03127124405166554,0.82,B,0.75,85.84915023793337,0.0851063829787234,0.07216494845360824,49.35292827374424,67.6010392558388
194.0,Glassine Paper Wrap,6.0,4.0,75.0,0.8,80.0,45.0,Oily Foods,Estimate,Medium,0.034670292318150914,0.75,B,0.75,83.61318830727397,0.09574468085106383,0.030927835051546393,46.75915771002413,65.18617300864905
195.0,Greaseproof Paper,7.0,4.0,78.0,0.78,80.0,46.0,Bakery Wrap,Literature,High,0.03331067301155677,0.78,B,0.75,84.56757307953772,0.09929078014184398,0.041237113402061855,47.09731666301089,65.8324448712743
196.0,Waxed Paper,6.0,3.0,70.0,0.85,50.0,50.0,Cheese/Meat Wrap,Estimate,Medium,0.038069340584636305,0.7,C,0.5,74.47722637661455,0.11347517730496454,0.030927835051546393,45.8726328873291,60.17492963197182
197.0,Recycled Flexible Paper Wrap,8.0,4.0,82.0,0.6,90.0,38.0,Confectionery Wrap,Estimate,Medium,0.02107409925220938,0.82,A,1.0,93.75703602991163,0.07092198581560284,0.05154639175257732,49.03122029684873,71.39412816338017
198.0,Paper Mailer - Padded,14.0,8.0,75.0,0.9,85.0,50.0,E-commerce Mailers,Literature,High,0.04146838885112169,0.75,B,0.75,83.34126444595513,0.11347517730496454,0.1134020618556701,49.99634422753528,66.66880433674521
199.0,Paper Mailer - Rigid,16.0,10.0,75.0,0.95,85.0,55.0,Documents,Estimate,Medium,0.04486743711760706,0.75,B,0.75,83.20530251529571,0.13120567375886524,0.13402061855670103,50.140747239891795,66.67302487759375
200.0,Paper Mailer - Lightweight,12.0,6.0,80.0,0.85,90.0,45.0,Apparel,Estimate,Medium,0.038069340584636305,0.8,A,1.0,92.47722637661455,0.09574468085106383,0.09278350515463918,49.85194121517877,71.16458379589666
201.0,Paper Mailer - Recycled,14.0,8.0,80.0,0.7,92.0,48.0,E-commerce,Estimate,Medium,0.027872195785180146,0.8,A,1.0,92.88511216859278,0.10638297872340426,0.1134020618556701,50.35095415661329,71.61803316260304
202.0,Paper Mailer - Honeycomb,18.0,10.0,78.0,0.98,85.0,60.0,Fragile Goods,Estimate,Medium,0.04690686607749829,0.78,B,0.75,84.02372535690007,0.14893617021276595,0.15463917525773196,50.2851502522483,67.15443780457419
203.0,Recycled Plastic Mailer,50.0,10.0,1.0,2.1,70.0,70.0,E-commerce,Estimate,Medium,0.1230455472467709,0.01,B,0.75,57.87817811012916,0.18439716312056736,0.4845360824742268,65.00694596768297,61.44256203890606
204.0,Bio-based Plastic Mailer,45.0,9.0,40.0,1.4,65.0,95.0,E-commerce,Estimate,Medium,0.07545887151597551,0.4,C,0.5,63.98164513936098,0.2730496453900709,0.4329896907216495,57.99700226657893,60.989323702969955
205.0,Compostable Mailer,35.0,7.0,85.0,0.7,60.0,105.0,E-commerce,Literature,High,0.027872195785180146,0.85,C,0.5,79.3851121685928,0.30851063829787234,0.32989690721649484,51.06931344593112,65.22721280726196
206.0,Paper-Padded Compostable Mailer,20.0,9.0,80.0,0.85,70.0,90.0,E-commerce,Estimate,Medium,0.038069340584636305,0.8,B,0.75,84.97722637661454,0.2553191489361702,0.17525773195876287,45.99692915112964,65.4870777638721
207.0,Cardboard Envelope,15.0,7.0,5.0,1.0,90.0,40.0,Documents,Estimate,Medium,0.04826648538409245,0.05,A,1.0,69.56934058463631,0.07801418439716312,0.12371134020618557,52.28485779045112,60.92709918754372
208.0,Virgin PET Tray,60.0,15.0,1.0,3.0,50.0,80.0,Food Trays,Literature,High,0.18422841604350781,0.01,C,0.5,47.93086335825969,0.2198581560283688,0.5876288659793815,68.38853549755063,58.15969942790517
209.0,Recycled PET Tray,60.0,15.0,1.0,1.8,75.0,88.0,Food Trays,Literature,High,0.1026512576478586,0.01,B,0.75,58.69394969408566,0.24822695035460993,0.5876288659793815,66.97009578123858,62.83202273766212
210.0,PP Rigid Container,55.0,14.0,1.0,2.5,40.0,70.0,Food Containers,Literature,High,0.15023793337865396,0.01,D,0.25,41.79048266485385,0.18439716312056736,0.5360824742268041,67.58426555531183,54.68737411008284
211.0,PP Film,45.0,10.0,1.0,2.3,40.0,68.0,Snack Packaging,Literature,High,0.13664174031271242,0.01,D,0.25,42.334330387491505,0.1773049645390071,0.4329896907216495,62.784236309132126,52.559283348311816
212.0,PP Nonwoven,30.0,8.0,1.0,2.1,40.0,65.0,Shopping Bags,Estimate,Medium,0.1230455472467709,0.01,D,0.25,42.87817811012917,0.16666666666666666,0.27835051546391754,55.58419243986255,49.23118527499586
213.0,Recycled PP Rigid,55.0,14.0,1.0,1.9,55.0,72.0,Containers,Estimate,Medium,0.10944935418082935,0.01,C,0.5,50.92202583276683,0.19148936170212766,0.5360824742268041,67.22965562623382,59.07584072950033
214.0,Recycled PP Film,45.0,10.0,1.0,1.8,55.0,70.0,Packaging Film,Estimate,Medium,0.1026512576478586,0.01,C,0.5,51.19394969408566,0.18439716312056736,0.4329896907216495,62.4296263800541,56.81178803706988
215.0,LDPE Film,30.0,8.0,1.0,2.4,30.0,65.0,Stretch Wrap,Literature,High,0.1434398368456832,0.01,D,0.25,42.06240652617267,0.16666666666666666,0.27835051546391754,55.58419243986255,48.82329948301761
216.0,Recycled LDPE Film,30.0,8.0,1.0,1.7,45.0,60.0,Garbage Bags,Estimate,Medium,0.09585316111488781,0.01,D,0.25,43.965873555404485,0.14893617021276595,0.27835051546391754,56.47071726255758,50.218295408981035
217.0,Bio-based LDPE Film,32.0,9.0,10.0,1.3,55.0,80.0,Stretch Wrap,Estimate,Medium,0.06866077498300475,0.1,C,0.5,55.25356900067982,0.2198581560283688,0.29896907216494845,53.95554580682899,54.6045574037544
218.0,Paper Cushioning - Shredded,6.0,4.0,85.0,0.7,90.0,35.0,Void Fill,Literature,High,0.027872195785180146,0.85,A,1.0,94.3851121685928,0.06028368794326241,0.030927835051546393,48.5322073554142,71.45865976200349
219.0,Paper Cushioning - Crinkle,7.0,4.0,85.0,0.75,90.0,37.0,Gift Packaging,Estimate,Medium,0.03127124405166554,0.85,A,1.0,94.24915023793339,0.0673758865248227,0.041237113402061855,48.693061343861956,71.47110579089767
220.0,Paper Cushioning - Molded,9.0,5.0,80.0,0.8,88.0,40.0,Fragile Goods,Estimate,Medium,0.034670292318150914,0.8,B,0.75,85.11318830727396,0.07801418439716312,0.061855670103092786,49.192074285296485,67.15263129628522
221.0,Air Cushion - Virgin Plastic,35.0,10.0,1.0,3.0,50.0,60.0,Void Fill,Literature,High,0.18422841604350781,0.01,C,0.5,47.93086335825969,0.14893617021276595,0.32989690721649484,59.04803685018645,53.48945010422307
222.0,Air Cushion - Recycled Plastic,35.0,10.0,1.0,2.0,70.0,65.0,Void Fill,Estimate,Medium,0.11624745071380013,0.01,B,0.75,58.15010197144799,0.16666666666666666,0.32989690721649484,58.16151202749141,58.155806999469704
223.0,Air Cushion - Bio-based Plastic,30.0,9.0,20.0,1.4,60.0,75.0,Void Fill,Estimate,Medium,0.07545887151597551,0.2,C,0.5,57.981645139360985,0.20212765957446807,0.27835051546391754,53.811142794472474,55.89639396691673
224.0,Paper Air Cushion,10.0,6.0,80.0,0.8,88.0,50.0,Void Fill,Estimate,Medium,0.034670292318150914,0.8,B,0.75,85.11318830727396,0.11347517730496454,0.07216494845360824,47.93448855743219,66.52383843235307
225.0,Inflatable Paper-Plastic Hybrid,25.0,9.0,60.0,1.6,70.0,70.0,Void Fill,Estimate,Medium,0.08905506458191706,0.6,B,0.75,76.93779741672331,0.18439716312056736,0.2268041237113402,52.12034802953865,64.52907272313098
226.0,EPS Foam (Expanded Polystyrene),15.0,12.0,0.0,5.0,10.0,40.0,Electronics Packaging,Literature,High,0.3201903467029232,0.0,D,0.25,34.692386131883076,0.07801418439716312,0.12371134020618557,52.28485779045112,43.4886219611671
227.0,Molded EPS Corner,16.0,13.0,0.0,5.2,10.0,42.0,TV Packaging,Estimate,Medium,0.3337865397688647,0.0,D,0.25,34.14853840924542,0.0851063829787234,0.13402061855670103,52.44571177889888,43.29712509407215
228.0,Recycled EPS,15.0,12.0,0.0,3.5,30.0,38.0,Insulation,Estimate,Medium,0.21821889870836164,0.0,D,0.25,38.77124405166554,0.07092198581560284,0.12371134020618557,52.639467719529144,45.70535588559734
229.0,EPP Foam (Expanded Polypropylene),18.0,14.0,0.0,4.0,20.0,55.0,Returnable Packaging,Estimate,Medium,0.25220938137321547,0.0,D,0.25,37.41162474507138,0.13120567375886524,0.15463917525773196,51.17167507494334,44.29164991000736
230.0,Bio-based Foam,14.0,10.0,40.0,2.0,40.0,70.0,Protective Packaging,Estimate,Medium,0.11624745071380013,0.4,D,0.25,54.850101971448,0.18439716312056736,0.1134020618556701,46.45024493675513,50.65017345410156
231.0,Paper Foam,10.0,8.0,80.0,1.2,70.0,60.0,Protective Packaging,Estimate,Medium,0.06186267845003398,0.8,B,0.75,84.02549286199864,0.14893617021276595,0.07216494845360824,46.161438912042115,65.09346588702039
232.0,Molded Pulp Corner - Recycled,11.0,7.0,85.0,0.5,80.0,52.0,Electronics,Literature,High,0.014276002719238614,0.85,B,0.75,87.42895989123046,0.12056737588652482,0.08247422680412371,48.09534254587995,67.7621512185552
233.0,Molded Pulp Corner - Virgin,12.0,8.0,80.0,0.6,75.0,55.0,Appliances,Estimate,Medium,0.02107409925220938,0.8,B,0.75,85.65703602991162,0.13120567375886524,0.09278350515463918,48.078891569788695,66.86796379985016
234.0,Coconut Fiber Pad,9.0,6.0,95.0,0.4,60.0,50.0,Produce Packaging,Estimate,Medium,0.007477906186267848,0.95,C,0.5,83.20088375254929,0.11347517730496454,0.061855670103092786,47.41902463990642,65.30995419622785
235.0,Coconut Fiber Molded Pack,11.0,7.0,95.0,0.42,60.0,55.0,Fruit Trays,Estimate,Medium,0.008837525492861998,0.95,C,0.5,83.14649898028551,0.13120567375886524,0.08247422680412371,47.563427652262924,65.35496331627422
236.0,Rice Husk Composite,20.0,12.0,85.0,1.5,60.0,80.0,Reusable Tableware,Estimate,Medium,0.08225696804894629,0.85,C,0.5,77.20972127804215,0.2198581560283688,0.17525773195876287,47.76997879651971,62.48985003728093
237.0,Rice Husk Molded Tray,16.0,10.0,88.0,1.3,60.0,70.0,Frozen Foods,Estimate,Medium,0.06866077498300475,0.88,C,0.5,78.65356900067982,0.18439716312056736,0.13402061855670103,47.481172771806676,63.06737088624325
238.0,Wheat Straw Pulp Tray,14.0,10.0,90.0,0.45,75.0,55.0,Food Trays,Estimate,Medium,0.01087695445275323,0.9,B,0.75,89.06492182188987,0.13120567375886524,0.1134020618556701,49.109819404840245,69.08737061336505
239.0,Wheat Straw Molded Fiber,12.0,8.0,92.0,0.42,75.0,52.0,Produce Packaging,Estimate,Medium,0.008837525492861998,0.92,B,0.75,89.74649898028552,0.12056737588652482,0.09278350515463918,48.61080646340572,69.17865272184562
240.0,Kenaf Fiber Board,22.0,14.0,85.0,1.2,70.0,90.0,Display Packaging,Estimate,Medium,0.06186267845003398,0.85,B,0.75,85.52549286199864,0.2553191489361702,0.1958762886597938,47.027856986181185,66.27667492408992
241.0,Bagasse-Kenaf Blend Board,18.0,12.0,88.0,1.0,72.0,80.0,Food & Retail Packs,Estimate,Medium,0.04826648538409245,0.88,B,0.75,86.96934058463631,0.2198581560283688,0.15463917525773196,46.73905096146816,66.85419577305224
242.0,Bio-based Nylon Film,70.0,15.0,10.0,4.0,60.0,180.0,High Barrier Packs,Estimate,Medium,0.25220938137321547,0.1,C,0.5,47.91162474507138,0.574468085106383,0.6907216494845361,55.81267821890765,51.862151481989514
243.0,Bio-based Nylon Laminate,72.0,16.0,10.0,4.1,60.0,190.0,Retort Pouches,Estimate,Medium,0.2590074779061862,0.1,C,0.5,47.63970088375255,0.6099290780141844,0.711340206185567,55.070556408569125,51.355128646160836
244.0,Paper-Nylon Laminate,25.0,18.0,5.0,3.5,55.0,150.0,High Barrier Pouches,Estimate,Medium,0.21821889870836164,0.05,C,0.5,47.77124405166554,0.46808510638297873,0.2268041237113402,37.935950866418075,42.85359745904181
245.0,Recycled Aluminum Sheet,70.0,20.0,1.0,4.0,98.0,130.0,General Packaging,Estimate,Medium,0.25220938137321547,0.01,A,1.0,60.211624745071376,0.3971631205673759,0.6907216494845361,64.67792644585802,62.4447755954647
246.0,Aluminum-Cardboard Composite,40.0,18.0,5.0,5.0,70.0,140.0,Liquid Cartons,Estimate,Medium,0.3201903467029232,0.05,B,0.75,51.19238613188307,0.4326241134751773,0.38144329896907214,47.44095927469474,49.3166727032889
247.0,Aluminum-PET Laminate,55.0,20.0,1.0,6.0,30.0,150.0,Snack Packs,Literature,High,0.38817131203263083,0.01,D,0.25,32.27314751869477,0.46808510638297873,0.5360824742268041,53.399868392191266,42.83650795544302
248.0,Recycled Aluminum-PET Laminate,55.0,20.0,1.0,4.5,50.0,145.0,Snack Packs,Estimate,Medium,0.2861998640380693,0.01,C,0.5,43.85200543847723,0.450354609929078,0.5360824742268041,54.28639321488631,49.06919932668177
249.0,Mono-material PE Pouch,45.0,12.0,1.0,2.5,50.0,80.0,Recyclable Pouches,Literature,High,0.15023793337865396,0.01,C,0.5,49.29048266485384,0.2198581560283688,0.4329896907216495,60.656576734664036,54.97352969975894
250.0,Mono-material PP Pouch,48.0,13.0,1.0,2.4,55.0,82.0,Recyclable Pouches,Estimate,Medium,0.1434398368456832,0.01,C,0.5,49.56240652617267,0.22695035460992907,0.4639175257731959,61.84835855816334,55.70538254216801
251.0,Mono-material PET Pouch,52.0,14.0,1.0,3.2,60.0,90.0,Recyclable Pouches,Estimate,Medium,0.19782460910944935,0.01,C,0.5,47.387015635622035,0.2553191489361702,0.5051546391752577,62.491774511954375,54.939395073788205
252.0,Paper-based Pouch with Dispersion Barrier,20.0,10.0,60.0,1.1,75.0,95.0,Snacks,Estimate,Medium,0.055064581917063225,0.6,B,0.75,78.29741672331747,0.2730496453900709,0.17525773195876287,45.1104043284346,61.70391052587603
253.0,Paper-based Pouch with Bio-coating,18.0,9.0,65.0,1.0,78.0,98.0,Snacks,Estimate,Medium,0.04826648538409245,0.65,B,0.75,80.06934058463631,0.28368794326241137,0.15463917525773196,43.547561599766034,61.80845109220117
254.0,Recycled Paper-based Pouch,17.0,9.0,70.0,0.9,85.0,92.0,Dry Foods,Estimate,Medium,0.04146838885112169,0.7,B,0.75,81.84126444595513,0.2624113475177305,0.14432989690721648,44.0959274694743,62.96859595771471
255.0,Cellulose Film,30.0,7.0,85.0,0.7,70.0,110.0,Confectionery,Literature,High,0.027872195785180146,0.85,B,0.75,86.8851121685928,0.3262411347517731,0.27835051546391754,47.60546903560722,67.24529060210001
256.0,Regenerated Cellulose Film,32.0,8.0,80.0,0.75,70.0,115.0,Confectionery,Estimate,Medium,0.03127124405166554,0.8,B,0.75,85.24915023793336,0.34397163120567376,0.29896907216494845,47.749872047963734,66.49951114294855
257.0,Cellulose-BioPE Laminate,35.0,9.0,60.0,1.2,68.0,120.0,Snacks,Estimate,Medium,0.06186267845003398,0.6,C,0.5,70.52549286199864,0.3617021276595745,0.32989690721649484,48.40973897784602,59.46761591992233
258.0,Home Compostable Cellulose Film,28.0,6.0,90.0,0.65,72.0,105.0,Food Packaging,Estimate,Medium,0.02447314751869477,0.9,B,0.75,88.52107409925222,0.30851063829787234,0.25773195876288657,47.46106602325071,67.99107006125146
259.0,PLA-Cellulose Blend Film,40.0,9.0,85.0,0.6,70.0,118.0,Food Packaging,Estimate,Medium,0.02107409925220938,0.85,B,0.75,87.15703602991162,0.3546099290780142,0.38144329896907214,51.34166849455289,69.24935226223226
260.0,HDPE-Net Bag,20.0,12.0,1.0,3.0,40.0,70.0,Fruit Nets,Literature,High,0.18422841604350781,0.01,D,0.25,40.430863358259685,0.18439716312056736,0.17525773195876287,49.543028441909776,44.986945900084734
261.0,Recycled HDPE-Net Bag,20.0,12.0,1.0,2.1,60.0,75.0,Fruit Nets,Estimate,Medium,0.1230455472467709,0.01,C,0.5,50.37817811012917,0.20212765957446807,0.17525773195876287,48.65650361921474,49.51734086467195
262.0,Jute-PP Hybrid Bag,28.0,16.0,70.0,2.0,45.0,85.0,Rice & Grain Bags,Estimate,Medium,0.11624745071380013,0.7,D,0.25,63.85010197144799,0.2375886524822695,0.25773195876288657,51.00716531403086,57.42863364273943
263.0,Paper-PP Hybrid Bag,25.0,14.0,50.0,2.1,50.0,80.0,Rice & Flour Bags,Estimate,Medium,0.1230455472467709,0.5,C,0.5,65.07817811012917,0.2198581560283688,0.2268041237113402,50.34729838414857,57.71273824713887
264.0,Multiwall Paper Bag,18.0,16.0,70.0,1.2,85.0,60.0,Industrial Powders,Literature,High,0.06186267845003398,0.7,B,0.75,81.02549286199864,0.14893617021276595,0.15463917525773196,50.2851502522483,65.65532155712347
265.0,Recycled Multiwall Paper Bag,18.0,16.0,75.0,1.0,90.0,55.0,Industrial Powders,Estimate,Medium,0.04826648538409245,0.75,A,1.0,90.56934058463631,0.13120567375886524,0.15463917525773196,51.17167507494334,70.87050782978983
266.0,PE-lined Paper Bag,20.0,18.0,5.0,2.6,65.0,70.0,Cement/Grain,Estimate,Medium,0.15703602991162474,0.05,C,0.5,50.21855880353502,0.18439716312056736,0.17525773195876287,49.543028441909776,49.88079362272239
267.0,BioPE-lined Paper Bag,20.0,18.0,20.0,1.9,70.0,85.0,Cement/Grain,Estimate,Medium,0.10944935418082935,0.2,B,0.75,64.12202583276682,0.2375886524822695,0.17525773195876287,46.88345397382467,55.50273990329575
268.0,PLA-lined Paper Bag,18.0,16.0,60.0,1.2,72.0,90.0,Dry Foods,Estimate,Medium,0.06186267845003398,0.6,B,0.75,78.02549286199863,0.2553191489361702,0.15463917525773196,44.96600131607809,61.49574708903836
269.0,Glass Jar,85.0,20.0,0.0,2.4,95.0,115.0,Food/Cosmetics,Literature,High,0.1434398368456832,0.0,A,1.0,64.26240652617268,0.34397163120567376,0.845360824742268,75.06945967682972,69.6659331015012
270.0,Recycled Glass Jar,85.0,20.0,0.0,2.0,98.0,110.0,Food/Cosmetics,Estimate,Medium,0.11624745071380013,0.0,A,1.0,65.350101971448,0.3262411347517731,0.845360824742268,75.95598449952475,70.65304323548636
271.0,Lightweight Glass Jar,80.0,16.0,0.0,2.2,95.0,110.0,Spreads & Sauces,Estimate,Medium,0.12984364377974167,0.0,A,1.0,64.80625424881033,0.3262411347517731,0.7938144329896907,73.37866491189588,69.09245958035311
272.0,Tempered Glass Jar,95.0,22.0,0.0,2.6,95.0,125.0,Premium Foods,Estimate,Medium,0.15703602991162474,0.0,A,1.0,63.71855880353501,0.37943262411347517,0.9484536082474226,78.45104920669738,71.0848040051162
273.0,Glass Ampoule,70.0,8.0,0.0,2.3,95.0,130.0,Pharma,Estimate,Medium,0.13664174031271242,0.0,A,1.0,64.53433038749151,0.3971631205673759,0.6907216494845361,64.67792644585802,64.60612841667476
274.0,Returnable Glass Crate,60.0,25.0,0.0,3.0,90.0,100.0,Beverage Logistics,Estimate,Medium,0.18422841604350781,0.0,A,1.0,62.63086335825969,0.2907801418439716,0.5876288659793815,64.84243620677049,63.73664978251509
275.0,Wooden Crate,25.0,30.0,60.0,2.5,60.0,90.0,Fruit & Vegetables,Literature,High,0.15023793337865396,0.6,C,0.5,66.99048266485384,0.2553191489361702,0.2268041237113402,48.5742487387585,57.78236570180617
276.0,Recycled Wood Crate,25.0,30.0,60.0,1.8,70.0,85.0,Fruit & Vegetables,Estimate,Medium,0.1026512576478586,0.6,B,0.75,76.39394969408565,0.2375886524822695,0.2268041237113402,49.460773561453536,62.92736162776959
277.0,Plywood Crate,30.0,35.0,50.0,3.0,50.0,95.0,Heavy Machinery,Estimate,Medium,0.18422841604350781,0.5,C,0.5,62.63086335825969,0.2730496453900709,0.27835051546391754,50.26504350369233,56.447953430976014
278.0,OSB Wood Crate,28.0,32.0,55.0,2.8,55.0,92.0,General Cargo,Estimate,Medium,0.17063222297756625,0.55,C,0.5,64.67471108089735,0.2624113475177305,0.25773195876288657,49.766030562257804,57.220370821577575
279.0,Bio-based PU Foam,16.0,11.0,30.0,3.0,40.0,90.0,Protective Packaging,Estimate,Medium,0.18422841604350781,0.3,D,0.25,49.13086335825969,0.2553191489361702,0.13402061855670103,43.93507348102654,46.53296841964311
280.0,Recycled PU Foam,16.0,11.0,0.0,2.5,50.0,70.0,Furniture & Packs,Estimate,Medium,0.15023793337865396,0.0,C,0.5,48.99048266485384,0.18439716312056736,0.13402061855670103,47.481172771806676,48.235827718330256
281.0,Cork Block,20.0,10.0,95.0,0.8,70.0,85.0,Protective Inserts,Estimate,Medium,0.034670292318150914,0.95,B,0.75,89.61318830727396,0.2375886524822695,0.17525773195876287,46.88345397382467,68.24832114054931
282.0,Cork Sheet,18.0,9.0,95.0,0.75,70.0,80.0,Bottle Gaskets,Estimate,Medium,0.03127124405166554,0.95,B,0.75,89.74915023793338,0.2198581560283688,0.15463917525773196,46.73905096146816,68.24410059970077
283.0,Recycled Rubber Cushion,18.0,12.0,0.0,2.0,50.0,60.0,Shock Absorption,Estimate,Medium,0.11624745071380013,0.0,C,0.5,50.35010197144799,0.14893617021276595,0.15463917525773196,50.2851502522483,50.31762611184814
284.0,Virgin Rubber Cushion,20.0,14.0,0.0,2.5,40.0,70.0,Shock Absorption,Estimate,Medium,0.15023793337865396,0.0,D,0.25,41.49048266485384,0.18439716312056736,0.17525773195876287,49.543028441909776,45.51675555338181
285.0,Paper-Rubber Hybrid Pad,15.0,10.0,50.0,1.5,55.0,65.0,Shock & Vibration,Estimate,Medium,0.08225696804894629,0.5,C,0.5,66.70972127804215,0.16666666666666666,0.12371134020618557,47.85223367697595,57.280977477509055
286.0,Organic Cotton Pouch,18.0,7.0,95.0,0.5,75.0,110.0,Small Goods,Estimate,Medium,0.014276002719238614,0.95,B,0.75,90.42895989123045,0.3262411347517731,0.15463917525773196,41.419902025297944,65.9244309582642
287.0,Recycled Cotton Pouch,17.0,7.0,90.0,0.45,80.0,95.0,Small Goods,Estimate,Medium,0.01087695445275323,0.9,B,0.75,89.06492182188987,0.2730496453900709,0.14432989690721648,43.564012575857284,66.31446719887357
288.0,Linen Bag,22.0,10.0,95.0,0.55,78.0,105.0,Fashion Packaging,Estimate,Medium,0.017675050985724,0.95,B,0.75,90.29299796057103,0.30851063829787234,0.1958762886597938,44.368282518096066,67.33064023933355
289.0,Bio-based Polyester Fabric,25.0,12.0,20.0,2.0,50.0,120.0,Textile Bags,Estimate,Medium,0.11624745071380013,0.2,C,0.5,56.350101971448,0.3617021276595745,0.2268041237113402,43.25509980258829,49.802600887018144
290.0,Recycled Polyester Fabric,25.0,12.0,1.0,1.8,70.0,100.0,Textile Bags,Estimate,Medium,0.1026512576478586,0.01,B,0.75,58.69394969408566,0.2907801418439716,0.2268041237113402,46.80119909336843,52.74757439372705
291.0,Paper Tube - Thin Wall,14.0,8.0,75.0,0.9,90.0,50.0,Cosmetic Packaging,Estimate,Medium,0.04146838885112169,0.75,A,1.0,90.84126444595513,0.11347517730496454,0.1134020618556701,49.99634422753528,70.41880433674521
292.0,Paper Tube - Thick Wall,18.0,12.0,70.0,1.0,88.0,60.0,Powder Packs,Estimate,Medium,0.04826648538409245,0.7,B,0.75,81.56934058463631,0.14893617021276595,0.15463917525773196,50.2851502522483,65.92724541844231
293.0,Recycled Paper Tube,16.0,10.0,80.0,0.8,92.0,55.0,Gift Packs,Estimate,Medium,0.034670292318150914,0.8,A,1.0,92.61318830727396,0.13120567375886524,0.13402061855670103,50.140747239891795,71.37696777358288
294.0,PLA-Coated Paper Tube,17.0,10.0,60.0,0.95,80.0,70.0,Cosmetics,Estimate,Medium,0.04486743711760706,0.6,B,0.75,78.70530251529571,0.18439716312056736,0.14432989690721648,47.99663668933245,63.35096960231408
295.0,BioPE-Coated Paper Tube,18.0,11.0,25.0,1.2,78.0,75.0,Cosmetics,Estimate,Medium,0.06186267845003398,0.25,B,0.75,67.52549286199864,0.20212765957446807,0.15463917525773196,47.625575784163196,57.575534323080916
296.0,PE Foam Sheet,18.0,12.0,1.0,3.0,30.0,60.0,Surface Protection,Literature,High,0.18422841604350781,0.01,D,0.25,40.430863358259685,0.14893617021276595,0.15463917525773196,50.2851502522483,45.35800680525399
297.0,Recycled PE Foam Sheet,18.0,12.0,1.0,2.2,50.0,63.0,Surface Protection,Estimate,Medium,0.12984364377974167,0.01,C,0.5,50.10625424881033,0.1595744680851064,0.15463917525773196,49.75323535863128,49.92974480372081
298.0,Bio-based PE Foam Sheet,16.0,11.0,15.0,1.8,55.0,75.0,Protective Packaging,Estimate,Medium,0.1026512576478586,0.15,C,0.5,55.393949694085656,0.20212765957446807,0.13402061855670103,46.594647949111646,50.99429882159865
299.0,PET Foam Sheet,20.0,13.0,1.0,3.5,40.0,80.0,High Performance Packs,Estimate,Medium,0.21821889870836164,0.01,D,0.25,39.07124405166554,0.2198581560283688,0.17525773195876287,47.76997879651971,43.42061142409263
300.0,EVA Foam Sheet,18.0,12.0,1.0,3.2,30.0,65.0,Protective Packaging,Estimate,Medium,0.19782460910944935,0.01,D,0.25,39.88701563562203,0.16666666666666666,0.15463917525773196,49.39862542955326,44.64282053258765
301.0,PLA Foam Sheet,14.0,9.0,80.0,1.0,60.0,90.0,Protective Packaging,Estimate,Medium,0.04826648538409245,0.8,C,0.5,77.06934058463631,0.2553191489361702,0.1134020618556701,42.904145645975,59.98674311530566
302.0,Starch Loose Fill Pellets,10.0,7.0,95.0,0.5,60.0,70.0,Void Fill,Literature,High,0.014276002719238614,0.95,C,0.5,82.92895989123046,0.18439716312056736,0.07216494845360824,44.38838926665204,63.65867457894125
303.0,Paper Loose Fill,8.0,6.0,90.0,0.7,88.0,50.0,Void Fill,Estimate,Medium,0.027872195785180146,0.9,B,0.75,88.3851121685928,0.11347517730496454,0.05154639175257732,46.90356072238065,67.64433644548672
304.0,Recycled Paper Loose Fill,8.0,6.0,92.0,0.6,92.0,48.0,Void Fill,Estimate,Medium,0.02107409925220938,0.92,A,1.0,96.75703602991163,0.10638297872340426,0.05154639175257732,47.258170651458656,72.00760334068514
305.0,PLA Loose Fill,12.0,8.0,85.0,0.8,60.0,80.0,Void Fill,Estimate,Medium,0.034670292318150914,0.85,C,0.5,79.11318830727397,0.2198581560283688,0.09278350515463918,43.64626745631352,61.37972788179374
306.0,Molded Starch Foam,14.0,9.0,90.0,0.9,55.0,85.0,Protective Packaging,Estimate,Medium,0.04146838885112169,0.9,C,0.5,80.34126444595515,0.2375886524822695,0.1134020618556701,43.79067046867004,62.065967457312595
307.0,Coated Kraft Paper Sack,18.0,16.0,60.0,1.3,75.0,65.0,Industrial Goods,Estimate,Medium,0.06866077498300475,0.6,B,0.75,77.75356900067982,0.16666666666666666,0.15463917525773196,49.39862542955326,63.57609721511654
308.0,Recycled Kraft Paper Sack,16.0,14.0,70.0,1.0,85.0,60.0,Industrial Goods,Estimate,Medium,0.04826648538409245,0.7,B,0.75,81.56934058463631,0.14893617021276595,0.13402061855670103,49.25422241719675,65.41178150091653
309.0,BioBarrier Coated Sack,17.0,15.0,65.0,1.1,78.0,72.0,Food Powders,Estimate,Medium,0.055064581917063225,0.65,B,0.75,79.79741672331747,0.19148936170212766,0.14432989690721648,47.64202676025444,63.71972174178595
310.0,Paper-Clay Composite Board,20.0,16.0,80.0,1.4,70.0,85.0,Display,Estimate,Medium,0.07545887151597551,0.8,B,0.75,83.48164513936098,0.2375886524822695,0.17525773195876287,46.88345397382467,65.18254955659282
311.0,Paper-Mineral Composite Board,22.0,18.0,75.0,1.6,65.0,90.0,Print Packaging,Estimate,Medium,0.08905506458191706,0.75,C,0.5,73.93779741672331,0.2553191489361702,0.1958762886597938,47.027856986181185,60.48282720145225
312.0,Recycled Paper-Mineral Board,20.0,17.0,78.0,1.3,72.0,82.0,Print Packaging,Estimate,Medium,0.06866077498300475,0.78,B,0.75,83.15356900067982,0.22695035460992907,0.17525773195876287,47.415368867441686,65.28446893406075
313.0,HDPE Bottle - Virgin,65.0,18.0,1.0,3.1,55.0,85.0,Food/Cosmetics,Literature,High,0.19102651257647857,0.01,C,0.5,47.65893949694087,0.2375886524822695,0.6391752577319587,70.07933026248446,58.86913487971266
314.0,HDPE Bottle - Recycled,65.0,18.0,1.0,2.0,70.0,82.0,Food/Cosmetics,Estimate,Medium,0.11624745071380013,0.01,B,0.75,58.15010197144799,0.22695035460992907,0.6391752577319587,70.61124515610149,64.38067356377474
315.0,PP Bottle - Virgin,55.0,16.0,1.0,2.6,45.0,80.0,Personal Care,Literature,High,0.15703602991162474,0.01,D,0.25,41.518558803535015,0.2198581560283688,0.5360824742268041,65.81121590992176,53.664887356728386
316.0,PP Bottle - Recycled,55.0,16.0,1.0,1.9,60.0,76.0,Personal Care,Estimate,Medium,0.10944935418082935,0.01,C,0.5,50.92202583276683,0.20567375886524822,0.5360824742268041,66.5204357680778,58.72123080042232
317.0,PET Bottle - Virgin,60.0,18.0,1.0,3.0,50.0,80.0,Beverages,Literature,High,0.18422841604350781,0.01,C,0.5,47.93086335825969,0.2198581560283688,0.5876288659793815,68.38853549755063,58.15969942790517
318.0,PET Bottle - Recycled Blend,60.0,18.0,1.0,2.0,70.0,82.0,Beverages,Estimate,Medium,0.11624745071380013,0.01,B,0.75,58.15010197144799,0.22695035460992907,0.5876288659793815,68.03392556847263,63.0920137699603
319.0,Glass Dropper Bottle,70.0,10.0,0.0,2.4,95.0,130.0,Cosmetics,Estimate,Medium,0.1434398368456832,0.0,A,1.0,64.26240652617268,0.3971631205673759,0.6907216494845361,64.67792644585802,64.47016648601536
320.0,Aluminum Dropper Bottle,65.0,9.0,1.0,7.0,90.0,140.0,Cosmetics,Estimate,Medium,0.45615227736233854,0.01,A,1.0,52.053908905506454,0.4326241134751773,0.6391752577319587,60.32755721283907,56.19073305917276
321.0,Steel Drum,85.0,40.0,0.0,8.0,90.0,120.0,Bulk Liquids,Literature,High,0.5241332426920462,0.0,A,1.0,49.03467029231815,0.3617021276595745,0.845360824742268,74.18293485413467,61.60880257322641
322.0,Reconditioned Steel Drum,85.0,40.0,0.0,5.0,95.0,110.0,Bulk Liquids,Estimate,Medium,0.3201903467029232,0.0,A,1.0,57.19238613188307,0.3262411347517731,0.845360824742268,75.95598449952475,66.57418531570391
323.0,HDPE Drum,70.0,35.0,1.0,4.0,50.0,100.0,Bulk Liquids,Estimate,Medium,0.25220938137321547,0.01,C,0.5,45.211624745071376,0.2907801418439716,0.6907216494845361,69.99707538202821,57.604350063549795
324.0,Recycled HDPE Drum,70.0,35.0,1.0,3.0,65.0,95.0,Bulk Liquids,Estimate,Medium,0.18422841604350781,0.01,C,0.5,47.93086335825969,0.2730496453900709,0.6907216494845361,70.88360020472327,59.407231781491475
325.0,IBCs (HDPE Steel Cage),80.0,100.0,1.0,10.0,60.0,200.0,Bulk Liquids,Estimate,Medium,0.6600951733514616,0.01,C,0.5,28.89619306594153,0.6453900709219859,0.7938144329896907,57.42121810338524,43.15870558466339
326.0,Wooden Pallet - New,30.0,1000.0,60.0,3.0,60.0,80.0,Logistics,Literature,High,0.18422841604350781,0.6,C,0.5,65.63086335825969,0.2198581560283688,0.27835051546391754,52.92461797177743,59.277740665018555
327.0,Wooden Pallet - Recycled,30.0,1000.0,60.0,2.0,75.0,70.0,Logistics,Estimate,Medium,0.11624745071380013,0.6,B,0.75,75.850101971448,0.18439716312056736,0.27835051546391754,54.6976676171675,65.27388479430775
328.0,Plastic Pallet - HDPE,40.0,1200.0,1.0,5.0,50.0,120.0,Logistics,Estimate,Medium,0.3201903467029232,0.01,C,0.5,42.49238613188307,0.3617021276595745,0.38144329896907214,50.98705856547488,46.73972234867898
329.0,Recycled Plastic Pallet,40.0,1200.0,1.0,3.5,65.0,110.0,Logistics,Estimate,Medium,0.21821889870836164,0.01,C,0.5,46.57124405166554,0.3262411347517731,0.38144329896907214,52.760108210864956,49.66567613126524
330.0,Paper Pallet,25.0,800.0,75.0,1.5,70.0,90.0,Logistics,Estimate,Medium,0.08225696804894629,0.75,B,0.75,81.70972127804215,0.2553191489361702,0.2268041237113402,48.5742487387585,65.14198500840033
331.0,Bio-based Plastic Pallet,38.0,1100.0,20.0,3.5,55.0,130.0,Logistics,Estimate,Medium,0.21821889870836164,0.2,C,0.5,52.27124405166553,0.3971631205673759,0.36082474226804123,48.183081085033265,50.2271625683494
332.0,Aluminum Pallet,45.0,1500.0,1.0,12.0,85.0,240.0,Logistics,Estimate,Medium,0.7960571040108769,0.01,B,0.75,30.95771583956492,0.7872340425531915,0.4329896907216495,32.2877824084229,31.62274912399391
333.0,Mono-material PE Shrink Film,40.0,12.0,1.0,2.4,50.0,70.0,Shrink Bundling,Literature,High,0.1434398368456832,0.01,C,0.5,49.56240652617267,0.18439716312056736,0.38144329896907214,59.85230679242524,54.70735665929895
334.0,Recycled PE Shrink Film,40.0,12.0,1.0,1.8,65.0,68.0,Shrink Bundling,Estimate,Medium,0.1026512576478586,0.01,C,0.5,51.19394969408566,0.1773049645390071,0.38144329896907214,60.20691672150325,55.700433207794454
335.0,Mono-material PP Shrink Film,42.0,13.0,1.0,2.3,55.0,72.0,Shrink Bundling,Estimate,Medium,0.13664174031271242,0.01,C,0.5,49.8343303874915,0.19148936170212766,0.4020618556701031,60.52862469839877,55.18147754294513
336.0,Bio-based Shrink Film,35.0,11.0,20.0,1.6,55.0,90.0,Shrink Bundling,Estimate,Medium,0.08905506458191706,0.2,C,0.5,57.43779741672333,0.2553191489361702,0.32989690721649484,53.728887914016234,55.583342665369784
337.0,PaperStrap,20.0,15.0,80.0,0.9,85.0,60.0,Bundle Strapping,Estimate,Medium,0.04146838885112169,0.8,B,0.75,84.84126444595513,0.14893617021276595,0.17525773195876287,51.31607808729984,68.07867126662748
338.0,PP Strap,55.0,20.0,1.0,2.5,30.0,50.0,Bundle Strapping,Literature,High,0.15023793337865396,0.01,D,0.25,41.79048266485385,0.11347517730496454,0.5360824742268041,71.130364846092,56.46042375547292
339.0,Recycled PP Strap,55.0,20.0,1.0,1.8,50.0,48.0,Bundle Strapping,Estimate,Medium,0.1026512576478586,0.01,C,0.5,51.19394969408566,0.10638297872340426,0.5360824742268041,71.48497477517,61.33946223462783
340.0,Polyester Strap (PET),65.0,25.0,1.0,3.0,40.0,70.0,Heavy Strapping,Estimate,Medium,0.18422841604350781,0.01,D,0.25,40.430863358259685,0.18439716312056736,0.6391752577319587,72.73890473056956,56.58488404441462
341.0,Recycled PET Strap,65.0,25.0,1.0,2.0,60.0,68.0,Heavy Strapping,Estimate,Medium,0.11624745071380013,0.01,C,0.5,50.650101971447995,0.1773049645390071,0.6391752577319587,73.09351465964757,61.87180831554778
342.0,Steel Strap,80.0,30.0,0.0,6.0,90.0,90.0,Heavy Strapping,Literature,High,0.38817131203263083,0.0,A,1.0,54.473147518694766,0.2553191489361702,0.7938144329896907,76.92476420267602,65.69895586068539
343.0,Bio-based Strap,40.0,12.0,30.0,1.7,60.0,80.0,Light Bundling,Estimate,Medium,0.09585316111488781,0.3,C,0.5,60.165873555404495,0.2198581560283688,0.38144329896907214,58.079257147035165,59.12256535121983
344.0,Paper Tape - Virgin,12.0,5.0,80.0,0.8,85.0,40.0,Box Sealing,Literature,High,0.034670292318150914,0.8,B,0.75,85.11318830727396,0.07801418439716312,0.09278350515463918,50.7384660378738,67.92582717257388
345.0,Paper Tape - Recycled,12.0,5.0,82.0,0.6,90.0,38.0,Box Sealing,Estimate,Medium,0.02107409925220938,0.82,A,1.0,93.75703602991163,0.07092198581560284,0.09278350515463918,51.093075966951815,72.42505599843173
346.0,Plastic Tape - PP,25.0,6.0,1.0,2.3,30.0,35.0,Box Sealing,Literature,High,0.13664174031271242,0.01,D,0.25,42.334330387491505,0.06028368794326241,0.2268041237113402,58.32602178840389,50.3301760879477
347.0,Plastic Tape - Recycled,25.0,6.0,1.0,1.7,50.0,34.0,Box Sealing,Estimate,Medium,0.09585316111488781,0.01,C,0.5,51.465873555404485,0.05673758865248227,0.2268041237113402,58.5033267529429,54.98460015417369
348.0,Bio-based Plastic Tape,22.0,6.0,30.0,1.5,45.0,45.0,Box Sealing,Estimate,Medium,0.08225696804894629,0.3,D,0.25,53.209721278042146,0.09574468085106383,0.1958762886597938,55.0065803904365,54.108150834239325
349.0,Water-activated Paper Tape,14.0,6.0,80.0,0.9,88.0,42.0,Box Sealing,Estimate,Medium,0.04146838885112169,0.8,B,0.75,84.84126444595513,0.0851063829787234,0.1134020618556701,51.41478394384733,68.12802419490123
350.0,Compostable Tape,18.0,6.0,85.0,0.7,60.0,55.0,Box Sealing,Estimate,Medium,0.027872195785180146,0.85,C,0.5,79.3851121685928,0.13120567375886524,0.15463917525773196,51.17167507494334,65.27839362176806
351.0,Virgin Cardboard - E-commerce Light,14.0,12.0,5.0,1.12,90.0,44.0,E-commerce,Estimate,Medium,0.05642420122365738,0.05,A,1.0,69.2430319510537,0.09219858156028368,0.1134020618556701,51.06017401476932,60.15160298291151
352.0,Virgin Cardboard - E-commerce Heavy,18.0,20.0,5.0,1.2,90.0,48.0,E-commerce,Estimate,Medium,0.06186267845003398,0.05,A,1.0,69.02549286199864,0.10638297872340426,0.15463917525773196,52.41280982671639,60.71915134435751
353.0,Recycled Cardboard - E-commerce Light,14.0,12.0,5.0,0.78,95.0,39.0,E-commerce,Estimate,Medium,0.03331067301155677,0.05,A,1.0,70.16757307953773,0.07446808510638298,0.1134020618556701,51.94669883746435,61.05713595850104
354.0,Recycled Cardboard - E-commerce Heavy,18.0,20.0,5.0,0.85,95.0,44.0,E-commerce,Estimate,Medium,0.038069340584636305,0.05,A,1.0,69.97722637661454,0.09219858156028368,0.15463917525773196,53.12202968487241,61.54962803074348
355.0,Virgin Cardboard - White Top,16.0,15.0,5.0,1.16,88.0,47.0,Display Boxes,Estimate,Medium,0.059143439836845675,0.05,B,0.75,61.634262406526176,0.10283687943262411,0.13402061855670103,51.55918695620385,56.59672468136502
356.0,Recycled Cardboard - White Top,16.0,15.0,5.0,0.86,92.0,42.0,Display Boxes,Estimate,Medium,0.03874915023793338,0.05,A,1.0,69.95003399048268,0.0851063829787234,0.13402061855670103,52.44571177889888,61.19787288469078
357.0,High-strength Virgin Cardboard,20.0,25.0,5.0,1.25,88.0,52.0,Industrial,Estimate,Medium,0.06526172671651936,0.05,B,0.75,61.38953093133923,0.12056737588652482,0.17525773195876287,52.7345178036119,57.062024367475566
358.0,High-strength Recycled Cardboard,20.0,25.0,5.0,0.9,93.0,48.0,Industrial,Estimate,Medium,0.04146838885112169,0.05,A,1.0,69.84126444595513,0.10638297872340426,0.17525773195876287,53.44373766176793,61.64250105386154
359.0,Low-density Virgin Cardboard,12.0,10.0,5.0,1.05,92.0,40.0,Light Goods,Estimate,Medium,0.051665533650577834,0.05,A,1.0,69.4333786539769,0.07801418439716312,0.09278350515463918,50.7384660378738,60.085922345925354
360.0,Low-density Recycled Cardboard,12.0,10.0,5.0,0.76,96.0,36.0,Light Goods,Estimate,Medium,0.03195105370496261,0.05,A,1.0,70.22195785180149,0.06382978723404255,0.09278350515463918,51.44768589602984,60.834821873915665
361.0,Recycled Paper - Newsprint,4.0,4.0,5.0,0.55,90.0,25.0,Void Fill/Wrap,Estimate,Medium,0.017675050985724,0.05,A,1.0,70.79299796057103,0.024822695035460994,0.010309278350515464,49.274329165752725,60.03366356316188
362.0,Recycled Paper - High Bright,5.0,5.0,5.0,0.6,88.0,32.0,Print Inserts,Estimate,Medium,0.02107409925220938,0.05,B,0.75,63.15703602991163,0.04964539007092199,0.020618556701030927,48.54865833150545,55.85284718070854
363.0,Virgin Paper - High Bright,6.0,5.0,5.0,0.95,80.0,38.0,Print Inserts,Estimate,Medium,0.04486743711760706,0.05,B,0.75,62.20530251529573,0.07092198581560284,0.030927835051546393,48.00029246179718,55.10279748854646
364.0,Recycled Paper - Tissue,3.0,3.0,5.0,0.5,92.0,20.0,Protective Wrap,Estimate,Medium,0.014276002719238614,0.05,A,1.0,70.92895989123046,0.0070921985815602835,0.0,49.645390070921984,60.28717498107622
365.0,Virgin Paper - Tissue,3.0,3.0,5.0,0.85,85.0,22.0,Protective Wrap,Estimate,Medium,0.038069340584636305,0.05,B,0.75,62.477226376614546,0.014184397163120567,0.0,49.29078014184397,55.88400325922926
366.0,Virgin Paper - Board,10.0,8.0,5.0,1.1,82.0,40.0,Cartons,Estimate,Medium,0.055064581917063225,0.05,B,0.75,61.79741672331747,0.07801418439716312,0.07216494845360824,49.707538202822256,55.752477463069866
367.0,Recycled Paper - Board,10.0,8.0,5.0,0.8,90.0,35.0,Cartons,Estimate,Medium,0.034670292318150914,0.05,A,1.0,70.11318830727397,0.06028368794326241,0.07216494845360824,50.594063025517286,60.35362566639563
368.0,Virgin Paper - Beer Carrier Board,12.0,10.0,5.0,1.2,80.0,45.0,Multipacks,Estimate,Medium,0.06186267845003398,0.05,B,0.75,61.52549286199864,0.09574468085106383,0.09278350515463918,49.85194121517877,55.688717038588706
369.0,Recycled Paper - Beer Carrier Board,12.0,10.0,5.0,0.9,88.0,40.0,Multipacks,Estimate,Medium,0.04146838885112169,0.05,B,0.75,62.34126444595513,0.07801418439716312,0.09278350515463918,50.7384660378738,56.53986524191447
370.0,Virgin Paper - Liquid Packaging Board,14.0,12.0,5.0,1.3,78.0,55.0,Cartons,Estimate,Medium,0.06866077498300475,0.05,B,0.75,61.25356900067982,0.13120567375886524,0.1134020618556701,49.109819404840245,55.18169420276003
371.0,PLA Bioplastic - High Heat,55.0,11.0,70.0,0.7,60.0,135.0,Hot Fill Packs,Estimate,Medium,0.027872195785180146,0.7,C,0.5,74.8851121685928,0.4148936170212766,0.5360824742268041,56.05944286027638,65.47227751443458
372.0,PLA Bioplastic - Cold Chain,50.0,10.0,85.0,0.5,70.0,125.0,Cold Foods,Estimate,Medium,0.014276002719238614,0.85,B,0.75,87.42895989123046,0.37943262411347517,0.4845360824742268,55.25517291803759,71.34206640463402
373.0,PLA Bioplastic - Fiber-filled,60.0,12.0,75.0,0.8,65.0,140.0,Durables,Estimate,Medium,0.034670292318150914,0.75,C,0.5,76.11318830727397,0.4326241134751773,0.5876288659793815,57.75023762521021,66.93171296624209
374.0,PLA Bioplastic - Mineral-filled,65.0,14.0,70.0,0.9,60.0,145.0,Durables,Estimate,Medium,0.04146838885112169,0.7,C,0.5,74.34126444595513,0.450354609929078,0.6391752577319587,59.44103239014403,66.89114841804958
375.0,PLA Bioplastic - Flex-rigid Blend,52.0,11.0,80.0,0.6,68.0,130.0,General Packaging,Estimate,Medium,0.02107409925220938,0.8,C,0.5,78.15703602991164,0.3971631205673759,0.5051546391752577,55.399575930394086,66.77830598015287
376.0,Compostable Plastic - Home Compost Low Temp,35.0,7.0,90.0,0.55,68.0,108.0,Food Wrap,Estimate,Medium,0.017675050985724,0.9,C,0.5,81.29299796057104,0.3191489361702128,0.32989690721649484,50.53739855231411,65.91519825644258
377.0,Compostable Plastic - Industrial High Temp,45.0,9.0,80.0,0.65,70.0,115.0,Food Packs,Estimate,Medium,0.02447314751869477,0.8,B,0.75,85.52107409925222,0.34397163120567376,0.4329896907216495,54.45090297579879,69.9859885375255
378.0,Compostable Plastic - Transparent Film,32.0,7.0,85.0,0.6,65.0,104.0,Window Packs,Estimate,Medium,0.02107409925220938,0.85,C,0.5,79.65703602991164,0.3049645390070922,0.29896907216494845,49.70022665789281,64.67863134390223
379.0,Compostable Plastic - Opaque Film,34.0,8.0,85.0,0.62,65.0,106.0,General Wraps,Estimate,Medium,0.022433718558803536,0.85,C,0.5,79.60265125764786,0.3120567375886525,0.31958762886597936,50.37654456386635,64.98959791075711
380.0,Compostable Plastic - Coated Paper Barrier,30.0,8.0,80.0,0.7,70.0,110.0,Snack Packs,Estimate,Medium,0.027872195785180146,0.8,B,0.75,85.3851121685928,0.3262411347517731,0.27835051546391754,47.60546903560722,66.49529060210001
381.0,Conventional Plastic PET - High Barrier,65.0,16.0,1.0,3.3,45.0,90.0,Retort Packs,Estimate,Medium,0.2046227056424201,0.01,D,0.25,39.615091774303195,0.2553191489361702,0.6391752577319587,69.19280543978942,54.40394860704631
382.0,Conventional Plastic PET - Metallized,60.0,15.0,1.0,3.5,40.0,95.0,Snack Packs,Estimate,Medium,0.21821889870836164,0.01,D,0.25,39.07124405166554,0.2730496453900709,0.5876288659793815,65.72896102946552,52.40010254056553
383.0,Conventional Plastic PET - Silica Coated,62.0,16.0,1.0,3.4,45.0,100.0,High Barrier Films,Estimate,Medium,0.21142080217539086,0.01,D,0.25,39.34316791298437,0.2907801418439716,0.6082474226804123,65.87336404182203,52.6082659774032
384.0,Conventional Plastic PET - Reheat Clear,64.0,18.0,1.0,3.2,50.0,85.0,Bottle Preforms,Estimate,Medium,0.19782460910944935,0.01,C,0.5,47.387015635622035,0.2375886524822695,0.6288659793814433,69.5638663449587,58.475440990290366
385.0,Conventional Plastic PET - Thick Sheet,70.0,20.0,1.0,3.6,45.0,110.0,Thermoforming,Estimate,Medium,0.22501699524133242,0.01,D,0.25,38.799320190346705,0.3262411347517731,0.6907216494845361,68.22402573663815,53.51167296349243
386.0,Conventional Plastic HDPE - Pipe Grade,80.0,25.0,1.0,3.4,50.0,95.0,Pipe/Conduit,Estimate,Medium,0.21142080217539086,0.01,C,0.5,46.84316791298437,0.2730496453900709,0.7938144329896907,76.038239379981,61.44070364648268
387.0,Conventional Plastic HDPE - Blow Fill,68.0,20.0,1.0,3.1,55.0,87.0,Blow Bottles,Estimate,Medium,0.19102651257647857,0.01,C,0.5,47.65893949694087,0.24468085106382978,0.6701030927835051,71.27111208598377,59.465025791462324
388.0,Conventional Plastic HDPE - High MFI,60.0,16.0,1.0,3.0,55.0,83.0,Thin Wall,Estimate,Medium,0.18422841604350781,0.01,C,0.5,47.93086335825969,0.23049645390070922,0.5876288659793815,67.8566206039336,57.89374198109665
389.0,Conventional Plastic HDPE - Low MFI,70.0,22.0,1.0,3.3,50.0,90.0,Heavy Containers,Estimate,Medium,0.2046227056424201,0.01,C,0.5,47.115091774303195,0.2553191489361702,0.6907216494845361,71.7701250274183,59.44260840086075
390.0,Conventional Plastic HDPE - Film LL Blend,58.0,16.0,1.0,2.9,50.0,80.0,Shopping Bags,Estimate,Medium,0.17743031951053703,0.01,C,0.5,48.202787219578525,0.2198581560283688,0.5670103092783505,67.35760766249909,57.78019744103881
391.0,Recycled PET - Food Grade,60.0,15.0,1.0,1.9,80.0,95.0,Food Packs,Estimate,Medium,0.10944935418082935,0.01,B,0.75,58.422025832766835,0.2730496453900709,0.5876288659793815,65.72896102946552,62.07549343111618
392.0,Recycled PET - Non Food Grade,60.0,15.0,1.0,1.7,75.0,85.0,Fibers/Straps,Estimate,Medium,0.09585316111488781,0.01,B,0.75,58.96587355540448,0.2375886524822695,0.5876288659793815,67.5020106748556,63.233942115130034
393.0,Recycled PET - Fiber Grade,58.0,14.0,1.0,1.6,70.0,82.0,Textiles,Estimate,Medium,0.08905506458191706,0.01,B,0.75,59.237797416723325,0.22695035460992907,0.5670103092783505,67.00299773342107,63.1203975750722
394.0,Recycled PET - Sheet High Recycled Content,60.0,15.0,1.0,1.6,80.0,92.0,Trays,Estimate,Medium,0.08905506458191706,0.01,B,0.75,59.237797416723325,0.2624113475177305,0.5876288659793815,66.26087592308254,62.74933666990293
395.0,Recycled PET - Bottle Grade High Recycled,60.0,15.0,1.0,1.5,85.0,98.0,Bottles,Estimate,Medium,0.08225696804894629,0.01,B,0.75,59.50972127804215,0.28368794326241137,0.5876288659793815,65.19704613584851,62.35338370694533
396.0,Sugarcane Bagasse - Hot Cup Liner,10.0,6.0,88.0,0.42,75.0,55.0,Hot Drinks,Estimate,Medium,0.008837525492861998,0.88,B,0.75,88.54649898028552,0.13120567375886524,0.07216494845360824,47.047963734737145,67.79723135751134
397.0,Sugarcane Bagasse - Cold Cup Liner,10.0,6.0,90.0,0.4,78.0,52.0,Cold Drinks,Estimate,Medium,0.007477906186267848,0.9,B,0.75,89.20088375254929,0.12056737588652482,0.07216494845360824,47.57987862835417,68.39038119045173
398.0,Sugarcane Bagasse - Heavy Plate,15.0,9.0,85.0,0.45,78.0,58.0,Food Service,Estimate,Medium,0.01087695445275323,0.85,B,0.75,87.56492182188987,0.14184397163120568,0.12371134020618557,49.093368428748995,68.32914512531943
399.0,Sugarcane Bagasse - Compartment Tray,14.0,10.0,88.0,0.43,80.0,57.0,Meal Trays,Estimate,Medium,0.009517335146159076,0.88,B,0.75,88.51930659415365,0.13829787234042554,0.1134020618556701,48.75520947576223,68.63725803495794
400.0,Sugarcane Bagasse - Lid,11.0,7.0,90.0,0.41,80.0,53.0,Food Trays,Estimate,Medium,0.00815771583956492,0.9,B,0.75,89.1736913664174,0.12411347517730496,0.08247422680412371,47.91803758134094,68.54586447387916
401.0,Wood Pulp Molded Fiber - Phone Insert,9.0,5.0,88.0,0.48,75.0,54.0,Electronics,Literature,High,0.012916383412644459,0.88,B,0.75,88.38334466349423,0.1276595744680851,0.061855670103092786,46.709804781750385,67.54657472262231
402.0,Wood Pulp Molded Fiber - Laptop Insert,11.0,7.0,85.0,0.52,73.0,58.0,Electronics,Estimate,Medium,0.01563562202583277,0.85,B,0.75,87.37457511896669,0.14184397163120568,0.08247422680412371,47.0315127586459,67.2030439388063
403.0,Wood Pulp Molded Fiber - TV Frame,12.0,8.0,82.0,0.55,70.0,60.0,Electronics,Estimate,Medium,0.017675050985724,0.82,B,0.75,86.39299796057104,0.14893617021276595,0.09278350515463918,47.19236674709366,66.79268235383235
404.0,Wood Pulp Molded Fiber - Bottle Pack,10.0,6.0,86.0,0.5,75.0,56.0,Beverage,Estimate,Medium,0.014276002719238614,0.86,B,0.75,87.72895989123045,0.1347517730496454,0.07216494845360824,46.87065877019814,67.2998093307143
405.0,Wood Pulp Molded Fiber - Cosmetic Insert,8.0,4.0,90.0,0.47,78.0,52.0,Cosmetics,Estimate,Medium,0.012236573759347382,0.9,B,0.75,89.01053704962611,0.12056737588652482,0.05154639175257732,46.54895079330263,67.77974392146437
406.0,Corrugated Paperboard - BC Flute,18.0,25.0,5.0,1.25,90.0,50.0,Shipping,Literature,High,0.06526172671651936,0.05,A,1.0,68.88953093133922,0.11347517730496454,0.15463917525773196,52.05819989763838,60.4738654144888
407.0,Corrugated Paperboard - EB Flute,17.0,22.0,5.0,1.22,92.0,49.0,Display,Estimate,Medium,0.06322229775662813,0.05,A,1.0,68.97110808973488,0.1099290780141844,0.14432989690721648,51.7200409446516,60.34557451719324
408.0,Corrugated Paperboard - E Flute,15.0,18.0,5.0,1.15,92.0,46.0,Small Packs,Estimate,Medium,0.058463630183548596,0.05,A,1.0,69.16145479265805,0.09929078014184398,0.12371134020618557,51.221028003217086,60.19124139793757
409.0,Corrugated Paperboard - F Flute,14.0,16.0,5.0,1.12,92.0,44.0,Micro Packs,Estimate,Medium,0.05642420122365738,0.05,A,1.0,69.2430319510537,0.09219858156028368,0.1134020618556701,51.06017401476932,60.15160298291151
410.0,Corrugated Paperboard - RSC Box Board,16.0,20.0,5.0,1.2,92.0,48.0,Regular Slotted,Estimate,Medium,0.06186267845003398,0.05,A,1.0,69.02549286199864,0.10638297872340426,0.13402061855670103,51.381881991664834,60.203687426831735
411.0,Cotton Fabric Wrap - Gift Grade,19.0,8.0,90.0,0.6,70.0,100.0,Gift Wrap,Estimate,Medium,0.02107409925220938,0.9,B,0.75,88.65703602991162,0.2907801418439716,0.16494845360824742,43.70841558821379,66.1827258090627
412.0,Cotton Fabric Wrap - Industrial,22.0,10.0,88.0,0.65,65.0,95.0,Industrial Wrap,Estimate,Medium,0.02447314751869477,0.88,C,0.5,80.42107409925222,0.2730496453900709,0.1958762886597938,46.14133216348614,63.28120313136918
413.0,Cotton Fabric Wrap - Printed Premium,20.0,8.0,88.0,0.62,68.0,110.0,Premium Packaging,Estimate,Medium,0.022433718558803536,0.88,C,0.5,80.50265125764787,0.3262411347517731,0.17525773195876287,42.450829860349494,61.476740558998685
414.0,Cotton Fabric Wrap - Dyed,21.0,9.0,88.0,0.63,68.0,105.0,Brand Wraps,Estimate,Medium,0.023113528212100613,0.88,C,0.5,80.47545887151598,0.30851063829787234,0.18556701030927836,43.852818600570295,62.16413873604314
415.0,Cotton Fabric Wrap - Recycled Blend,18.0,7.0,92.0,0.55,75.0,90.0,General Wraps,Estimate,Medium,0.017675050985724,0.92,B,0.75,89.39299796057104,0.2553191489361702,0.15463917525773196,44.96600131607809,67.17949963832456
416.0,Jute Bag - Retail,24.0,11.0,95.0,0.5,85.0,88.0,Retail Bags,Estimate,Medium,0.014276002719238614,0.95,B,0.75,90.42895989123045,0.24822695035460993,0.21649484536082475,48.41339475031074,69.4211773207706
417.0,Jute Bag - Supermarket,26.0,13.0,95.0,0.52,85.0,92.0,Shopping Bags,Estimate,Medium,0.01563562202583277,0.95,B,0.75,90.37457511896669,0.2624113475177305,0.23711340206185566,48.73510272720626,69.55483892308648
418.0,Jute Bag - Promotional,23.0,10.0,95.0,0.49,87.0,86.0,Promo Bags,Estimate,Medium,0.013596193065941536,0.95,B,0.75,90.45615227736234,0.24113475177304963,0.20618556701030927,48.25254076186298,69.35434651961266
419.0,Jute Bag - Heavy Duty Retail,29.0,16.0,93.0,0.55,83.0,98.0,Heavy Retail Bags,Estimate,Medium,0.017675050985724,0.93,B,0.75,89.69299796057103,0.28368794326241137,0.26804123711340205,49.21766469254953,69.45533132656028
420.0,Jute Bag - Drawstring,21.0,9.0,95.0,0.48,88.0,84.0,Gift Bags,Estimate,Medium,0.012916383412644459,0.95,B,0.75,90.48334466349422,0.23404255319148937,0.18556701030927836,47.57622285588945,69.02978375969184
421.0,PLA Sheet - Retail Food Grade,50.0,12.0,80.0,0.55,70.0,125.0,Food Packs,Literature,High,0.017675050985724,0.8,B,0.75,85.79299796057104,0.37943262411347517,0.4845360824742268,55.25517291803759,70.52408543930432
422.0,PLA Sheet - Industrial,52.0,13.0,78.0,0.6,68.0,130.0,Electronics,Estimate,Medium,0.02107409925220938,0.78,C,0.5,77.55703602991163,0.3971631205673759,0.5051546391752577,55.399575930394086,66.47830598015285
423.0,PLA Sheet - High Impact,55.0,14.0,75.0,0.65,65.0,135.0,Durables,Estimate,Medium,0.02447314751869477,0.75,C,0.5,76.5210740992522,0.4148936170212766,0.5360824742268041,56.05944286027638,66.29025847976429
424.0,PLA Sheet - Printing Grade,49.0,11.0,80.0,0.56,70.0,122.0,Print Packaging,Estimate,Medium,0.01835486063902108,0.8,B,0.75,85.76580557443916,0.36879432624113473,0.4742268041237113,55.27162389412883,70.51871473428399
425.0,PLA Sheet - Barrier Coated,51.0,12.0,78.0,0.6,68.0,128.0,Snacks,Estimate,Medium,0.02107409925220938,0.78,C,0.5,77.55703602991163,0.3900709219858156,0.4948453608247423,55.23872194194633,66.39787898592898
426.0,Polylactic Acid Blend - Bottle,48.0,11.0,80.0,0.5,70.0,120.0,Bottles,Estimate,Medium,0.014276002719238614,0.8,B,0.75,85.92895989123045,0.3617021276595745,0.4639175257731959,55.11076990568107,70.51986489845575
427.0,Polylactic Acid Blend - Sheet High Barrier,47.0,11.0,78.0,0.55,68.0,123.0,Snacks,Estimate,Medium,0.017675050985724,0.78,C,0.5,77.69299796057105,0.3723404255319149,0.4536082474226804,54.06339109453827,65.87819452755465
428.0,Polylactic Acid Blend - Film High Clarity,45.0,10.0,80.0,0.5,70.0,118.0,Window Packs,Estimate,Medium,0.014276002719238614,0.8,B,0.75,85.92895989123045,0.3546099290780142,0.4329896907216495,53.91898808218176,69.9239739867061
429.0,Polylactic Acid Blend - Foamable,42.0,9.0,80.0,0.6,65.0,115.0,Foam Packs,Estimate,Medium,0.02107409925220938,0.8,C,0.5,78.15703602991164,0.34397163120567376,0.4020618556701031,52.90451122322146,65.53077362656654
430.0,Polylactic Acid Blend - Injection Grade,50.0,12.0,78.0,0.58,68.0,125.0,Closures,Estimate,Medium,0.019714479945615225,0.78,C,0.5,77.61142080217539,0.37943262411347517,0.4845360824742268,55.25517291803759,66.43329686010648
431.0,Biodegradable Film - High Clarity,31.0,8.0,85.0,0.6,65.0,106.0,Confectionery,Estimate,Medium,0.02107409925220938,0.85,C,0.5,79.65703602991164,0.3120567375886525,0.28865979381443296,48.830152811289025,64.24359442060033
432.0,Biodegradable Film - Matte Finish,29.0,7.0,87.0,0.59,67.0,104.0,Snacks,Estimate,Medium,0.0203942895989123,0.87,C,0.5,80.28422841604352,0.3049645390070922,0.26804123711340205,48.1538349053155,64.2190316606795
433.0,Biodegradable Film - Metallized,33.0,8.0,80.0,0.7,60.0,112.0,Snacks,Estimate,Medium,0.027872195785180146,0.8,C,0.5,77.8851121685928,0.3333333333333333,0.30927835051546393,48.79725085910653,63.34118151384966
434.0,Biodegradable Film - Printed,30.0,8.0,85.0,0.62,65.0,108.0,Brand Packs,Estimate,Medium,0.022433718558803536,0.85,C,0.5,79.60265125764786,0.3191489361702128,0.27835051546391754,47.96007896468524,63.78136511116655
435.0,Biodegradable Film - Anti-fog,31.0,8.0,85.0,0.61,65.0,109.0,Fresh Produce,Estimate,Medium,0.021753908905506457,0.85,C,0.5,79.62984364377975,0.32269503546099293,0.28865979381443296,48.298237917672,63.964040780725874
436.0,Aluminum Foil - Household Heavy,65.0,15.0,1.0,7.8,90.0,140.0,Household,Estimate,Medium,0.5105370496261047,0.01,A,1.0,49.878518014955816,0.4326241134751773,0.6391752577319587,60.32755721283907,55.10303761389744
437.0,Aluminum Foil - Converter Grade,68.0,18.0,1.0,8.1,90.0,150.0,Converters,Estimate,Medium,0.5309313392250169,0.01,A,1.0,49.062746430999326,0.46808510638297873,0.6701030927835051,60.100899320026315,54.58182287551282
438.0,Aluminum Foil - Bare Pharma,72.0,18.0,1.0,8.3,92.0,160.0,Pharma,Literature,High,0.5445275322909586,0.01,A,1.0,48.51889870836166,0.5035460992907801,0.711340206185567,60.389705344739355,54.45430202655051
439.0,Aluminum Foil - Lacquered Pharma,74.0,19.0,1.0,8.4,90.0,165.0,Pharma,Estimate,Medium,0.5513256288239293,0.01,A,1.0,48.24697484704283,0.5212765957446809,0.7319587628865979,60.53410835709585,54.39054160206934
440.0,Aluminum Foil - Flexible Laminates,70.0,20.0,1.0,8.5,85.0,155.0,Snack Packs,Estimate,Medium,0.5581237253569001,0.01,B,0.75,40.475050985723996,0.4858156028368794,0.6907216494845361,60.245302332382835,50.360176659053415
441.0,Glass Bottle - Cosmetics,80.0,15.0,0.0,2.4,95.0,120.0,Cosmetics,Literature,High,0.1434398368456832,0.0,A,1.0,64.26240652617268,0.3617021276595745,0.7938144329896907,71.60561526650582,67.93401089633926
442.0,Glass Bottle - Pharma Syrup,85.0,18.0,0.0,2.5,95.0,118.0,Pharma,Estimate,Medium,0.15023793337865396,0.0,A,1.0,63.99048266485384,0.3546099290780142,0.845360824742268,74.53754478321268,69.26401372403326
443.0,Glass Bottle - Oil,88.0,20.0,0.0,2.6,95.0,122.0,Edible Oil,Estimate,Medium,0.15703602991162474,0.0,A,1.0,63.71855880353501,0.36879432624113473,0.8762886597938144,75.37471667763398,69.5466377405845
444.0,Glass Bottle - Sauce,83.0,17.0,0.0,2.4,95.0,118.0,Sauces,Estimate,Medium,0.1434398368456832,0.0,A,1.0,64.26240652617268,0.3546099290780142,0.8247422680412371,73.50661694816114,68.88451173716692
445.0,Glass Bottle - Spirit,92.0,22.0,0.0,2.7,95.0,130.0,Spirits,Estimate,Medium,0.16383412644459552,0.0,A,1.0,63.446634942216185,0.3971631205673759,0.9175257731958762,76.01813263142502,69.7323837868206
446.0,Steel Can - Beverage,78.0,19.0,0.0,6.0,90.0,100.0,Beverages,Literature,High,0.38817131203263083,0.0,A,1.0,54.473147518694766,0.2907801418439716,0.7731958762886598,74.12078672223441,64.29696712046459
447.0,Steel Can - Food 3-piece,80.0,22.0,0.0,6.1,90.0,102.0,Canned Food,Estimate,Medium,0.3949694085656016,0.0,A,1.0,54.20122365737594,0.2978723404255319,0.7938144329896907,74.79710462820795,64.49916414279194
448.0,Steel Can - Food 2-piece,82.0,23.0,0.0,6.2,90.0,104.0,Canned Food,Estimate,Medium,0.4017675050985724,0.0,A,1.0,53.92929979605711,0.3049645390070922,0.8144329896907216,75.47342253418148,64.7013611651193
449.0,Steel Can - Paint,85.0,24.0,0.0,6.3,90.0,108.0,Paints,Estimate,Medium,0.40856560163154315,0.0,A,1.0,53.65737593473827,0.3191489361702128,0.845360824742268,76.31059442860277,64.98398518167052
450.0,Steel Can - Aerosol Food,78.0,19.0,0.0,6.1,88.0,106.0,Edible Aerosols,Estimate,Medium,0.3949694085656016,0.0,B,0.75,46.701223657375934,0.3120567375886525,0.7731958762886598,73.05695693500036,59.879090296188146
451.0,Mixed Plastic (HDPE+PET) - Bottle,62.0,16.0,1.0,3.6,60.0,92.0,Bottles,Estimate,Medium,0.22501699524133242,0.01,C,0.5,46.299320190346705,0.2624113475177305,0.6082474226804123,67.29180375813408,56.79556197424039
452.0,Mixed Plastic (HDPE+PET) - Container,60.0,15.0,1.0,3.5,60.0,90.0,Tubs,Estimate,Medium,0.21821889870836164,0.01,C,0.5,46.57124405166554,0.2553191489361702,0.5876288659793815,66.61548585216057,56.59336495191306
453.0,Mixed Plastic (HDPE+PET) - Rigid Thin Wall,58.0,14.0,1.0,3.4,60.0,88.0,Trays,Estimate,Medium,0.21142080217539086,0.01,C,0.5,46.84316791298437,0.24822695035460993,0.5670103092783505,65.93916794618703,56.3911679295857
454.0,Mixed Plastic (HDPE+PET) - Pallet Components,65.0,18.0,1.0,3.7,55.0,95.0,Pallet Parts,Estimate,Medium,0.23181509177430318,0.01,C,0.5,46.02739632902788,0.2730496453900709,0.6391752577319587,68.30628061709439,57.166838473061134
455.0,Mixed Plastic (HDPE+PET) - Edge Protectors,60.0,15.0,1.0,3.5,58.0,92.0,Edge Protectors,Estimate,Medium,0.21821889870836164,0.01,C,0.5,46.57124405166554,0.2624113475177305,0.5876288659793815,66.26087592308254,56.41605998737404
456.0,Recycled Mixed Plastic - Bottle,60.0,15.0,1.0,2.0,70.0,87.0,Non-food Bottles,Estimate,Medium,0.11624745071380013,0.01,B,0.75,58.15010197144799,0.24468085106382978,0.5876288659793815,67.14740074577759,62.648751358612785
457.0,Recycled Mixed Plastic - Container,58.0,14.0,1.0,1.9,70.0,85.0,Tubs,Estimate,Medium,0.10944935418082935,0.01,B,0.75,58.422025832766835,0.2375886524822695,0.5670103092783505,66.47108283980405,62.446554336285445
458.0,Recycled Mixed Plastic - Sheet High Density,62.0,16.0,1.0,2.2,65.0,90.0,Boards,Estimate,Medium,0.12984364377974167,0.01,C,0.5,50.10625424881033,0.2553191489361702,0.6082474226804123,67.64641368721212,58.876333968011224
459.0,Recycled Mixed Plastic - Film Low Gauge,52.0,13.0,1.0,1.8,72.0,82.0,Films,Estimate,Medium,0.1026512576478586,0.01,B,0.75,58.69394969408566,0.22695035460992907,0.5051546391752577,63.91021422826644,61.30208196117605
460.0,Recycled Mixed Plastic - Foam High Resilience,48.0,11.0,1.0,1.7,70.0,80.0,Foam Packs,Estimate,Medium,0.09585316111488781,0.01,B,0.75,58.96587355540448,0.2198581560283688,0.4639175257731959,62.202968487241364,60.584421021322925
461.0,PLA Compostable Pack - Salad Bowl,50.0,10.0,85.0,0.55,70.0,118.0,Salad Packs,Estimate,Medium,0.017675050985724,0.85,B,0.75,87.29299796057104,0.3546099290780142,0.4845360824742268,56.49630766981063,71.89465281519084
462.0,PLA Compostable Pack - Soup Bowl,52.0,11.0,80.0,0.6,68.0,120.0,Soup Packs,Estimate,Medium,0.02107409925220938,0.8,C,0.5,78.15703602991164,0.3617021276595745,0.5051546391752577,57.17262557578417,67.6648308028479
463.0,PLA Compostable Pack - Flat Tray,48.0,9.0,88.0,0.54,70.0,116.0,Trays,Estimate,Medium,0.016995241332426924,0.88,B,0.75,88.22019034670294,0.3475177304964539,0.4639175257731959,55.81998976383711,72.02009005527002
464.0,PLA Compostable Pack - Hinged Lid,49.0,9.0,86.0,0.55,70.0,117.0,Clamshells,Estimate,Medium,0.017675050985724,0.86,B,0.75,87.59299796057104,0.35106382978723405,0.4742268041237113,56.15814871682387,71.87557333869745
465.0,PLA Compostable Pack - Lid Only,47.0,8.0,88.0,0.52,70.0,114.0,Lids,Estimate,Medium,0.01563562202583277,0.88,B,0.75,88.2745751189667,0.3404255319148936,0.4536082474226804,55.65913577538934,71.96685544717802
466.0,Paper Pulp Tray - Fruit Punnet,13.0,9.0,80.0,0.88,88.0,50.0,Fruit Punnets,Estimate,Medium,0.04010876954452754,0.8,B,0.75,84.89564921821889,0.11347517730496454,0.10309278350515463,49.4808803100095,67.1882647641142
467.0,Paper Pulp Tray - Meat Tray,15.0,11.0,78.0,0.95,85.0,55.0,Meat Packs,Estimate,Medium,0.04486743711760706,0.78,B,0.75,84.10530251529572,0.13120567375886524,0.12371134020618557,49.625283322366016,66.86529291883087
468.0,Paper Pulp Tray - Egg Tray,12.0,10.0,84.0,0.9,88.0,48.0,Egg Packs,Literature,High,0.04146838885112169,0.84,B,0.75,86.04126444595514,0.10638297872340426,0.09278350515463918,49.32002632156174,67.68064538375845
469.0,Paper Pulp Tray - Industrial,16.0,12.0,75.0,1.0,85.0,60.0,Parts Packaging,Estimate,Medium,0.04826648538409245,0.75,B,0.75,83.0693405846363,0.14893617021276595,0.13402061855670103,49.25422241719675,66.16178150091652
470.0,Paper Pulp Tray - Cosmetic,11.0,8.0,85.0,0.87,90.0,52.0,Cosmetics,Estimate,Medium,0.03942895989123046,0.85,A,1.0,93.92284160435078,0.12056737588652482,0.08247422680412371,48.09534254587995,71.00909207511536
471.0,Cardboard Sleeve - Beverage Multipack,17.0,14.0,5.0,1.15,90.0,45.0,Drinks Multipacks,Estimate,Medium,0.058463630183548596,0.05,A,1.0,69.16145479265805,0.09574468085106383,0.14432989690721648,52.42926080280763,60.79535779773284
472.0,Cardboard Sleeve - Cosmetics,15.0,10.0,5.0,1.05,92.0,42.0,Beauty Packs,Estimate,Medium,0.051665533650577834,0.05,A,1.0,69.4333786539769,0.0851063829787234,0.12371134020618557,51.930247861373104,60.681813257675
473.0,Cardboard Sleeve - Confectionery,14.0,9.0,5.0,1.02,92.0,40.0,Chocolate Packs,Estimate,Medium,0.0496261046906866,0.05,A,1.0,69.51495581237253,0.07801418439716312,0.1134020618556701,51.76939387292535,60.64217484264894
474.0,Cardboard Sleeve - Frozen Foods,16.0,12.0,5.0,1.1,90.0,44.0,Frozen Packs,Estimate,Medium,0.055064581917063225,0.05,A,1.0,69.29741672331747,0.09219858156028368,0.13402061855670103,52.091101849820866,60.694259286569164
475.0,Cardboard Sleeve - Ready Meals,16.0,12.0,5.0,1.1,90.0,44.0,Ready Meals,Estimate,Medium,0.055064581917063225,0.05,A,1.0,69.29741672331747,0.09219858156028368,0.13402061855670103,52.091101849820866,60.694259286569164
476.0,PLA Clamshell - Two-compartment,50.0,10.0,78.0,0.56,68.0,123.0,Meals,Estimate,Medium,0.01835486063902108,0.78,C,0.5,77.66580557443916,0.3723404255319149,0.4845360824742268,55.609782847115596,66.63779421077737
477.0,PLA Clamshell - Three-compartment,52.0,11.0,78.0,0.58,68.0,125.0,Meals,Estimate,Medium,0.019714479945615225,0.78,C,0.5,77.61142080217539,0.37943262411347517,0.5051546391752577,56.28610075308913,66.94876077763226
478.0,PLA Clamshell - Snack,48.0,9.0,82.0,0.54,70.0,118.0,Snacks,Estimate,Medium,0.016995241332426924,0.82,B,0.75,86.42019034670292,0.3546099290780142,0.4639175257731959,55.46537983475908,70.94278509073101
479.0,PLA Clamshell - Bakery Large,49.0,9.0,80.0,0.53,70.0,120.0,Bakery,Estimate,Medium,0.016315431679129844,0.8,B,0.75,85.8473827328348,0.3617021276595745,0.4742268041237113,55.62623382320684,70.73680827802082
480.0,PLA Clamshell - Small Portion,47.0,8.0,85.0,0.51,70.0,116.0,Small Meals,Estimate,Medium,0.01495581237253569,0.85,B,0.75,87.40176750509858,0.3475177304964539,0.4536082474226804,55.30452584631133,71.35314667570495
481.0,Recycled Cardboard Box - Wine Shipper,18.0,20.0,5.0,0.85,95.0,45.0,Wine Packs,Estimate,Medium,0.038069340584636305,0.05,A,1.0,69.97722637661454,0.09574468085106383,0.15463917525773196,52.944724720333404,61.46097554847397
482.0,Recycled Cardboard Box - Book Shipper,15.0,15.0,5.0,0.8,95.0,40.0,Books,Estimate,Medium,0.034670292318150914,0.05,A,1.0,70.11318830727397,0.07801418439716312,0.12371134020618557,52.28485779045112,61.19902304886254
483.0,Recycled Cardboard Box - Apparel Shipper,14.0,12.0,5.0,0.78,95.0,39.0,Apparel,Estimate,Medium,0.03331067301155677,0.05,A,1.0,70.16757307953773,0.07446808510638298,0.1134020618556701,51.94669883746435,61.05713595850104
484.0,Recycled Cardboard Box - Electronics Shipper,17.0,18.0,5.0,0.83,95.0,44.0,Electronics,Estimate,Medium,0.036709721278042146,0.05,A,1.0,70.03161114887831,0.09219858156028368,0.14432989690721648,52.60656576734664,61.319088458112475
485.0,Recycled Cardboard Box - Grocery Shipper,16.0,16.0,5.0,0.82,95.0,42.0,Grocery,Estimate,Medium,0.03602991162474507,0.05,A,1.0,70.0588035350102,0.0851063829787234,0.13402061855670103,52.44571177889888,61.25225765695454
486.0,Bamboo Fiber Cup,14.0,9.0,90.0,0.45,78.0,65.0,Hot/Cold Cups,Estimate,Medium,0.01087695445275323,0.9,B,0.75,89.06492182188987,0.16666666666666666,0.1134020618556701,47.33676975945018,68.20084579067003
487.0,Bamboo Fiber Bowl,15.0,10.0,88.0,0.46,78.0,68.0,Bowls,Estimate,Medium,0.011556764106050308,0.88,B,0.75,88.437729435758,0.1773049645390071,0.12371134020618557,47.32031878335892,67.87902410955846
488.0,Bamboo Fiber Plate - Large,16.0,10.0,88.0,0.47,78.0,70.0,Plates,Estimate,Medium,0.012236573759347382,0.88,B,0.75,88.4105370496261,0.18439716312056736,0.13402061855670103,47.481172771806676,67.94585491071639
489.0,Bamboo Fiber Plate - Small,14.0,8.0,90.0,0.44,80.0,63.0,Plates,Estimate,Medium,0.010197144799456154,0.9,B,0.75,89.09211420802175,0.1595744680851064,0.1134020618556701,47.69137968852819,68.39174694827497
490.0,Bamboo Fiber Tray,17.0,11.0,88.0,0.48,75.0,72.0,Trays,Estimate,Medium,0.012916383412644459,0.88,B,0.75,88.38334466349423,0.19148936170212766,0.14432989690721648,47.64202676025444,68.01268571187433
491.0,Hemp Fiber Sack,22.0,14.0,90.0,0.4,80.0,85.0,Bulk Sacks,Estimate,Medium,0.007477906186267848,0.9,B,0.75,89.20088375254929,0.2375886524822695,0.1958762886597938,47.914381808876215,68.55763278071275
492.0,Hemp Fiber Board,24.0,15.0,85.0,1.1,70.0,95.0,Boards,Estimate,Medium,0.055064581917063225,0.85,B,0.75,85.79741672331748,0.2730496453900709,0.21649484536082475,47.17225999853769,66.48483836092758
493.0,Hemp Fiber Molded Shell,21.0,13.0,88.0,1.0,75.0,92.0,Protective Shells,Estimate,Medium,0.04826648538409245,0.88,B,0.75,86.96934058463631,0.2624113475177305,0.18556701030927836,46.15778313957739,66.56356186210685
494.0,Hemp Paper - Thin,7.0,5.0,90.0,0.38,80.0,60.0,Print Wrap,Estimate,Medium,0.006118286879673693,0.9,B,0.75,89.25526852481306,0.14893617021276595,0.041237113402061855,44.615047159464794,66.93515784213892
495.0,Hemp Paper - Board,12.0,8.0,90.0,0.4,82.0,68.0,Cartons,Estimate,Medium,0.007477906186267848,0.9,B,0.75,89.20088375254929,0.1773049645390071,0.09278350515463918,45.7739270307816,67.48740539166545
496.0,Mushroom Mycelium Tray,9.0,6.0,98.0,0.32,60.0,82.0,Trays,Estimate,Medium,0.0020394289598912323,0.98,C,0.5,84.31842284160435,0.22695035460992907,0.061855670103092786,41.745265774658186,63.03184430813127
497.0,Mushroom Mycelium Bottle Protector,10.0,7.0,98.0,0.33,60.0,85.0,Bottle Packs,Estimate,Medium,0.0027192386131883097,0.98,C,0.5,84.29123045547247,0.2375886524822695,0.07216494845360824,41.72881479856694,63.01002262701971
498.0,Mushroom Mycelium Electronics Pack,11.0,8.0,98.0,0.34,60.0,88.0,Electronics,Estimate,Medium,0.0033990482664853867,0.98,C,0.5,84.26403806934059,0.24822695035460993,0.08247422680412371,41.71236382247569,62.98820094590813
499.0,Mushroom Mycelium Box Insert,8.0,5.0,98.0,0.31,60.0,80.0,General Packaging,Estimate,Medium,0.0013596193065941549,0.98,C,0.5,84.34561522773623,0.2198581560283688,0.05154639175257732,41.58441178621043,62.965013506973335
500.0,Mushroom Mycelium Block - Heavy,12.0,9.0,96.0,0.36,60.0,90.0,Heavy Goods,Estimate,Medium,0.004758667573079538,0.96,C,0.5,83.60965329707682,0.2553191489361702,0.09278350515463918,41.87321781092345,62.741435554000134
501.0,Seaweed Bioplastic - Snack Film,27.0,7.0,88.0,0.41,65.0,102.0,Snacks,Estimate,Medium,0.00815771583956492,0.88,C,0.5,81.0736913664174,0.2978723404255319,0.24742268041237114,47.477516999341965,64.27560418287969
502.0,Seaweed Bioplastic - Standup Pouch,29.0,8.0,85.0,0.43,65.0,108.0,Snacks,Estimate,Medium,0.009517335146159076,0.85,C,0.5,80.11930659415364,0.3191489361702128,0.26804123711340205,47.444615047159466,63.78196082065655
503.0,Seaweed Bioplastic - Bottle Coating,24.0,6.0,90.0,0.4,65.0,98.0,Bottle Lining,Estimate,Medium,0.007477906186267848,0.9,C,0.5,81.70088375254929,0.28368794326241137,0.21649484536082475,46.64034510492067,64.17061442873498
504.0,Seaweed Bioplastic - Blister Form,31.0,9.0,82.0,0.46,60.0,112.0,Blisters,Estimate,Medium,0.011556764106050308,0.82,C,0.5,79.13772943575799,0.3333333333333333,0.28865979381443296,47.766323024054984,63.45202622990649
505.0,Seaweed Bioplastic - Adhesive Film,26.0,7.0,88.0,0.42,65.0,104.0,Labels,Estimate,Medium,0.008837525492861998,0.88,C,0.5,81.04649898028552,0.3049645390070922,0.23711340206185566,46.60744315273817,63.826971066511845
506.0,Paper Honeycomb Door Filler,21.0,30.0,80.0,1.2,80.0,85.0,Interior Doors,Estimate,Medium,0.06186267845003398,0.8,B,0.75,84.02549286199864,0.2375886524822695,0.18556701030927836,47.39891789135044,65.71220537667455
507.0,Paper Honeycomb Edge Filler,19.0,24.0,80.0,1.1,80.0,78.0,Furniture,Estimate,Medium,0.055064581917063225,0.8,B,0.75,84.29741672331747,0.2127659574468085,0.16494845360824742,47.60912480807195,65.95327076569471
508.0,Paper Honeycomb Pallet Top,22.0,28.0,78.0,1.25,78.0,88.0,Pallet Top,Estimate,Medium,0.06526172671651936,0.78,B,0.75,83.28953093133923,0.24822695035460993,0.1958762886597938,47.382466915259194,65.33599892329921
509.0,Paper Honeycomb Core Panel,23.0,32.0,78.0,1.3,75.0,90.0,Sandwich Panels,Estimate,Medium,0.06866077498300475,0.78,B,0.75,83.15356900067982,0.2553191489361702,0.20618556701030927,47.543320903706956,65.34844495219339
510.0,Recycled Paper Honeycomb Pallet,20.0,26.0,80.0,1.0,85.0,82.0,Pallet,Estimate,Medium,0.04826648538409245,0.8,B,0.75,84.56934058463631,0.22695035460992907,0.17525773195876287,47.415368867441686,65.992354726039
511.0,Bio-PE Cap,60.0,14.0,10.0,1.6,75.0,145.0,Bottle Caps,Estimate,Medium,0.08905506458191706,0.1,B,0.75,61.93779741672331,0.450354609929078,0.5876288659793815,56.86371280251517,59.40075510961924
512.0,Bio-PE Bottle,55.0,15.0,15.0,1.5,75.0,140.0,Bottles,Estimate,Medium,0.08225696804894629,0.15,B,0.75,63.70972127804215,0.4326241134751773,0.5360824742268041,55.17291803758133,59.441319657811746
513.0,Bio-PE Pouch Film,48.0,13.0,20.0,1.4,75.0,135.0,Pouches,Estimate,Medium,0.07545887151597551,0.2,B,0.75,65.48164513936098,0.4148936170212766,0.4639175257731959,52.45119543759596,58.966420288478474
514.0,Bio-PE Shrink Hood,50.0,14.0,20.0,1.45,75.0,138.0,Pallet Hoods,Estimate,Medium,0.0788579197824609,0.2,B,0.75,65.34568320870156,0.425531914893617,0.4845360824742268,52.95020837903049,59.14794579386603
515.0,Bio-PE Liner Bag,45.0,12.0,25.0,1.35,78.0,132.0,Liners,Estimate,Medium,0.07205982324949015,0.25,B,0.75,67.1176070700204,0.40425531914893614,0.4329896907216495,51.43671857863566,59.27716282432803
516.0,Paper-PLA Cup,18.0,10.0,60.0,1.0,75.0,120.0,Hot Cups,Literature,High,0.04826648538409245,0.6,B,0.75,78.56934058463631,0.3617021276595745,0.15463917525773196,39.64685237990788,59.10809648227209
517.0,Paper-PLA Bowl,19.0,11.0,60.0,1.05,75.0,122.0,Bowls,Estimate,Medium,0.051665533650577834,0.6,B,0.75,78.43337865397689,0.36879432624113473,0.16494845360824742,39.80770636835563,59.12054251116626
518.0,Paper-PE Cup,20.0,12.0,5.0,2.4,65.0,90.0,Hot Cups,Literature,High,0.1434398368456832,0.05,C,0.5,50.762406526172676,0.2553191489361702,0.17525773195876287,45.99692915112964,48.37966783865116
519.0,Paper-BioPE Cup,19.0,11.0,30.0,1.7,70.0,110.0,Hot Cups,Estimate,Medium,0.09585316111488781,0.3,B,0.75,67.66587355540449,0.3262411347517731,0.16494845360824742,41.935365942823715,54.800619749114105
520.0,Paper-PLA Lid,17.0,9.0,60.0,0.95,75.0,115.0,Lids,Estimate,Medium,0.04486743711760706,0.6,B,0.75,78.70530251529571,0.34397163120567376,0.14432989690721648,40.017913285077135,59.36160790018643
521.0,FSC Virgin Cardboard,16.0,15.0,5.0,1.14,92.0,46.0,General Packaging,Literature,High,0.057783820530251516,0.05,A,1.0,69.18864717878994,0.09929078014184398,0.13402061855670103,51.73649192074286,60.4625695497664
522.0,FSC Recycled Cardboard,16.0,15.0,5.0,0.82,96.0,41.0,General Packaging,Literature,High,0.03602991162474507,0.05,A,1.0,70.0588035350102,0.08156028368794327,0.13402061855670103,52.62301674343789,61.34091013922404
523.0,FSC Virgin Paper,5.0,5.0,5.0,0.9,87.0,36.0,Light Packaging,Literature,High,0.04146838885112169,0.05,B,0.75,62.34126444595513,0.06382978723404255,0.020618556701030927,47.839438473349425,55.09035145965228
524.0,FSC Recycled Paper,5.0,5.0,5.0,0.6,92.0,31.0,Light Packaging,Literature,High,0.02107409925220938,0.05,A,1.0,70.65703602991162,0.04609929078014184,0.020618556701030927,48.725963296044455,59.69149966297804
525.0,FSC Corrugated Board,16.0,20.0,5.0,1.18,94.0,49.0,Shipping,Literature,High,0.06050305914343983,0.05,A,1.0,69.07987763426242,0.1099290780141844,0.13402061855670103,51.20457702712583,60.142227330694126
526.0,FSC Molded Fiber,10.0,6.0,85.0,0.5,80.0,56.0,Electronics,Literature,High,0.014276002719238614,0.85,B,0.75,87.42895989123046,0.1347517730496454,0.07216494845360824,46.87065877019814,67.1498093307143
527.0,Low-carbon Virgin Cardboard,15.0,15.0,5.0,0.9,90.0,48.0,General Packaging,Estimate,Medium,0.04146838885112169,0.05,A,1.0,69.84126444595513,0.10638297872340426,0.12371134020618557,50.86641807413906,60.3538412600471
528.0,Low-carbon Recycled Cardboard,15.0,15.0,5.0,0.7,95.0,43.0,General Packaging,Estimate,Medium,0.027872195785180146,0.05,A,1.0,70.3851121685928,0.08865248226950355,0.12371134020618557,51.7529428968341,61.06902753271345
529.0,Low-carbon Virgin Paper,5.0,5.0,5.0,0.75,85.0,38.0,Light Packaging,Estimate,Medium,0.03127124405166554,0.05,B,0.75,62.74915023793337,0.07092198581560284,0.020618556701030927,47.48482854427141,55.11698939110239
530.0,Low-carbon Recycled Paper,5.0,5.0,5.0,0.5,92.0,33.0,Light Packaging,Estimate,Medium,0.014276002719238614,0.05,A,1.0,70.92895989123046,0.05319148936170213,0.020618556701030927,48.37135336696644,59.65015662909845
531.0,CO2-optimized PLA,50.0,10.0,80.0,0.4,70.0,130.0,Food Packaging,Estimate,Medium,0.007477906186267848,0.8,B,0.75,86.20088375254929,0.3971631205673759,0.4845360824742268,54.36864809534254,70.28476592394591
532.0,CO2-optimized Compostable Film,35.0,8.0,85.0,0.45,70.0,120.0,Food Packaging,Estimate,Medium,0.01087695445275323,0.85,B,0.75,87.56492182188987,0.3617021276595745,0.32989690721649484,48.40973897784602,67.98733039986794
533.0,Recycled High-Strength PET,65.0,16.0,1.0,1.7,80.0,95.0,High Strength Packs,Estimate,Medium,0.09585316111488781,0.01,B,0.75,58.96587355540448,0.2730496453900709,0.6391752577319587,68.30628061709439,63.63607708624943
534.0,Recycled High-Strength Cardboard,18.0,20.0,5.0,0.85,95.0,47.0,Heavy Boxes,Estimate,Medium,0.038069340584636305,0.05,A,1.0,69.97722637661454,0.10283687943262411,0.15463917525773196,52.590114791255395,61.28367058393496
535.0,High-recycled Corrugated,16.0,20.0,5.0,0.9,98.0,46.0,Shipping,Estimate,Medium,0.04146838885112169,0.05,A,1.0,69.84126444595513,0.09929078014184398,0.13402061855670103,51.73649192074286,60.788878183349
536.0,Recycled Bagasse Board,14.0,9.0,88.0,0.38,82.0,52.0,Food Trays,Estimate,Medium,0.006118286879673693,0.88,B,0.75,88.65526852481305,0.12056737588652482,0.1134020618556701,49.641734298457266,69.14850141163515
537.0,Recycled Molded Fiber,10.0,6.0,88.0,0.45,80.0,53.0,Cushioning,Estimate,Medium,0.01087695445275323,0.88,B,0.75,88.46492182188986,0.12411347517730496,0.07216494845360824,47.40257366381516,67.93374774285252
538.0,Recycled Glass Bottle,90.0,25.0,0.0,2.0,98.0,115.0,Drinks,Estimate,Medium,0.11624745071380013,0.0,A,1.0,65.350101971448,0.34397163120567376,0.8969072164948454,77.64677926445857,71.49844061795329
539.0,Recycled Steel Can,80.0,22.0,0.0,4.0,95.0,95.0,Foods,Estimate,Medium,0.25220938137321547,0.0,A,1.0,59.91162474507138,0.2730496453900709,0.7938144329896907,76.038239379981,67.9749320625262
540.0,Closed-loop PET Bottle,60.0,18.0,1.0,1.5,90.0,100.0,Beverages,Estimate,Medium,0.08225696804894629,0.01,A,1.0,67.00972127804215,0.2907801418439716,0.5876288659793815,64.84243620677049,65.92607874240632
541.0,Closed-loop Cardboard Box,16.0,16.0,5.0,0.7,98.0,45.0,E-commerce,Estimate,Medium,0.027872195785180146,0.05,A,1.0,70.3851121685928,0.09574468085106383,0.13402061855670103,51.91379688528186,61.14945452693733
542.0,Closed-loop Paper Mailer,14.0,8.0,80.0,0.6,98.0,40.0,Mailers,Estimate,Medium,0.02107409925220938,0.8,A,1.0,93.15703602991164,0.07801418439716312,0.1134020618556701,51.76939387292535,72.4632149514185
543.0,Closed-loop HDPE Bottle,65.0,18.0,1.0,2.0,80.0,88.0,Personal Care,Estimate,Medium,0.11624745071380013,0.01,B,0.75,58.15010197144799,0.24822695035460993,0.6391752577319587,69.54741536886743,63.84875867015771
544.0,Closed-loop PP Container,55.0,16.0,1.0,1.9,70.0,78.0,Food Packs,Estimate,Medium,0.10944935418082935,0.01,B,0.75,58.422025832766835,0.2127659574468085,0.5360824742268041,66.16582583899978,62.29392583588331
545.0,Paper-Clay Mix Cup,16.0,9.0,80.0,1.2,70.0,75.0,Hot Cups,Estimate,Medium,0.06186267845003398,0.8,B,0.75,84.02549286199864,0.20212765957446807,0.13402061855670103,46.594647949111646,65.31007040555514
546.0,Paper-Bagasse Mix Board,17.0,10.0,85.0,1.0,75.0,70.0,Cartons,Estimate,Medium,0.04826648538409245,0.85,B,0.75,86.0693405846363,0.18439716312056736,0.14432989690721648,47.99663668933245,67.03298863698437
547.0,Paper-Wheat Straw Mix Board,16.0,9.0,87.0,0.95,78.0,68.0,Cartons,Estimate,Medium,0.04486743711760706,0.87,B,0.75,86.80530251529571,0.1773049645390071,0.13402061855670103,47.83578270088469,67.3205426080902
548.0,Paper-Rice Husk Mix Board,17.0,10.0,85.0,1.0,75.0,72.0,Cartons,Estimate,Medium,0.04826648538409245,0.85,B,0.75,86.0693405846363,0.19148936170212766,0.14432989690721648,47.64202676025444,66.85568367244537
549.0,Paper-Kenaf Mix Board,18.0,11.0,83.0,1.05,72.0,74.0,Cartons,Estimate,Medium,0.051665533650577834,0.83,B,0.75,85.3333786539769,0.19858156028368795,0.15463917525773196,47.8028807487022,66.56812970133954
550.0,Algae-based Bioplastic,40.0,9.0,85.0,0.45,65.0,110.0,Food Packs,Estimate,Medium,0.01087695445275323,0.85,C,0.5,80.06492182188988,0.3262411347517731,0.38144329896907214,52.760108210864956,66.41251501637743
551.0,Algae-based Film,35.0,8.0,88.0,0.42,68.0,105.0,Snacks,Estimate,Medium,0.008837525492861998,0.88,C,0.5,81.04649898028552,0.30851063829787234,0.32989690721649484,51.06931344593112,66.05790621310832
552.0,Algae-based Rigid Tray,42.0,10.0,80.0,0.48,65.0,115.0,Trays,Estimate,Medium,0.012916383412644459,0.8,C,0.5,78.48334466349422,0.34397163120567376,0.4020618556701031,52.90451122322146,65.69392794335783
553.0,Algae-based Coating,30.0,7.0,90.0,0.4,70.0,100.0,Paper Coating,Estimate,Medium,0.007477906186267848,0.9,B,0.75,89.20088375254929,0.2907801418439716,0.27835051546391754,49.378518680997296,69.2897012167733
554.0,Algae-based Laminate,38.0,9.0,82.0,0.46,65.0,112.0,Snacks,Estimate,Medium,0.011556764106050308,0.82,C,0.5,79.13772943575799,0.3333333333333333,0.36082474226804123,51.374570446735405,65.25614994124669
555.0,Recycled Textile Padding,12.0,8.0,85.0,0.6,70.0,50.0,Padding,Estimate,Medium,0.02107409925220938,0.85,B,0.75,87.15703602991162,0.11347517730496454,0.09278350515463918,48.96541639248373,68.06122621119768
556.0,Recycled Denim Padding,14.0,9.0,88.0,0.65,68.0,55.0,Padding,Estimate,Medium,0.02447314751869477,0.88,C,0.5,80.42107409925222,0.13120567375886524,0.1134020618556701,49.109819404840245,64.76544675204623
557.0,Recycled Wool Padding,16.0,10.0,90.0,0.7,72.0,60.0,Insulating Packs,Estimate,Medium,0.027872195785180146,0.9,B,0.75,88.3851121685928,0.14893617021276595,0.13402061855670103,49.25422241719675,68.81966729289478
558.0,Bio-based Polyester Padding,15.0,9.0,30.0,1.8,50.0,75.0,Insulating Packs,Estimate,Medium,0.1026512576478586,0.3,C,0.5,59.893949694085656,0.20212765957446807,0.12371134020618557,46.079184031585875,52.986566862835765
559.0,Cellulose Fiber Padding,10.0,7.0,90.0,0.8,80.0,55.0,Padding,Estimate,Medium,0.034670292318150914,0.9,B,0.75,88.11318830727396,0.13120567375886524,0.07216494845360824,47.047963734737145,67.58057602100556
560.0,Recycled PET Fiber Padding,16.0,10.0,1.0,1.6,70.0,65.0,Padding,Estimate,Medium,0.08905506458191706,0.01,B,0.75,59.237797416723325,0.16666666666666666,0.13402061855670103,48.36769759450172,53.80274750561252
561.0,Low-density EPS,10.0,8.0,0.0,4.5,10.0,35.0,Protective,Estimate,Medium,0.2861998640380693,0.0,D,0.25,36.05200543847723,0.06028368794326241,0.07216494845360824,50.594063025517286,43.323034231997255
562.0,High-density EPS,20.0,14.0,0.0,5.5,10.0,45.0,Protective,Estimate,Medium,0.354180829367777,0.0,D,0.25,33.332766825288914,0.09574468085106383,0.17525773195876287,53.975652555384954,43.654209690336934
563.0,Graphite EPS,22.0,15.0,0.0,6.0,10.0,50.0,Insulating,Estimate,Medium,0.38817131203263083,0.0,D,0.25,31.973147518694766,0.11347517730496454,0.1958762886597938,54.12005556774147,43.04660154321812
564.0,PLA-EPS Hybrid Foam,18.0,12.0,40.0,3.0,30.0,70.0,Protective,Estimate,Medium,0.18422841604350781,0.4,D,0.25,52.13086335825968,0.18439716312056736,0.15463917525773196,48.512100606858226,50.32148198255895
565.0,Compostable Foam from PLA-Starch,15.0,10.0,80.0,1.5,50.0,80.0,Protective,Estimate,Medium,0.08225696804894629,0.8,C,0.5,75.70972127804215,0.2198581560283688,0.12371134020618557,45.19265920889084,60.4511902434665
566.0,Paper-starch Loose Fill,9.0,7.0,90.0,0.8,75.0,60.0,Loose Fill,Estimate,Medium,0.034670292318150914,0.9,B,0.75,88.11318830727396,0.14893617021276595,0.061855670103092786,45.645974994516344,66.87958165089515
567.0,Bio-based PU Foam High,18.0,12.0,30.0,3.3,40.0,95.0,Protective,Estimate,Medium,0.2046227056424201,0.3,D,0.25,48.31509177430319,0.2730496453900709,0.15463917525773196,44.079476493383055,46.19728413384313
568.0,Waste-paper Molded Inserts,9.0,6.0,85.0,0.7,85.0,45.0,Inserts,Estimate,Medium,0.027872195785180146,0.85,B,0.75,86.8851121685928,0.09574468085106383,0.061855670103092786,48.30554946260145,67.59533081559712
569.0,Recycled Newsprint Molded Inserts,8.0,5.0,85.0,0.6,90.0,40.0,Inserts,Estimate,Medium,0.02107409925220938,0.85,A,1.0,94.65703602991162,0.07801418439716312,0.05154639175257732,48.676610367770714,71.66682319884117
570.0,Thin Recycled Glass Sheet,50.0,12.0,0.0,1.8,98.0,130.0,Display,Estimate,Medium,0.1026512576478586,0.0,A,1.0,65.89394969408566,0.3971631205673759,0.4845360824742268,54.36864809534254,60.13129889471411
571.0,Thick Recycled Glass Sheet,70.0,18.0,0.0,2.2,98.0,145.0,Display,Estimate,Medium,0.12984364377974167,0.0,A,1.0,64.80625424881033,0.450354609929078,0.6907216494845361,62.0183519777729,63.412303113291614
572.0,Recycled Glass Microsphere Filler,60.0,10.0,0.0,1.5,98.0,120.0,Filler,Estimate,Medium,0.08225696804894629,0.0,A,1.0,66.70972127804215,0.3617021276595745,0.5876288659793815,61.296336915990345,64.00302909701625
573.0,Glass-particulate Filled PP,65.0,16.0,1.0,3.0,40.0,90.0,Durables,Estimate,Medium,0.18422841604350781,0.01,D,0.25,40.430863358259685,0.2553191489361702,0.6391752577319587,69.19280543978942,54.811834399024555
574.0,Glass-particulate Filled PLA,60.0,14.0,70.0,1.2,60.0,130.0,Durables,Estimate,Medium,0.06186267845003398,0.7,C,0.5,73.52549286199864,0.3971631205673759,0.5876288659793815,59.52328727060028,66.52439006629946
575.0,Wood-plastic Composite (WPC),50.0,20.0,10.0,2.5,40.0,80.0,Pallet Decks,Estimate,Medium,0.15023793337865396,0.1,D,0.25,44.49048266485384,0.2198581560283688,0.4845360824742268,63.23389632229291,53.862189493573375
576.0,Recycled WPC,50.0,20.0,10.0,2.0,50.0,75.0,Pallet Decks,Estimate,Medium,0.11624745071380013,0.1,C,0.5,53.35010197144799,0.20212765957446807,0.4845360824742268,64.12042114498794,58.73526155821797
577.0,Paper-based Edge Protector,18.0,14.0,80.0,1.0,85.0,60.0,Edge Protection,Estimate,Medium,0.04826648538409245,0.8,B,0.75,84.56934058463631,0.14893617021276595,0.15463917525773196,50.2851502522483,67.42724541844231
578.0,Recycled Paper-based Edge Protector,18.0,14.0,82.0,0.9,90.0,55.0,Edge Protection,Estimate,Medium,0.04146838885112169,0.82,A,1.0,92.94126444595514,0.13120567375886524,0.15463917525773196,51.17167507494334,72.05646976044923
579.0,Virgin Plastic Edge Protector (PP),55.0,20.0,1.0,2.5,30.0,50.0,Edge Protection,Estimate,Medium,0.15023793337865396,0.01,D,0.25,41.79048266485385,0.11347517730496454,0.5360824742268041,71.130364846092,56.46042375547292
580.0,Recycled Plastic Edge Protector (PP),55.0,20.0,1.0,1.9,50.0,48.0,Edge Protection,Estimate,Medium,0.10944935418082935,0.01,C,0.5,50.92202583276683,0.10638297872340426,0.5360824742268041,71.48497477517,61.20350030396841
581.0,Paper-based Corner Board,16.0,12.0,80.0,0.95,88.0,55.0,Corner Protection,Estimate,Medium,0.04486743711760706,0.8,B,0.75,84.70530251529573,0.13120567375886524,0.13402061855670103,50.140747239891795,67.42302487759376
582.0,Recycled Paper-based Corner Board,16.0,12.0,82.0,0.85,92.0,50.0,Corner Protection,Estimate,Medium,0.038069340584636305,0.82,A,1.0,93.07722637661455,0.11347517730496454,0.13402061855670103,51.027272062586825,72.05224921960068
583.0,Bio-based Corner Protector,20.0,14.0,35.0,1.7,60.0,80.0,Corner Protection,Estimate,Medium,0.09585316111488781,0.35,C,0.5,61.66587355540448,0.2198581560283688,0.17525773195876287,47.76997879651971,54.71792617596209
584.0,Paper-organic Fiber Board,18.0,13.0,85.0,1.0,75.0,70.0,Boards,Estimate,Medium,0.04826648538409245,0.85,B,0.75,86.0693405846363,0.18439716312056736,0.15463917525773196,48.512100606858226,67.29072059574726
585.0,Recycled Paper-organic Fiber Board,18.0,13.0,88.0,0.9,80.0,65.0,Boards,Estimate,Medium,0.04146838885112169,0.88,B,0.75,87.24126444595514,0.16666666666666666,0.15463917525773196,49.39862542955326,68.3199449377542
586.0,Virgin Cardboard - Pharma Folding Box,15.0,12.0,5.0,1.1,90.0,45.0,Pharma,Estimate,Medium,0.055064581917063225,0.05,A,1.0,69.29741672331747,0.09574468085106383,0.12371134020618557,51.39833296775609,60.34787484553678
587.0,Recycled Cardboard - Pharma Folding Box,15.0,12.0,5.0,0.8,95.0,40.0,Pharma,Estimate,Medium,0.034670292318150914,0.05,A,1.0,70.11318830727397,0.07801418439716312,0.12371134020618557,52.28485779045112,61.19902304886254
588.0,Virgin Paper - Pharma Leaflet,5.0,4.0,5.0,0.9,85.0,35.0,Pharma Inserts,Estimate,Medium,0.04146838885112169,0.05,B,0.75,62.34126444595513,0.06028368794326241,0.020618556701030927,48.01674343788843,55.17900394192178
589.0,Recycled Paper - Pharma Leaflet,5.0,4.0,5.0,0.6,90.0,30.0,Pharma Inserts,Estimate,Medium,0.02107409925220938,0.05,A,1.0,70.65703602991162,0.0425531914893617,0.020618556701030927,48.90326826058347,59.78015214524754
590.0,Blister Pack PET-Alu,65.0,18.0,1.0,7.0,30.0,160.0,Pharma,Literature,High,0.45615227736233854,0.01,D,0.25,29.55390890550646,0.5035460992907801,0.6391752577319587,56.781457922058934,43.1676834137827
591.0,Blister Pack PVC-Alu,60.0,16.0,1.0,8.0,10.0,120.0,Pharma,Literature,High,0.5241332426920462,0.01,D,0.25,26.83467029231815,0.3617021276595745,0.5876288659793815,61.296336915990345,44.065503604154244
592.0,Recyclable Blister PET-PET,65.0,18.0,1.0,3.0,40.0,150.0,Pharma,Estimate,Medium,0.18422841604350781,0.01,D,0.25,40.430863358259685,0.46808510638297873,0.6391752577319587,58.554507567449,49.49268546285434
593.0,Paper Blister with PLA Window,30.0,12.0,70.0,1.2,70.0,140.0,Pharma,Estimate,Medium,0.06186267845003398,0.7,B,0.75,81.02549286199864,0.4326241134751773,0.27835051546391754,42.286320099437006,61.655906480717825
594.0,Paper Blister with Cellulose Window,28.0,11.0,80.0,1.0,72.0,135.0,Pharma,Estimate,Medium,0.04826648538409245,0.8,B,0.75,84.56934058463631,0.4148936170212766,0.25773195876288657,42.1419170870805,63.355628835858404
595.0,Paper-stick Pack,15.0,8.0,75.0,0.9,85.0,50.0,Stick Packs,Estimate,Medium,0.04146838885112169,0.75,B,0.75,83.34126444595513,0.11347517730496454,0.12371134020618557,50.51180814506105,66.9265362955081
596.0,Plastic-stick Pack (PET/PE),50.0,12.0,1.0,3.0,30.0,70.0,Stick Packs,Estimate,Medium,0.18422841604350781,0.01,D,0.25,40.430863358259685,0.18439716312056736,0.4845360824742268,65.00694596768297,52.718904662971326
597.0,Bio-based-stick Pack,40.0,10.0,40.0,1.8,50.0,90.0,Stick Packs,Estimate,Medium,0.1026512576478586,0.4,C,0.5,62.89394969408566,0.2553191489361702,0.38144329896907214,56.3062075016451,59.60007859786538
598.0,Recyclable Mono-PE Stick Pack,45.0,11.0,1.0,2.5,50.0,85.0,Stick Packs,Estimate,Medium,0.15023793337865396,0.01,C,0.5,49.29048266485384,0.2375886524822695,0.4329896907216495,59.770051911969006,54.53026728841142
599.0,Recycled Mono-PE Stick Pack,45.0,11.0,1.0,1.9,65.0,80.0,Stick Packs,Estimate,Medium,0.10944935418082935,0.01,C,0.5,50.92202583276683,0.2198581560283688,0.4329896907216495,60.656576734664036,55.78930128371543
600.0,Virgin PP Rigid Cup,50.0,13.0,1.0,2.6,40.0,75.0,Food Cups,Literature,High,0.15703602991162474,0.01,D,0.25,41.518558803535015,0.20212765957446807,0.4845360824742268,64.12042114498794,52.81948997426148
601.0,Recycled PP Rigid Cup,50.0,13.0,1.0,1.9,55.0,72.0,Food Cups,Estimate,Medium,0.10944935418082935,0.01,C,0.5,50.92202583276683,0.19148936170212766,0.4845360824742268,64.65233603860496,57.787180935685896
602.0,Virgin HIPS Cup,45.0,12.0,1.0,3.0,10.0,65.0,Dairy Cups,Literature,High,0.18422841604350781,0.01,D,0.25,40.430863358259685,0.16666666666666666,0.4329896907216495,63.31615120274914,51.87350728050441
603.0,Recycled HIPS Cup,45.0,12.0,1.0,2.1,30.0,60.0,Dairy Cups,Estimate,Medium,0.1230455472467709,0.01,D,0.25,42.87817811012917,0.14893617021276595,0.4329896907216495,64.20267602544418,53.54042706778667
604.0,PLA Rigid Cup,50.0,10.0,80.0,0.6,70.0,120.0,Dairy Cups,Estimate,Medium,0.02107409925220938,0.8,B,0.75,85.65703602991162,0.3617021276595745,0.4845360824742268,56.141697740732624,70.89936688532212
605.0,Paper Cup with Bio-liner,18.0,9.0,60.0,1.1,75.0,115.0,Dairy Cups,Estimate,Medium,0.055064581917063225,0.6,B,0.75,78.29741672331747,0.34397163120567376,0.15463917525773196,40.533377202602914,59.41539696296019
606.0,Paper-seeded Insert (Plantable),5.0,3.0,95.0,0.5,80.0,80.0,Gift Inserts,Estimate,Medium,0.014276002719238614,0.95,B,0.75,90.42895989123045,0.2198581560283688,0.020618556701030927,40.03802003363311,65.23348996243178
607.0,Seeded Paper Tag,4.0,2.0,95.0,0.45,80.0,75.0,Tags,Estimate,Medium,0.01087695445275323,0.95,B,0.75,90.56492182188987,0.20212765957446807,0.010309278350515464,40.40908093880237,65.48700138034611
608.0,Seeded Cardboard,10.0,6.0,90.0,0.8,80.0,85.0,Gift Boxes,Estimate,Medium,0.034670292318150914,0.9,B,0.75,88.11318830727396,0.2375886524822695,0.07216494845360824,41.72881479856694,64.92100155292044
609.0,Wood Tag,25.0,5.0,60.0,1.5,60.0,70.0,Tags,Estimate,Medium,0.08225696804894629,0.6,C,0.5,69.70972127804215,0.18439716312056736,0.2268041237113402,52.12034802953865,60.9150346537904
610.0,Bamboo Tag,22.0,4.0,85.0,0.9,70.0,80.0,Tags,Estimate,Medium,0.04146838885112169,0.85,B,0.75,86.34126444595513,0.2198581560283688,0.1958762886597938,48.80090663157125,67.57108553876319
611.0,Virgin Cardboard - Cold Chain Box,18.0,18.0,5.0,1.2,90.0,52.0,Cold Chain,Literature,High,0.06186267845003398,0.05,A,1.0,69.02549286199864,0.12056737588652482,0.15463917525773196,51.70358996856036,60.364541415279504
612.0,Recycled Cardboard - Cold Chain Box,18.0,18.0,5.0,0.82,95.0,48.0,Cold Chain,Estimate,Medium,0.03602991162474507,0.05,A,1.0,70.0588035350102,0.10638297872340426,0.15463917525773196,52.41280982671639,61.23580668086329
613.0,PU Insulated Cold Chain Box,30.0,40.0,0.0,4.0,30.0,150.0,Cold Chain,Estimate,Medium,0.25220938137321547,0.0,D,0.25,37.41162474507138,0.46808510638297873,0.27835051546391754,40.51327045404694,38.962447599559155
614.0,EPS Insulated Cold Chain Box,20.0,30.0,0.0,5.0,10.0,70.0,Cold Chain,Literature,High,0.3201903467029232,0.0,D,0.25,34.692386131883076,0.18439716312056736,0.17525773195876287,49.543028441909776,42.117707286896426
615.0,Vacuum Insulated Panel Insert,50.0,50.0,0.0,15.0,80.0,300.0,Cold Chain,Estimate,Medium,1.0,0.0,B,0.75,22.499999999999996,1.0,0.4845360824742268,24.22680412371134,23.363402061855666
616.0,Gel Pack - Reusable,5.0,5.0,0.0,4.0,0.0,200.0,Cold Chain,Estimate,Medium,0.25220938137321547,0.0,D,0.25,37.41162474507138,0.6453900709219859,0.020618556701030927,18.761424288952252,28.086524517011817
617.0,Paper-based Gel Pack Pouch,6.0,5.0,80.0,1.0,80.0,80.0,Cold Chain,Estimate,Medium,0.04826648538409245,0.8,B,0.75,84.56934058463631,0.2198581560283688,0.030927835051546393,40.55348395115888,62.561412267897595
618.0,Bio-gel Pack,5.0,5.0,50.0,3.0,0.0,180.0,Cold Chain,Estimate,Medium,0.18422841604350781,0.5,D,0.25,55.13086335825969,0.574468085106383,0.020618556701030927,22.307523579732393,38.71919346899604
619.0,Recycled Plastic Gel Pack Pouch,6.0,5.0,1.0,2.0,60.0,70.0,Cold Chain,Estimate,Medium,0.11624745071380013,0.01,C,0.5,50.650101971447995,0.18439716312056736,0.030927835051546393,42.32653359654895,46.48831778399847
620.0,Compostable Gel Pack Pouch,6.0,5.0,85.0,0.8,65.0,90.0,Cold Chain,Estimate,Medium,0.034670292318150914,0.85,C,0.5,79.11318830727397,0.2553191489361702,0.030927835051546393,38.780434305768814,58.9468113065214
621.0,Virgin Cardboard - Returnable Tray,18.0,16.0,5.0,1.14,88.0,50.0,Return Systems,Estimate,Medium,0.057783820530251516,0.05,B,0.75,61.68864717878995,0.11347517730496454,0.15463917525773196,52.05819989763838,56.87342353821417
622.0,Recycled Cardboard - Returnable Tray,18.0,16.0,5.0,0.8,93.0,46.0,Return Systems,Estimate,Medium,0.034670292318150914,0.05,A,1.0,70.11318830727397,0.09929078014184398,0.15463917525773196,52.7674197557944,61.44030403153418
623.0,PP Returnable Tray,60.0,20.0,1.0,2.5,40.0,80.0,Return Systems,Estimate,Medium,0.15023793337865396,0.01,D,0.25,41.79048266485385,0.2198581560283688,0.5876288659793815,68.38853549755063,55.08950908120224
624.0,Recycled PP Returnable Tray,60.0,20.0,1.0,1.9,55.0,76.0,Return Systems,Estimate,Medium,0.10944935418082935,0.01,C,0.5,50.92202583276683,0.20567375886524822,0.5876288659793815,69.09775535570665,60.00989059423674
625.0,HDPE Crate,70.0,25.0,1.0,3.0,50.0,90.0,Return Systems,Literature,High,0.18422841604350781,0.01,C,0.5,47.93086335825969,0.2553191489361702,0.6907216494845361,71.7701250274183,59.850494192838994
626.0,Recycled HDPE Crate,70.0,25.0,1.0,2.2,65.0,85.0,Return Systems,Estimate,Medium,0.12984364377974167,0.01,C,0.5,50.10625424881033,0.2375886524822695,0.6907216494845361,72.65664985011333,61.38145204946183
627.0,Steel Returnable Crate,80.0,30.0,0.0,7.0,90.0,150.0,Return Systems,Estimate,Medium,0.45615227736233854,0.0,A,1.0,51.753908905506464,0.46808510638297873,0.7938144329896907,66.28646633033559,59.020187617921025
628.0,Aluminum Returnable Crate,75.0,28.0,1.0,10.0,90.0,180.0,Return Systems,Estimate,Medium,0.6600951733514616,0.01,A,1.0,43.89619306594154,0.574468085106383,0.7422680412371134,58.38999780653652,51.14309543623903
629.0,Paper-based Dunnage,12.0,8.0,85.0,0.8,90.0,50.0,Dunnage,Estimate,Medium,0.034670292318150914,0.85,A,1.0,94.11318830727397,0.11347517730496454,0.09278350515463918,48.96541639248373,71.53930234987885
630.0,Recycled Paper-based Dunnage,12.0,8.0,88.0,0.6,92.0,48.0,Dunnage,Estimate,Medium,0.02107409925220938,0.88,A,1.0,95.55703602991163,0.10638297872340426,0.09278350515463918,49.32002632156174,72.43853117573668
631.0,Textile-based Dunnage,20.0,10.0,60.0,1.5,50.0,70.0,Dunnage,Estimate,Medium,0.08225696804894629,0.6,C,0.5,69.70972127804215,0.18439716312056736,0.17525773195876287,49.543028441909776,59.62637485997597
632.0,Plastic-based Dunnage,50.0,15.0,1.0,3.0,30.0,60.0,Dunnage,Estimate,Medium,0.18422841604350781,0.01,D,0.25,40.430863358259685,0.14893617021276595,0.4845360824742268,66.77999561307304,53.60542948566636
633.0,Recycled Plastic-based Dunnage,50.0,15.0,1.0,2.0,50.0,58.0,Dunnage,Estimate,Medium,0.11624745071380013,0.01,C,0.5,50.650101971447995,0.14184397163120568,0.4845360824742268,67.13460554215106,58.89235375679953
634.0,PLA-based Dunnage,40.0,12.0,80.0,0.8,60.0,90.0,Dunnage,Estimate,Medium,0.034670292318150914,0.8,C,0.5,77.61318830727396,0.2553191489361702,0.38144329896907214,56.3062075016451,66.95969790445953
635.0,Corrugated Plastic Sheet (PP),50.0,18.0,1.0,2.5,30.0,65.0,Layer Pads,Estimate,Medium,0.15023793337865396,0.01,D,0.25,41.79048266485385,0.16666666666666666,0.4845360824742268,65.893470790378,53.84197672761593
636.0,Recycled Corrugated Plastic Sheet,50.0,18.0,1.0,1.9,50.0,62.0,Layer Pads,Estimate,Medium,0.10944935418082935,0.01,C,0.5,50.92202583276683,0.15602836879432624,0.4845360824742268,66.42538568399503,58.67370575838093
637.0,Paper-based Layer Pad,20.0,16.0,80.0,1.1,85.0,55.0,Layer Pads,Estimate,Medium,0.055064581917063225,0.8,B,0.75,84.29741672331747,0.13120567375886524,0.17525773195876287,52.20260290999488,68.25000981665617
638.0,Recycled Paper-based Layer Pad,20.0,16.0,82.0,0.9,90.0,50.0,Layer Pads,Estimate,Medium,0.04146838885112169,0.82,A,1.0,92.94126444595514,0.11347517730496454,0.17525773195876287,53.089127732689924,73.01519608932253
639.0,Plastic Pallet Top Sheet,35.0,12.0,1.0,2.5,30.0,55.0,Pallet Top,Estimate,Medium,0.15023793337865396,0.01,D,0.25,41.79048266485385,0.13120567375886524,0.32989690721649484,59.93456167288148,50.86252216886766
640.0,Recycled Plastic Pallet Top Sheet,35.0,12.0,1.0,1.8,50.0,52.0,Pallet Top,Estimate,Medium,0.1026512576478586,0.01,C,0.5,51.19394969408566,0.12056737588652482,0.32989690721649484,60.46647656649851,55.83021313029208
641.0,Paper Pallet Top Sheet,15.0,10.0,80.0,0.8,90.0,45.0,Pallet Top,Estimate,Medium,0.034670292318150914,0.8,A,1.0,92.61318830727396,0.09574468085106383,0.12371134020618557,51.39833296775609,72.00576063751502
642.0,Recycled Paper Pallet Top Sheet,15.0,10.0,82.0,0.6,92.0,40.0,Pallet Top,Estimate,Medium,0.02107409925220938,0.82,A,1.0,93.75703602991163,0.07801418439716312,0.12371134020618557,52.28485779045112,73.02094691018138
643.0,Virgin Cardboard - Retail Ready,16.0,14.0,5.0,1.1,90.0,46.0,Retail Ready,Estimate,Medium,0.055064581917063225,0.05,A,1.0,69.29741672331747,0.09929078014184398,0.13402061855670103,51.73649192074286,60.51695432203016
644.0,Recycled Cardboard - Retail Ready,16.0,14.0,5.0,0.8,95.0,42.0,Retail Ready,Estimate,Medium,0.034670292318150914,0.05,A,1.0,70.11318830727397,0.0851063829787234,0.13402061855670103,52.44571177889888,61.27945004308643
645.0,Virgin Cardboard - Display Ready,15.0,13.0,5.0,1.1,88.0,45.0,Displays,Estimate,Medium,0.055064581917063225,0.05,B,0.75,61.79741672331747,0.09574468085106383,0.12371134020618557,51.39833296775609,56.59787484553678
646.0,Recycled Cardboard - Display Ready,15.0,13.0,5.0,0.78,93.0,40.0,Displays,Estimate,Medium,0.03331067301155677,0.05,A,1.0,70.16757307953773,0.07801418439716312,0.12371134020618557,52.28485779045112,61.22621543499443
647.0,Plastic Shelf-ready Tray (PET),60.0,15.0,1.0,3.0,40.0,80.0,Retail Ready,Estimate,Medium,0.18422841604350781,0.01,D,0.25,40.430863358259685,0.2198581560283688,0.5876288659793815,68.38853549755063,54.40969942790516
648.0,Recycled Plastic Shelf-ready Tray (rPET),60.0,15.0,1.0,1.9,60.0,82.0,Retail Ready,Estimate,Medium,0.10944935418082935,0.01,C,0.5,50.92202583276683,0.22695035460992907,0.5876288659793815,68.03392556847263,59.47797570061972
649.0,Paper-based Shelf-ready Tray,18.0,14.0,80.0,1.0,85.0,55.0,Retail Ready,Estimate,Medium,0.04826648538409245,0.8,B,0.75,84.56934058463631,0.13120567375886524,0.15463917525773196,51.17167507494334,67.87050782978983
650.0,Recycled Paper-based Shelf-ready Tray,18.0,14.0,82.0,0.8,90.0,50.0,Retail Ready,Estimate,Medium,0.034670292318150914,0.82,A,1.0,93.21318830727397,0.11347517730496454,0.15463917525773196,52.05819989763838,72.63569410245617
651.0,Virgin Cardboard - Luxury Box,18.0,15.0,5.0,1.2,85.0,60.0,Luxury Packaging,Estimate,Medium,0.06186267845003398,0.05,B,0.75,61.52549286199864,0.14893617021276595,0.15463917525773196,50.2851502522483,55.90532155712347
652.0,Recycled Cardboard - Luxury Box,18.0,15.0,5.0,0.9,90.0,55.0,Luxury Packaging,Estimate,Medium,0.04146838885112169,0.05,A,1.0,69.84126444595513,0.13120567375886524,0.15463917525773196,51.17167507494334,60.506469760449235
653.0,Rigid Board - Luxury (Paper-based),22.0,18.0,5.0,1.4,80.0,80.0,Luxury Packaging,Estimate,Medium,0.07545887151597551,0.05,B,0.75,60.98164513936097,0.2198581560283688,0.1958762886597938,48.80090663157125,54.891275885466115
654.0,Recycled Rigid Board - Luxury,22.0,18.0,5.0,1.1,85.0,75.0,Luxury Packaging,Estimate,Medium,0.055064581917063225,0.05,B,0.75,61.79741672331747,0.20212765957446807,0.1958762886597938,49.68743145426628,55.74242408879188
655.0,Textile-covered Rigid Board,24.0,18.0,60.0,1.6,70.0,95.0,Luxury Packaging,Estimate,Medium,0.08905506458191706,0.6,B,0.75,76.93779741672331,0.2730496453900709,0.21649484536082475,47.17225999853769,62.0550287076305
656.0,Wooden Gift Box,28.0,20.0,60.0,2.8,60.0,110.0,Luxury Packaging,Estimate,Medium,0.17063222297756625,0.6,C,0.5,66.17471108089735,0.3262411347517731,0.25773195876288657,46.57454120055567,56.37462614072651
657.0,Bamboo Gift Box,26.0,18.0,80.0,1.5,70.0,105.0,Luxury Packaging,Estimate,Medium,0.08225696804894629,0.8,B,0.75,83.20972127804215,0.30851063829787234,0.23711340206185566,46.430138188199166,64.81992973312066
658.0,Metal Tin Gift Box,40.0,20.0,1.0,6.0,90.0,120.0,Luxury Packaging,Estimate,Medium,0.38817131203263083,0.01,A,1.0,54.77314751869476,0.3617021276595745,0.38144329896907214,50.98705856547488,52.880103042084826
659.0,Recycled Metal Tin Gift Box,40.0,20.0,1.0,4.0,95.0,110.0,Luxury Packaging,Estimate,Medium,0.25220938137321547,0.01,A,1.0,60.211624745071376,0.3262411347517731,0.38144329896907214,52.760108210864956,56.485866477968166
660.0,Glass Gift Jar,80.0,18.0,0.0,2.4,95.0,115.0,Luxury Packaging,Estimate,Medium,0.1434398368456832,0.0,A,1.0,64.26240652617268,0.34397163120567376,0.7938144329896907,72.49214008920084,68.37727330768676
661.0,Compostable Window Carton (PLA),18.0,12.0,80.0,0.9,70.0,95.0,Window Boxes,Estimate,Medium,0.04146838885112169,0.8,B,0.75,84.84126444595513,0.2730496453900709,0.15463917525773196,44.079476493383055,64.4603704696691
662.0,Compostable Window Carton (Cellulose),17.0,11.0,85.0,0.85,72.0,92.0,Window Boxes,Estimate,Medium,0.038069340584636305,0.85,B,0.75,86.47722637661455,0.2624113475177305,0.14432989690721648,44.0959274694743,65.28657692304442
663.0,Recycled Window Carton (PET Window),18.0,12.0,1.0,2.0,70.0,85.0,Window Boxes,Estimate,Medium,0.11624745071380013,0.01,B,0.75,58.15010197144799,0.2375886524822695,0.15463917525773196,45.85252613877312,52.001314055110555
664.0,Paperboard Window Carton (No Plastic),16.0,11.0,80.0,1.0,85.0,80.0,Window Boxes,Estimate,Medium,0.04826648538409245,0.8,B,0.75,84.56934058463631,0.2198581560283688,0.13402061855670103,45.70812312641661,65.13873185552646
665.0,Virgin Cardboard - Electronics Inner Box,17.0,14.0,5.0,1.16,90.0,48.0,Electronics,Literature,High,0.059143439836845675,0.05,A,1.0,69.13426240652618,0.10638297872340426,0.14432989690721648,51.897345909190605,60.51580415785839
666.0,Recycled Cardboard - Electronics Inner Box,17.0,14.0,5.0,0.84,95.0,44.0,Electronics,Estimate,Medium,0.037389530931339225,0.05,A,1.0,70.00441876274644,0.09219858156028368,0.14432989690721648,52.60656576734664,61.30549226504654
667.0,Molded Fiber Electronics Inner Tray,11.0,7.0,85.0,0.5,80.0,55.0,Electronics,Estimate,Medium,0.014276002719238614,0.85,B,0.75,87.42895989123046,0.13120567375886524,0.08247422680412371,47.563427652262924,67.49619377174669
668.0,Anti-static Plastic Electronics Tray (PS),50.0,15.0,1.0,3.5,10.0,75.0,Electronics,Literature,High,0.21821889870836164,0.01,D,0.25,39.07124405166554,0.20212765957446807,0.4845360824742268,64.12042114498794,51.59583259832674
669.0,Recycled Anti-static Plastic Electronics Tray,50.0,15.0,1.0,2.5,30.0,70.0,Electronics,Estimate,Medium,0.15023793337865396,0.01,D,0.25,41.79048266485385,0.18439716312056736,0.4845360824742268,65.00694596768297,53.39871431626841
670.0,ESD Foam Insert,18.0,12.0,0.0,4.0,20.0,90.0,Electronics,Literature,High,0.25220938137321547,0.0,D,0.25,37.41162474507138,0.2553191489361702,0.15463917525773196,44.96600131607809,41.188813030574735
671.0,Recycled ESD Foam Insert,18.0,12.0,0.0,3.0,40.0,85.0,Electronics,Estimate,Medium,0.18422841604350781,0.0,D,0.25,40.13086335825969,0.2375886524822695,0.15463917525773196,45.85252613877312,42.99169474851641
672.0,Paper-based ESD Insert,14.0,9.0,80.0,1.0,70.0,65.0,Electronics,Estimate,Medium,0.04826648538409245,0.8,B,0.75,84.56934058463631,0.16666666666666666,0.1134020618556701,47.33676975945018,65.95305517204324
673.0,Conductive Plastic Bag,45.0,10.0,1.0,3.0,30.0,60.0,Electronics,Estimate,Medium,0.18422841604350781,0.01,D,0.25,40.430863358259685,0.14893617021276595,0.4329896907216495,64.20267602544418,52.31676969185193
674.0,Recycled Conductive Plastic Bag,45.0,10.0,1.0,2.2,50.0,58.0,Electronics,Estimate,Medium,0.12984364377974167,0.01,C,0.5,50.10625424881033,0.14184397163120568,0.4329896907216495,64.55728595452219,57.33177010166626
675.0,Paper-based Conductive Bag,15.0,7.0,75.0,1.1,70.0,70.0,Electronics,Estimate,Medium,0.055064581917063225,0.75,B,0.75,82.79741672331747,0.18439716312056736,0.12371134020618557,46.965708854280905,64.88156278879919
676.0,Virgin Cardboard - Food Sleeve,15.0,10.0,5.0,1.1,90.0,44.0,Food,Estimate,Medium,0.055064581917063225,0.05,A,1.0,69.29741672331747,0.09219858156028368,0.12371134020618557,51.575637932295095,60.43652732780628
677.0,Recycled Cardboard - Food Sleeve,15.0,10.0,5.0,0.8,95.0,40.0,Food,Estimate,Medium,0.034670292318150914,0.05,A,1.0,70.11318830727397,0.07801418439716312,0.12371134020618557,52.28485779045112,61.19902304886254
678.0,Virgin Cardboard - Bakery Box,16.0,12.0,5.0,1.12,90.0,46.0,Bakery,Estimate,Medium,0.05642420122365738,0.05,A,1.0,69.2430319510537,0.09929078014184398,0.13402061855670103,51.73649192074286,60.48976193589827
679.0,Recycled Cardboard - Bakery Box,16.0,12.0,5.0,0.82,95.0,42.0,Bakery,Estimate,Medium,0.03602991162474507,0.05,A,1.0,70.0588035350102,0.0851063829787234,0.13402061855670103,52.44571177889888,61.25225765695454
680.0,Virgin Cardboard - Pizza Box,17.0,14.0,5.0,1.15,90.0,48.0,Pizza,Estimate,Medium,0.058463630183548596,0.05,A,1.0,69.16145479265805,0.10638297872340426,0.14432989690721648,51.897345909190605,60.52940035092433
681.0,Recycled Cardboard - Pizza Box,17.0,14.0,5.0,0.85,95.0,44.0,Pizza,Estimate,Medium,0.038069340584636305,0.05,A,1.0,69.97722637661454,0.09219858156028368,0.14432989690721648,52.60656576734664,61.29189607198059
682.0,Bagasse Pizza Box,15.0,12.0,88.0,0.45,78.0,60.0,Pizza,Estimate,Medium,0.01087695445275323,0.88,B,0.75,88.46492182188986,0.14893617021276595,0.12371134020618557,48.73875849967098,68.60184016078043
683.0,Wheat Straw Pizza Box,16.0,13.0,90.0,0.48,78.0,62.0,Pizza,Estimate,Medium,0.012916383412644459,0.9,B,0.75,88.98334466349422,0.15602836879432624,0.13402061855670103,48.899612488118734,68.94147857580649
684.0,Paper-based Pizza Box,17.0,14.0,80.0,1.0,85.0,52.0,Pizza,Estimate,Medium,0.04826648538409245,0.8,B,0.75,84.56934058463631,0.12056737588652482,0.14432989690721648,51.18812605103459,67.87873331783544
685.0,Virgin Cardboard - Frozen Food Carton,16.0,12.0,5.0,1.1,90.0,46.0,Frozen Food,Estimate,Medium,0.055064581917063225,0.05,A,1.0,69.29741672331747,0.09929078014184398,0.13402061855670103,51.73649192074286,60.51695432203016
686.0,Recycled Cardboard - Frozen Food Carton,16.0,12.0,5.0,0.8,95.0,42.0,Frozen Food,Estimate,Medium,0.034670292318150914,0.05,A,1.0,70.11318830727397,0.0851063829787234,0.13402061855670103,52.44571177889888,61.27945004308643
687.0,Plastic Frozen Food Bag (PE),30.0,8.0,1.0,2.5,30.0,60.0,Frozen Food,Literature,High,0.15023793337865396,0.01,D,0.25,41.79048266485385,0.14893617021276595,0.27835051546391754,56.47071726255758,49.13059996370571
688.0,Recycled Plastic Frozen Food Bag,30.0,8.0,1.0,1.8,50.0,58.0,Frozen Food,Estimate,Medium,0.1026512576478586,0.01,C,0.5,51.19394969408566,0.14184397163120568,0.27835051546391754,56.8253271916356,54.009638442860634
689.0,Paper-PE Frozen Food Bag,20.0,10.0,5.0,2.7,60.0,80.0,Frozen Food,Estimate,Medium,0.16383412644459552,0.05,C,0.5,49.946634942216185,0.2198581560283688,0.17525773195876287,47.76997879651971,48.85830686936795
690.0,Paper-BioPE Frozen Food Bag,19.0,10.0,20.0,1.9,70.0,95.0,Frozen Food,Estimate,Medium,0.10944935418082935,0.2,B,0.75,64.12202583276682,0.2730496453900709,0.16494845360824742,44.594940410908826,54.35848312183782
691.0,PLA Frozen Food Bag,35.0,9.0,80.0,0.7,65.0,110.0,Frozen Food,Estimate,Medium,0.027872195785180146,0.8,C,0.5,77.8851121685928,0.3262411347517731,0.32989690721649484,50.182788623236085,64.03395039591445
692.0,Virgin Cardboard - Beverage Carrier 4-pack,17.0,14.0,5.0,1.2,88.0,48.0,Beverage,Estimate,Medium,0.06186267845003398,0.05,B,0.75,61.52549286199864,0.10638297872340426,0.14432989690721648,51.897345909190605,56.711419385594624
693.0,Recycled Cardboard - Beverage Carrier 4-pack,17.0,14.0,5.0,0.85,93.0,44.0,Beverage,Estimate,Medium,0.038069340584636305,0.05,A,1.0,69.97722637661454,0.09219858156028368,0.14432989690721648,52.60656576734664,61.29189607198059
694.0,Virgin Cardboard - Beverage Carrier 6-pack,18.0,16.0,5.0,1.25,88.0,50.0,Beverage,Estimate,Medium,0.06526172671651936,0.05,B,0.75,61.38953093133923,0.11347517730496454,0.15463917525773196,52.05819989763838,56.723865414488806
695.0,Recycled Cardboard - Beverage Carrier 6-pack,18.0,16.0,5.0,0.9,93.0,46.0,Beverage,Estimate,Medium,0.04146838885112169,0.05,A,1.0,69.84126444595513,0.09929078014184398,0.15463917525773196,52.7674197557944,61.30434210087476
696.0,Virgin Cardboard - Beverage Carrier 8-pack,19.0,18.0,5.0,1.3,88.0,52.0,Beverage,Estimate,Medium,0.06866077498300475,0.05,B,0.75,61.25356900067982,0.12056737588652482,0.16494845360824742,52.21905388608613,56.736311443382974
697.0,Recycled Cardboard - Beverage Carrier 8-pack,19.0,18.0,5.0,0.95,93.0,48.0,Beverage,Estimate,Medium,0.04486743711760706,0.05,A,1.0,69.70530251529571,0.10638297872340426,0.16494845360824742,52.92827374424216,61.31678812976894
698.0,PP Ring Carrier,55.0,18.0,1.0,2.5,20.0,40.0,Beverage,Literature,High,0.15023793337865396,0.01,D,0.25,41.79048266485385,0.07801418439716312,0.5360824742268041,72.90341449148205,57.346948578167954
699.0,Bio-based Ring Carrier,45.0,16.0,40.0,1.8,30.0,70.0,Beverage,Estimate,Medium,0.1026512576478586,0.4,D,0.25,55.393949694085656,0.18439716312056736,0.4329896907216495,62.4296263800541,58.91178803706988
700.0,Paper-based Ring Carrier,20.0,14.0,80.0,1.0,85.0,55.0,Beverage,Estimate,Medium,0.04826648538409245,0.8,B,0.75,84.56934058463631,0.13120567375886524,0.17525773195876287,52.20260290999488,68.3859717473156
701.0,Virgin Paper - Label,6.0,3.0,5.0,0.9,80.0,30.0,Labels,Literature,High,0.04146838885112169,0.05,B,0.75,62.34126444595513,0.0425531914893617,0.030927835051546393,49.41873217810924,55.879998312032185
702.0,Recycled Paper - Label,6.0,3.0,5.0,0.6,90.0,25.0,Labels,Estimate,Medium,0.02107409925220938,0.05,A,1.0,70.65703602991162,0.024822695035460994,0.030927835051546393,50.30525700080427,60.48114651535795
703.0,Plastic Label (PP),25.0,4.0,1.0,2.3,30.0,40.0,Labels,Literature,High,0.13664174031271242,0.01,D,0.25,42.334330387491505,0.07801418439716312,0.2268041237113402,57.439496965708855,49.88691367660018
704.0,Plastic Label (PET),30.0,5.0,1.0,3.0,40.0,50.0,Labels,Estimate,Medium,0.18422841604350781,0.01,D,0.25,40.430863358259685,0.11347517730496454,0.27835051546391754,58.24376690794766,49.33731513310367
705.0,Bio-based Plastic Label,22.0,4.0,30.0,1.5,50.0,60.0,Labels,Estimate,Medium,0.08225696804894629,0.3,C,0.5,60.70972127804215,0.14893617021276595,0.1958762886597938,52.3470059223514,56.528363600196776
706.0,Removable Paper Label,6.0,3.0,5.0,0.9,80.0,32.0,Labels,Estimate,Medium,0.04146838885112169,0.05,B,0.75,62.34126444595513,0.04964539007092199,0.030927835051546393,49.06412224903122,55.70269334749318
707.0,Wash-off Plastic Label,25.0,4.0,1.0,2.0,40.0,45.0,Labels,Estimate,Medium,0.11624745071380013,0.01,D,0.25,43.150101971447995,0.09574468085106383,0.2268041237113402,56.552972143013825,49.851537057230914
708.0,Compostable Label,20.0,4.0,85.0,0.7,60.0,55.0,Labels,Estimate,Medium,0.027872195785180146,0.85,C,0.5,79.3851121685928,0.13120567375886524,0.17525773195876287,52.20260290999488,65.79385753929384
709.0,Virgin Paper - Tape Backing,10.0,4.0,5.0,0.9,85.0,30.0,Tape,Estimate,Medium,0.04146838885112169,0.05,B,0.75,62.34126444595513,0.0425531914893617,0.07216494845360824,51.48058784821233,56.91092614708373
710.0,Recycled Paper - Tape Backing,10.0,4.0,5.0,0.6,92.0,28.0,Tape,Estimate,Medium,0.02107409925220938,0.05,A,1.0,70.65703602991162,0.03546099290780142,0.07216494845360824,51.83519777729034,61.24611690360098
711.0,Plastic Tape Backing (PVC),30.0,6.0,1.0,3.5,10.0,40.0,Tape,Literature,High,0.21821889870836164,0.01,D,0.25,39.07124405166554,0.07801418439716312,0.27835051546391754,60.016816553337726,49.54403030250163
712.0,Plastic Tape Backing (PP),25.0,5.0,1.0,2.3,30.0,35.0,Tape,Estimate,Medium,0.13664174031271242,0.01,D,0.25,42.334330387491505,0.06028368794326241,0.2268041237113402,58.32602178840389,50.3301760879477
713.0,Bio-based Plastic Tape Backing,22.0,5.0,30.0,1.5,45.0,45.0,Tape,Estimate,Medium,0.08225696804894629,0.3,D,0.25,53.209721278042146,0.09574468085106383,0.1958762886597938,55.0065803904365,54.108150834239325
714.0,Virgin Paper - Gift Wrap,5.0,3.0,5.0,0.9,80.0,28.0,Gift Wrap,Estimate,Medium,0.04146838885112169,0.05,B,0.75,62.34126444595513,0.03546099290780142,0.020618556701030927,49.257878189661476,55.7995713178083
715.0,Recycled Paper - Gift Wrap,5.0,3.0,5.0,0.6,90.0,24.0,Gift Wrap,Estimate,Medium,0.02107409925220938,0.05,A,1.0,70.65703602991162,0.02127659574468085,0.020618556701030927,49.9670980478175,60.31206703886456
716.0,Virgin Tissue Paper - Gift,3.0,2.0,5.0,0.85,85.0,20.0,Gift Wrap,Estimate,Medium,0.038069340584636305,0.05,B,0.75,62.477226376614546,0.0070921985815602835,0.0,49.645390070921984,56.061308223768265
717.0,Recycled Tissue Paper - Gift,3.0,2.0,5.0,0.5,92.0,18.0,Gift Wrap,Estimate,Medium,0.014276002719238614,0.05,A,1.0,70.92895989123046,0.0,0.0,50.0,60.46447994561523
718.0,Metalized Gift Wrap (PET),30.0,4.0,1.0,4.0,20.0,60.0,Gift Wrap,Estimate,Medium,0.25220938137321547,0.01,D,0.25,37.71162474507138,0.14893617021276595,0.27835051546391754,56.47071726255758,47.09117100381448
719.0,Compostable Gift Wrap (Cellulose),25.0,4.0,85.0,0.7,65.0,55.0,Gift Wrap,Estimate,Medium,0.027872195785180146,0.85,C,0.5,79.3851121685928,0.13120567375886524,0.2268041237113402,54.779922497623744,67.08251733310827
720.0,Virgin Cardboard - Toy Box,16.0,14.0,5.0,1.1,90.0,47.0,Toys,Estimate,Medium,0.055064581917063225,0.05,A,1.0,69.29741672331747,0.10283687943262411,0.13402061855670103,51.55918695620385,60.428301839760664
721.0,Recycled Cardboard - Toy Box,16.0,14.0,5.0,0.8,95.0,42.0,Toys,Estimate,Medium,0.034670292318150914,0.05,A,1.0,70.11318830727397,0.0851063829787234,0.13402061855670103,52.44571177889888,61.27945004308643
722.0,Molded Fiber Toy Insert,10.0,6.0,85.0,0.5,80.0,52.0,Toys,Estimate,Medium,0.014276002719238614,0.85,B,0.75,87.42895989123046,0.12056737588652482,0.07216494845360824,47.57987862835417,67.50441925979231
723.0,Plastic Toy Blister (PET),60.0,15.0,1.0,3.0,40.0,80.0,Toys,Literature,High,0.18422841604350781,0.01,D,0.25,40.430863358259685,0.2198581560283688,0.5876288659793815,68.38853549755063,54.40969942790516
724.0,Recycled Plastic Toy Blister (rPET),60.0,15.0,1.0,1.8,60.0,82.0,Toys,Estimate,Medium,0.1026512576478586,0.01,C,0.5,51.19394969408566,0.22695035460992907,0.5876288659793815,68.03392556847263,59.61393763127914
725.0,Paper-based Toy Blister,25.0,12.0,70.0,1.1,80.0,90.0,Toys,Estimate,Medium,0.055064581917063225,0.7,B,0.75,81.29741672331747,0.2553191489361702,0.2268041237113402,48.5742487387585,64.93583273103798
726.0,Virgin Paper - Instruction Leaflet,5.0,4.0,5.0,0.9,85.0,35.0,Leaflets,Estimate,Medium,0.04146838885112169,0.05,B,0.75,62.34126444595513,0.06028368794326241,0.020618556701030927,48.01674343788843,55.17900394192178
727.0,Recycled Paper - Instruction Leaflet,5.0,4.0,5.0,0.6,90.0,30.0,Leaflets,Estimate,Medium,0.02107409925220938,0.05,A,1.0,70.65703602991162,0.0425531914893617,0.020618556701030927,48.90326826058347,59.78015214524754
728.0,Virgin Paperboard - Cosmetic Box,16.0,12.0,5.0,1.1,88.0,50.0,Cosmetics,Estimate,Medium,0.055064581917063225,0.05,B,0.75,61.79741672331747,0.11347517730496454,0.13402061855670103,51.027272062586825,56.41234439295215
729.0,Recycled Paperboard - Cosmetic Box,16.0,12.0,5.0,0.8,92.0,45.0,Cosmetics,Estimate,Medium,0.034670292318150914,0.05,A,1.0,70.11318830727397,0.09574468085106383,0.13402061855670103,51.91379688528186,61.01349259627791
730.0,Molded Fiber Cosmetic Insert,9.0,5.0,85.0,0.5,80.0,50.0,Cosmetics,Estimate,Medium,0.014276002719238614,0.85,B,0.75,87.42895989123046,0.11347517730496454,0.061855670103092786,47.41902463990642,67.42399226556844
731.0,Plastic Cosmetic Jar (PET),60.0,15.0,1.0,3.0,40.0,80.0,Cosmetics,Literature,High,0.18422841604350781,0.01,D,0.25,40.430863358259685,0.2198581560283688,0.5876288659793815,68.38853549755063,54.40969942790516
732.0,Recycled Plastic Cosmetic Jar (rPET),60.0,15.0,1.0,1.8,60.0,82.0,Cosmetics,Estimate,Medium,0.1026512576478586,0.01,C,0.5,51.19394969408566,0.22695035460992907,0.5876288659793815,68.03392556847263,59.61393763127914
733.0,Glass Cosmetic Jar,80.0,18.0,0.0,2.4,95.0,120.0,Cosmetics,Estimate,Medium,0.1434398368456832,0.0,A,1.0,64.26240652617268,0.3617021276595745,0.7938144329896907,71.60561526650582,67.93401089633926
734.0,Aluminum Cosmetic Jar,70.0,16.0,1.0,7.5,90.0,130.0,Cosmetics,Estimate,Medium,0.49014276002719237,0.01,A,1.0,50.69428959891231,0.3971631205673759,0.6907216494845361,64.67792644585802,57.68610802238517
735.0,Paper-based Cosmetic Jar,20.0,12.0,80.0,1.0,85.0,90.0,Cosmetics,Estimate,Medium,0.04826648538409245,0.8,B,0.75,84.56934058463631,0.2553191489361702,0.17525773195876287,45.99692915112964,65.28313486788298
736.0,Plastic Pump Dispenser (PP),55.0,10.0,1.0,2.6,30.0,60.0,Dispensers,Estimate,Medium,0.15703602991162474,0.01,D,0.25,41.518558803535015,0.14893617021276595,0.5360824742268041,69.3573152007019,55.43793700211846
737.0,Recycled Plastic Pump Dispenser,55.0,10.0,1.0,1.9,50.0,58.0,Dispensers,Estimate,Medium,0.10944935418082935,0.01,C,0.5,50.92202583276683,0.14184397163120568,0.5360824742268041,69.71192512977993,60.316975481273374
738.0,Metal Pump Dispenser,65.0,12.0,1.0,6.0,90.0,90.0,Dispensers,Estimate,Medium,0.38817131203263083,0.01,A,1.0,54.77314751869476,0.2553191489361702,0.6391752577319587,69.19280543978942,61.9829764792421
739.0,Paper-based Pump Dispenser,25.0,8.0,75.0,1.4,80.0,80.0,Dispensers,Estimate,Medium,0.07545887151597551,0.75,B,0.75,81.98164513936098,0.2198581560283688,0.2268041237113402,50.34729838414857,66.16447176175478
740.0,Bio-based Pump Dispenser,50.0,9.0,40.0,2.0,50.0,75.0,Dispensers,Estimate,Medium,0.11624745071380013,0.4,C,0.5,62.35010197144799,0.20212765957446807,0.4845360824742268,64.12042114498794,63.23526155821797
741.0,Virgin Cardboard - Pharma Shipping Box,18.0,16.0,5.0,1.18,90.0,50.0,Pharma Shipping,Estimate,Medium,0.06050305914343983,0.05,A,1.0,69.07987763426242,0.11347517730496454,0.15463917525773196,52.05819989763838,60.569038765950395
742.0,Recycled Cardboard - Pharma Shipping Box,18.0,16.0,5.0,0.82,95.0,46.0,Pharma Shipping,Estimate,Medium,0.03602991162474507,0.05,A,1.0,70.0588035350102,0.09929078014184398,0.15463917525773196,52.7674197557944,61.413111645402296
743.0,Insulated Pharma Shipper (EPS),20.0,30.0,0.0,5.0,10.0,80.0,Pharma,Estimate,Medium,0.3201903467029232,0.0,D,0.25,34.692386131883076,0.2198581560283688,0.17525773195876287,47.76997879651971,41.231182464201396
744.0,Insulated Pharma Shipper (PU),30.0,40.0,0.0,4.0,30.0,150.0,Pharma,Estimate,Medium,0.25220938137321547,0.0,D,0.25,37.41162474507138,0.46808510638297873,0.27835051546391754,40.51327045404694,38.962447599559155
745.0,Insulated Pharma Shipper (Paper-based),22.0,28.0,80.0,1.5,70.0,100.0,Pharma,Estimate,Medium,0.08225696804894629,0.8,B,0.75,83.20972127804215,0.2907801418439716,0.1958762886597938,45.25480734079111,64.23226430941664
746.0,Phase-change Material Pack - Reusable,5.0,5.0,0.0,4.0,0.0,200.0,Pharma,Estimate,Medium,0.25220938137321547,0.0,D,0.25,37.41162474507138,0.6453900709219859,0.020618556701030927,18.761424288952252,28.086524517011817
747.0,Phase-change Material Pack - Single Use,5.0,5.0,0.0,3.0,0.0,150.0,Pharma,Estimate,Medium,0.18422841604350781,0.0,D,0.25,40.13086335825969,0.46808510638297873,0.020618556701030927,27.626672515902612,33.87876793708115
748.0,Paper-based Pallet Collar,20.0,20.0,80.0,1.2,85.0,70.0,Palletization,Estimate,Medium,0.06186267845003398,0.8,B,0.75,84.02549286199864,0.18439716312056736,0.17525773195876287,49.543028441909776,66.78426065195421
749.0,Recycled Paper-based Pallet Collar,20.0,20.0,82.0,1.0,90.0,65.0,Palletization,Estimate,Medium,0.04826648538409245,0.82,A,1.0,92.6693405846363,0.16666666666666666,0.17525773195876287,50.429553264604806,71.54944692462055
750.0,Plastic Pallet Collar,50.0,25.0,1.0,3.5,30.0,80.0,Palletization,Estimate,Medium,0.21821889870836164,0.01,D,0.25,39.07124405166554,0.2198581560283688,0.4845360824742268,63.23389632229291,51.15257018697922
751.0,Recycled Plastic Pallet Collar,50.0,25.0,1.0,2.5,50.0,75.0,Palletization,Estimate,Medium,0.15023793337865396,0.01,C,0.5,49.29048266485384,0.20212765957446807,0.4845360824742268,64.12042114498794,56.70545190492089
752.0,Wood Pallet Collar,35.0,30.0,60.0,2.5,60.0,90.0,Palletization,Estimate,Medium,0.15023793337865396,0.6,C,0.5,66.99048266485384,0.2553191489361702,0.32989690721649484,53.728887914016234,60.359685289435035
753.0,Bio-based Pallet Collar,40.0,22.0,30.0,2.0,50.0,95.0,Palletization,Estimate,Medium,0.11624745071380013,0.3,C,0.5,59.350101971448,0.2730496453900709,0.38144329896907214,55.41968267895005,57.384892325199026
754.0,Virgin Cardboard - Bulk Bin,20.0,25.0,5.0,1.3,88.0,55.0,Bulk Bins,Estimate,Medium,0.06866077498300475,0.05,B,0.75,61.25356900067982,0.13120567375886524,0.17525773195876287,52.20260290999488,56.72808595533735
755.0,Recycled Cardboard - Bulk Bin,20.0,25.0,5.0,0.9,93.0,50.0,Bulk Bins,Estimate,Medium,0.04146838885112169,0.05,A,1.0,69.84126444595513,0.11347517730496454,0.17525773195876287,53.089127732689924,61.46519608932253
756.0,Plastic Bulk Bin (HDPE),70.0,30.0,1.0,4.0,50.0,110.0,Bulk Bins,Estimate,Medium,0.25220938137321547,0.01,C,0.5,45.211624745071376,0.3262411347517731,0.6907216494845361,68.22402573663815,56.717825240854765
757.0,Recycled Plastic Bulk Bin,70.0,30.0,1.0,2.8,65.0,105.0,Bulk Bins,Estimate,Medium,0.17063222297756625,0.01,C,0.5,48.47471108089735,0.30851063829787234,0.6907216494845361,69.11055055933318,58.792630820115264
758.0,Metal Bulk Bin (Steel),80.0,35.0,0.0,7.0,90.0,140.0,Bulk Bins,Estimate,Medium,0.45615227736233854,0.0,A,1.0,51.753908905506464,0.4326241134751773,0.7938144329896907,68.05951597572566,59.90671244061606
759.0,Bio-based Bulk Bin,50.0,25.0,30.0,2.5,55.0,120.0,Bulk Bins,Estimate,Medium,0.15023793337865396,0.3,C,0.5,57.99048266485385,0.3617021276595745,0.4845360824742268,56.141697740732624,57.066090202793234
760.0,Virgin Cardboard - Archive Box,14.0,10.0,5.0,1.05,90.0,40.0,Archive,Literature,High,0.051665533650577834,0.05,A,1.0,69.4333786539769,0.07801418439716312,0.1134020618556701,51.76939387292535,60.601386263451126
761.0,Recycled Cardboard - Archive Box,14.0,10.0,5.0,0.78,95.0,36.0,Archive,Estimate,Medium,0.03331067301155677,0.05,A,1.0,70.16757307953773,0.06382978723404255,0.1134020618556701,52.47861373108138,61.32309340530956
762.0,Paper-based Archive Box,12.0,8.0,80.0,0.9,90.0,35.0,Archive,Estimate,Medium,0.04146838885112169,0.8,A,1.0,92.34126444595515,0.06028368794326241,0.09278350515463918,51.62499086056884,71.98312765326199
763.0,Plastic Archive Box,45.0,18.0,1.0,3.0,30.0,60.0,Archive,Estimate,Medium,0.18422841604350781,0.01,D,0.25,40.430863358259685,0.14893617021276595,0.4329896907216495,64.20267602544418,52.31676969185193
764.0,Recycled Plastic Archive Box,45.0,18.0,1.0,2.0,50.0,58.0,Archive,Estimate,Medium,0.11624745071380013,0.01,C,0.5,50.650101971447995,0.14184397163120568,0.4329896907216495,64.55728595452219,57.60369396298509
765.0,Virgin Paper - Envelope,6.0,4.0,5.0,0.9,85.0,30.0,Envelopes,Literature,High,0.04146838885112169,0.05,B,0.75,62.34126444595513,0.0425531914893617,0.030927835051546393,49.41873217810924,55.879998312032185
766.0,Recycled Paper - Envelope,6.0,4.0,5.0,0.6,90.0,26.0,Envelopes,Estimate,Medium,0.02107409925220938,0.05,A,1.0,70.65703602991162,0.028368794326241134,0.030927835051546393,50.127952036265256,60.39249403308844
767.0,Plastic Envelope (PE),25.0,8.0,1.0,2.5,30.0,40.0,Envelopes,Estimate,Medium,0.15023793337865396,0.01,D,0.25,41.79048266485385,0.07801418439716312,0.2268041237113402,57.439496965708855,49.61498981528135
768.0,Recycled Plastic Envelope (PE),25.0,8.0,1.0,1.8,50.0,38.0,Envelopes,Estimate,Medium,0.1026512576478586,0.01,C,0.5,51.19394969408566,0.07092198581560284,0.2268041237113402,57.794106894786864,54.49402829443626
769.0,Compostable Envelope,18.0,6.0,85.0,0.7,60.0,55.0,Envelopes,Estimate,Medium,0.027872195785180146,0.85,C,0.5,79.3851121685928,0.13120567375886524,0.15463917525773196,51.17167507494334,65.27839362176806
770.0,Paperboard Mailing Carton,16.0,10.0,80.0,1.0,85.0,45.0,Envelopes,Estimate,Medium,0.04826648538409245,0.8,B,0.75,84.56934058463631,0.09574468085106383,0.13402061855670103,51.91379688528186,68.24156873495909
771.0,Virgin Cardboard - Shoe Box,16.0,14.0,5.0,1.1,90.0,46.0,Shoes,Estimate,Medium,0.055064581917063225,0.05,A,1.0,69.29741672331747,0.09929078014184398,0.13402061855670103,51.73649192074286,60.51695432203016
772.0,Recycled Cardboard - Shoe Box,16.0,14.0,5.0,0.8,95.0,42.0,Shoes,Estimate,Medium,0.034670292318150914,0.05,A,1.0,70.11318830727397,0.0851063829787234,0.13402061855670103,52.44571177889888,61.27945004308643
773.0,Paper-based Shoe Insert,10.0,6.0,80.0,0.8,90.0,35.0,Shoes,Estimate,Medium,0.034670292318150914,0.8,A,1.0,92.61318830727396,0.06028368794326241,0.07216494845360824,50.594063025517286,71.60362566639563
774.0,Plastic Shoe Box,40.0,16.0,1.0,3.0,30.0,60.0,Shoes,Estimate,Medium,0.18422841604350781,0.01,D,0.25,40.430863358259685,0.14893617021276595,0.38144329896907214,61.625356437815306,51.0281098980375
775.0,Bio-based Shoe Box,20.0,14.0,40.0,1.5,60.0,80.0,Shoes,Estimate,Medium,0.08225696804894629,0.4,C,0.5,63.70972127804215,0.2198581560283688,0.17525773195876287,47.76997879651971,55.73985003728093
776.0,Virgin Cardboard - Apparel Box,16.0,12.0,5.0,1.1,90.0,45.0,Apparel,Estimate,Medium,0.055064581917063225,0.05,A,1.0,69.29741672331747,0.09574468085106383,0.13402061855670103,51.91379688528186,60.60560680429967
777.0,Recycled Cardboard - Apparel Box,16.0,12.0,5.0,0.8,95.0,41.0,Apparel,Estimate,Medium,0.034670292318150914,0.05,A,1.0,70.11318830727397,0.08156028368794327,0.13402061855670103,52.62301674343789,61.36810252535593
778.0,Paper Mailer - Apparel,14.0,8.0,80.0,0.9,90.0,40.0,Apparel,Estimate,Medium,0.04146838885112169,0.8,A,1.0,92.34126444595515,0.07801418439716312,0.1134020618556701,51.76939387292535,72.05532915944025
779.0,Plastic Mailer - Apparel,30.0,10.0,1.0,2.5,30.0,50.0,Apparel,Estimate,Medium,0.15023793337865396,0.01,D,0.25,41.79048266485385,0.11347517730496454,0.27835051546391754,58.24376690794766,50.01712478640076
780.0,Recycled Plastic Mailer - Apparel,30.0,10.0,1.0,1.8,50.0,48.0,Apparel,Estimate,Medium,0.1026512576478586,0.01,C,0.5,51.19394969408566,0.10638297872340426,0.27835051546391754,58.59837683702567,54.896163265555664
781.0,Bio-based Mailer - Apparel,25.0,9.0,40.0,1.7,50.0,70.0,Apparel,Estimate,Medium,0.09585316111488781,0.4,C,0.5,63.16587355540448,0.18439716312056736,0.2268041237113402,52.12034802953865,57.64311079247156
782.0,Compostable Mailer - Apparel,20.0,8.0,85.0,0.7,60.0,90.0,Apparel,Estimate,Medium,0.027872195785180146,0.85,C,0.5,79.3851121685928,0.2553191489361702,0.17525773195876287,45.99692915112964,62.69102065986122
783.0,Virgin Paper - Carton Board for E-commerce,16.0,14.0,5.0,1.1,88.0,48.0,E-commerce,Estimate,Medium,0.055064581917063225,0.05,B,0.75,61.79741672331747,0.10638297872340426,0.13402061855670103,51.381881991664834,56.589649357491155
784.0,Recycled Paper - Carton Board for E-commerce,16.0,14.0,5.0,0.8,92.0,44.0,E-commerce,Estimate,Medium,0.034670292318150914,0.05,A,1.0,70.11318830727397,0.09219858156028368,0.13402061855670103,52.091101849820866,61.10214507854742
785.0,Paper-based Protective Sleeve,12.0,8.0,80.0,0.8,90.0,40.0,E-commerce,Estimate,Medium,0.034670292318150914,0.8,A,1.0,92.61318830727396,0.07801418439716312,0.09278350515463918,50.7384660378738,71.67582717257388
786.0,Recycled Paper-based Protective Sleeve,12.0,8.0,82.0,0.6,92.0,38.0,E-commerce,Estimate,Medium,0.02107409925220938,0.82,A,1.0,93.75703602991163,0.07092198581560284,0.09278350515463918,51.093075966951815,72.42505599843173
787.0,Plastic Bubble Mailer (PE),30.0,10.0,1.0,2.5,30.0,50.0,E-commerce,Literature,High,0.15023793337865396,0.01,D,0.25,41.79048266485385,0.11347517730496454,0.27835051546391754,58.24376690794766,50.01712478640076
788.0,Recycled Plastic Bubble Mailer,30.0,10.0,1.0,1.8,50.0,48.0,E-commerce,Estimate,Medium,0.1026512576478586,0.01,C,0.5,51.19394969408566,0.10638297872340426,0.27835051546391754,58.59837683702567,54.896163265555664
789.0,Paper-based Bubble Mailer,15.0,8.0,80.0,0.9,85.0,45.0,E-commerce,Estimate,Medium,0.04146838885112169,0.8,B,0.75,84.84126444595513,0.09574468085106383,0.12371134020618557,51.39833296775609,68.11979870685562
790.0,Compostable Bubble Mailer,20.0,8.0,85.0,0.7,60.0,80.0,E-commerce,Estimate,Medium,0.027872195785180146,0.85,C,0.5,79.3851121685928,0.2198581560283688,0.17525773195876287,47.76997879651971,63.57754548255625
791.0,Virgin Cardboard - Book Mailer,15.0,10.0,5.0,1.1,90.0,42.0,Books,Estimate,Medium,0.055064581917063225,0.05,A,1.0,69.29741672331747,0.0851063829787234,0.12371134020618557,51.930247861373104,60.613832292345286
792.0,Recycled Cardboard - Book Mailer,15.0,10.0,5.0,0.8,95.0,38.0,Books,Estimate,Medium,0.034670292318150914,0.05,A,1.0,70.11318830727397,0.07092198581560284,0.12371134020618557,52.639467719529144,61.37632801340156
793.0,Paper Mailer - Book,14.0,8.0,80.0,0.9,90.0,40.0,Books,Estimate,Medium,0.04146838885112169,0.8,A,1.0,92.34126444595515,0.07801418439716312,0.1134020618556701,51.76939387292535,72.05532915944025
794.0,Plastic Mailer - Book,30.0,10.0,1.0,2.5,30.0,50.0,Books,Estimate,Medium,0.15023793337865396,0.01,D,0.25,41.79048266485385,0.11347517730496454,0.27835051546391754,58.24376690794766,50.01712478640076
795.0,Compostable Mailer - Book,20.0,8.0,85.0,0.7,60.0,80.0,Books,Estimate,Medium,0.027872195785180146,0.85,C,0.5,79.3851121685928,0.2198581560283688,0.17525773195876287,47.76997879651971,63.57754548255625
796.0,Virgin Cardboard - Wine Box,18.0,16.0,5.0,1.2,88.0,50.0,Wine,Estimate,Medium,0.06186267845003398,0.05,B,0.75,61.52549286199864,0.11347517730496454,0.15463917525773196,52.05819989763838,56.79184637981851
797.0,Recycled Cardboard - Wine Box,18.0,16.0,5.0,0.9,93.0,46.0,Wine,Estimate,Medium,0.04146838885112169,0.05,A,1.0,69.84126444595513,0.09929078014184398,0.15463917525773196,52.7674197557944,61.30434210087476
798.0,Molded Pulp Wine Pack,12.0,9.0,85.0,0.5,80.0,55.0,Wine,Estimate,Medium,0.014276002719238614,0.85,B,0.75,87.42895989123046,0.13120567375886524,0.09278350515463918,48.078891569788695,67.75392573050958
799.0,Plastic Wine Insert (PET),65.0,18.0,1.0,3.0,40.0,85.0,Wine,Estimate,Medium,0.18422841604350781,0.01,D,0.25,40.430863358259685,0.2375886524822695,0.6391752577319587,70.07933026248446,55.25509681037207
800.0,Recycled Plastic Wine Insert (rPET),65.0,18.0,1.0,1.8,60.0,82.0,Wine,Estimate,Medium,0.1026512576478586,0.01,C,0.5,51.19394969408566,0.22695035460992907,0.6391752577319587,70.61124515610149,60.902597425093575
801.0,Virgin Cardboard - Fruit Box,18.0,16.0,5.0,1.2,90.0,48.0,Fruit,Estimate,Medium,0.06186267845003398,0.05,A,1.0,69.02549286199864,0.10638297872340426,0.15463917525773196,52.41280982671639,60.71915134435751
802.0,Recycled Cardboard - Fruit Box,18.0,16.0,5.0,0.82,95.0,44.0,Fruit,Estimate,Medium,0.03602991162474507,0.05,A,1.0,70.0588035350102,0.09219858156028368,0.15463917525773196,53.12202968487241,61.5904166099413
803.0,Plastic Fruit Crate (HDPE),70.0,25.0,1.0,3.0,50.0,90.0,Fruit,Literature,High,0.18422841604350781,0.01,C,0.5,47.93086335825969,0.2553191489361702,0.6907216494845361,71.7701250274183,59.850494192838994
804.0,Recycled Plastic Fruit Crate,70.0,25.0,1.0,2.2,65.0,85.0,Fruit,Estimate,Medium,0.12984364377974167,0.01,C,0.5,50.10625424881033,0.2375886524822695,0.6907216494845361,72.65664985011333,61.38145204946183
805.0,Molded Pulp Fruit Tray,12.0,9.0,85.0,0.5,80.0,55.0,Fruit,Estimate,Medium,0.014276002719238614,0.85,B,0.75,87.42895989123046,0.13120567375886524,0.09278350515463918,48.078891569788695,67.75392573050958
806.0,Paper-based Fruit Wrap,7.0,4.0,80.0,0.7,90.0,35.0,Fruit,Estimate,Medium,0.027872195785180146,0.8,A,1.0,92.88511216859278,0.06028368794326241,0.041237113402061855,49.04767127293997,70.96639172076638
807.0,Bio-based Fruit Bag,25.0,8.0,40.0,1.5,50.0,70.0,Fruit,Estimate,Medium,0.08225696804894629,0.4,C,0.5,63.70972127804215,0.18439716312056736,0.2268041237113402,52.12034802953865,57.9150346537904
808.0,Compostable Fruit Bag,20.0,7.0,85.0,0.7,60.0,80.0,Fruit,Estimate,Medium,0.027872195785180146,0.85,C,0.5,79.3851121685928,0.2198581560283688,0.17525773195876287,47.76997879651971,63.57754548255625
809.0,Virgin Cardboard - Vegetable Box,18.0,16.0,5.0,1.2,90.0,48.0,Vegetables,Estimate,Medium,0.06186267845003398,0.05,A,1.0,69.02549286199864,0.10638297872340426,0.15463917525773196,52.41280982671639,60.71915134435751
810.0,Recycled Cardboard - Vegetable Box,18.0,16.0,5.0,0.82,95.0,44.0,Vegetables,Estimate,Medium,0.03602991162474507,0.05,A,1.0,70.0588035350102,0.09219858156028368,0.15463917525773196,53.12202968487241,61.5904166099413
811.0,Plastic Vegetable Crate (HDPE),70.0,25.0,1.0,3.0,50.0,90.0,Vegetables,Estimate,Medium,0.18422841604350781,0.01,C,0.5,47.93086335825969,0.2553191489361702,0.6907216494845361,71.7701250274183,59.850494192838994
812.0,Recycled Plastic Vegetable Crate,70.0,25.0,1.0,2.2,65.0,85.0,Vegetables,Estimate,Medium,0.12984364377974167,0.01,C,0.5,50.10625424881033,0.2375886524822695,0.6907216494845361,72.65664985011333,61.38145204946183
813.0,Molded Pulp Vegetable Tray,12.0,9.0,85.0,0.5,80.0,55.0,Vegetables,Estimate,Medium,0.014276002719238614,0.85,B,0.75,87.42895989123046,0.13120567375886524,0.09278350515463918,48.078891569788695,67.75392573050958
814.0,Paper-based Vegetable Wrap,7.0,4.0,80.0,0.7,90.0,35.0,Vegetables,Estimate,Medium,0.027872195785180146,0.8,A,1.0,92.88511216859278,0.06028368794326241,0.041237113402061855,49.04767127293997,70.96639172076638
815.0,Bio-based Vegetable Bag,25.0,8.0,40.0,1.5,50.0,70.0,Vegetables,Estimate,Medium,0.08225696804894629,0.4,C,0.5,63.70972127804215,0.18439716312056736,0.2268041237113402,52.12034802953865,57.9150346537904
816.0,Compostable Vegetable Bag,20.0,7.0,85.0,0.7,60.0,80.0,Vegetables,Estimate,Medium,0.027872195785180146,0.85,C,0.5,79.3851121685928,0.2198581560283688,0.17525773195876287,47.76997879651971,63.57754548255625
817.0,Virgin Cardboard - Meat Box,18.0,16.0,5.0,1.2,88.0,50.0,Meat,Estimate,Medium,0.06186267845003398,0.05,B,0.75,61.52549286199864,0.11347517730496454,0.15463917525773196,52.05819989763838,56.79184637981851
818.0,Recycled Cardboard - Meat Box,18.0,16.0,5.0,0.9,93.0,46.0,Meat,Estimate,Medium,0.04146838885112169,0.05,A,1.0,69.84126444595513,0.09929078014184398,0.15463917525773196,52.7674197557944,61.30434210087476
819.0,Plastic Meat Tray (PET/PE),65.0,18.0,1.0,3.0,30.0,80.0,Meat,Literature,High,0.18422841604350781,0.01,D,0.25,40.430863358259685,0.2198581560283688,0.6391752577319587,70.9658550851795,55.69835922171959
820.0,Recycled Plastic Meat Tray,65.0,18.0,1.0,2.0,50.0,78.0,Meat,Estimate,Medium,0.11624745071380013,0.01,C,0.5,50.650101971447995,0.2127659574468085,0.6391752577319587,71.32046501425751,60.98528349285275
821.0,Paper-based Meat Tray,17.0,12.0,80.0,1.1,85.0,60.0,Meat,Estimate,Medium,0.055064581917063225,0.8,B,0.75,84.29741672331747,0.14893617021276595,0.14432989690721648,49.76968633472253,67.03355152902
822.0,Compostable Meat Tray (Bagasse),15.0,11.0,88.0,0.45,78.0,60.0,Meat,Estimate,Medium,0.01087695445275323,0.88,B,0.75,88.46492182188986,0.14893617021276595,0.12371134020618557,48.73875849967098,68.60184016078043
823.0,Plastic Meat Vacuum Pouch (PA/PE),70.0,20.0,1.0,4.0,20.0,85.0,Meat,Literature,High,0.25220938137321547,0.01,D,0.25,37.71162474507138,0.2375886524822695,0.6907216494845361,72.65664985011333,55.18413729759236
824.0,Recyclable Mono-PE Meat Pouch,50.0,16.0,1.0,2.5,50.0,80.0,Meat,Estimate,Medium,0.15023793337865396,0.01,C,0.5,49.29048266485384,0.2198581560283688,0.4845360824742268,63.23389632229291,56.26218949357337
825.0,Compostable Meat Pouch,40.0,14.0,85.0,0.8,60.0,100.0,Meat,Estimate,Medium,0.034670292318150914,0.85,C,0.5,79.11318830727397,0.2907801418439716,0.38144329896907214,54.53315785625503,66.82317308176451
826.0,Virgin Cardboard - Dairy Carton,16.0,12.0,5.0,1.1,88.0,48.0,Dairy,Literature,High,0.055064581917063225,0.05,B,0.75,61.79741672331747,0.10638297872340426,0.13402061855670103,51.381881991664834,56.589649357491155
827.0,Recycled Cardboard - Dairy Carton,16.0,12.0,5.0,0.8,92.0,44.0,Dairy,Estimate,Medium,0.034670292318150914,0.05,A,1.0,70.11318830727397,0.09219858156028368,0.13402061855670103,52.091101849820866,61.10214507854742
828.0,Liquid Carton (Paper/PE),25.0,15.0,5.0,3.0,60.0,100.0,Dairy,Literature,High,0.18422841604350781,0.05,C,0.5,49.13086335825969,0.2907801418439716,0.2268041237113402,46.80119909336843,47.96603122581406
829.0,Liquid Carton (Paper/BioPE),25.0,15.0,20.0,2.0,70.0,120.0,Dairy,Estimate,Medium,0.11624745071380013,0.2,B,0.75,63.85010197144799,0.3617021276595745,0.2268041237113402,43.25509980258829,53.552600887018144
830.0,Liquid Carton (Paper/PE/Alu),30.0,18.0,5.0,6.0,30.0,150.0,Dairy,Literature,High,0.38817131203263083,0.05,D,0.25,33.473147518694766,0.46808510638297873,0.27835051546391754,40.51327045404694,36.99320898637085
831.0,Recycled Liquid Carton Board,26.0,16.0,5.0,2.5,75.0,110.0,Dairy,Estimate,Medium,0.15023793337865396,0.05,B,0.75,57.99048266485385,0.3262411347517731,0.23711340206185566,45.54361336550413,51.767048015178986
832.0,PLA Dairy Cup,50.0,10.0,80.0,0.6,70.0,120.0,Dairy,Estimate,Medium,0.02107409925220938,0.8,B,0.75,85.65703602991162,0.3617021276595745,0.4845360824742268,56.141697740732624,70.89936688532212
833.0,PET Dairy Cup,55.0,11.0,1.0,3.0,40.0,80.0,Dairy,Literature,High,0.18422841604350781,0.01,D,0.25,40.430863358259685,0.2198581560283688,0.5360824742268041,65.81121590992176,53.12103963409072
834.0,PP Dairy Cup,50.0,10.0,1.0,2.6,40.0,75.0,Dairy,Literature,High,0.15703602991162474,0.01,D,0.25,41.518558803535015,0.20212765957446807,0.4845360824742268,64.12042114498794,52.81948997426148
835.0,Recycled PP Dairy Cup,50.0,10.0,1.0,1.9,55.0,72.0,Dairy,Estimate,Medium,0.10944935418082935,0.01,C,0.5,50.92202583276683,0.19148936170212766,0.4845360824742268,64.65233603860496,57.787180935685896
836.0,Paper-based Dairy Tub,20.0,12.0,80.0,1.1,85.0,90.0,Dairy,Estimate,Medium,0.055064581917063225,0.8,B,0.75,84.29741672331747,0.2553191489361702,0.17525773195876287,45.99692915112964,65.14717293722356
837.0,Virgin Cardboard - Egg Carton,15.0,10.0,5.0,1.1,90.0,40.0,Eggs,Literature,High,0.055064581917063225,0.05,A,1.0,69.29741672331747,0.07801418439716312,0.12371134020618557,52.28485779045112,60.7911372568843
838.0,Recycled Cardboard - Egg Carton,15.0,10.0,5.0,0.8,95.0,36.0,Eggs,Estimate,Medium,0.034670292318150914,0.05,A,1.0,70.11318830727397,0.06382978723404255,0.12371134020618557,52.99407764860715,61.553632977940566
839.0,Molded Pulp Egg Carton,12.0,9.0,85.0,0.5,80.0,45.0,Eggs,Literature,High,0.014276002719238614,0.85,B,0.75,87.42895989123046,0.09574468085106383,0.09278350515463918,49.85194121517877,68.64045055320462
840.0,Plastic Egg Carton (PET),65.0,15.0,1.0,3.0,40.0,70.0,Eggs,Literature,High,0.18422841604350781,0.01,D,0.25,40.430863358259685,0.18439716312056736,0.6391752577319587,72.73890473056956,56.58488404441462
841.0,Recycled Plastic Egg Carton (rPET),65.0,15.0,1.0,1.8,60.0,68.0,Eggs,Estimate,Medium,0.1026512576478586,0.01,C,0.5,51.19394969408566,0.1773049645390071,0.6391752577319587,73.09351465964757,62.143732176866614
842.0,Paper-based Egg Tray,12.0,9.0,85.0,0.5,85.0,42.0,Eggs,Estimate,Medium,0.014276002719238614,0.85,B,0.75,87.42895989123046,0.0851063829787234,0.09278350515463918,50.38385610879579,68.90640800001313
843.0,Virgin Cardboard - Cereal Box,16.0,12.0,5.0,1.1,90.0,45.0,Cereals,Literature,High,0.055064581917063225,0.05,A,1.0,69.29741672331747,0.09574468085106383,0.13402061855670103,51.91379688528186,60.60560680429967
844.0,Recycled Cardboard - Cereal Box,16.0,12.0,5.0,0.8,95.0,41.0,Cereals,Literature,High,0.034670292318150914,0.05,A,1.0,70.11318830727397,0.08156028368794327,0.13402061855670103,52.62301674343789,61.36810252535593
845.0,Plastic Cereal Liner (PE),25.0,8.0,1.0,2.5,30.0,40.0,Cereals,Literature,High,0.15023793337865396,0.01,D,0.25,41.79048266485385,0.07801418439716312,0.2268041237113402,57.439496965708855,49.61498981528135
846.0,Recycled Plastic Cereal Liner,25.0,8.0,1.0,1.8,50.0,38.0,Cereals,Estimate,Medium,0.1026512576478586,0.01,C,0.5,51.19394969408566,0.07092198581560284,0.2268041237113402,57.794106894786864,54.49402829443626
847.0,Paper-based Cereal Liner,12.0,6.0,80.0,0.9,90.0,35.0,Cereals,Estimate,Medium,0.04146838885112169,0.8,A,1.0,92.34126444595515,0.06028368794326241,0.09278350515463918,51.62499086056884,71.98312765326199
848.0,Compostable Cereal Liner,20.0,7.0,85.0,0.7,60.0,60.0,Cereals,Estimate,Medium,0.027872195785180146,0.85,C,0.5,79.3851121685928,0.14893617021276595,0.17525773195876287,51.31607808729984,65.35059512794632
849.0,Virgin Cardboard - Snack Box,16.0,12.0,5.0,1.1,90.0,45.0,Snacks,Estimate,Medium,0.055064581917063225,0.05,A,1.0,69.29741672331747,0.09574468085106383,0.13402061855670103,51.91379688528186,60.60560680429967
850.0,Recycled Cardboard - Snack Box,16.0,12.0,5.0,0.8,95.0,41.0,Snacks,Estimate,Medium,0.034670292318150914,0.05,A,1.0,70.11318830727397,0.08156028368794327,0.13402061855670103,52.62301674343789,61.36810252535593
851.0,Plastic Snack Pouch (PET/PE),50.0,12.0,1.0,3.0,30.0,70.0,Snacks,Literature,High,0.18422841604350781,0.01,D,0.25,40.430863358259685,0.18439716312056736,0.4845360824742268,65.00694596768297,52.718904662971326
852.0,Recyclable Mono-PE Snack Pouch,45.0,11.0,1.0,2.5,50.0,75.0,Snacks,Estimate,Medium,0.15023793337865396,0.01,C,0.5,49.29048266485384,0.20212765957446807,0.4329896907216495,61.54310155735907,55.41679211110646
853.0,Paper-based Snack Pouch,18.0,10.0,70.0,1.1,85.0,80.0,Snacks,Estimate,Medium,0.055064581917063225,0.7,B,0.75,81.29741672331747,0.2198581560283688,0.15463917525773196,46.73905096146816,64.01823384239282
854.0,Compostable Snack Pouch,35.0,9.0,85.0,0.7,60.0,90.0,Snacks,Estimate,Medium,0.027872195785180146,0.85,C,0.5,79.3851121685928,0.2553191489361702,0.32989690721649484,53.728887914016234,66.55700004130452
855.0,Metalized Snack Pouch (PET/Alu/PE),60.0,15.0,1.0,6.0,20.0,90.0,Snacks,Literature,High,0.38817131203263083,0.01,D,0.25,32.27314751869477,0.2553191489361702,0.5876288659793815,66.61548585216057,49.44431668542767
856.0,Paper-based Snack Pouch with Barrier,20.0,10.0,65.0,1.2,75.0,95.0,Snacks,Estimate,Medium,0.06186267845003398,0.65,B,0.75,79.52549286199864,0.2730496453900709,0.17525773195876287,45.1104043284346,62.31794859521662
857.0,Virgin Cardboard - Chocolate Box,16.0,12.0,5.0,1.1,90.0,50.0,Confectionery,Estimate,Medium,0.055064581917063225,0.05,A,1.0,69.29741672331747,0.11347517730496454,0.13402061855670103,51.027272062586825,60.16234439295215
858.0,Recycled Cardboard - Chocolate Box,16.0,12.0,5.0,0.8,95.0,45.0,Confectionery,Estimate,Medium,0.034670292318150914,0.05,A,1.0,70.11318830727397,0.09574468085106383,0.13402061855670103,51.91379688528186,61.01349259627791
859.0,Plastic Chocolate Tray (PET),65.0,15.0,1.0,3.0,40.0,80.0,Confectionery,Literature,High,0.18422841604350781,0.01,D,0.25,40.430863358259685,0.2198581560283688,0.6391752577319587,70.9658550851795,55.69835922171959
860.0,Recycled Plastic Chocolate Tray (rPET),65.0,15.0,1.0,1.8,60.0,78.0,Confectionery,Estimate,Medium,0.1026512576478586,0.01,C,0.5,51.19394969408566,0.2127659574468085,0.6391752577319587,71.32046501425751,61.257207354171584
861.0,Paper-based Chocolate Tray,14.0,10.0,80.0,1.0,85.0,60.0,Confectionery,Estimate,Medium,0.04826648538409245,0.8,B,0.75,84.56934058463631,0.14893617021276595,0.1134020618556701,48.22329458214521,66.39631758339075
862.0,Compostable Chocolate Tray (Bagasse),15.0,11.0,88.0,0.45,78.0,60.0,Confectionery,Estimate,Medium,0.01087695445275323,0.88,B,0.75,88.46492182188986,0.14893617021276595,0.12371134020618557,48.73875849967098,68.60184016078043
863.0,Virgin Cardboard - Coffee Box,16.0,12.0,5.0,1.1,90.0,45.0,Coffee,Literature,High,0.055064581917063225,0.05,A,1.0,69.29741672331747,0.09574468085106383,0.13402061855670103,51.91379688528186,60.60560680429967
864.0,Recycled Cardboard - Coffee Box,16.0,12.0,5.0,0.8,95.0,41.0,Coffee,Literature,High,0.034670292318150914,0.05,A,1.0,70.11318830727397,0.08156028368794327,0.13402061855670103,52.62301674343789,61.36810252535593
865.0,Plastic Coffee Pouch (PET/Alu/PE),60.0,15.0,1.0,6.0,20.0,90.0,Coffee,Literature,High,0.38817131203263083,0.01,D,0.25,32.27314751869477,0.2553191489361702,0.5876288659793815,66.61548585216057,49.44431668542767
866.0,Recyclable Coffee Pouch (Mono-PE),45.0,11.0,1.0,2.5,50.0,75.0,Coffee,Estimate,Medium,0.15023793337865396,0.01,C,0.5,49.29048266485384,0.20212765957446807,0.4329896907216495,61.54310155735907,55.41679211110646
867.0,Paper-based Coffee Pouch,18.0,10.0,70.0,1.1,85.0,80.0,Coffee,Estimate,Medium,0.055064581917063225,0.7,B,0.75,81.29741672331747,0.2198581560283688,0.15463917525773196,46.73905096146816,64.01823384239282
868.0,Compostable Coffee Pouch,35.0,9.0,85.0,0.7,60.0,90.0,Coffee,Estimate,Medium,0.027872195785180146,0.85,C,0.5,79.3851121685928,0.2553191489361702,0.32989690721649484,53.728887914016234,66.55700004130452
869.0,Virgin Cardboard - Tea Box,16.0,12.0,5.0,1.1,90.0,45.0,Tea,Literature,High,0.055064581917063225,0.05,A,1.0,69.29741672331747,0.09574468085106383,0.13402061855670103,51.91379688528186,60.60560680429967
870.0,Recycled Cardboard - Tea Box,16.0,12.0,5.0,0.8,95.0,41.0,Tea,Literature,High,0.034670292318150914,0.05,A,1.0,70.11318830727397,0.08156028368794327,0.13402061855670103,52.62301674343789,61.36810252535593
871.0,Plastic Tea Pouch (PET/PE),50.0,12.0,1.0,3.0,30.0,70.0,Tea,Literature,High,0.18422841604350781,0.01,D,0.25,40.430863358259685,0.18439716312056736,0.4845360824742268,65.00694596768297,52.718904662971326
872.0,Recyclable Mono-PE Tea Pouch,45.0,11.0,1.0,2.5,50.0,75.0,Tea,Estimate,Medium,0.15023793337865396,0.01,C,0.5,49.29048266485384,0.20212765957446807,0.4329896907216495,61.54310155735907,55.41679211110646
873.0,Paper-based Tea Pouch,18.0,10.0,70.0,1.1,85.0,80.0,Tea,Estimate,Medium,0.055064581917063225,0.7,B,0.75,81.29741672331747,0.2198581560283688,0.15463917525773196,46.73905096146816,64.01823384239282
874.0,Compostable Tea Pouch,35.0,9.0,85.0,0.7,60.0,90.0,Tea,Estimate,Medium,0.027872195785180146,0.85,C,0.5,79.3851121685928,0.2553191489361702,0.32989690721649484,53.728887914016234,66.55700004130452
875.0,Tea Bag Paper,5.0,3.0,90.0,0.7,80.0,40.0,Tea,Literature,High,0.027872195785180146,0.9,B,0.75,88.3851121685928,0.07801418439716312,0.020618556701030927,47.13021861519339,67.7576653918931
876.0,Bio-based Tea Bag (PLA Mesh),35.0,8.0,80.0,0.6,60.0,90.0,Tea,Literature,High,0.02107409925220938,0.8,C,0.5,78.15703602991164,0.2553191489361702,0.32989690721649484,53.728887914016234,65.94296197196394
877.0,Compostable Tea Bag Mesh,30.0,7.0,85.0,0.6,65.0,85.0,Tea,Estimate,Medium,0.02107409925220938,0.85,C,0.5,79.65703602991164,0.2375886524822695,0.27835051546391754,52.03809314908241,65.84756458949703
878.0,Recycled Tea Bag Paper,5.0,3.0,90.0,0.55,85.0,35.0,Tea,Estimate,Medium,0.017675050985724,0.9,B,0.75,88.79299796057104,0.06028368794326241,0.020618556701030927,48.01674343788843,68.40487069922973
879.0,Virgin Cardboard - Pet Food Box,16.0,12.0,5.0,1.1,90.0,45.0,Pet Food,Estimate,Medium,0.055064581917063225,0.05,A,1.0,69.29741672331747,0.09574468085106383,0.13402061855670103,51.91379688528186,60.60560680429967
880.0,Recycled Cardboard - Pet Food Box,16.0,12.0,5.0,0.8,95.0,41.0,Pet Food,Estimate,Medium,0.034670292318150914,0.05,A,1.0,70.11318830727397,0.08156028368794327,0.13402061855670103,52.62301674343789,61.36810252535593
881.0,Plastic Pet Food Pouch (PET/PE),50.0,12.0,1.0,3.0,30.0,70.0,Pet Food,Literature,High,0.18422841604350781,0.01,D,0.25,40.430863358259685,0.18439716312056736,0.4845360824742268,65.00694596768297,52.718904662971326
882.0,Recyclable Mono-PE Pet Food Pouch,45.0,11.0,1.0,2.5,50.0,75.0,Pet Food,Estimate,Medium,0.15023793337865396,0.01,C,0.5,49.29048266485384,0.20212765957446807,0.4329896907216495,61.54310155735907,55.41679211110646
883.0,Paper-based Pet Food Pouch,18.0,10.0,70.0,1.1,85.0,80.0,Pet Food,Estimate,Medium,0.055064581917063225,0.7,B,0.75,81.29741672331747,0.2198581560283688,0.15463917525773196,46.73905096146816,64.01823384239282
884.0,Compostable Pet Food Pouch,35.0,9.0,85.0,0.7,60.0,90.0,Pet Food,Estimate,Medium,0.027872195785180146,0.85,C,0.5,79.3851121685928,0.2553191489361702,0.32989690721649484,53.728887914016234,66.55700004130452
885.0,Metal Pet Food Can (Steel),80.0,22.0,0.0,6.0,90.0,100.0,Pet Food,Literature,High,0.38817131203263083,0.0,A,1.0,54.473147518694766,0.2907801418439716,0.7938144329896907,75.15171455728596,64.81243103799036
886.0,Recycled Metal Pet Food Can,80.0,22.0,0.0,4.0,95.0,95.0,Pet Food,Estimate,Medium,0.25220938137321547,0.0,A,1.0,59.91162474507138,0.2730496453900709,0.7938144329896907,76.038239379981,67.9749320625262
887.0,Virgin Cardboard - Home Care Box,16.0,12.0,5.0,1.1,90.0,45.0,Home Care,Estimate,Medium,0.055064581917063225,0.05,A,1.0,69.29741672331747,0.09574468085106383,0.13402061855670103,51.91379688528186,60.60560680429967
888.0,Recycled Cardboard - Home Care Box,16.0,12.0,5.0,0.8,95.0,41.0,Home Care,Estimate,Medium,0.034670292318150914,0.05,A,1.0,70.11318830727397,0.08156028368794327,0.13402061855670103,52.62301674343789,61.36810252535593
889.0,Plastic Home Care Bottle (HDPE),65.0,18.0,1.0,3.1,50.0,80.0,Home Care,Literature,High,0.19102651257647857,0.01,C,0.5,47.65893949694087,0.2198581560283688,0.6391752577319587,70.9658550851795,59.31239729106018
890.0,Recycled Plastic Home Care Bottle,65.0,18.0,1.0,2.0,70.0,78.0,Home Care,Estimate,Medium,0.11624745071380013,0.01,B,0.75,58.15010197144799,0.2127659574468085,0.6391752577319587,71.32046501425751,64.73528349285274
891.0,Plastic Home Care Pouch (PE),30.0,10.0,1.0,2.5,30.0,50.0,Home Care,Estimate,Medium,0.15023793337865396,0.01,D,0.25,41.79048266485385,0.11347517730496454,0.27835051546391754,58.24376690794766,50.01712478640076
892.0,Recyclable Mono-PE Home Care Pouch,30.0,10.0,1.0,2.3,50.0,55.0,Home Care,Estimate,Medium,0.13664174031271242,0.01,C,0.5,49.8343303874915,0.13120567375886524,0.27835051546391754,57.357242085252615,53.59578623637206
893.0,Compostable Home Care Pouch,25.0,9.0,85.0,0.7,60.0,80.0,Home Care,Estimate,Medium,0.027872195785180146,0.85,C,0.5,79.3851121685928,0.2198581560283688,0.2268041237113402,50.34729838414857,64.86620527637069
894.0,Paper-based Home Care Box with PLA liner,18.0,12.0,60.0,1.1,75.0,90.0,Home Care,Estimate,Medium,0.055064581917063225,0.6,B,0.75,78.29741672331747,0.2553191489361702,0.15463917525773196,44.96600131607809,61.63170901969778
895.0,Virgin Cardboard - Personal Care Box,16.0,12.0,5.0,1.1,90.0,45.0,Personal Care,Estimate,Medium,0.055064581917063225,0.05,A,1.0,69.29741672331747,0.09574468085106383,0.13402061855670103,51.91379688528186,60.60560680429967
896.0,Recycled Cardboard - Personal Care Box,16.0,12.0,5.0,0.8,95.0,41.0,Personal Care,Estimate,Medium,0.034670292318150914,0.05,A,1.0,70.11318830727397,0.08156028368794327,0.13402061855670103,52.62301674343789,61.36810252535593
897.0,Plastic Personal Care Bottle (PET),60.0,15.0,1.0,3.0,40.0,80.0,Personal Care,Literature,High,0.18422841604350781,0.01,D,0.25,40.430863358259685,0.2198581560283688,0.5876288659793815,68.38853549755063,54.40969942790516
898.0,Recycled Plastic Personal Care Bottle (rPET),60.0,15.0,1.0,1.8,60.0,78.0,Personal Care,Estimate,Medium,0.1026512576478586,0.01,C,0.5,51.19394969408566,0.2127659574468085,0.5876288659793815,68.74314542662864,59.96854756035715
899.0,Paper-based Personal Care Pouch,18.0,10.0,70.0,1.1,85.0,80.0,Personal Care,Estimate,Medium,0.055064581917063225,0.7,B,0.75,81.29741672331747,0.2198581560283688,0.15463917525773196,46.73905096146816,64.01823384239282
900.0,Compostable Personal Care Pouch,35.0,9.0,85.0,0.7,60.0,90.0,Personal Care,Estimate,Medium,0.027872195785180146,0.85,C,0.5,79.3851121685928,0.2553191489361702,0.32989690721649484,53.728887914016234,66.55700004130452
901.0,Virgin Cardboard - Electronics Outer Box,18.0,18.0,5.0,1.2,90.0,50.0,Electronics,Literature,High,0.06186267845003398,0.05,A,1.0,69.02549286199864,0.11347517730496454,0.15463917525773196,52.05819989763838,60.54184637981851
902.0,Recycled Cardboard - Electronics Outer Box,18.0,18.0,5.0,0.82,95.0,46.0,Electronics,Literature,High,0.03602991162474507,0.05,A,1.0,70.0588035350102,0.09929078014184398,0.15463917525773196,52.7674197557944,61.413111645402296
903.0,Molded Fiber Electronics Outer Tray,12.0,8.0,85.0,0.5,80.0,56.0,Electronics,Estimate,Medium,0.014276002719238614,0.85,B,0.75,87.42895989123046,0.1347517730496454,0.09278350515463918,47.90158660524969,67.66527324824008
904.0,Plastic Electronics Outer Shell (ABS),70.0,20.0,1.0,4.0,20.0,90.0,Electronics,Literature,High,0.25220938137321547,0.01,D,0.25,37.71162474507138,0.2553191489361702,0.6907216494845361,71.7701250274183,54.74087488624484
905.0,Recycled Plastic Electronics Outer Shell,70.0,20.0,1.0,3.0,40.0,85.0,Electronics,Estimate,Medium,0.18422841604350781,0.01,D,0.25,40.430863358259685,0.2375886524822695,0.6907216494845361,72.65664985011333,56.543756604186505
906.0,Paper-based Electronics Outer Box with ESD,16.0,14.0,80.0,1.1,75.0,60.0,Electronics,Estimate,Medium,0.055064581917063225,0.8,B,0.75,84.29741672331747,0.14893617021276595,0.13402061855670103,49.25422241719675,66.77581957025711
907.0,Virgin Cardboard - Pharma Inner Box,15.0,11.0,5.0,1.1,90.0,44.0,Pharma,Estimate,Medium,0.055064581917063225,0.05,A,1.0,69.29741672331747,0.09219858156028368,0.12371134020618557,51.575637932295095,60.43652732780628
908.0,Recycled Cardboard - Pharma Inner Box,15.0,11.0,5.0,0.8,95.0,40.0,Pharma,Estimate,Medium,0.034670292318150914,0.05,A,1.0,70.11318830727397,0.07801418439716312,0.12371134020618557,52.28485779045112,61.19902304886254
909.0,Molded Fiber Pharma Insert,9.0,5.0,85.0,0.5,80.0,50.0,Pharma,Estimate,Medium,0.014276002719238614,0.85,B,0.75,87.42895989123046,0.11347517730496454,0.061855670103092786,47.41902463990642,67.42399226556844
910.0,Plastic Blister - Pharma (PVC),60.0,15.0,1.0,8.0,10.0,120.0,Pharma,Literature,High,0.5241332426920462,0.01,D,0.25,26.83467029231815,0.3617021276595745,0.5876288659793815,61.296336915990345,44.065503604154244
911.0,Recyclable Blister - Pharma (PET),65.0,16.0,1.0,3.0,40.0,150.0,Pharma,Estimate,Medium,0.18422841604350781,0.01,D,0.25,40.430863358259685,0.46808510638297873,0.6391752577319587,58.554507567449,49.49268546285434
912.0,Paper-based Blister - Pharma,28.0,12.0,70.0,1.2,70.0,140.0,Pharma,Estimate,Medium,0.06186267845003398,0.7,B,0.75,81.02549286199864,0.4326241134751773,0.25773195876288657,41.25539226438546,61.14044256319205
913.0,Glass Vial,70.0,10.0,0.0,2.4,95.0,130.0,Pharma,Literature,High,0.1434398368456832,0.0,A,1.0,64.26240652617268,0.3971631205673759,0.6907216494845361,64.67792644585802,64.47016648601536
914.0,Plastic Vial (PET),60.0,12.0,1.0,3.0,40.0,80.0,Pharma,Estimate,Medium,0.18422841604350781,0.01,D,0.25,40.430863358259685,0.2198581560283688,0.5876288659793815,68.38853549755063,54.40969942790516
915.0,Recycled Plastic Vial (rPET),60.0,12.0,1.0,1.8,60.0,78.0,Pharma,Estimate,Medium,0.1026512576478586,0.01,C,0.5,51.19394969408566,0.2127659574468085,0.5876288659793815,68.74314542662864,59.96854756035715
916.0,Virgin Cardboard - Medical Device Box,18.0,16.0,5.0,1.2,90.0,48.0,Medical,Estimate,Medium,0.06186267845003398,0.05,A,1.0,69.02549286199864,0.10638297872340426,0.15463917525773196,52.41280982671639,60.71915134435751
917.0,Recycled Cardboard - Medical Device Box,18.0,16.0,5.0,0.82,95.0,44.0,Medical,Estimate,Medium,0.03602991162474507,0.05,A,1.0,70.0588035350102,0.09219858156028368,0.15463917525773196,53.12202968487241,61.5904166099413
918.0,Molded Fiber Medical Device Insert,11.0,7.0,85.0,0.5,80.0,54.0,Medical,Estimate,Medium,0.014276002719238614,0.85,B,0.75,87.42895989123046,0.1276595744680851,0.08247422680412371,47.740732616801935,67.5848462540162
919.0,Plastic Medical Device Blister (PET),65.0,16.0,1.0,3.0,40.0,80.0,Medical,Estimate,Medium,0.18422841604350781,0.01,D,0.25,40.430863358259685,0.2198581560283688,0.6391752577319587,70.9658550851795,55.69835922171959
920.0,Recycled Plastic Medical Device Blister (rPET),65.0,16.0,1.0,1.8,60.0,78.0,Medical,Estimate,Medium,0.1026512576478586,0.01,C,0.5,51.19394969408566,0.2127659574468085,0.6391752577319587,71.32046501425751,61.257207354171584
921.0,Paper-based Medical Device Pouch,20.0,10.0,80.0,1.1,85.0,90.0,Medical,Estimate,Medium,0.055064581917063225,0.8,B,0.75,84.29741672331747,0.2553191489361702,0.17525773195876287,45.99692915112964,65.14717293722356
922.0,Plastic Medical Device Pouch (PE),30.0,10.0,1.0,2.5,30.0,50.0,Medical,Estimate,Medium,0.15023793337865396,0.01,D,0.25,41.79048266485385,0.11347517730496454,0.27835051546391754,58.24376690794766,50.01712478640076
923.0,Recyclable Mono-PE Medical Device Pouch,30.0,10.0,1.0,2.3,50.0,55.0,Medical,Estimate,Medium,0.13664174031271242,0.01,C,0.5,49.8343303874915,0.13120567375886524,0.27835051546391754,57.357242085252615,53.59578623637206
924.0,Compostable Medical Device Pouch,25.0,9.0,85.0,0.7,60.0,80.0,Medical,Estimate,Medium,0.027872195785180146,0.85,C,0.5,79.3851121685928,0.2198581560283688,0.2268041237113402,50.34729838414857,64.86620527637069
925.0,Virgin Cardboard - Industrial Box,20.0,20.0,5.0,1.3,88.0,50.0,Industrial,Estimate,Medium,0.06866077498300475,0.05,B,0.75,61.25356900067982,0.11347517730496454,0.17525773195876287,53.089127732689924,57.17134836668487
926.0,Recycled Cardboard - Industrial Box,20.0,20.0,5.0,0.9,93.0,46.0,Industrial,Estimate,Medium,0.04146838885112169,0.05,A,1.0,69.84126444595513,0.09929078014184398,0.17525773195876287,53.79834759084594,61.81980601840054
927.0,Plastic Industrial Container (HDPE),70.0,30.0,1.0,4.0,50.0,100.0,Industrial,Estimate,Medium,0.25220938137321547,0.01,C,0.5,45.211624745071376,0.2907801418439716,0.6907216494845361,69.99707538202821,57.604350063549795
928.0,Recycled Plastic Industrial Container,70.0,30.0,1.0,2.8,65.0,95.0,Industrial,Estimate,Medium,0.17063222297756625,0.01,C,0.5,48.47471108089735,0.2730496453900709,0.6907216494845361,70.88360020472327,59.67915564281031
929.0,Metal Industrial Container (Steel),80.0,35.0,0.0,7.0,90.0,140.0,Industrial,Estimate,Medium,0.45615227736233854,0.0,A,1.0,51.753908905506464,0.4326241134751773,0.7938144329896907,68.05951597572566,59.90671244061606
930.0,Bio-based Industrial Container,50.0,25.0,30.0,2.5,55.0,120.0,Industrial,Estimate,Medium,0.15023793337865396,0.3,C,0.5,57.99048266485385,0.3617021276595745,0.4845360824742268,56.141697740732624,57.066090202793234
931.0,Virgin Cardboard - Chemical Box,18.0,16.0,5.0,1.2,88.0,48.0,Chemicals,Estimate,Medium,0.06186267845003398,0.05,B,0.75,61.52549286199864,0.10638297872340426,0.15463917525773196,52.41280982671639,56.96915134435751
932.0,Recycled Cardboard - Chemical Box,18.0,16.0,5.0,0.82,93.0,44.0,Chemicals,Estimate,Medium,0.03602991162474507,0.05,A,1.0,70.0588035350102,0.09219858156028368,0.15463917525773196,53.12202968487241,61.5904166099413
933.0,Plastic Chemical Drum (HDPE),70.0,35.0,1.0,4.0,50.0,100.0,Chemicals,Estimate,Medium,0.25220938137321547,0.01,C,0.5,45.211624745071376,0.2907801418439716,0.6907216494845361,69.99707538202821,57.604350063549795
934.0,Recycled Plastic Chemical Drum,70.0,35.0,1.0,2.8,65.0,95.0,Chemicals,Estimate,Medium,0.17063222297756625,0.01,C,0.5,48.47471108089735,0.2730496453900709,0.6907216494845361,70.88360020472327,59.67915564281031
935.0,Metal Chemical Drum (Steel),85.0,40.0,0.0,8.0,90.0,140.0,Chemicals,Literature,High,0.5241332426920462,0.0,A,1.0,49.03467029231815,0.4326241134751773,0.845360824742268,70.63683556335454,59.83575292783634
936.0,Composite Chemical Drum (Steel/PE),80.0,38.0,1.0,7.0,70.0,150.0,Chemicals,Estimate,Medium,0.45615227736233854,0.01,B,0.75,44.553908905506454,0.46808510638297873,0.7938144329896907,66.28646633033559,55.420187617921016
937.0,Virgin Cardboard - Cosmetic Shipping Box,16.0,12.0,5.0,1.1,90.0,45.0,Cosmetic Shipping,Estimate,Medium,0.055064581917063225,0.05,A,1.0,69.29741672331747,0.09574468085106383,0.13402061855670103,51.91379688528186,60.60560680429967
938.0,Recycled Cardboard - Cosmetic Shipping Box,16.0,12.0,5.0,0.8,95.0,41.0,Cosmetic Shipping,Estimate,Medium,0.034670292318150914,0.05,A,1.0,70.11318830727397,0.08156028368794327,0.13402061855670103,52.62301674343789,61.36810252535593
939.0,Paper-based Cosmetic Shipping Filler,10.0,6.0,80.0,0.8,90.0,35.0,Cosmetic Shipping,Estimate,Medium,0.034670292318150914,0.8,A,1.0,92.61318830727396,0.06028368794326241,0.07216494845360824,50.594063025517286,71.60362566639563
940.0,Plastic Cosmetic Shipping Filler (PE),30.0,10.0,1.0,2.5,30.0,50.0,Cosmetic Shipping,Estimate,Medium,0.15023793337865396,0.01,D,0.25,41.79048266485385,0.11347517730496454,0.27835051546391754,58.24376690794766,50.01712478640076
941.0,Recycled Plastic Cosmetic Shipping Filler,30.0,10.0,1.0,1.8,50.0,48.0,Cosmetic Shipping,Estimate,Medium,0.1026512576478586,0.01,C,0.5,51.19394969408566,0.10638297872340426,0.27835051546391754,58.59837683702567,54.896163265555664
942.0,Compostable Cosmetic Shipping Filler,20.0,8.0,85.0,0.7,60.0,80.0,Cosmetic Shipping,Estimate,Medium,0.027872195785180146,0.85,C,0.5,79.3851121685928,0.2198581560283688,0.17525773195876287,47.76997879651971,63.57754548255625
943.0,Virgin Cardboard - Subscription Box,16.0,12.0,5.0,1.1,90.0,45.0,Subscription,Estimate,Medium,0.055064581917063225,0.05,A,1.0,69.29741672331747,0.09574468085106383,0.13402061855670103,51.91379688528186,60.60560680429967
944.0,Recycled Cardboard - Subscription Box,16.0,12.0,5.0,0.8,95.0,41.0,Subscription,Estimate,Medium,0.034670292318150914,0.05,A,1.0,70.11318830727397,0.08156028368794327,0.13402061855670103,52.62301674343789,61.36810252535593
945.0,Paper-based Subscription Filler,10.0,6.0,80.0,0.8,90.0,35.0,Subscription,Estimate,Medium,0.034670292318150914,0.8,A,1.0,92.61318830727396,0.06028368794326241,0.07216494845360824,50.594063025517286,71.60362566639563
946.0,Plastic Subscription Filler (PE),30.0,10.0,1.0,2.5,30.0,50.0,Subscription,Estimate,Medium,0.15023793337865396,0.01,D,0.25,41.79048266485385,0.11347517730496454,0.27835051546391754,58.24376690794766,50.01712478640076
947.0,Recycled Plastic Subscription Filler,30.0,10.0,1.0,1.8,50.0,48.0,Subscription,Estimate,Medium,0.1026512576478586,0.01,C,0.5,51.19394969408566,0.10638297872340426,0.27835051546391754,58.59837683702567,54.896163265555664
948.0,Compostable Subscription Filler,20.0,8.0,85.0,0.7,60.0,80.0,Subscription,Estimate,Medium,0.027872195785180146,0.85,C,0.5,79.3851121685928,0.2198581560283688,0.17525773195876287,47.76997879651971,63.57754548255625
949.0,Virgin Cardboard - Gift Box,16.0,12.0,5.0,1.1,90.0,50.0,Gifts,Estimate,Medium,0.055064581917063225,0.05,A,1.0,69.29741672331747,0.11347517730496454,0.13402061855670103,51.027272062586825,60.16234439295215
950.0,Recycled Cardboard - Gift Box,16.0,12.0,5.0,0.8,95.0,45.0,Gifts,Estimate,Medium,0.034670292318150914,0.05,A,1.0,70.11318830727397,0.09574468085106383,0.13402061855670103,51.91379688528186,61.01349259627791
951.0,Paper-based Gift Filler,10.0,6.0,80.0,0.8,90.0,40.0,Gifts,Estimate,Medium,0.034670292318150914,0.8,A,1.0,92.61318830727396,0.07801418439716312,0.07216494845360824,49.707538202822256,71.16036325504811
952.0,Plastic Gift Filler (PE),30.0,10.0,1.0,2.5,30.0,55.0,Gifts,Estimate,Medium,0.15023793337865396,0.01,D,0.25,41.79048266485385,0.13120567375886524,0.27835051546391754,57.357242085252615,49.57386237505323
953.0,Recycled Plastic Gift Filler,30.0,10.0,1.0,1.8,50.0,50.0,Gifts,Estimate,Medium,0.1026512576478586,0.01,C,0.5,51.19394969408566,0.11347517730496454,0.27835051546391754,58.24376690794766,54.71885830101666
954.0,Compostable Gift Filler,20.0,8.0,85.0,0.7,60.0,85.0,Gifts,Estimate,Medium,0.027872195785180146,0.85,C,0.5,79.3851121685928,0.2375886524822695,0.17525773195876287,46.88345397382467,63.134283071208735
955.0,Virgin Cardboard - Electronics Accessory Box,15.0,11.0,5.0,1.1,90.0,44.0,Electronics Accessory,Estimate,Medium,0.055064581917063225,0.05,A,1.0,69.29741672331747,0.09219858156028368,0.12371134020618557,51.575637932295095,60.43652732780628
956.0,Recycled Cardboard - Electronics Accessory Box,15.0,11.0,5.0,0.8,95.0,40.0,Electronics Accessory,Estimate,Medium,0.034670292318150914,0.05,A,1.0,70.11318830727397,0.07801418439716312,0.12371134020618557,52.28485779045112,61.19902304886254
957.0,Molded Fiber Electronics Accessory Insert,9.0,5.0,85.0,0.5,80.0,50.0,Electronics Accessory,Estimate,Medium,0.014276002719238614,0.85,B,0.75,87.42895989123046,0.11347517730496454,0.061855670103092786,47.41902463990642,67.42399226556844
958.0,Plastic Electronics Accessory Blister (PET),60.0,15.0,1.0,3.0,40.0,80.0,Electronics Accessory,Estimate,Medium,0.18422841604350781,0.01,D,0.25,40.430863358259685,0.2198581560283688,0.5876288659793815,68.38853549755063,54.40969942790516
959.0,Recycled Plastic Electronics Accessory Blister (rPET),60.0,15.0,1.0,1.8,60.0,78.0,Electronics Accessory,Estimate,Medium,0.1026512576478586,0.01,C,0.5,51.19394969408566,0.2127659574468085,0.5876288659793815,68.74314542662864,59.96854756035715
960.0,Paper-based Electronics Accessory Pouch,18.0,10.0,80.0,1.0,85.0,70.0,Electronics Accessory,Estimate,Medium,0.04826648538409245,0.8,B,0.75,84.56934058463631,0.18439716312056736,0.15463917525773196,48.512100606858226,66.54072059574727
961.0,Virgin Cardboard - Beverage Shipping Box,18.0,18.0,5.0,1.2,88.0,48.0,Beverage Shipping,Estimate,Medium,0.06186267845003398,0.05,B,0.75,61.52549286199864,0.10638297872340426,0.15463917525773196,52.41280982671639,56.96915134435751
962.0,Recycled Cardboard - Beverage Shipping Box,18.0,18.0,5.0,0.82,93.0,44.0,Beverage Shipping,Estimate,Medium,0.03602991162474507,0.05,A,1.0,70.0588035350102,0.09219858156028368,0.15463917525773196,53.12202968487241,61.5904166099413
963.0,Molded Pulp Beverage Divider,12.0,9.0,85.0,0.5,80.0,55.0,Beverage Shipping,Estimate,Medium,0.014276002719238614,0.85,B,0.75,87.42895989123046,0.13120567375886524,0.09278350515463918,48.078891569788695,67.75392573050958
964.0,Plastic Beverage Divider (PET),65.0,18.0,1.0,3.0,40.0,80.0,Beverage Shipping,Estimate,Medium,0.18422841604350781,0.01,D,0.25,40.430863358259685,0.2198581560283688,0.6391752577319587,70.9658550851795,55.69835922171959
965.0,Recycled Plastic Beverage Divider (rPET),65.0,18.0,1.0,1.8,60.0,78.0,Beverage Shipping,Estimate,Medium,0.1026512576478586,0.01,C,0.5,51.19394969408566,0.2127659574468085,0.6391752577319587,71.32046501425751,61.257207354171584
966.0,Paper-based Beverage Divider,16.0,12.0,80.0,1.0,85.0,60.0,Beverage Shipping,Estimate,Medium,0.04826648538409245,0.8,B,0.75,84.56934058463631,0.14893617021276595,0.13402061855670103,49.25422241719675,66.91178150091653
967.0,Virgin Cardboard - Pallet Box,22.0,24.0,5.0,1.3,88.0,55.0,Palletization,Estimate,Medium,0.06866077498300475,0.05,B,0.75,61.25356900067982,0.13120567375886524,0.1958762886597938,53.23353074504643,57.24354987286313
968.0,Recycled Cardboard - Pallet Box,22.0,24.0,5.0,0.9,93.0,50.0,Palletization,Estimate,Medium,0.04146838885112169,0.05,A,1.0,69.84126444595513,0.11347517730496454,0.1958762886597938,54.12005556774147,61.9806600068483
969.0,Plastic Pallet Box (HDPE),70.0,30.0,1.0,4.0,50.0,120.0,Palletization,Estimate,Medium,0.25220938137321547,0.01,C,0.5,45.211624745071376,0.3617021276595745,0.6907216494845361,66.45097609124808,55.83130041815973
970.0,Recycled Plastic Pallet Box,70.0,30.0,1.0,2.8,65.0,115.0,Palletization,Estimate,Medium,0.17063222297756625,0.01,C,0.5,48.47471108089735,0.34397163120567376,0.6907216494845361,67.33750091394312,57.906105997420234
971.0,Metal Pallet Box (Steel),80.0,35.0,0.0,7.0,90.0,150.0,Palletization,Estimate,Medium,0.45615227736233854,0.0,A,1.0,51.753908905506464,0.46808510638297873,0.7938144329896907,66.28646633033559,59.020187617921025
972.0,Bio-based Pallet Box,50.0,25.0,30.0,2.5,55.0,130.0,Palletization,Estimate,Medium,0.15023793337865396,0.3,C,0.5,57.99048266485385,0.3971631205673759,0.4845360824742268,54.36864809534254,56.1795653800982
973.0,Virgin Cardboard - Bulk Liquid Box,20.0,20.0,5.0,1.3,88.0,55.0,Bulk Liquids,Estimate,Medium,0.06866077498300475,0.05,B,0.75,61.25356900067982,0.13120567375886524,0.17525773195876287,52.20260290999488,56.72808595533735
974.0,Recycled Cardboard - Bulk Liquid Box,20.0,20.0,5.0,0.9,93.0,50.0,Bulk Liquids,Estimate,Medium,0.04146838885112169,0.05,A,1.0,69.84126444595513,0.11347517730496454,0.17525773195876287,53.089127732689924,61.46519608932253
975.0,Plastic Bag-in-Box Liner (PE),35.0,15.0,1.0,2.5,30.0,60.0,Bulk Liquids,Estimate,Medium,0.15023793337865396,0.01,D,0.25,41.79048266485385,0.14893617021276595,0.32989690721649484,59.04803685018645,50.41925975752015
976.0,Recyclable Mono-PE Bag-in-Box Liner,35.0,15.0,1.0,2.3,50.0,65.0,Bulk Liquids,Estimate,Medium,0.13664174031271242,0.01,C,0.5,49.8343303874915,0.16666666666666666,0.32989690721649484,58.16151202749141,53.99792120749146
977.0,Compostable Bag-in-Box Liner,30.0,14.0,85.0,0.8,60.0,85.0,Bulk Liquids,Estimate,Medium,0.034670292318150914,0.85,C,0.5,79.11318830727397,0.2375886524822695,0.27835051546391754,52.03809314908241,65.57564072817819
978.0,Plastic IBC Inner Bottle (HDPE),70.0,35.0,1.0,4.0,50.0,100.0,Bulk Liquids,Estimate,Medium,0.25220938137321547,0.01,C,0.5,45.211624745071376,0.2907801418439716,0.6907216494845361,69.99707538202821,57.604350063549795
979.0,Recycled Plastic IBC Inner Bottle,70.0,35.0,1.0,2.8,65.0,95.0,Bulk Liquids,Estimate,Medium,0.17063222297756625,0.01,C,0.5,48.47471108089735,0.2730496453900709,0.6907216494845361,70.88360020472327,59.67915564281031
980.0,Metal IBC Cage (Steel),80.0,40.0,0.0,7.0,90.0,140.0,Bulk Liquids,Estimate,Medium,0.45615227736233854,0.0,A,1.0,51.753908905506464,0.4326241134751773,0.7938144329896907,68.05951597572566,59.90671244061606
981.0,Virgin Cardboard - Shipping Sleeve,18.0,16.0,5.0,1.2,90.0,48.0,Shipping,Estimate,Medium,0.06186267845003398,0.05,A,1.0,69.02549286199864,0.10638297872340426,0.15463917525773196,52.41280982671639,60.71915134435751
982.0,Recycled Cardboard - Shipping Sleeve,18.0,16.0,5.0,0.82,95.0,44.0,Shipping,Estimate,Medium,0.03602991162474507,0.05,A,1.0,70.0588035350102,0.09219858156028368,0.15463917525773196,53.12202968487241,61.5904166099413
983.0,Paper-based Shipping Sleeve,15.0,12.0,80.0,1.0,90.0,42.0,Shipping,Estimate,Medium,0.04826648538409245,0.8,A,1.0,92.06934058463632,0.0851063829787234,0.12371134020618557,51.930247861373104,71.99979422300471
984.0,Plastic Shipping Sleeve (PE),35.0,12.0,1.0,2.5,30.0,50.0,Shipping,Estimate,Medium,0.15023793337865396,0.01,D,0.25,41.79048266485385,0.11347517730496454,0.32989690721649484,60.821086495576516,51.30578458021518
985.0,Recycled Plastic Shipping Sleeve,35.0,12.0,1.0,1.8,50.0,48.0,Shipping,Estimate,Medium,0.1026512576478586,0.01,C,0.5,51.19394969408566,0.10638297872340426,0.32989690721649484,61.175696424654525,56.18482305937009
986.0,Compostable Shipping Sleeve,25.0,10.0,85.0,0.7,60.0,80.0,Shipping,Estimate,Medium,0.027872195785180146,0.85,C,0.5,79.3851121685928,0.2198581560283688,0.2268041237113402,50.34729838414857,64.86620527637069
987.0,Virgin Cardboard - Retail Shelf Tray,16.0,14.0,5.0,1.1,90.0,46.0,Retail,Estimate,Medium,0.055064581917063225,0.05,A,1.0,69.29741672331747,0.09929078014184398,0.13402061855670103,51.73649192074286,60.51695432203016
988.0,Recycled Cardboard - Retail Shelf Tray,16.0,14.0,5.0,0.8,95.0,42.0,Retail,Estimate,Medium,0.034670292318150914,0.05,A,1.0,70.11318830727397,0.0851063829787234,0.13402061855670103,52.44571177889888,61.27945004308643
989.0,Paper-based Retail Shelf Tray,14.0,12.0,80.0,0.9,90.0,40.0,Retail,Estimate,Medium,0.04146838885112169,0.8,A,1.0,92.34126444595515,0.07801418439716312,0.1134020618556701,51.76939387292535,72.05532915944025
990.0,Plastic Retail Shelf Tray (PET),60.0,15.0,1.0,3.0,40.0,80.0,Retail,Estimate,Medium,0.18422841604350781,0.01,D,0.25,40.430863358259685,0.2198581560283688,0.5876288659793815,68.38853549755063,54.40969942790516
991.0,Recycled Plastic Retail Shelf Tray (rPET),60.0,15.0,1.0,1.8,60.0,78.0,Retail,Estimate,Medium,0.1026512576478586,0.01,C,0.5,51.19394969408566,0.2127659574468085,0.5876288659793815,68.74314542662864,59.96854756035715
992.0,Compostable Retail Shelf Tray,30.0,10.0,85.0,0.7,60.0,90.0,Retail,Estimate,Medium,0.027872195785180146,0.85,C,0.5,79.3851121685928,0.2553191489361702,0.27835051546391754,51.15156832638736,65.26834024749007
993.0,Virgin Cardboard - POS Display,18.0,14.0,5.0,1.2,88.0,50.0,POS,Estimate,Medium,0.06186267845003398,0.05,B,0.75,61.52549286199864,0.11347517730496454,0.15463917525773196,52.05819989763838,56.79184637981851
994.0,Recycled Cardboard - POS Display,18.0,14.0,5.0,0.9,93.0,46.0,POS,Estimate,Medium,0.04146838885112169,0.05,A,1.0,69.84126444595513,0.09929078014184398,0.15463917525773196,52.7674197557944,61.30434210087476
995.0,Paper-based POS Display,16.0,12.0,80.0,1.0,90.0,45.0,POS,Estimate,Medium,0.04826648538409245,0.8,A,1.0,92.06934058463632,0.09574468085106383,0.13402061855670103,51.91379688528186,71.99156873495909
996.0,Plastic POS Display (PET),65.0,18.0,1.0,3.0,40.0,90.0,POS,Estimate,Medium,0.18422841604350781,0.01,D,0.25,40.430863358259685,0.2553191489361702,0.6391752577319587,69.19280543978942,54.811834399024555
997.0,Recycled Plastic POS Display (rPET),65.0,18.0,1.0,1.8,60.0,88.0,POS,Estimate,Medium,0.1026512576478586,0.01,C,0.5,51.19394969408566,0.24822695035460993,0.6391752577319587,69.54741536886743,60.37068253147655
998.0,Compostable POS Display,30.0,10.0,85.0,0.7,60.0,95.0,POS,Estimate,Medium,0.027872195785180146,0.85,C,0.5,79.3851121685928,0.2730496453900709,0.27835051546391754,50.26504350369233,64.82507783614257
999.0,Virgin Cardboard - Secondary Pack,16.0,12.0,5.0,1.1,90.0,45.0,Secondary,Estimate,Medium,0.055064581917063225,0.05,A,1.0,69.29741672331747,0.09574468085106383,0.13402061855670103,51.91379688528186,60.60560680429967
1000.0,Recycled Cardboard - Secondary Pack,16.0,12.0,5.0,0.8,95.0,41.0,Secondary,Estimate,Medium,0.034670292318150914,0.05,A,1.0,70.11318830727397,0.08156028368794327,0.13402061855670103,52.62301674343789,61.36810252535593
