material_id,material_type,strength_mpa,weight_capacity_kg,biodegradability_percent,co2_emission_kg_per_kg,recyclability_percent,cost_per_kg,industry_use_case,source_type,confidence_level,co2_emission_norm,biodegradability_norm,recyclability_category,recyclability_score,co2_impact_index,strength_norm,capacity_norm,cost_norm,inv_cost_norm,cost_efficiency_index
1.0,Virgin Cardboard,15.0,15.0,5.0,1.14,90.0,45.0,General Packaging,Literature,High,0.057783820530251516,0.05,A,1.0,69.18864717878994,0.12371134020618557,0.008678237650200267,0.09574468085106383,0.9042553191489362,32.33646031222152
2.0,Recycled Cardboard,15.0,15.0,5.0,0.82,95.0,40.0,General Packaging,Literature,High,0.03602991162474507,0.05,A,1.0,70.0588035350102,0.12371134020618557,0.008678237650200267,0.07801418439716312,0.9219858156028369,32.86837520583854
3.0,Virgin Paper,5.0,5.0,5.0,0.91,85.0,35.0,Light Packaging,Literature,High,0.04214819850441877,0.05,B,0.75,62.314072059823246,0.020618556701030927,0.0020026702269692926,0.06028368794326241,0.9397163120567376,29.07631173655244
4.0,Recycled Paper,5.0,5.0,5.0,0.62,90.0,30.0,Light Packaging,Literature,High,0.022433718558803536,0.05,A,1.0,70.60265125764786,0.020618556701030927,0.0020026702269692926,0.0425531914893617,0.9574468085106383,29.608226630169465
5.0,PLA Bioplastic,50.0,10.0,80.0,0.5,70.0,120.0,Food/Cosmetic,Literature,High,0.014276002719238614,0.8,B,0.75,85.92895989123045,0.4845360824742268,0.0053404539385847796,0.3617021276595745,0.6382978723404256,38.69059308733938
6.0,Compostable Plastic,40.0,8.0,85.0,0.6,70.0,110.0,Food Packaging,Literature,High,0.02107409925220938,0.85,B,0.75,87.15703602991162,0.38144329896907214,0.004005340453938585,0.3262411347517731,0.6737588652482269,35.59065812982785
7.0,Conventional Plastic (PET),60.0,15.0,1.0,3.0,50.0,80.0,General Packaging,Literature,High,0.18422841604350781,0.01,C,0.5,47.93086335825969,0.5876288659793815,0.008678237650200267,0.2198581560283688,0.7801418439716312,47.169757087830206
8.0,Conventional Plastic (HDPE),65.0,18.0,1.0,3.1,55.0,85.0,Food/Cosmetics,Literature,High,0.19102651257647857,0.01,C,0.5,47.65893949694087,0.6391752577319587,0.010680907877169559,0.2375886524822695,0.7624113475177305,48.75977797112535
9.0,Recycled PET,60.0,15.0,1.0,1.8,75.0,90.0,General Packaging,Literature,High,0.1026512576478586,0.01,B,0.75,58.69394969408566,0.5876288659793815,0.008678237650200267,0.2553191489361702,0.7446808510638299,46.105927300596164
10.0,Sugarcane Bagasse,12.0,7.0,90.0,0.4,80.0,50.0,Food Packaging,Literature,High,0.007477906186267848,0.9,B,0.75,89.20088375254929,0.09278350515463918,0.0033377837116154874,0.11347517730496454,0.8865248226950355,30.407218398385094
11.0,Wood Pulp Molded Fiber,10.0,6.0,85.0,0.5,75.0,55.0,Electronics Packaging,Literature,High,0.014276002719238614,0.85,B,0.75,87.42895989123046,0.07216494845360824,0.0026702269692923898,0.13120567375886524,0.8687943262411347,29.030534534457143
12.0,Corrugated Paperboard,16.0,20.0,5.0,1.2,92.0,48.0,Electronics Packaging,Literature,High,0.06186267845003398,0.05,A,1.0,69.02549286199864,0.13402061855670103,0.012016021361815754,0.10638297872340426,0.8936170212765957,32.52981602142039
13.0,Cotton Fabric Wrap,20.0,8.0,90.0,0.6,70.0,100.0,Food/Cosmetics,Literature,Medium,0.02107409925220938,0.9,B,0.75,88.65703602991162,0.17525773195876287,0.004005340453938585,0.2907801418439716,0.7092198581560284,28.407065236649526
14.0,Jute Bag,25.0,12.0,95.0,0.5,85.0,90.0,Food/Cosmetics,Literature,Medium,0.014276002719238614,0.95,B,0.75,90.42895989123045,0.2268041237113402,0.006675567423230975,0.2553191489361702,0.7446808510638299,31.612857503065435
15.0,PLA Sheet,50.0,12.0,80.0,0.55,70.0,125.0,Food Packaging,Literature,High,0.017675050985724,0.8,B,0.75,85.79299796057104,0.4845360824742268,0.006675567423230975,0.37943262411347517,0.6205673758865249,38.198731598261745
16.0,Polylactic Acid Blend,45.0,10.0,80.0,0.5,70.0,118.0,Food/Cosmetic,Literature,High,0.014276002719238614,0.8,B,0.75,85.92895989123045,0.4329896907216495,0.0053404539385847796,0.3546099290780142,0.6453900709219857,36.84150337468309
17.0,Biodegradable Film,30.0,8.0,85.0,0.6,65.0,105.0,Food Packaging,Literature,High,0.02107409925220938,0.85,C,0.5,79.65703602991164,0.27835051546391754,0.004005340453938585,0.30851063829787234,0.6914893617021276,31.998861683238687
18.0,Aluminum Foil,70.0,20.0,1.0,8.0,90.0,150.0,Food Packaging,Literature,High,0.5241332426920462,0.01,A,1.0,49.33467029231815,0.6907216494845361,0.012016021361815754,0.46808510638297873,0.5319148936170213,43.94679342874655
19.0,Glass Bottle,90.0,25.0,0.0,2.5,95.0,120.0,Drinkware,Literature,High,0.15023793337865396,0.0,A,1.0,63.99048266485384,0.8969072164948454,0.015353805073431242,0.3617021276595745,0.6382978723404256,55.48583898220952
20.0,Steel Can,80.0,22.0,0.0,6.0,90.0,100.0,Food/Drink,Literature,High,0.38817131203263083,0.0,A,1.0,54.473147518694766,0.7938144329896907,0.01335113484646195,0.2907801418439716,0.7092198581560284,53.42970710966234
21.0,Mixed Plastic (HDPE+PET),60.0,15.0,1.0,3.5,60.0,90.0,General Packaging,Estimate,Medium,0.21821889870836164,0.01,C,0.5,46.57124405166554,0.5876288659793815,0.008678237650200267,0.2553191489361702,0.7446808510638299,46.105927300596164
22.0,Recycled Mixed Plastic,60.0,15.0,1.0,2.0,70.0,85.0,General Packaging,Estimate,Medium,0.11624745071380013,0.01,B,0.75,58.15010197144799,0.5876288659793815,0.008678237650200267,0.2375886524822695,0.7624113475177305,46.637842194213185
23.0,PLA Compostable Pack,50.0,10.0,85.0,0.55,70.0,115.0,Food/Cosmetics,Literature,High,0.017675050985724,0.85,B,0.75,87.29299796057104,0.4845360824742268,0.0053404539385847796,0.34397163120567376,0.6560283687943262,39.2225079809564
24.0,Paper Pulp Tray,14.0,10.0,80.0,0.9,88.0,50.0,Food Packaging,Estimate,Medium,0.04146838885112169,0.8,B,0.75,84.84126444595513,0.1134020618556701,0.0053404539385847796,0.11347517730496454,0.8865248226950355,31.292040773235414
25.0,Cardboard Sleeve,16.0,12.0,5.0,1.1,92.0,42.0,Electronics Packaging,Estimate,Medium,0.055064581917063225,0.05,A,1.0,69.29741672331747,0.13402061855670103,0.006675567423230975,0.0851063829787234,0.9148936170212766,33.00790027560327
26.0,PLA Clamshell,48.0,9.0,80.0,0.52,70.0,120.0,Food Packaging,Literature,High,0.01563562202583277,0.8,B,0.75,85.87457511896669,0.4639175257731959,0.004672897196261682,0.3617021276595745,0.6382978723404256,37.84582411702845
27.0,Recycled Cardboard Box,15.0,15.0,5.0,0.83,95.0,41.0,General Packaging,Literature,High,0.036709721278042146,0.05,A,1.0,70.03161114887831,0.12371134020618557,0.008678237650200267,0.08156028368794327,0.9184397163120568,32.76199222711513
28.0,Virgin Cardboard - Heavy Duty,18.0,20.0,5.0,1.2,90.0,48.0,Electronics Packaging,Estimate,Medium,0.06186267845003398,0.05,A,1.0,69.02549286199864,0.15463917525773196,0.012016021361815754,0.10638297872340426,0.8936170212765957,33.35455828946162
29.0,Virgin Cardboard - Lightweight,12.0,10.0,5.0,1.1,90.0,42.0,Light Packaging,Estimate,Medium,0.055064581917063225,0.05,A,1.0,69.29741672331747,0.09278350515463918,0.0053404539385847796,0.0851063829787234,0.9148936170212766,31.31836233498141
30.0,Recycled Cardboard - Heavy Duty,18.0,20.0,5.0,0.85,95.0,43.0,Electronics Packaging,Estimate,Medium,0.038069340584636305,0.05,A,1.0,69.97722637661454,0.15463917525773196,0.012016021361815754,0.08865248226950355,0.9113475177304965,33.88647318307864
31.0,Recycled Cardboard - Lightweight,12.0,10.0,5.0,0.8,95.0,38.0,Light Packaging,Estimate,Medium,0.034670292318150914,0.05,A,1.0,70.11318830727397,0.09278350515463918,0.0053404539385847796,0.07092198581560284,0.9290780141843972,31.743894249875027
32.0,Virgin Cardboard - Food Grade,16.0,15.0,5.0,1.15,90.0,47.0,Food Packaging,Estimate,Medium,0.058463630183548596,0.05,A,1.0,69.16145479265805,0.13402061855670103,0.008678237650200267,0.10283687943262411,0.8971631205673759,32.53606548879532
33.0,Recycled Cardboard - Food Grade,16.0,15.0,5.0,0.84,95.0,41.0,Food Packaging,Estimate,Medium,0.037389530931339225,0.05,A,1.0,70.00441876274644,0.13402061855670103,0.008678237650200267,0.08156028368794327,0.9184397163120568,33.17436336113575
34.0,Virgin Paper - Coated,6.0,6.0,5.0,0.95,80.0,37.0,Labels & Inserts,Estimate,Medium,0.04486743711760706,0.05,B,0.75,62.20530251529573,0.030927835051546393,0.0026702269692923898,0.0673758865248227,0.9326241134751773,29.29594361539595
35.0,Virgin Paper - Uncoated,5.0,5.0,5.0,0.9,85.0,34.0,Light Packaging,Literature,High,0.04146838885112169,0.05,B,0.75,62.34126444595513,0.020618556701030927,0.0020026702269692926,0.05673758865248227,0.9432624113475178,29.182694715275847
36.0,Recycled Paper - Coated,6.0,6.0,5.0,0.65,88.0,32.0,Labels & Inserts,Estimate,Medium,0.02447314751869477,0.05,B,0.75,63.02107409925222,0.030927835051546393,0.0026702269692923898,0.04964539007092199,0.950354609929078,29.827858509012973
37.0,Recycled Paper - High Recycle,5.0,5.0,5.0,0.6,92.0,29.0,Light Packaging,Literature,High,0.02107409925220938,0.05,A,1.0,70.65703602991162,0.020618556701030927,0.0020026702269692926,0.03900709219858156,0.9609929078014184,29.714609608892868
38.0,Virgin Paper - Kraft,7.0,7.0,5.0,0.93,85.0,36.0,Mailers,Literature,High,0.04350781781101292,0.05,B,0.75,62.25968728755949,0.041237113402061855,0.0033377837116154874,0.06382978723404255,0.9361702127659575,29.834724430409665
39.0,Recycled Paper - Kraft,7.0,7.0,5.0,0.64,90.0,31.0,Mailers,Literature,High,0.02379333786539769,0.05,A,1.0,70.54826648538409,0.041237113402061855,0.0033377837116154874,0.04609929078014184,0.9539007092198581,30.366639324026686
40.0,PLA Bioplastic - Rigid,52.0,11.0,80.0,0.52,70.0,122.0,Food Packaging,Literature,High,0.01563562202583277,0.8,B,0.75,85.87457511896669,0.5051546391752577,0.006008010680907877,0.36879432624113473,0.6312056737588653,39.3225961002035
41.0,PLA Bioplastic - Flexible,48.0,9.0,80.0,0.48,70.0,118.0,Food/Cosmetic,Literature,High,0.012916383412644459,0.8,B,0.75,85.98334466349422,0.4639175257731959,0.004672897196261682,0.3546099290780142,0.6453900709219857,38.058590074475255
42.0,PLA Bioplastic - Transparent,50.0,10.0,80.0,0.51,70.0,121.0,Food/Cosmetic,Estimate,Medium,0.01495581237253569,0.8,B,0.75,85.90176750509858,0.4845360824742268,0.0053404539385847796,0.36524822695035464,0.6347517730496454,38.58421010861598
43.0,PLA Bioplastic - Industrial Grade,55.0,12.0,75.0,0.6,65.0,130.0,Electronics Packaging,Estimate,Medium,0.02107409925220938,0.75,C,0.5,76.65703602991162,0.5360824742268041,0.006675567423230975,0.3971631205673759,0.6028368794326241,39.728672374747816
44.0,PLA Bioplastic - Home Compost Grade,45.0,9.0,85.0,0.48,70.0,119.0,Food Packaging,Literature,High,0.012916383412644459,0.85,B,0.75,87.48334466349422,0.4329896907216495,0.004672897196261682,0.35815602836879434,0.6418439716312057,36.71509369369
45.0,Compostable Plastic - Starch Blend,38.0,7.0,88.0,0.58,68.0,108.0,Food Packaging,Literature,High,0.019714479945615225,0.88,C,0.5,80.61142080217539,0.36082474226804123,0.0033377837116154874,0.3191489361702128,0.6808510638297872,34.95865511696373
46.0,Compostable Plastic - High Barrier,42.0,8.0,82.0,0.62,70.0,112.0,Food Packaging,Estimate,Medium,0.022433718558803536,0.82,B,0.75,86.20265125764786,0.4020618556701031,0.004005340453938585,0.3333333333333333,0.6666666666666667,36.20263444042228
47.0,Compostable Plastic - Film,35.0,6.0,90.0,0.55,70.0,106.0,Snack Packaging,Estimate,Medium,0.017675050985724,0.9,B,0.75,88.79299796057104,0.32989690721649484,0.0026702269692923898,0.3120567375886525,0.6879432624113475,33.91428097007899
48.0,Compostable Plastic - Rigid Tray,40.0,8.0,85.0,0.6,70.0,111.0,Ready Meals,Estimate,Medium,0.02107409925220938,0.85,B,0.75,87.15703602991162,0.38144329896907214,0.004005340453938585,0.32978723404255317,0.6702127659574468,35.48427515110445
49.0,Compostable Plastic - Cold Use,37.0,7.0,88.0,0.57,70.0,109.0,Salad Packaging,Estimate,Medium,0.01903467029231815,0.88,B,0.75,88.13861318830727,0.35051546391752575,0.0033377837116154874,0.32269503546099293,0.677304964539007,34.439901004219706
50.0,Conventional Plastic PET - Bottle Grade,62.0,18.0,1.0,3.1,50.0,82.0,Beverage Bottles,Literature,High,0.19102651257647857,0.01,C,0.5,47.65893949694087,0.6082474226804123,0.010680907877169559,0.22695035460992907,0.7730496453900709,47.84181350523371
51.0,Conventional Plastic PET - Sheet,58.0,15.0,1.0,2.9,50.0,78.0,Blister Packs,Literature,High,0.17743031951053703,0.01,C,0.5,48.202787219578525,0.5670103092783505,0.008678237650200267,0.2127659574468085,0.7872340425531915,46.55778077723578
52.0,Conventional Plastic PET - Film,55.0,14.0,1.0,2.8,50.0,76.0,Flex Packaging,Estimate,Medium,0.17063222297756625,0.01,C,0.5,48.47471108089735,0.5360824742268041,0.00801068090787717,0.20567375886524822,0.7943262411347518,45.51340663035104
53.0,Conventional Plastic PET - High Clarity,60.0,16.0,1.0,3.0,50.0,81.0,Display Packaging,Literature,High,0.18422841604350781,0.01,C,0.5,47.93086335825969,0.5876288659793815,0.009345794392523364,0.22340425531914893,0.7765957446808511,47.0834008113765
54.0,Conventional Plastic PET - Reheat Grade,63.0,18.0,1.0,3.2,50.0,83.0,Bottle Preforms,Estimate,Medium,0.19782460910944935,0.01,C,0.5,47.387015635622035,0.6185567010309279,0.010680907877169559,0.23049645390070922,0.7695035460992907,48.14780166053092
55.0,Conventional Plastic HDPE - Blow Molding,68.0,20.0,1.0,3.2,55.0,88.0,Bottles & Jerrycans,Literature,High,0.19782460910944935,0.01,C,0.5,47.387015635622035,0.6701030927835051,0.012016021361815754,0.24822695035460993,0.75177304964539,49.71779584155638
56.0,Conventional Plastic HDPE - Injection Grade,62.0,17.0,1.0,3.0,55.0,84.0,Caps & Closures,Literature,High,0.18422841604350781,0.01,C,0.5,47.93086335825969,0.6082474226804123,0.010013351134846462,0.23404255319148937,0.7659574468085106,47.60902084551721
57.0,Conventional Plastic HDPE - Film,58.0,16.0,1.0,2.9,55.0,82.0,Bags & Liners,Estimate,Medium,0.17743031951053703,0.01,C,0.5,48.202787219578525,0.5670103092783505,0.009345794392523364,0.22695035460992907,0.7730496453900709,46.15227556461185
58.0,Conventional Plastic HDPE - High Rigidity,70.0,21.0,1.0,3.3,55.0,89.0,Industrial Pails,Estimate,Medium,0.2046227056424201,0.01,C,0.5,47.115091774303195,0.6907216494845361,0.012683578104138851,0.25177304964539005,0.74822695035461,50.45618183314391
59.0,Conventional Plastic HDPE - Food Grade,65.0,18.0,1.0,3.1,55.0,86.0,Food Containers,Literature,High,0.19102651257647857,0.01,C,0.5,47.65893949694087,0.6391752577319587,0.010680907877169559,0.24113475177304963,0.7588652482269503,48.65339499240194
60.0,Recycled PET - Clear,60.0,15.0,1.0,1.9,75.0,92.0,Bottles,Estimate,Medium,0.10944935418082935,0.01,B,0.75,58.422025832766835,0.5876288659793815,0.008678237650200267,0.2624113475177305,0.7375886524822695,45.89316134314935
61.0,Recycled PET - Colored,58.0,14.0,1.0,1.7,70.0,88.0,Straps & Fibers,Estimate,Medium,0.09585316111488781,0.01,B,0.75,58.96587355540448,0.5670103092783505,0.00801068090787717,0.24822695035460993,0.75177304964539,45.47392428773204
62.0,Recycled PET - Sheet Grade,59.0,15.0,1.0,1.8,75.0,90.0,Blister Packs,Literature,High,0.1026512576478586,0.01,B,0.75,58.69394969408566,0.5773195876288659,0.008678237650200267,0.2553191489361702,0.7446808510638299,45.69355616657555
63.0,Recycled PET - Film Grade,57.0,14.0,1.0,1.75,70.0,89.0,Flex Packaging,Estimate,Medium,0.0992522093813732,0.01,B,0.75,58.829911624745066,0.5567010309278351,0.00801068090787717,0.25177304964539005,0.74822695035461,44.95517017498801
64.0,Recycled PET - High Recycled Content,60.0,15.0,1.0,1.6,80.0,93.0,Bottles & Trays,Estimate,Medium,0.08905506458191706,0.01,B,0.75,59.237797416723325,0.5876288659793815,0.008678237650200267,0.26595744680851063,0.7340425531914894,45.78677836442595
65.0,Sugarcane Bagasse - Plate Grade,12.0,7.0,90.0,0.42,80.0,52.0,Food Service Ware,Literature,High,0.008837525492861998,0.9,B,0.75,89.14649898028551,0.09278350515463918,0.0033377837116154874,0.12056737588652482,0.8794326241134752,30.194452440938285
66.0,Sugarcane Bagasse - Bowl Grade,11.0,6.0,92.0,0.39,80.0,49.0,Food Service Ware,Literature,High,0.00679809653297077,0.92,B,0.75,89.82807613868117,0.08247422680412371,0.0026702269692923898,0.1099290780141844,0.8900709219858156,30.081203540818187
67.0,Sugarcane Bagasse - Clamshell,13.0,8.0,88.0,0.43,78.0,53.0,Takeaway Packaging,Estimate,Medium,0.009517335146159076,0.88,B,0.75,88.51930659415365,0.10309278350515463,0.004005340453938585,0.12411347517730496,0.875886524822695,30.52046729850519
68.0,Sugarcane Bagasse - Thick Tray,14.0,9.0,85.0,0.45,78.0,55.0,Ready Meals,Estimate,Medium,0.01087695445275323,0.85,B,0.75,87.56492182188987,0.1134020618556701,0.004672897196261682,0.13120567375886524,0.8687943262411347,30.740099177348696
69.0,Sugarcane Bagasse - Thin Tray,10.0,5.0,92.0,0.38,82.0,48.0,Snacks & Bakery,Estimate,Medium,0.006118286879673693,0.92,B,0.75,89.85526852481306,0.07216494845360824,0.0020026702269692926,0.10638297872340426,0.8936170212765957,29.755188683251284
70.0,Wood Pulp Molded Fiber - Corner Protector,11.0,8.0,85.0,0.52,75.0,57.0,Electronics Packaging,Literature,High,0.01563562202583277,0.85,B,0.75,87.37457511896669,0.08247422680412371,0.004005340453938585,0.13829787234042554,0.8617021276595744,29.270193115570336
71.0,Wood Pulp Molded Fiber - Insert,9.0,5.0,88.0,0.48,75.0,54.0,Electronics Packaging,Literature,High,0.012916383412644459,0.88,B,0.75,88.38334466349423,0.061855670103092786,0.0020026702269692926,0.1276595744680851,0.8723404255319149,28.70451967689024
72.0,Wood Pulp Molded Fiber - Tray,10.0,6.0,86.0,0.5,75.0,56.0,Furniture & Appliances,Estimate,Medium,0.014276002719238614,0.86,B,0.75,87.72895989123045,0.07216494845360824,0.0026702269692923898,0.1347517730496454,0.8652482269503546,28.92415155573374
73.0,Wood Pulp Molded Fiber - Thicker Grade,12.0,8.0,82.0,0.55,70.0,59.0,Heavy Goods,Estimate,Medium,0.017675050985724,0.82,B,0.75,86.39299796057104,0.09278350515463918,0.004005340453938585,0.1453900709219858,0.8546099290780143,29.46979829214415
74.0,Wood Pulp Molded Fiber - Thin Grade,8.0,4.0,90.0,0.47,78.0,52.0,Consumer Electronics,Estimate,Medium,0.012236573759347382,0.9,B,0.75,89.01053704962611,0.05154639175257732,0.0013351134846461949,0.12056737588652482,0.8794326241134752,28.48488779804673
75.0,Corrugated Paperboard - Single Wall,16.0,20.0,5.0,1.2,92.0,48.0,Shipping Boxes,Literature,High,0.06186267845003398,0.05,A,1.0,69.02549286199864,0.13402061855670103,0.012016021361815754,0.10638297872340426,0.8936170212765957,32.52981602142039
76.0,Corrugated Paperboard - Double Wall,18.0,25.0,5.0,1.25,92.0,50.0,Heavy Duty Boxes,Literature,High,0.06526172671651936,0.05,A,1.0,68.88953093133922,0.15463917525773196,0.015353805073431242,0.11347517730496454,0.8865248226950355,33.241925843363276
77.0,Corrugated Paperboard - Triple Wall,20.0,30.0,5.0,1.3,92.0,55.0,Bulky Appliances,Estimate,Medium,0.06866077498300475,0.05,A,1.0,68.75356900067982,0.17525773195876287,0.018691588785046728,0.13120567375886524,0.8687943262411347,33.63488672913596
78.0,Corrugated Paperboard - Lightweight,14.0,15.0,5.0,1.1,92.0,45.0,E-commerce Boxes,Estimate,Medium,0.055064581917063225,0.05,A,1.0,69.29741672331747,0.1134020618556701,0.008678237650200267,0.09574468085106383,0.9042553191489362,31.924089178200898
79.0,Corrugated Paperboard - Recycled Core,16.0,20.0,5.0,1.0,94.0,46.0,General Packaging,Estimate,Medium,0.04826648538409245,0.05,A,1.0,69.56934058463631,0.13402061855670103,0.012016021361815754,0.09929078014184398,0.900709219858156,32.7425819788672
80.0,Cotton Fabric Wrap - Single Layer,18.0,7.0,90.0,0.58,70.0,95.0,Gift Packaging,Estimate,Medium,0.019714479945615225,0.9,B,0.75,88.71142080217538,0.15463917525773196,0.0033377837116154874,0.2730496453900709,0.7269503546099291,28.094211159955613
81.0,Cotton Fabric Wrap - Double Layer,22.0,9.0,88.0,0.62,70.0,105.0,Reusable Wraps,Estimate,Medium,0.022433718558803536,0.88,B,0.75,88.00265125764787,0.1958762886597938,0.004672897196261682,0.30851063829787234,0.6914893617021276,28.71991931334343
82.0,Cotton Fabric Wrap - Printed,20.0,8.0,90.0,0.6,68.0,102.0,Brand Packaging,Estimate,Medium,0.02107409925220938,0.9,C,0.5,81.15703602991164,0.17525773195876287,0.004005340453938585,0.2978723404255319,0.7021276595744681,28.194299279202717
83.0,Cotton Fabric Wrap - Organic,19.0,8.0,92.0,0.55,72.0,110.0,Premium Packaging,Estimate,Medium,0.017675050985724,0.92,B,0.75,89.39299796057104,0.16494845360824742,0.004005340453938585,0.3262411347517731,0.6737588652482269,26.930864315394864
84.0,Cotton Fabric Wrap - Heavy Weave,24.0,10.0,85.0,0.65,70.0,115.0,Carry Bags,Estimate,Medium,0.02447314751869477,0.85,B,0.75,87.0210740992522,0.21649484536082475,0.0053404539385847796,0.34397163120567376,0.6560283687943262,28.50085849642032
85.0,Jute Bag - Light,22.0,10.0,95.0,0.48,85.0,85.0,Grocery Bags,Literature,High,0.012916383412644459,0.95,B,0.75,90.48334466349422,0.1958762886597938,0.0053404539385847796,0.2375886524822695,0.7624113475177305,30.867605590081208
86.0,Jute Bag - Medium,25.0,12.0,95.0,0.5,85.0,90.0,Carry Bags,Literature,High,0.014276002719238614,0.95,B,0.75,90.42895989123045,0.2268041237113402,0.006675567423230975,0.2553191489361702,0.7446808510638299,31.612857503065435
87.0,Jute Bag - Heavy,28.0,15.0,93.0,0.52,85.0,95.0,Multi-use Bags,Estimate,Medium,0.01563562202583277,0.93,B,0.75,89.7745751189667,0.25773195876288657,0.008678237650200267,0.2730496453900709,0.7269503546099291,32.37813611831935
88.0,Jute Bag - Laminated,27.0,14.0,80.0,0.7,75.0,98.0,Industrial Bags,Estimate,Medium,0.027872195785180146,0.8,B,0.75,85.3851121685928,0.24742268041237114,0.00801068090787717,0.28368794326241137,0.7163120567375887,31.626589345858825
89.0,Jute Bag - Organic,26.0,13.0,96.0,0.49,88.0,100.0,Premium Retail,Estimate,Medium,0.013596193065941536,0.96,B,0.75,90.75615227736235,0.23711340206185566,0.007343124165554072,0.2907801418439716,0.7092198581560284,30.9814255521217
90.0,PLA Sheet - Thin,48.0,10.0,80.0,0.54,70.0,120.0,Bakery Lids,Estimate,Medium,0.016995241332426924,0.8,B,0.75,85.82019034670293,0.4639175257731959,0.0053404539385847796,0.3617021276595745,0.6382978723404256,37.86585081929814
91.0,PLA Sheet - Medium,50.0,12.0,80.0,0.55,70.0,125.0,Food Trays,Literature,High,0.017675050985724,0.8,B,0.75,85.79299796057104,0.4845360824742268,0.006675567423230975,0.37943262411347517,0.6205673758865249,38.198731598261745
92.0,PLA Sheet - Thick,52.0,14.0,78.0,0.6,68.0,130.0,Clamshells,Estimate,Medium,0.02107409925220938,0.78,C,0.5,77.55703602991163,0.5051546391752577,0.00801068090787717,0.3971631205673759,0.6028368794326241,38.53161237722534
93.0,PLA Sheet - Anti-fog,49.0,11.0,80.0,0.56,70.0,128.0,Fresh Produce,Estimate,Medium,0.01835486063902108,0.8,B,0.75,85.76580557443916,0.4742268041237113,0.006008010680907877,0.3900709219858156,0.6099290780141844,37.447184825801216
94.0,PLA Sheet - High Transparency,51.0,12.0,80.0,0.55,70.0,127.0,Display Packs,Estimate,Medium,0.017675050985724,0.8,B,0.75,85.79299796057104,0.4948453608247423,0.006675567423230975,0.38652482269503546,0.6134751773049645,38.398336774835556
95.0,Polylactic Acid Blend - Flexible,42.0,9.0,82.0,0.49,70.0,116.0,Sachets,Estimate,Medium,0.013596193065941536,0.82,B,0.75,86.55615227736234,0.4020618556701031,0.004672897196261682,0.3475177304964539,0.6524822695035462,35.79712922779836
96.0,Polylactic Acid Blend - Rigid,47.0,11.0,78.0,0.52,70.0,120.0,Tubs & Cups,Estimate,Medium,0.01563562202583277,0.78,B,0.75,85.2745751189667,0.4536082474226804,0.006008010680907877,0.3617021276595745,0.6382978723404256,37.47350638754722
97.0,Polylactic Acid Blend - High Impact,50.0,12.0,75.0,0.58,68.0,124.0,Electronics Blisters,Estimate,Medium,0.019714479945615225,0.75,C,0.5,76.71142080217538,0.4845360824742268,0.006675567423230975,0.375886524822695,0.624113475177305,38.30511457698515
98.0,Polylactic Acid Blend - Transparent,45.0,10.0,80.0,0.5,70.0,118.0,Display Cartons,Literature,High,0.014276002719238614,0.8,B,0.75,85.92895989123045,0.4329896907216495,0.0053404539385847796,0.3546099290780142,0.6453900709219857,36.84150337468309
99.0,Polylactic Acid Blend - Home Compost,40.0,8.0,85.0,0.48,72.0,115.0,Food/Cosmetic,Estimate,Medium,0.012916383412644459,0.85,B,0.75,87.48334466349422,0.38144329896907214,0.004005340453938585,0.34397163120567376,0.6560283687943262,35.05874323621083
100.0,Biodegradable Film - Starch Based,28.0,7.0,88.0,0.58,65.0,102.0,Snack Wraps,Literature,High,0.019714479945615225,0.88,C,0.5,80.61142080217539,0.25773195876288657,0.0033377837116154874,0.2978723404255319,0.7021276595744681,31.47324164909797
101.0,Biodegradable Film - Cellulose Based,32.0,8.0,82.0,0.62,70.0,108.0,Overwrap,Estimate,Medium,0.022433718558803536,0.82,B,0.75,86.20265125764786,0.29896907216494845,0.004005340453938585,0.3191489361702128,0.6808510638297872,32.50445501510971
102.0,Biodegradable Film - Barrier,30.0,8.0,85.0,0.6,65.0,105.0,Snack Packaging,Literature,High,0.02107409925220938,0.85,C,0.5,79.65703602991164,0.27835051546391754,0.004005340453938585,0.30851063829787234,0.6914893617021276,31.998861683238687
103.0,Biodegradable Film - Compost Home,26.0,6.0,90.0,0.55,68.0,100.0,Food Wrap,Estimate,Medium,0.017675050985724,0.9,C,0.5,81.29299796057104,0.23711340206185566,0.0026702269692923898,0.2907801418439716,0.7092198581560284,30.841238636233847
104.0,Biodegradable Film - Industrial,34.0,9.0,80.0,0.65,60.0,110.0,Frozen Foods,Estimate,Medium,0.02447314751869477,0.8,C,0.5,78.02107409925222,0.31958762886597936,0.004672897196261682,0.3262411347517731,0.6737588652482269,33.13645802797383
105.0,Aluminum Foil - Thin Household,60.0,12.0,1.0,7.5,90.0,130.0,Food Wrap,Literature,High,0.49014276002719237,0.01,A,1.0,50.69428959891231,0.5876288659793815,0.006675567423230975,0.3971631205673759,0.6028368794326241,41.79052804485091
106.0,Aluminum Foil - Thick Catering,75.0,22.0,1.0,8.2,90.0,155.0,Food Trays,Literature,High,0.5377294357579877,0.01,A,1.0,48.79082256968049,0.7422680412371134,0.01335113484646195,0.4858156028368794,0.5141843971631206,45.51678760977202
107.0,Aluminum Foil - Laminated,70.0,20.0,1.0,8.5,85.0,160.0,Snack Wrap,Estimate,Medium,0.5581237253569001,0.01,B,0.75,40.475050985723996,0.6907216494845361,0.012016021361815754,0.5035460992907801,0.4964539007092199,42.88296364151252
108.0,Aluminum Foil - Pharma Grade,72.0,18.0,1.0,8.3,92.0,165.0,Blister Packs,Estimate,Medium,0.5445275322909586,0.01,A,1.0,48.51889870836166,0.711340206185567,0.010680907877169559,0.5212765957446809,0.4787234042553191,43.13573761139734
109.0,Aluminum Foil - Industrial,80.0,25.0,1.0,8.8,90.0,170.0,Insulation,Estimate,Medium,0.5785180149558125,0.01,A,1.0,47.1592794017675,0.7938144329896907,0.015353805073431242,0.5390070921985816,0.46099290780141844,46.042978705833114
110.0,Glass Bottle - Lightweight,85.0,18.0,0.0,2.3,95.0,115.0,Beverage,Estimate,Medium,0.13664174031271242,0.0,A,1.0,64.53433038749151,0.845360824742268,0.010680907877169559,0.34397163120567376,0.6560283687943262,53.8157112898356
111.0,Glass Bottle - Returnable,95.0,28.0,0.0,2.7,98.0,125.0,Beverage Refill,Literature,High,0.16383412644459552,0.0,A,1.0,63.446634942216185,0.9484536082474226,0.017356475300400534,0.37943262411347517,0.6205673758865249,57.075859865504675
112.0,Glass Bottle - Amber,90.0,25.0,0.0,2.6,95.0,122.0,Beverages & Pharma,Literature,High,0.15703602991162474,0.0,A,1.0,63.71855880353501,0.8969072164948454,0.015353805073431242,0.36879432624113473,0.6312056737588653,55.27307302476272
113.0,Glass Bottle - Fluted,92.0,26.0,0.0,2.5,95.0,124.0,Premium Drinks,Estimate,Medium,0.15023793337865396,0.0,A,1.0,63.99048266485384,0.9175257731958762,0.01602136181575434,0.375886524822695,0.624113475177305,55.905076037626834
114.0,Glass Bottle - Thick Wall,100.0,30.0,0.0,2.8,95.0,130.0,Spirits,Estimate,Medium,0.17063222297756625,0.0,A,1.0,63.17471108089735,1.0,0.018691588785046728,0.3971631205673759,0.6028368794326241,58.64585404653013
115.0,Steel Can - Thin Wall,75.0,18.0,0.0,5.8,90.0,95.0,Foods,Literature,High,0.37457511896668927,0.0,A,1.0,55.01699524133243,0.7422680412371134,0.010680907877169559,0.2730496453900709,0.7269503546099291,51.819659524097496
116.0,Steel Can - Heavy Wall,85.0,24.0,0.0,6.2,90.0,105.0,Bulk Foods,Literature,High,0.4017675050985724,0.0,A,1.0,53.92929979605711,0.845360824742268,0.014686248331108143,0.30851063829787234,0.6914893617021276,54.999701290687796
117.0,Steel Can - Aerosol,80.0,20.0,0.0,6.1,88.0,102.0,Personal Care,Estimate,Medium,0.3949694085656016,0.0,B,0.75,46.701223657375934,0.7938144329896907,0.012016021361815754,0.2978723404255319,0.7021276595744681,53.17688774767614
118.0,Steel Can - Easy Open,78.0,19.0,0.0,6.0,90.0,100.0,Ready Foods,Estimate,Medium,0.38817131203263083,0.0,A,1.0,54.473147518694766,0.7731958762886598,0.011348464619492658,0.2907801418439716,0.7092198581560284,52.54488473481202
119.0,Steel Can - BPA Free Lined,80.0,22.0,0.0,6.2,90.0,108.0,Premium Foods,Estimate,Medium,0.4017675050985724,0.0,A,1.0,53.92929979605711,0.7938144329896907,0.01335113484646195,0.3191489361702128,0.6808510638297872,52.5786432798751
120.0,Mixed Plastic (HDPE+PET) - Rigid,62.0,16.0,1.0,3.6,60.0,92.0,Trays & Lids,Estimate,Medium,0.22501699524133242,0.01,C,0.5,46.299320190346705,0.6082474226804123,0.009345794392523364,0.2624113475177305,0.7375886524822695,46.73793031346028
121.0,Mixed Plastic (HDPE+PET) - Film,58.0,14.0,1.0,3.4,60.0,88.0,Multipack Wrap,Estimate,Medium,0.21142080217539086,0.01,C,0.5,46.84316791298437,0.5670103092783505,0.00801068090787717,0.24822695035460993,0.75177304964539,45.47392428773204
122.0,Mixed Plastic (HDPE+PET) - Laminate,60.0,15.0,1.0,3.5,55.0,90.0,Snack Packs,Estimate,Medium,0.21821889870836164,0.01,C,0.5,46.57124405166554,0.5876288659793815,0.008678237650200267,0.2553191489361702,0.7446808510638299,46.105927300596164
123.0,Mixed Plastic (HDPE+PET) - Foam,55.0,12.0,1.0,3.3,50.0,86.0,Cushioning,Estimate,Medium,0.2046227056424201,0.01,C,0.5,47.115091774303195,0.5360824742268041,0.006675567423230975,0.24113475177304963,0.7588652482269503,44.4095234385776
124.0,Mixed Plastic (HDPE+PET) - Shrink,57.0,13.0,1.0,3.4,60.0,89.0,Bottle Bundling,Estimate,Medium,0.21142080217539086,0.01,C,0.5,46.84316791298437,0.5567010309278351,0.007343124165554072,0.25177304964539005,0.74822695035461,44.93514347271832
125.0,Recycled Mixed Plastic - Rigid,60.0,15.0,1.0,2.0,70.0,87.0,Pallets,Estimate,Medium,0.11624745071380013,0.01,B,0.75,58.15010197144799,0.5876288659793815,0.008678237650200267,0.24468085106382978,0.7553191489361702,46.42507623676637
126.0,Recycled Mixed Plastic - Film,55.0,13.0,1.0,1.9,72.0,82.0,Garbage Bags,Estimate,Medium,0.10944935418082935,0.01,B,0.75,58.422025832766835,0.5360824742268041,0.007343124165554072,0.22695035460992907,0.7730496453900709,44.855082055740915
127.0,Recycled Mixed Plastic - Sheet,58.0,14.0,1.0,2.1,68.0,84.0,Construction Boards,Estimate,Medium,0.1230455472467709,0.01,C,0.5,50.37817811012917,0.5670103092783505,0.00801068090787717,0.23404255319148937,0.7659574468085106,45.89945620262566
128.0,Recycled Mixed Plastic - Lumber,62.0,16.0,1.0,2.2,65.0,88.0,Outdoor Furniture,Estimate,Medium,0.12984364377974167,0.01,C,0.5,50.10625424881033,0.6082474226804123,0.009345794392523364,0.24822695035460993,0.75177304964539,47.1634622283539
129.0,Recycled Mixed Plastic - Foam,50.0,11.0,1.0,1.8,70.0,80.0,Cushioning,Estimate,Medium,0.1026512576478586,0.01,B,0.75,58.69394969408566,0.4845360824742268,0.006008010680907877,0.2198581560283688,0.7801418439716312,42.96593893854524
130.0,PLA Compostable Pack - Thin,48.0,9.0,88.0,0.54,70.0,112.0,Snack Trays,Estimate,Medium,0.016995241332426924,0.88,B,0.75,88.22019034670294,0.4639175257731959,0.004672897196261682,0.3333333333333333,0.6666666666666667,38.696887946815686
131.0,PLA Compostable Pack - Thick,52.0,11.0,82.0,0.57,68.0,118.0,Meal Trays,Estimate,Medium,0.01903467029231815,0.82,C,0.5,78.83861318830728,0.5051546391752577,0.006008010680907877,0.3546099290780142,0.6453900709219857,39.748128015097116
132.0,PLA Compostable Pack - Clear,50.0,10.0,85.0,0.55,70.0,115.0,Fresh Produce,Literature,High,0.017675050985724,0.85,B,0.75,87.29299796057104,0.4845360824742268,0.0053404539385847796,0.34397163120567376,0.6560283687943262,39.2225079809564
133.0,PLA Compostable Pack - Matte,49.0,10.0,85.0,0.56,70.0,114.0,Premium Packs,Estimate,Medium,0.01835486063902108,0.85,B,0.75,87.26580557443916,0.4742268041237113,0.0053404539385847796,0.3404255319148936,0.6595744680851063,38.916519825659186
134.0,PLA Compostable Pack - Rigid,53.0,11.0,80.0,0.58,68.0,120.0,Food/Cosmetics,Estimate,Medium,0.019714479945615225,0.8,C,0.5,78.2114208021754,0.5154639175257731,0.006008010680907877,0.3617021276595745,0.6382978723404256,39.947733191670935
135.0,Paper Pulp Tray - Shallow,13.0,9.0,80.0,0.88,88.0,49.0,Fruit & Veg,Estimate,Medium,0.04010876954452754,0.8,B,0.75,84.89564921821889,0.10309278350515463,0.004672897196261682,0.1099290780141844,0.8900709219858156,30.9660259156685
136.0,Paper Pulp Tray - Deep,15.0,11.0,78.0,0.92,86.0,52.0,Ready Meals,Estimate,Medium,0.04282800815771585,0.78,B,0.75,84.18687967369138,0.12371134020618557,0.006008010680907877,0.12056737588652482,0.8794326241134752,31.511672652078914
137.0,Paper Pulp Tray - Coated,14.0,10.0,75.0,0.95,85.0,55.0,Wet Foods,Estimate,Medium,0.04486743711760706,0.75,B,0.75,83.20530251529571,0.1134020618556701,0.0053404539385847796,0.13120567375886524,0.8687943262411347,30.76012587961839
138.0,Paper Pulp Tray - Uncoated,14.0,10.0,82.0,0.9,88.0,50.0,Dry Foods,Estimate,Medium,0.04146838885112169,0.82,B,0.75,85.44126444595513,0.1134020618556701,0.0053404539385847796,0.11347517730496454,0.8865248226950355,31.292040773235414
139.0,Paper Pulp Tray - Heavy Duty,16.0,12.0,75.0,1.0,85.0,58.0,Meat & Fish,Estimate,Medium,0.04826648538409245,0.75,B,0.75,83.0693405846363,0.13402061855670103,0.006675567423230975,0.14184397163120568,0.8581560283687943,31.305772616028797
140.0,Cardboard Sleeve - Light,15.0,10.0,5.0,1.05,92.0,40.0,Food Sleeves,Estimate,Medium,0.051665533650577834,0.05,A,1.0,69.4333786539769,0.12371134020618557,0.0053404539385847796,0.07801418439716312,0.9219858156028369,32.76824169449007
141.0,Cardboard Sleeve - Heavy,17.0,14.0,5.0,1.15,92.0,44.0,Electronics Sleeves,Estimate,Medium,0.058463630183548596,0.05,A,1.0,69.16145479265805,0.14432989690721648,0.00801068090787717,0.09219858156028368,0.9078014184397163,33.247558856716466
142.0,Cardboard Sleeve - Printed,16.0,12.0,5.0,1.12,90.0,45.0,Brand Packaging,Estimate,Medium,0.05642420122365738,0.05,A,1.0,69.2430319510537,0.13402061855670103,0.006675567423230975,0.09574468085106383,0.9042553191489362,32.688751339433054
143.0,Cardboard Sleeve - Recycled,16.0,12.0,5.0,0.9,95.0,41.0,General Sleeves,Estimate,Medium,0.04146838885112169,0.05,A,1.0,69.84126444595513,0.13402061855670103,0.006675567423230975,0.08156028368794327,0.9184397163120568,33.11428325432667
144.0,Cardboard Sleeve - Kraft,16.0,12.0,5.0,1.08,92.0,43.0,Eco Sleeves,Estimate,Medium,0.053704962610469066,0.05,A,1.0,69.35180149558124,0.13402061855670103,0.006675567423230975,0.08865248226950355,0.9113475177304965,32.90151729687986
145.0,PLA Clamshell - Salad,46.0,8.0,80.0,0.5,70.0,118.0,Fresh Salads,Literature,High,0.014276002719238614,0.8,B,0.75,85.92895989123045,0.44329896907216493,0.004005340453938585,0.3546099290780142,0.6453900709219857,37.213821104164325
146.0,PLA Clamshell - Bakery,48.0,9.0,80.0,0.52,70.0,120.0,Bakery Items,Literature,High,0.01563562202583277,0.8,B,0.75,85.87457511896669,0.4639175257731959,0.004672897196261682,0.3617021276595745,0.6382978723404256,37.84582411702845
147.0,PLA Clamshell - Fruit,49.0,9.0,80.0,0.53,70.0,121.0,Berries & Fruit,Estimate,Medium,0.016315431679129844,0.8,B,0.75,85.8473827328348,0.4742268041237113,0.004672897196261682,0.36524822695035464,0.6347517730496454,38.151812272325664
148.0,PLA Clamshell - Dessert,47.0,8.0,82.0,0.51,70.0,119.0,Desserts,Estimate,Medium,0.01495581237253569,0.82,B,0.75,86.50176750509857,0.4536082474226804,0.004005340453938585,0.35815602836879434,0.6418439716312057,37.519809259461546
149.0,PLA Clamshell - Takeaway,50.0,10.0,78.0,0.56,68.0,123.0,Meals,Estimate,Medium,0.01835486063902108,0.78,C,0.5,77.66580557443916,0.4845360824742268,0.0053404539385847796,0.3723404255319149,0.6276595744680851,38.371444151169165
150.0,Recycled Cardboard Box - Small Parcel,15.0,12.0,5.0,0.8,95.0,39.0,E-commerce,Estimate,Medium,0.034670292318150914,0.05,A,1.0,70.11318830727397,0.12371134020618557,0.006675567423230975,0.07446808510638298,0.925531914893617,32.91467807775286
151.0,Recycled Cardboard Box - Medium Parcel,16.0,15.0,5.0,0.82,95.0,41.0,E-commerce,Literature,High,0.03602991162474507,0.05,A,1.0,70.0588035350102,0.13402061855670103,0.008678237650200267,0.08156028368794327,0.9184397163120568,33.17436336113575
152.0,Recycled Cardboard Box - Large Parcel,17.0,18.0,5.0,0.85,95.0,43.0,E-commerce,Estimate,Medium,0.038069340584636305,0.05,A,1.0,69.97722637661454,0.14432989690721648,0.010680907877169559,0.08865248226950355,0.9113475177304965,33.43404864451864
153.0,Recycled Cardboard Box - Extra Heavy,18.0,22.0,5.0,0.9,93.0,45.0,Appliances,Estimate,Medium,0.04146838885112169,0.05,A,1.0,69.84126444595513,0.15463917525773196,0.01335113484646195,0.09574468085106383,0.9042553191489362,33.71376063017122
154.0,Recycled Cardboard Box - Archive,14.0,12.0,5.0,0.78,96.0,38.0,Document Storage,Estimate,Medium,0.03331067301155677,0.05,A,1.0,70.16757307953773,0.1134020618556701,0.006675567423230975,0.07092198581560284,0.9290780141843972,32.60868992245565
155.0,Bamboo Fiber Pulp Tray,16.0,10.0,90.0,0.4,80.0,60.0,Food Packaging,Literature,High,0.007477906186267848,0.9,B,0.75,89.20088375254929,0.13402061855670103,0.0053404539385847796,0.14893617021276595,0.851063829787234,31.052953254042603
156.0,Bamboo Fiber Clamshell,18.0,12.0,88.0,0.42,78.0,65.0,Takeaway Food,Estimate,Medium,0.008837525492861998,0.88,B,0.75,88.54649898028552,0.15463917525773196,0.006675567423230975,0.16666666666666666,0.8333333333333334,31.385834033006212
157.0,Bamboo Paper Cup Board,14.0,8.0,85.0,0.45,80.0,58.0,Hot Cups,Estimate,Medium,0.01087695445275323,0.85,B,0.75,87.56492182188987,0.1134020618556701,0.004005340453938585,0.14184397163120568,0.8581560283687943,30.400923538908792
158.0,Bamboo Molded Cushioning,15.0,9.0,88.0,0.43,78.0,62.0,Electronics Packaging,Estimate,Medium,0.009517335146159076,0.88,B,0.75,88.51930659415365,0.12371134020618557,0.004672897196261682,0.15602836879432624,0.8439716312056738,30.407789460305484
159.0,Bamboo Fiber Plate,13.0,7.0,92.0,0.39,82.0,57.0,Disposable Tableware,Estimate,Medium,0.00679809653297077,0.92,B,0.75,89.82807613868117,0.10309278350515463,0.0033377837116154874,0.13829787234042554,0.8617021276595744,30.074908681341878
160.0,Hemp Fiber Pulp,18.0,11.0,92.0,0.38,80.0,70.0,Premium Packaging,Estimate,Medium,0.006118286879673693,0.92,B,0.75,89.85526852481306,0.15463917525773196,0.006008010680907877,0.18439716312056736,0.8156028368794326,30.83389243711949
161.0,Hemp Paperboard,20.0,14.0,90.0,0.4,82.0,75.0,Boxes & Cartons,Estimate,Medium,0.007477906186267848,0.9,B,0.75,89.20088375254929,0.17525773195876287,0.00801068090787717,0.20212765957446807,0.7978723404255319,31.186799918352786
162.0,Hemp Fabric Bag,25.0,12.0,95.0,0.42,85.0,90.0,Reusable Bags,Estimate,Medium,0.008837525492861998,0.95,B,0.75,90.64649898028551,0.2268041237113402,0.006675567423230975,0.2553191489361702,0.7446808510638299,31.612857503065435
163.0,Hemp Molded Fiber Insert,17.0,10.0,90.0,0.41,80.0,72.0,Electronics Inserts,Estimate,Medium,0.00815771583956492,0.9,B,0.75,89.1736913664174,0.14432989690721648,0.0053404539385847796,0.19148936170212766,0.8085106382978724,30.188728643382372
164.0,Hemp Pulp Tray,16.0,9.0,92.0,0.39,82.0,68.0,Food Packaging,Estimate,Medium,0.00679809653297077,0.92,B,0.75,89.82807613868117,0.13402061855670103,0.004672897196261682,0.1773049645390071,0.8226950354609929,30.181862721985674
165.0,Mushroom Mycelium Foam,8.0,5.0,98.0,0.3,60.0,80.0,Cushioning,Literature,High,0.0006798096532970774,0.98,C,0.5,84.37280761386813,0.05154639175257732,0.0020026702269692926,0.2198581560283688,0.7801418439716312,25.52619109606111
166.0,Mushroom Mycelium Rigid Block,10.0,7.0,98.0,0.32,60.0,85.0,Protective Packaging,Literature,High,0.0020394289598912323,0.98,C,0.5,84.31842284160435,0.07216494845360824,0.0033377837116154874,0.2375886524822695,0.7624113475177305,25.859071875024707
167.0,Mushroom Mycelium Corner,9.0,6.0,98.0,0.31,60.0,82.0,Electronics Packaging,Estimate,Medium,0.0013596193065941549,0.98,C,0.5,84.34561522773623,0.061855670103092786,0.0026702269692923898,0.22695035460992907,0.7730496453900709,25.74582297490461
168.0,Mushroom Mycelium Insert,7.0,4.0,98.0,0.29,60.0,78.0,Small Appliances,Estimate,Medium,0.0,0.98,C,0.5,84.39999999999999,0.041237113402061855,0.0013351134846461949,0.2127659574468085,0.7872340425531915,25.306559217217604
169.0,Mushroom Mycelium Board,11.0,8.0,95.0,0.35,60.0,88.0,Panels & Liners,Estimate,Medium,0.00407885791978246,0.95,C,0.5,83.33684568320871,0.08247422680412371,0.004005340453938585,0.24822695035460993,0.75177304964539,25.97232077514481
170.0,Seaweed Bioplastic Film,25.0,6.0,90.0,0.4,65.0,100.0,Edible Wraps,Literature,High,0.007477906186267848,0.9,C,0.5,81.70088375254929,0.2268041237113402,0.0026702269692923898,0.2907801418439716,0.7092198581560284,30.42886750221323
171.0,Seaweed Bioplastic Pouch,28.0,7.0,88.0,0.42,65.0,105.0,Dry Foods,Estimate,Medium,0.008837525492861998,0.88,C,0.5,81.04649898028552,0.25773195876288657,0.0033377837116154874,0.30851063829787234,0.6914893617021276,31.154092712927756
172.0,Seaweed Bioplastic Coating,22.0,5.0,92.0,0.38,65.0,95.0,Fiber Barriers,Estimate,Medium,0.006118286879673693,0.92,C,0.5,82.35526852481307,0.1958762886597938,0.0020026702269692926,0.2730496453900709,0.7269503546099291,29.7036422914987
173.0,Seaweed Bioplastic Laminate,30.0,8.0,85.0,0.45,60.0,110.0,Snack Packs,Estimate,Medium,0.01087695445275323,0.85,C,0.5,80.06492182188988,0.27835051546391754,0.004005340453938585,0.3262411347517731,0.6737588652482269,31.466946789621662
174.0,Seaweed Bioplastic Rigid,32.0,9.0,80.0,0.5,60.0,115.0,Trays,Estimate,Medium,0.014276002719238614,0.8,C,0.5,78.42895989123045,0.29896907216494845,0.004672897196261682,0.34397163120567376,0.6560283687943262,31.779800866315576
175.0,Paper Honeycomb Board,18.0,25.0,80.0,1.1,85.0,70.0,Furniture Packaging,Literature,High,0.055064581917063225,0.8,B,0.75,84.29741672331747,0.15463917525773196,0.015353805073431242,0.18439716312056736,0.8156028368794326,31.11426626889519
176.0,Paper Honeycomb Panel,20.0,28.0,80.0,1.15,85.0,75.0,Pallet Tops,Estimate,Medium,0.058463630183548596,0.8,B,0.75,84.16145479265805,0.17525773195876287,0.017356475300400534,0.20212765957446807,0.7978723404255319,31.467173750128484
177.0,Paper Honeycomb Cushion,16.0,20.0,82.0,1.05,88.0,65.0,Void Fill,Estimate,Medium,0.051665533650577834,0.82,B,0.75,85.03337865397688,0.13402061855670103,0.012016021361815754,0.16666666666666666,0.8333333333333334,30.721305383122516
178.0,Paper Honeycomb Edge Protector,19.0,24.0,80.0,1.12,85.0,72.0,Edge Protection,Estimate,Medium,0.05642420122365738,0.8,B,0.75,84.24303195105371,0.16494845360824742,0.014686248331108143,0.19148936170212766,0.8085106382978724,31.293844743199312
179.0,Paper Honeycomb Pallet,22.0,30.0,78.0,1.2,82.0,80.0,Light Pallets,Estimate,Medium,0.06186267845003398,0.78,B,0.75,83.42549286199863,0.1958762886597938,0.018691588785046728,0.2198581560283688,0.7801418439716312,31.800054529092094
180.0,Recycled Paper Honeycomb,18.0,25.0,82.0,0.95,90.0,68.0,Furniture Packaging,Estimate,Medium,0.04486743711760706,0.82,A,1.0,92.80530251529571,0.15463917525773196,0.015353805073431242,0.1773049645390071,0.8226950354609929,31.327032226342
181.0,Bio-PE (Sugarcane-based),55.0,15.0,15.0,1.5,75.0,140.0,Bottles & Caps,Literature,High,0.08225696804894629,0.15,B,0.75,63.70972127804215,0.5360824742268041,0.008678237650200267,0.4326241134751773,0.5673758865248226,38.72492269432285
182.0,Bio-PE Film,50.0,13.0,20.0,1.4,75.0,135.0,Flex Packaging,Estimate,Medium,0.07545887151597551,0.2,B,0.75,65.48164513936098,0.4845360824742268,0.007343124165554072,0.4148936170212766,0.5851063829787234,37.1549285132974
183.0,Bio-PE Rigid,58.0,17.0,10.0,1.6,70.0,145.0,Containers,Estimate,Medium,0.08905506458191706,0.1,B,0.75,61.93779741672331,0.5670103092783505,0.010013351134846462,0.450354609929078,0.549645390070922,39.47017460730707
184.0,Bio-PE Shrink,52.0,14.0,20.0,1.45,75.0,138.0,Shrink Wrap,Estimate,Medium,0.0788579197824609,0.2,B,0.75,65.34568320870156,0.5051546391752577,0.00801068090787717,0.425531914893617,0.574468085106383,37.680548547438114
185.0,Bio-PE Coating,48.0,12.0,25.0,1.35,78.0,132.0,Paper Coatings,Estimate,Medium,0.07205982324949015,0.25,B,0.75,67.1176070700204,0.4639175257731959,0.006675567423230975,0.40425531914893614,0.5957446808510638,36.62930847915668
186.0,Paper-PLA Laminate,18.0,12.0,60.0,1.0,75.0,120.0,Hot Cups,Literature,High,0.04826648538409245,0.6,B,0.75,78.56934058463631,0.15463917525773196,0.006675567423230975,0.3617021276595745,0.6382978723404256,25.53477020321897
187.0,Paper-PE Laminate,20.0,15.0,5.0,2.5,65.0,90.0,Beverage Cartons,Literature,High,0.15023793337865396,0.05,C,0.5,50.49048266485384,0.17525773195876287,0.008678237650200267,0.2553191489361702,0.7446808510638299,29.611081939771424
188.0,Paper-BioPE Laminate,19.0,14.0,30.0,1.8,70.0,110.0,Beverage Cartons,Estimate,Medium,0.1026512576478586,0.3,B,0.75,67.39394969408565,0.16494845360824742,0.00801068090787717,0.3262411347517731,0.6737588652482269,27.051024529013016
189.0,Cardboard-PLA Laminate,21.0,18.0,55.0,1.2,75.0,125.0,Frozen Foods,Estimate,Medium,0.06186267845003398,0.55,B,0.75,76.52549286199864,0.18556701030927836,0.010680907877169559,0.37943262411347517,0.6205673758865249,26.360128925281966
190.0,Cardboard-Compostable Laminate,20.0,17.0,60.0,1.05,78.0,118.0,Snack Packs,Estimate,Medium,0.051665533650577834,0.6,B,0.75,78.43337865397689,0.17525773195876287,0.010013351134846462,0.3546099290780142,0.6453900709219857,26.67241194005548
191.0,Recycled Paper-PLA Laminate,17.0,12.0,65.0,0.9,80.0,115.0,Food Service,Estimate,Medium,0.04146838885112169,0.65,B,0.75,80.34126444595515,0.14432989690721648,0.006675567423230975,0.34397163120567376,0.6560283687943262,25.65431396281538
192.0,Flexible Paper Wrap,8.0,4.0,80.0,0.7,85.0,40.0,Confectionery Wrap,Literature,High,0.027872195785180146,0.8,B,0.75,85.3851121685928,0.05154639175257732,0.0013351134846461949,0.07801418439716312,0.9219858156028369,29.761483542727586
193.0,Flexible Kraft Paper Wrap,10.0,5.0,82.0,0.75,88.0,42.0,Bakery Wrap,Estimate,Medium,0.03127124405166554,0.82,B,0.75,85.84915023793337,0.07216494845360824,0.0020026702269692926,0.0851063829787234,0.9148936170212766,30.393486555591707
194.0,Glassine Paper Wrap,6.0,4.0,75.0,0.8,80.0,45.0,Oily Foods,Estimate,Medium,0.034670292318150914,0.75,B,0.75,83.61318830727397,0.030927835051546393,0.0013351134846461949,0.09574468085106383,0.9042553191489362,28.404826381069327
195.0,Greaseproof Paper,7.0,4.0,78.0,0.78,80.0,46.0,Bakery Wrap,Literature,High,0.03331067301155677,0.78,B,0.75,84.56757307953772,0.041237113402061855,0.0013351134846461949,0.09929078014184398,0.900709219858156,28.71081453636654
196.0,Waxed Paper,6.0,3.0,70.0,0.85,50.0,50.0,Cheese/Meat Wrap,Estimate,Medium,0.038069340584636305,0.7,C,0.5,74.47722637661455,0.030927835051546393,0.0006675567423230974,0.11347517730496454,0.8865248226950355,27.852884785182614
197.0,Recycled Flexible Paper Wrap,8.0,4.0,82.0,0.6,90.0,38.0,Confectionery Wrap,Estimate,Medium,0.02107409925220938,0.82,A,1.0,93.75703602991163,0.05154639175257732,0.0013351134846461949,0.07092198581560284,0.9290780141843972,29.974249500174395
198.0,Paper Mailer - Padded,14.0,8.0,75.0,0.9,85.0,50.0,E-commerce Mailers,Literature,High,0.04146838885112169,0.75,B,0.75,83.34126444595513,0.1134020618556701,0.004005340453938585,0.11347517730496454,0.8865248226950355,31.251987368696028
199.0,Paper Mailer - Rigid,16.0,10.0,75.0,0.95,85.0,55.0,Documents,Estimate,Medium,0.04486743711760706,0.75,B,0.75,83.20530251529571,0.13402061855670103,0.0053404539385847796,0.13120567375886524,0.8687943262411347,31.584868147659623
200.0,Paper Mailer - Lightweight,12.0,6.0,80.0,0.85,90.0,45.0,Apparel,Estimate,Medium,0.038069340584636305,0.8,A,1.0,92.47722637661455,0.09278350515463918,0.0026702269692923898,0.09574468085106383,0.9042553191489362,30.91910658973242
201.0,Paper Mailer - Recycled,14.0,8.0,80.0,0.7,92.0,48.0,E-commerce,Estimate,Medium,0.027872195785180146,0.8,A,1.0,92.88511216859278,0.1134020618556701,0.004005340453938585,0.10638297872340426,0.8936170212765957,31.464753326142837
202.0,Paper Mailer - Honeycomb,18.0,10.0,78.0,0.98,85.0,60.0,Fragile Goods,Estimate,Medium,0.04690686607749829,0.78,B,0.75,84.02372535690007,0.15463917525773196,0.0053404539385847796,0.14893617021276595,0.851063829787234,31.877695522083844
203.0,Recycled Plastic Mailer,50.0,10.0,1.0,2.1,70.0,70.0,E-commerce,Estimate,Medium,0.1230455472467709,0.01,B,0.75,57.87817811012916,0.4845360824742268,0.0053404539385847796,0.18439716312056736,0.8156028368794326,44.00974202350959
204.0,Bio-based Plastic Mailer,45.0,9.0,40.0,1.4,65.0,95.0,E-commerce,Estimate,Medium,0.07545887151597551,0.4,C,0.5,63.98164513936098,0.4329896907216495,0.004672897196261682,0.2730496453900709,0.7269503546099291,39.2682851830517
205.0,Compostable Mailer,35.0,7.0,85.0,0.7,60.0,105.0,E-commerce,Literature,High,0.027872195785180146,0.85,C,0.5,79.3851121685928,0.32989690721649484,0.0033377837116154874,0.30851063829787234,0.6914893617021276,34.04069065107208
206.0,Paper-Padded Compostable Mailer,20.0,9.0,80.0,0.85,70.0,90.0,E-commerce,Estimate,Medium,0.038069340584636305,0.8,B,0.75,84.97722637661454,0.17525773195876287,0.004672897196261682,0.2553191489361702,0.7446808510638299,29.490921726153264
207.0,Cardboard Envelope,15.0,7.0,5.0,1.0,90.0,40.0,Documents,Estimate,Medium,0.04826648538409245,0.05,A,1.0,69.56934058463631,0.12371134020618557,0.0033377837116154874,0.07801418439716312,0.9219858156028369,32.708161587681
208.0,Virgin PET Tray,60.0,15.0,1.0,3.0,50.0,80.0,Food Trays,Literature,High,0.18422841604350781,0.01,C,0.5,47.93086335825969,0.5876288659793815,0.008678237650200267,0.2198581560283688,0.7801418439716312,47.169757087830206
209.0,Recycled PET Tray,60.0,15.0,1.0,1.8,75.0,88.0,Food Trays,Literature,High,0.1026512576478586,0.01,B,0.75,58.69394969408566,0.5876288659793815,0.008678237650200267,0.24822695035460993,0.75177304964539,46.31869325804297
210.0,PP Rigid Container,55.0,14.0,1.0,2.5,40.0,70.0,Food Containers,Literature,High,0.15023793337865396,0.01,D,0.25,41.79048266485385,0.5360824742268041,0.00801068090787717,0.18439716312056736,0.8156028368794326,46.15170450269146
211.0,PP Film,45.0,10.0,1.0,2.3,40.0,68.0,Snack Packaging,Literature,High,0.13664174031271242,0.01,D,0.25,42.334330387491505,0.4329896907216495,0.0053404539385847796,0.1773049645390071,0.8226950354609929,42.16065231085331
212.0,PP Nonwoven,30.0,8.0,1.0,2.1,40.0,65.0,Shopping Bags,Estimate,Medium,0.1230455472467709,0.01,D,0.25,42.87817811012917,0.27835051546391754,0.004005340453938585,0.16666666666666666,0.8333333333333334,36.25418083217486
213.0,Recycled PP Rigid,55.0,14.0,1.0,1.9,55.0,72.0,Containers,Estimate,Medium,0.10944935418082935,0.01,C,0.5,50.92202583276683,0.5360824742268041,0.00801068090787717,0.19148936170212766,0.8085106382978724,45.93893854524465
214.0,Recycled PP Film,45.0,10.0,1.0,1.8,55.0,70.0,Packaging Film,Estimate,Medium,0.1026512576478586,0.01,C,0.5,51.19394969408566,0.4329896907216495,0.0053404539385847796,0.18439716312056736,0.8156028368794326,41.9478863534065
215.0,LDPE Film,30.0,8.0,1.0,2.4,30.0,65.0,Stretch Wrap,Literature,High,0.1434398368456832,0.01,D,0.25,42.06240652617267,0.27835051546391754,0.004005340453938585,0.16666666666666666,0.8333333333333334,36.25418083217486
216.0,Recycled LDPE Film,30.0,8.0,1.0,1.7,45.0,60.0,Garbage Bags,Estimate,Medium,0.09585316111488781,0.01,D,0.25,43.965873555404485,0.27835051546391754,0.004005340453938585,0.14893617021276595,0.851063829787234,36.78609572579188
217.0,Bio-based LDPE Film,32.0,9.0,10.0,1.3,55.0,80.0,Stretch Wrap,Estimate,Medium,0.06866077498300475,0.1,C,0.5,55.25356900067982,0.29896907216494845,0.004672897196261682,0.2198581560283688,0.7801418439716312,35.50320512163473
218.0,Paper Cushioning - Shredded,6.0,4.0,85.0,0.7,90.0,35.0,Void Fill,Literature,High,0.027872195785180146,0.85,A,1.0,94.3851121685928,0.030927835051546393,0.0013351134846461949,0.06028368794326241,0.9397163120567376,29.46865616830337
219.0,Paper Cushioning - Crinkle,7.0,4.0,85.0,0.75,90.0,37.0,Gift Packaging,Estimate,Medium,0.03127124405166554,0.85,A,1.0,94.24915023793339,0.041237113402061855,0.0013351134846461949,0.0673758865248227,0.9326241134751773,29.668261344877177
220.0,Paper Cushioning - Molded,9.0,5.0,80.0,0.8,88.0,40.0,Fragile Goods,Estimate,Medium,0.034670292318150914,0.8,B,0.75,85.11318830727396,0.061855670103092786,0.0020026702269692926,0.07801418439716312,0.9219858156028369,30.193881379017895
221.0,Air Cushion - Virgin Plastic,35.0,10.0,1.0,3.0,50.0,60.0,Void Fill,Literature,High,0.18422841604350781,0.01,C,0.5,47.93086335825969,0.32989690721649484,0.0053404539385847796,0.14893617021276595,0.851063829787234,38.88800480043436
222.0,Air Cushion - Recycled Plastic,35.0,10.0,1.0,2.0,70.0,65.0,Void Fill,Estimate,Medium,0.11624745071380013,0.01,B,0.75,58.15010197144799,0.32989690721649484,0.0053404539385847796,0.16666666666666666,0.8333333333333334,38.35608990681734
223.0,Air Cushion - Bio-based Plastic,30.0,9.0,20.0,1.4,60.0,75.0,Void Fill,Estimate,Medium,0.07545887151597551,0.2,C,0.5,57.981645139360985,0.27835051546391754,0.004672897196261682,0.20212765957446807,0.7978723404255319,35.21037774721051
224.0,Paper Air Cushion,10.0,6.0,80.0,0.8,88.0,50.0,Void Fill,Estimate,Medium,0.034670292318150914,0.8,B,0.75,85.11318830727396,0.07216494845360824,0.0026702269692923898,0.11347517730496454,0.8865248226950355,29.562449428074167
225.0,Inflatable Paper-Plastic Hybrid,25.0,9.0,60.0,1.6,70.0,70.0,Void Fill,Estimate,Medium,0.08905506458191706,0.6,B,0.75,76.93779741672331,0.2268041237113402,0.004672897196261682,0.18439716312056736,0.8156028368794326,33.680436970724436
226.0,EPS Foam (Expanded Polystyrene),15.0,12.0,0.0,5.0,10.0,40.0,Electronics Packaging,Literature,High,0.3201903467029232,0.0,D,0.25,34.692386131883076,0.12371134020618557,0.006675567423230975,0.07801418439716312,0.9219858156028369,32.80829509902946
227.0,Molded EPS Corner,16.0,13.0,0.0,5.2,10.0,42.0,TV Packaging,Estimate,Medium,0.3337865397688647,0.0,D,0.25,34.14853840924542,0.13402061855670103,0.007343124165554072,0.0851063829787234,0.9148936170212766,33.027926977872966
228.0,Recycled EPS,15.0,12.0,0.0,3.5,30.0,38.0,Insulation,Estimate,Medium,0.21821889870836164,0.0,D,0.25,38.77124405166554,0.12371134020618557,0.006675567423230975,0.07092198581560284,0.9290780141843972,33.02106105647627
229.0,EPP Foam (Expanded Polypropylene),18.0,14.0,0.0,4.0,20.0,55.0,Returnable Packaging,Estimate,Medium,0.25220938137321547,0.0,D,0.25,37.41162474507138,0.15463917525773196,0.00801068090787717,0.13120567375886524,0.8687943262411347,32.48971722477963
230.0,Bio-based Foam,14.0,10.0,40.0,2.0,40.0,70.0,Protective Packaging,Estimate,Medium,0.11624745071380013,0.4,D,0.25,54.850101971448,0.1134020618556701,0.0053404539385847796,0.18439716312056736,0.8156028368794326,29.164381198767327
231.0,Paper Foam,10.0,8.0,80.0,1.2,70.0,60.0,Protective Packaging,Estimate,Medium,0.06186267845003398,0.8,B,0.75,84.02549286199864,0.07216494845360824,0.004005340453938585,0.14893617021276595,0.851063829787234,28.538673045379507
232.0,Molded Pulp Corner - Recycled,11.0,7.0,85.0,0.5,80.0,52.0,Electronics,Literature,High,0.014276002719238614,0.85,B,0.75,87.42895989123046,0.08247422680412371,0.0033377837116154874,0.12056737588652482,0.8794326241134752,29.782081306917668
233.0,Molded Pulp Corner - Virgin,12.0,8.0,80.0,0.6,75.0,55.0,Appliances,Estimate,Medium,0.02107409925220938,0.8,B,0.75,85.65703602991162,0.09278350515463918,0.004005340453938585,0.13120567375886524,0.8687943262411347,29.895330207037762
234.0,Coconut Fiber Pad,9.0,6.0,95.0,0.4,60.0,50.0,Produce Packaging,Estimate,Medium,0.007477906186267848,0.95,C,0.5,83.20088375254929,0.061855670103092786,0.0026702269692923898,0.11347517730496454,0.8865248226950355,29.150078294053543
235.0,Coconut Fiber Molded Pack,11.0,7.0,95.0,0.42,60.0,55.0,Fruit Trays,Estimate,Medium,0.008837525492861998,0.95,C,0.5,83.14649898028551,0.08247422680412371,0.0033377837116154874,0.13120567375886524,0.8687943262411347,29.462932370747453
236.0,Rice Husk Composite,20.0,12.0,85.0,1.5,60.0,80.0,Reusable Tableware,Estimate,Medium,0.08225696804894629,0.85,C,0.5,77.20972127804215,0.17525773195876287,0.006675567423230975,0.2198581560283688,0.7801418439716312,30.61483162019638
237.0,Rice Husk Molded Tray,16.0,10.0,88.0,1.3,60.0,70.0,Frozen Foods,Estimate,Medium,0.06866077498300475,0.88,C,0.5,78.65356900067982,0.13402061855670103,0.0053404539385847796,0.18439716312056736,0.8156028368794326,29.98912346680856
238.0,Wheat Straw Pulp Tray,14.0,10.0,90.0,0.45,75.0,55.0,Food Trays,Estimate,Medium,0.01087695445275323,0.9,B,0.75,89.06492182188987,0.1134020618556701,0.0053404539385847796,0.13120567375886524,0.8687943262411347,30.76012587961839
239.0,Wheat Straw Molded Fiber,12.0,8.0,92.0,0.42,75.0,52.0,Produce Packaging,Estimate,Medium,0.008837525492861998,0.92,B,0.75,89.74649898028552,0.09278350515463918,0.004005340453938585,0.12056737588652482,0.8794326241134752,30.214479143207978
240.0,Kenaf Fiber Board,22.0,14.0,85.0,1.2,70.0,90.0,Display Packaging,Estimate,Medium,0.06186267845003398,0.85,B,0.75,85.52549286199864,0.1958762886597938,0.00801068090787717,0.2553191489361702,0.7446808510638299,30.41579750554296
241.0,Bagasse-Kenaf Blend Board,18.0,12.0,88.0,1.0,72.0,80.0,Food & Retail Packs,Estimate,Medium,0.04826648538409245,0.88,B,0.75,86.96934058463631,0.15463917525773196,0.006675567423230975,0.2198581560283688,0.7801418439716312,29.790089352155146
242.0,Bio-based Nylon Film,70.0,15.0,10.0,4.0,60.0,180.0,High Barrier Packs,Estimate,Medium,0.25220938137321547,0.1,C,0.5,47.91162474507138,0.6907216494845361,0.008678237650200267,0.574468085106383,0.42553191489361697,40.65517055569596
243.0,Bio-based Nylon Laminate,72.0,16.0,10.0,4.1,60.0,190.0,Retort Pouches,Estimate,Medium,0.2590074779061862,0.1,C,0.5,47.63970088375255,0.711340206185567,0.009345794392523364,0.6099290780141844,0.3900709219858156,40.43610973877285
244.0,Paper-Nylon Laminate,25.0,18.0,5.0,3.5,55.0,150.0,High Barrier Pouches,Estimate,Medium,0.21821889870836164,0.05,C,0.5,47.77124405166554,0.2268041237113402,0.010680907877169559,0.46808510638297873,0.5319148936170213,25.350038993279334
245.0,Recycled Aluminum Sheet,70.0,20.0,1.0,4.0,98.0,130.0,General Packaging,Estimate,Medium,0.25220938137321547,0.01,A,1.0,60.211624745071376,0.6907216494845361,0.012016021361815754,0.3971631205673759,0.6028368794326241,46.074453003214636
246.0,Aluminum-Cardboard Composite,40.0,18.0,5.0,5.0,70.0,140.0,Liquid Cartons,Estimate,Medium,0.3201903467029232,0.05,B,0.75,51.19238613188307,0.38144329896907214,0.010680907877169559,0.4326241134751773,0.5673758865248226,32.59943579082265
247.0,Aluminum-PET Laminate,55.0,20.0,1.0,6.0,30.0,150.0,Snack Packs,Literature,High,0.38817131203263083,0.01,D,0.25,32.27314751869477,0.5360824742268041,0.012016021361815754,0.46808510638297873,0.5319148936170213,37.761226418437275
248.0,Recycled Aluminum-PET Laminate,55.0,20.0,1.0,4.5,50.0,145.0,Snack Packs,Estimate,Medium,0.2861998640380693,0.01,C,0.5,43.85200543847723,0.5360824742268041,0.012016021361815754,0.450354609929078,0.549645390070922,38.293141312054296
249.0,Mono-material PE Pouch,45.0,12.0,1.0,2.5,50.0,80.0,Recyclable Pouches,Literature,High,0.15023793337865396,0.01,C,0.5,49.29048266485384,0.4329896907216495,0.006675567423230975,0.2198581560283688,0.7801418439716312,40.92410997071185
250.0,Mono-material PP Pouch,48.0,13.0,1.0,2.4,55.0,82.0,Recyclable Pouches,Estimate,Medium,0.1434398368456832,0.01,C,0.5,49.56240652617267,0.4639175257731959,0.007343124165554072,0.22695035460992907,0.7730496453900709,41.96848411759658
251.0,Mono-material PET Pouch,52.0,14.0,1.0,3.2,60.0,90.0,Recyclable Pouches,Estimate,Medium,0.19782460910944935,0.01,C,0.5,47.387015635622035,0.5051546391752577,0.00801068090787717,0.2553191489361702,0.7446808510638299,42.78693152616152
252.0,Paper-based Pouch with Dispersion Barrier,20.0,10.0,60.0,1.1,75.0,95.0,Snacks,Estimate,Medium,0.055064581917063225,0.6,B,0.75,78.29741672331747,0.17525773195876287,0.0053404539385847796,0.2730496453900709,0.7269503546099291,28.979033534805932
253.0,Paper-based Pouch with Bio-coating,18.0,9.0,65.0,1.0,78.0,98.0,Snacks,Estimate,Medium,0.04826648538409245,0.65,B,0.75,80.06934058463631,0.15463917525773196,0.004672897196261682,0.28368794326241137,0.7163120567375887,27.815115628324786
254.0,Recycled Paper-based Pouch,17.0,9.0,70.0,0.9,85.0,92.0,Dry Foods,Estimate,Medium,0.04146838885112169,0.7,B,0.75,81.84126444595513,0.14432989690721648,0.004672897196261682,0.2624113475177305,0.7375886524822695,28.041042366644593
255.0,Cellulose Film,30.0,7.0,85.0,0.7,70.0,110.0,Confectionery,Literature,High,0.027872195785180146,0.85,B,0.75,86.8851121685928,0.27835051546391754,0.0033377837116154874,0.3262411347517731,0.6737588652482269,31.44692008735197
256.0,Regenerated Cellulose Film,32.0,8.0,80.0,0.75,70.0,115.0,Confectionery,Estimate,Medium,0.03127124405166554,0.8,B,0.75,85.24915023793336,0.29896907216494845,0.004005340453938585,0.34397163120567376,0.6560283687943262,31.759774164045883
257.0,Cellulose-BioPE Laminate,35.0,9.0,60.0,1.2,68.0,120.0,Snacks,Estimate,Medium,0.06186267845003398,0.6,C,0.5,70.52549286199864,0.32989690721649484,0.004672897196261682,0.3617021276595745,0.6382978723404256,32.484999374760406
258.0,Home Compostable Cellulose Film,28.0,6.0,90.0,0.65,72.0,105.0,Food Packaging,Estimate,Medium,0.02447314751869477,0.9,B,0.75,88.52107409925222,0.25773195876288657,0.0026702269692923898,0.30851063829787234,0.6914893617021276,31.134066010658064
259.0,PLA-Cellulose Blend Film,40.0,9.0,85.0,0.6,70.0,118.0,Food Packaging,Estimate,Medium,0.02107409925220938,0.85,B,0.75,87.15703602991162,0.38144329896907214,0.004672897196261682,0.3546099290780142,0.6453900709219857,34.75962100231031
260.0,HDPE-Net Bag,20.0,12.0,1.0,3.0,40.0,70.0,Fruit Nets,Literature,High,0.18422841604350781,0.01,D,0.25,40.430863358259685,0.17525773195876287,0.006675567423230975,0.18439716312056736,0.8156028368794326,31.67866140743042
261.0,Recycled HDPE-Net Bag,20.0,12.0,1.0,2.1,60.0,75.0,Fruit Nets,Estimate,Medium,0.1230455472467709,0.01,C,0.5,50.37817811012917,0.17525773195876287,0.006675567423230975,0.20212765957446807,0.7978723404255319,31.1467465138134
262.0,Jute-PP Hybrid Bag,28.0,16.0,70.0,2.0,45.0,85.0,Rice & Grain Bags,Estimate,Medium,0.11624745071380013,0.7,D,0.25,63.85010197144799,0.25773195876288657,0.009345794392523364,0.2375886524822695,0.7624113475177305,33.46199260782308
263.0,Paper-PP Hybrid Bag,25.0,14.0,50.0,2.1,50.0,80.0,Rice & Flour Bags,Estimate,Medium,0.1230455472467709,0.5,C,0.5,65.07817811012917,0.2268041237113402,0.00801068090787717,0.2198581560283688,0.7801418439716312,32.71674069483886
264.0,Multiwall Paper Bag,18.0,16.0,70.0,1.2,85.0,60.0,Industrial Powders,Literature,High,0.06186267845003398,0.7,B,0.75,81.02549286199864,0.15463917525773196,0.009345794392523364,0.14893617021276595,0.851063829787234,31.997855735701997
265.0,Recycled Multiwall Paper Bag,18.0,16.0,75.0,1.0,90.0,55.0,Industrial Powders,Estimate,Medium,0.04826648538409245,0.75,A,1.0,90.56934058463631,0.15463917525773196,0.009345794392523364,0.13120567375886524,0.8687943262411347,32.529770629319025
266.0,PE-lined Paper Bag,20.0,18.0,5.0,2.6,65.0,70.0,Cement/Grain,Estimate,Medium,0.15703602991162474,0.05,C,0.5,50.21855880353502,0.17525773195876287,0.010680907877169559,0.18439716312056736,0.8156028368794326,31.798821621048578
267.0,BioPE-lined Paper Bag,20.0,18.0,20.0,1.9,70.0,85.0,Cement/Grain,Estimate,Medium,0.10944935418082935,0.2,B,0.75,64.12202583276682,0.17525773195876287,0.010680907877169559,0.2375886524822695,0.7624113475177305,30.203076940197516
268.0,PLA-lined Paper Bag,18.0,16.0,60.0,1.2,72.0,90.0,Dry Foods,Estimate,Medium,0.06186267845003398,0.6,B,0.75,78.02549286199863,0.15463917525773196,0.009345794392523364,0.2553191489361702,0.7446808510638299,28.806366373999875
269.0,Glass Jar,85.0,20.0,0.0,2.4,95.0,115.0,Food/Cosmetics,Literature,High,0.1434398368456832,0.0,A,1.0,64.26240652617268,0.845360824742268,0.012016021361815754,0.34397163120567376,0.6560283687943262,53.85576469437498
270.0,Recycled Glass Jar,85.0,20.0,0.0,2.0,98.0,110.0,Food/Cosmetics,Estimate,Medium,0.11624745071380013,0.0,A,1.0,65.350101971448,0.845360824742268,0.012016021361815754,0.3262411347517731,0.6737588652482269,54.387679587992
271.0,Lightweight Glass Jar,80.0,16.0,0.0,2.2,95.0,110.0,Spreads & Sauces,Estimate,Medium,0.12984364377974167,0.0,A,1.0,64.80625424881033,0.7938144329896907,0.009345794392523364,0.3262411347517731,0.6737588652482269,52.24571710881013
272.0,Tempered Glass Jar,95.0,22.0,0.0,2.6,95.0,125.0,Premium Foods,Estimate,Medium,0.15703602991162474,0.0,A,1.0,63.71855880353501,0.9484536082474226,0.01335113484646195,0.37943262411347517,0.6205673758865249,56.95569965188652
273.0,Glass Ampoule,70.0,8.0,0.0,2.3,95.0,130.0,Pharma,Estimate,Medium,0.13664174031271242,0.0,A,1.0,64.53433038749151,0.6907216494845361,0.004005340453938585,0.3971631205673759,0.6028368794326241,45.83413257597832
274.0,Returnable Glass Crate,60.0,25.0,0.0,3.0,90.0,100.0,Beverage Logistics,Estimate,Medium,0.18422841604350781,0.0,A,1.0,62.63086335825969,0.5876288659793815,0.015353805073431242,0.2907801418439716,0.7092198581560284,45.24236453605905
275.0,Wooden Crate,25.0,30.0,60.0,2.5,60.0,90.0,Fruit & Vegetables,Literature,High,0.15023793337865396,0.6,C,0.5,66.99048266485384,0.2268041237113402,0.018691588785046728,0.2553191489361702,0.7446808510638299,31.973338143919904
276.0,Recycled Wood Crate,25.0,30.0,60.0,1.8,70.0,85.0,Fruit & Vegetables,Estimate,Medium,0.1026512576478586,0.6,B,0.75,76.39394969408565,0.2268041237113402,0.018691588785046728,0.2375886524822695,0.7624113475177305,32.505253037536924
277.0,Plywood Crate,30.0,35.0,50.0,3.0,50.0,95.0,Heavy Machinery,Estimate,Medium,0.18422841604350781,0.5,C,0.5,62.63086335825969,0.27835051546391754,0.022029372496662217,0.2730496453900709,0.7269503546099291,33.603412431754435
278.0,OSB Wood Crate,28.0,32.0,55.0,2.8,55.0,92.0,General Cargo,Estimate,Medium,0.17063222297756625,0.55,C,0.5,64.67471108089735,0.25773195876288657,0.020026702269692925,0.2624113475177305,0.7375886524822695,33.037738993074335
279.0,Bio-based PU Foam,16.0,11.0,30.0,3.0,40.0,90.0,Protective Packaging,Estimate,Medium,0.18422841604350781,0.3,D,0.25,49.13086335825969,0.13402061855670103,0.006008010680907877,0.2553191489361702,0.7446808510638299,27.881490594610174
280.0,Recycled PU Foam,16.0,11.0,0.0,2.5,50.0,70.0,Furniture & Packs,Estimate,Medium,0.15023793337865396,0.0,C,0.5,48.99048266485384,0.13402061855670103,0.006008010680907877,0.18439716312056736,0.8156028368794326,30.009150169078254
281.0,Cork Block,20.0,10.0,95.0,0.8,70.0,85.0,Protective Inserts,Estimate,Medium,0.034670292318150914,0.95,B,0.75,89.61318830727396,0.17525773195876287,0.0053404539385847796,0.2375886524822695,0.7624113475177305,30.042863322039974
282.0,Cork Sheet,18.0,9.0,95.0,0.75,70.0,80.0,Bottle Gaskets,Estimate,Medium,0.03127124405166554,0.95,B,0.75,89.74915023793338,0.15463917525773196,0.004672897196261682,0.2198581560283688,0.7801418439716312,29.730009245346068
283.0,Recycled Rubber Cushion,18.0,12.0,0.0,2.0,50.0,60.0,Shock Absorption,Estimate,Medium,0.11624745071380013,0.0,C,0.5,50.35010197144799,0.15463917525773196,0.006675567423230975,0.14893617021276595,0.851063829787234,31.917748926623226
284.0,Virgin Rubber Cushion,20.0,14.0,0.0,2.5,40.0,70.0,Shock Absorption,Estimate,Medium,0.15023793337865396,0.0,D,0.25,41.49048266485384,0.17525773195876287,0.00801068090787717,0.18439716312056736,0.8156028368794326,31.718714811969807
285.0,Paper-Rubber Hybrid Pad,15.0,10.0,50.0,1.5,55.0,65.0,Shock & Vibration,Estimate,Medium,0.08225696804894629,0.5,C,0.5,66.70972127804215,0.12371134020618557,0.0053404539385847796,0.16666666666666666,0.8333333333333334,30.108667226404968
286.0,Organic Cotton Pouch,18.0,7.0,95.0,0.5,75.0,110.0,Small Goods,Estimate,Medium,0.014276002719238614,0.95,B,0.75,90.42895989123045,0.15463917525773196,0.0033377837116154874,0.3262411347517731,0.6737588652482269,26.49846647910455
287.0,Recycled Cotton Pouch,17.0,7.0,90.0,0.45,80.0,95.0,Small Goods,Estimate,Medium,0.01087695445275323,0.9,B,0.75,89.06492182188987,0.14432989690721648,0.0033377837116154874,0.2730496453900709,0.7269503546099291,27.681840025934996
288.0,Linen Bag,22.0,10.0,95.0,0.55,78.0,105.0,Fashion Packaging,Estimate,Medium,0.017675050985724,0.95,B,0.75,90.29299796057103,0.1958762886597938,0.0053404539385847796,0.30851063829787234,0.6914893617021276,28.73994601561312
289.0,Bio-based Polyester Fabric,25.0,12.0,20.0,2.0,50.0,120.0,Textile Bags,Estimate,Medium,0.11624745071380013,0.2,C,0.5,56.350101971448,0.2268041237113402,0.006675567423230975,0.3617021276595745,0.6382978723404256,28.421368141363303
290.0,Recycled Polyester Fabric,25.0,12.0,1.0,1.8,70.0,100.0,Textile Bags,Estimate,Medium,0.1026512576478586,0.01,B,0.75,58.69394969408566,0.2268041237113402,0.006675567423230975,0.2907801418439716,0.7092198581560284,30.54902771583139
291.0,Paper Tube - Thin Wall,14.0,8.0,75.0,0.9,90.0,50.0,Cosmetic Packaging,Estimate,Medium,0.04146838885112169,0.75,A,1.0,90.84126444595513,0.1134020618556701,0.004005340453938585,0.11347517730496454,0.8865248226950355,31.251987368696028
292.0,Paper Tube - Thick Wall,18.0,12.0,70.0,1.0,88.0,60.0,Powder Packs,Estimate,Medium,0.04826648538409245,0.7,B,0.75,81.56934058463631,0.15463917525773196,0.006675567423230975,0.14893617021276595,0.851063829787234,31.917748926623226
293.0,Recycled Paper Tube,16.0,10.0,80.0,0.8,92.0,55.0,Gift Packs,Estimate,Medium,0.034670292318150914,0.8,A,1.0,92.61318830727396,0.13402061855670103,0.0053404539385847796,0.13120567375886524,0.8687943262411347,31.584868147659623
294.0,PLA-Coated Paper Tube,17.0,10.0,60.0,0.95,80.0,70.0,Cosmetics,Estimate,Medium,0.04486743711760706,0.6,B,0.75,78.70530251529571,0.14432989690721648,0.0053404539385847796,0.18439716312056736,0.8156028368794326,30.401494600829178
295.0,BioPE-Coated Paper Tube,18.0,11.0,25.0,1.2,78.0,75.0,Cosmetics,Estimate,Medium,0.06186267845003398,0.25,B,0.75,67.52549286199864,0.15463917525773196,0.006008010680907877,0.20212765957446807,0.7978723404255319,30.301977543502467
296.0,PE Foam Sheet,18.0,12.0,1.0,3.0,30.0,60.0,Surface Protection,Literature,High,0.18422841604350781,0.01,D,0.25,40.430863358259685,0.15463917525773196,0.006675567423230975,0.14893617021276595,0.851063829787234,31.917748926623226
297.0,Recycled PE Foam Sheet,18.0,12.0,1.0,2.2,50.0,63.0,Surface Protection,Estimate,Medium,0.12984364377974167,0.01,C,0.5,50.10625424881033,0.15463917525773196,0.006675567423230975,0.1595744680851064,0.8404255319148937,31.598599990453014
298.0,Bio-based PE Foam Sheet,16.0,11.0,15.0,1.8,55.0,75.0,Protective Packaging,Estimate,Medium,0.1026512576478586,0.15,C,0.5,55.393949694085656,0.13402061855670103,0.006008010680907877,0.20212765957446807,0.7978723404255319,29.477235275461233
299.0,PET Foam Sheet,20.0,13.0,1.0,3.5,40.0,80.0,High Performance Packs,Estimate,Medium,0.21821889870836164,0.01,D,0.25,39.07124405166554,0.17525773195876287,0.007343124165554072,0.2198581560283688,0.7801418439716312,30.634858322466073
300.0,EVA Foam Sheet,18.0,12.0,1.0,3.2,30.0,65.0,Protective Packaging,Estimate,Medium,0.19782460910944935,0.01,D,0.25,39.88701563562203,0.15463917525773196,0.006675567423230975,0.16666666666666666,0.8333333333333334,31.385834033006212
301.0,PLA Foam Sheet,14.0,9.0,80.0,1.0,60.0,90.0,Protective Packaging,Estimate,Medium,0.04826648538409245,0.8,C,0.5,77.06934058463631,0.1134020618556701,0.004672897196261682,0.2553191489361702,0.7446808510638299,27.01669492202955
302.0,Starch Loose Fill Pellets,10.0,7.0,95.0,0.5,60.0,70.0,Void Fill,Literature,High,0.014276002719238614,0.95,C,0.5,82.92895989123046,0.07216494845360824,0.0033377837116154874,0.18439716312056736,0.8156028368794326,27.454816555875773
303.0,Paper Loose Fill,8.0,6.0,90.0,0.7,88.0,50.0,Void Fill,Estimate,Medium,0.027872195785180146,0.9,B,0.75,88.3851121685928,0.05154639175257732,0.0026702269692923898,0.11347517730496454,0.8865248226950355,28.737707160032926
304.0,Recycled Paper Loose Fill,8.0,6.0,92.0,0.6,92.0,48.0,Void Fill,Estimate,Medium,0.02107409925220938,0.92,A,1.0,96.75703602991163,0.05154639175257732,0.0026702269692923898,0.10638297872340426,0.8936170212765957,28.950473117479735
305.0,PLA Loose Fill,12.0,8.0,85.0,0.8,60.0,80.0,Void Fill,Estimate,Medium,0.034670292318150914,0.85,C,0.5,79.11318830727397,0.09278350515463918,0.004005340453938585,0.2198581560283688,0.7801418439716312,27.235755738952662
306.0,Molded Starch Foam,14.0,9.0,90.0,0.9,55.0,85.0,Protective Packaging,Estimate,Medium,0.04146838885112169,0.9,C,0.5,80.34126444595515,0.1134020618556701,0.004672897196261682,0.2375886524822695,0.7624113475177305,27.548609815646568
307.0,Coated Kraft Paper Sack,18.0,16.0,60.0,1.3,75.0,65.0,Industrial Goods,Estimate,Medium,0.06866077498300475,0.6,B,0.75,77.75356900067982,0.15463917525773196,0.009345794392523364,0.16666666666666666,0.8333333333333334,31.465940842084983
308.0,Recycled Kraft Paper Sack,16.0,14.0,70.0,1.0,85.0,60.0,Industrial Goods,Estimate,Medium,0.04826648538409245,0.7,B,0.75,81.56934058463631,0.13402061855670103,0.00801068090787717,0.14893617021276595,0.851063829787234,31.133060063121377
309.0,BioBarrier Coated Sack,17.0,15.0,65.0,1.1,78.0,72.0,Food Powders,Estimate,Medium,0.055064581917063225,0.65,B,0.75,79.79741672331747,0.14432989690721648,0.008678237650200267,0.19148936170212766,0.8085106382978724,30.28886215473084
310.0,Paper-Clay Composite Board,20.0,16.0,80.0,1.4,70.0,85.0,Display,Estimate,Medium,0.07545887151597551,0.8,B,0.75,83.48164513936098,0.17525773195876287,0.009345794392523364,0.2375886524822695,0.7624113475177305,30.16302353565813
311.0,Paper-Mineral Composite Board,22.0,18.0,75.0,1.6,65.0,90.0,Print Packaging,Estimate,Medium,0.08905506458191706,0.75,C,0.5,73.93779741672331,0.1958762886597938,0.010680907877169559,0.2553191489361702,0.7446808510638299,30.495904314621736
312.0,Recycled Paper-Mineral Board,20.0,17.0,78.0,1.3,72.0,82.0,Print Packaging,Estimate,Medium,0.06866077498300475,0.78,B,0.75,83.15356900067982,0.17525773195876287,0.010013351134846462,0.22695035460992907,0.7730496453900709,30.50219917409804
313.0,HDPE Bottle - Virgin,65.0,18.0,1.0,3.1,55.0,85.0,Food/Cosmetics,Literature,High,0.19102651257647857,0.01,C,0.5,47.65893949694087,0.6391752577319587,0.010680907877169559,0.2375886524822695,0.7624113475177305,48.75977797112535
314.0,HDPE Bottle - Recycled,65.0,18.0,1.0,2.0,70.0,82.0,Food/Cosmetics,Estimate,Medium,0.11624745071380013,0.01,B,0.75,58.15010197144799,0.6391752577319587,0.010680907877169559,0.22695035460992907,0.7730496453900709,49.07892690729556
315.0,PP Bottle - Virgin,55.0,16.0,1.0,2.6,45.0,80.0,Personal Care,Literature,High,0.15703602991162474,0.01,D,0.25,41.518558803535015,0.5360824742268041,0.009345794392523364,0.2198581560283688,0.7801418439716312,45.12792811999681
316.0,PP Bottle - Recycled,55.0,16.0,1.0,1.9,60.0,76.0,Personal Care,Estimate,Medium,0.10944935418082935,0.01,C,0.5,50.92202583276683,0.5360824742268041,0.009345794392523364,0.20567375886524822,0.7943262411347518,45.55346003489043
317.0,PET Bottle - Virgin,60.0,18.0,1.0,3.0,50.0,80.0,Beverages,Literature,High,0.18422841604350781,0.01,C,0.5,47.93086335825969,0.5876288659793815,0.010680907877169559,0.2198581560283688,0.7801418439716312,47.22983719463929
318.0,PET Bottle - Recycled Blend,60.0,18.0,1.0,2.0,70.0,82.0,Beverages,Estimate,Medium,0.11624745071380013,0.01,B,0.75,58.15010197144799,0.5876288659793815,0.010680907877169559,0.22695035460992907,0.7730496453900709,47.017071237192475
319.0,Glass Dropper Bottle,70.0,10.0,0.0,2.4,95.0,130.0,Cosmetics,Estimate,Medium,0.1434398368456832,0.0,A,1.0,64.26240652617268,0.6907216494845361,0.0053404539385847796,0.3971631205673759,0.6028368794326241,45.87418598051771
320.0,Aluminum Dropper Bottle,65.0,9.0,1.0,7.0,90.0,140.0,Cosmetics,Estimate,Medium,0.45615227736233854,0.01,A,1.0,52.053908905506454,0.6391752577319587,0.004672897196261682,0.4326241134751773,0.5673758865248226,42.72847382091088
321.0,Steel Drum,85.0,40.0,0.0,8.0,90.0,120.0,Bulk Liquids,Literature,High,0.5241332426920462,0.0,A,1.0,49.03467029231815,0.845360824742268,0.025367156208277702,0.3617021276595745,0.6382978723404256,53.72438384615181
322.0,Reconditioned Steel Drum,85.0,40.0,0.0,5.0,95.0,110.0,Bulk Liquids,Estimate,Medium,0.3201903467029232,0.0,A,1.0,57.19238613188307,0.845360824742268,0.025367156208277702,0.3262411347517731,0.6737588652482269,54.788213633385865
323.0,HDPE Drum,70.0,35.0,1.0,4.0,50.0,100.0,Bulk Liquids,Estimate,Medium,0.25220938137321547,0.01,C,0.5,45.211624745071376,0.6907216494845361,0.022029372496662217,0.2907801418439716,0.7092198581560284,49.56634289896217
324.0,Recycled HDPE Drum,70.0,35.0,1.0,3.0,65.0,95.0,Bulk Liquids,Estimate,Medium,0.18422841604350781,0.01,C,0.5,47.93086335825969,0.6907216494845361,0.022029372496662217,0.2730496453900709,0.7269503546099291,50.09825779257918
325.0,IBCs (HDPE Steel Cage),80.0,100.0,1.0,10.0,60.0,200.0,Bulk Liquids,Estimate,Medium,0.6600951733514616,0.01,C,0.5,28.89619306594153,0.7938144329896907,0.06542056074766354,0.6453900709219859,0.35460992907801414,44.35349201435796
326.0,Wooden Pallet - New,30.0,1000.0,60.0,3.0,60.0,80.0,Logistics,Literature,High,0.18422841604350781,0.6,C,0.5,65.63086335825969,0.27835051546391754,0.6662216288384513,0.2198581560283688,0.7801418439716312,54.524924802859175
327.0,Wooden Pallet - Recycled,30.0,1000.0,60.0,2.0,75.0,70.0,Logistics,Estimate,Medium,0.11624745071380013,0.6,B,0.75,75.850101971448,0.27835051546391754,0.6662216288384513,0.18439716312056736,0.8156028368794326,55.58875459009322
328.0,Plastic Pallet - HDPE,40.0,1200.0,1.0,5.0,50.0,120.0,Logistics,Estimate,Medium,0.3201903467029232,0.01,C,0.5,42.49238613188307,0.38144329896907214,0.7997329773030708,0.3617021276595745,0.6382978723404256,58.39865744806778
329.0,Recycled Plastic Pallet,40.0,1200.0,1.0,3.5,65.0,110.0,Logistics,Estimate,Medium,0.21821889870836164,0.01,C,0.5,46.57124405166554,0.38144329896907214,0.7997329773030708,0.3262411347517731,0.6737588652482269,59.46248723530182
330.0,Paper Pallet,25.0,800.0,75.0,1.5,70.0,90.0,Logistics,Estimate,Medium,0.08225696804894629,0.75,B,0.75,81.70972127804215,0.2268041237113402,0.5327102803738317,0.2553191489361702,0.7446808510638299,47.393898891583454
331.0,Bio-based Plastic Pallet,38.0,1100.0,20.0,3.5,55.0,130.0,Logistics,Estimate,Medium,0.21821889870836164,0.2,C,0.5,52.27124405166553,0.36082474226804123,0.732977303070761,0.3971631205673759,0.6028368794326241,54.507415165823204
332.0,Aluminum Pallet,45.0,1500.0,1.0,12.0,85.0,240.0,Logistics,Estimate,Medium,0.7960571040108769,0.01,B,0.75,30.95771583956492,0.4329896907216495,1.0,0.7872340425531915,0.21276595744680848,53.70256635227023
333.0,Mono-material PE Shrink Film,40.0,12.0,1.0,2.4,50.0,70.0,Shrink Bundling,Literature,High,0.1434398368456832,0.01,C,0.5,49.56240652617267,0.38144329896907214,0.006675567423230975,0.18439716312056736,0.8156028368794326,39.926084087842796
334.0,Recycled PE Shrink Film,40.0,12.0,1.0,1.8,65.0,68.0,Shrink Bundling,Estimate,Medium,0.1026512576478586,0.01,C,0.5,51.19394969408566,0.38144329896907214,0.006675567423230975,0.1773049645390071,0.8226950354609929,40.1388500452896
335.0,Mono-material PP Shrink Film,42.0,13.0,1.0,2.3,55.0,72.0,Shrink Bundling,Estimate,Medium,0.13664174031271242,0.01,C,0.5,49.8343303874915,0.4020618556701031,0.007343124165554072,0.19148936170212766,0.8085106382978724,40.55808710070692
336.0,Bio-based Shrink Film,35.0,11.0,20.0,1.6,55.0,90.0,Shrink Bundling,Estimate,Medium,0.08905506458191706,0.2,C,0.5,57.43779741672333,0.32989690721649484,0.006008010680907877,0.2553191489361702,0.7446808510638299,35.71654214100193
337.0,PaperStrap,20.0,15.0,80.0,0.9,85.0,60.0,Bundle Strapping,Estimate,Medium,0.04146838885112169,0.8,B,0.75,84.84126444595513,0.17525773195876287,0.008678237650200267,0.14893617021276595,0.851063829787234,32.80257130147354
338.0,PP Strap,55.0,20.0,1.0,2.5,30.0,50.0,Bundle Strapping,Literature,High,0.15023793337865396,0.01,D,0.25,41.79048266485385,0.5360824742268041,0.012016021361815754,0.11347517730496454,0.8865248226950355,48.3995242907777
339.0,Recycled PP Strap,55.0,20.0,1.0,1.8,50.0,48.0,Bundle Strapping,Estimate,Medium,0.1026512576478586,0.01,C,0.5,51.19394969408566,0.5360824742268041,0.012016021361815754,0.10638297872340426,0.8936170212765957,48.61229024822451
340.0,Polyester Strap (PET),65.0,25.0,1.0,3.0,40.0,70.0,Heavy Strapping,Estimate,Medium,0.18422841604350781,0.01,D,0.25,40.430863358259685,0.6391752577319587,0.015353805073431242,0.18439716312056736,0.8156028368794326,50.49570956786427
341.0,Recycled PET Strap,65.0,25.0,1.0,2.0,60.0,68.0,Heavy Strapping,Estimate,Medium,0.11624745071380013,0.01,C,0.5,50.650101971447995,0.6391752577319587,0.015353805073431242,0.1773049645390071,0.8226950354609929,50.70847552531107
342.0,Steel Strap,80.0,30.0,0.0,6.0,90.0,90.0,Heavy Strapping,Literature,High,0.38817131203263083,0.0,A,1.0,54.473147518694766,0.7938144329896907,0.018691588785046728,0.2553191489361702,0.7446808510638299,54.65375051505392
343.0,Bio-based Strap,40.0,12.0,30.0,1.7,60.0,80.0,Light Bundling,Estimate,Medium,0.09585316111488781,0.3,C,0.5,60.165873555404495,0.38144329896907214,0.006675567423230975,0.2198581560283688,0.7801418439716312,38.862254300608754
344.0,Paper Tape - Virgin,12.0,5.0,80.0,0.8,85.0,40.0,Box Sealing,Literature,High,0.034670292318150914,0.8,B,0.75,85.11318830727396,0.09278350515463918,0.0020026702269692926,0.07801418439716312,0.9219858156028369,31.43099478107975
345.0,Paper Tape - Recycled,12.0,5.0,82.0,0.6,90.0,38.0,Box Sealing,Estimate,Medium,0.02107409925220938,0.82,A,1.0,93.75703602991163,0.09278350515463918,0.0020026702269692926,0.07092198581560284,0.9290780141843972,31.64376073852656
346.0,Plastic Tape - PP,25.0,6.0,1.0,2.3,30.0,35.0,Box Sealing,Literature,High,0.13664174031271242,0.01,D,0.25,42.334330387491505,0.2268041237113402,0.0026702269692923898,0.06028368794326241,0.9397163120567376,37.34376111923451
347.0,Plastic Tape - Recycled,25.0,6.0,1.0,1.7,50.0,34.0,Box Sealing,Estimate,Medium,0.09585316111488781,0.01,C,0.5,51.465873555404485,0.2268041237113402,0.0026702269692923898,0.05673758865248227,0.9432624113475178,37.45014409795792
348.0,Bio-based Plastic Tape,22.0,6.0,30.0,1.5,45.0,45.0,Box Sealing,Estimate,Medium,0.08225696804894629,0.3,D,0.25,53.209721278042146,0.1958762886597938,0.0026702269692923898,0.09574468085106383,0.9042553191489362,35.04281792993861
349.0,Water-activated Paper Tape,14.0,6.0,80.0,0.9,88.0,42.0,Box Sealing,Estimate,Medium,0.04146838885112169,0.8,B,0.75,84.84126444595513,0.1134020618556701,0.0026702269692923898,0.0851063829787234,0.9148936170212766,32.06299779394388
350.0,Compostable Tape,18.0,6.0,85.0,0.7,60.0,55.0,Box Sealing,Estimate,Medium,0.027872195785180146,0.85,C,0.5,79.3851121685928,0.15463917525773196,0.0026702269692923898,0.13120567375886524,0.8687943262411347,32.32950360662209
351.0,Virgin Cardboard - E-commerce Light,14.0,12.0,5.0,1.12,90.0,44.0,E-commerce,Estimate,Medium,0.05642420122365738,0.05,A,1.0,69.2430319510537,0.1134020618556701,0.006675567423230975,0.09219858156028368,0.9078014184397163,31.970392050115226
352.0,Virgin Cardboard - E-commerce Heavy,18.0,20.0,5.0,1.2,90.0,48.0,E-commerce,Estimate,Medium,0.06186267845003398,0.05,A,1.0,69.02549286199864,0.15463917525773196,0.012016021361815754,0.10638297872340426,0.8936170212765957,33.35455828946162
353.0,Recycled Cardboard - E-commerce Light,14.0,12.0,5.0,0.78,95.0,39.0,E-commerce,Estimate,Medium,0.03331067301155677,0.05,A,1.0,70.16757307953773,0.1134020618556701,0.006675567423230975,0.07446808510638298,0.925531914893617,32.50230694373224
354.0,Recycled Cardboard - E-commerce Heavy,18.0,20.0,5.0,0.85,95.0,44.0,E-commerce,Estimate,Medium,0.038069340584636305,0.05,A,1.0,69.97722637661454,0.15463917525773196,0.012016021361815754,0.09219858156028368,0.9078014184397163,33.78009020435524
355.0,Virgin Cardboard - White Top,16.0,15.0,5.0,1.16,88.0,47.0,Display Boxes,Estimate,Medium,0.059143439836845675,0.05,B,0.75,61.634262406526176,0.13402061855670103,0.008678237650200267,0.10283687943262411,0.8971631205673759,32.53606548879532
356.0,Recycled Cardboard - White Top,16.0,15.0,5.0,0.86,92.0,42.0,Display Boxes,Estimate,Medium,0.03874915023793338,0.05,A,1.0,69.95003399048268,0.13402061855670103,0.008678237650200267,0.0851063829787234,0.9148936170212766,33.06798038241235
357.0,High-strength Virgin Cardboard,20.0,25.0,5.0,1.25,88.0,52.0,Industrial,Estimate,Medium,0.06526172671651936,0.05,B,0.75,61.38953093133923,0.17525773195876287,0.015353805073431242,0.12056737588652482,0.8794326241134752,33.853902153957705
358.0,High-strength Recycled Cardboard,20.0,25.0,5.0,0.9,93.0,48.0,Industrial,Estimate,Medium,0.04146838885112169,0.05,A,1.0,69.84126444595513,0.17525773195876287,0.015353805073431242,0.10638297872340426,0.8936170212765957,34.27943406885132
359.0,Low-density Virgin Cardboard,12.0,10.0,5.0,1.05,92.0,40.0,Light Goods,Estimate,Medium,0.051665533650577834,0.05,A,1.0,69.4333786539769,0.09278350515463918,0.0053404539385847796,0.07801418439716312,0.9219858156028369,31.531128292428217
360.0,Low-density Recycled Cardboard,12.0,10.0,5.0,0.76,96.0,36.0,Light Goods,Estimate,Medium,0.03195105370496261,0.05,A,1.0,70.22195785180149,0.09278350515463918,0.0053404539385847796,0.06382978723404255,0.9361702127659575,31.956660207321836
361.0,Recycled Paper - Newsprint,4.0,4.0,5.0,0.55,90.0,25.0,Void Fill/Wrap,Estimate,Medium,0.017675050985724,0.05,A,1.0,70.79299796057103,0.010309278350515464,0.0013351134846461949,0.024822695035460994,0.975177304964539,29.707743687496173
362.0,Recycled Paper - High Bright,5.0,5.0,5.0,0.6,88.0,32.0,Print Inserts,Estimate,Medium,0.02107409925220938,0.05,B,0.75,63.15703602991163,0.020618556701030927,0.0020026702269692926,0.04964539007092199,0.950354609929078,29.395460672722656
363.0,Virgin Paper - High Bright,6.0,5.0,5.0,0.95,80.0,38.0,Print Inserts,Estimate,Medium,0.04486743711760706,0.05,B,0.75,62.20530251529573,0.030927835051546393,0.0020026702269692926,0.07092198581560284,0.9290780141843972,29.169533934402853
364.0,Recycled Paper - Tissue,3.0,3.0,5.0,0.5,92.0,20.0,Protective Wrap,Estimate,Medium,0.014276002719238614,0.05,A,1.0,70.92895989123046,0.0,0.0006675567423230974,0.0070921985815602835,0.9929078014184397,29.807260744822884
365.0,Virgin Paper - Tissue,3.0,3.0,5.0,0.85,85.0,22.0,Protective Wrap,Estimate,Medium,0.038069340584636305,0.05,B,0.75,62.477226376614546,0.0,0.0006675567423230974,0.014184397163120567,0.9858156028368794,29.594494787376075
366.0,Virgin Paper - Board,10.0,8.0,5.0,1.1,82.0,40.0,Cartons,Estimate,Medium,0.055064581917063225,0.05,B,0.75,61.79741672331747,0.07216494845360824,0.004005340453938585,0.07801418439716312,0.9219858156028369,30.666332619847598
367.0,Recycled Paper - Board,10.0,8.0,5.0,0.8,90.0,35.0,Cartons,Estimate,Medium,0.034670292318150914,0.05,A,1.0,70.11318830727397,0.07216494845360824,0.004005340453938585,0.06028368794326241,0.9397163120567376,31.198247513464615
368.0,Virgin Paper - Beer Carrier Board,12.0,10.0,5.0,1.2,80.0,45.0,Multipacks,Estimate,Medium,0.06186267845003398,0.05,B,0.75,61.52549286199864,0.09278350515463918,0.0053404539385847796,0.09574468085106383,0.9042553191489362,30.999213398811193
369.0,Recycled Paper - Beer Carrier Board,12.0,10.0,5.0,0.9,88.0,40.0,Multipacks,Estimate,Medium,0.04146838885112169,0.05,B,0.75,62.34126444595513,0.09278350515463918,0.0053404539385847796,0.07801418439716312,0.9219858156028369,31.531128292428217
370.0,Virgin Paper - Liquid Packaging Board,14.0,12.0,5.0,1.3,78.0,55.0,Cartons,Estimate,Medium,0.06866077498300475,0.05,B,0.75,61.25356900067982,0.1134020618556701,0.006675567423230975,0.13120567375886524,0.8687943262411347,30.800179284157775
371.0,PLA Bioplastic - High Heat,55.0,11.0,70.0,0.7,60.0,135.0,Hot Fill Packs,Estimate,Medium,0.027872195785180146,0.7,C,0.5,74.8851121685928,0.5360824742268041,0.006008010680907877,0.4148936170212766,0.5851063829787234,39.1767307788611
372.0,PLA Bioplastic - Cold Chain,50.0,10.0,85.0,0.5,70.0,125.0,Cold Foods,Estimate,Medium,0.014276002719238614,0.85,B,0.75,87.42895989123046,0.4845360824742268,0.0053404539385847796,0.37943262411347517,0.6205673758865249,38.15867819372236
373.0,PLA Bioplastic - Fiber-filled,60.0,12.0,75.0,0.8,65.0,140.0,Durables,Estimate,Medium,0.034670292318150914,0.75,C,0.5,76.11318830727397,0.5876288659793815,0.006675567423230975,0.4326241134751773,0.5673758865248226,40.72669825761687
374.0,PLA Bioplastic - Mineral-filled,65.0,14.0,70.0,0.9,60.0,145.0,Durables,Estimate,Medium,0.04146838885112169,0.7,C,0.5,74.34126444595513,0.6391752577319587,0.00801068090787717,0.450354609929078,0.549645390070922,42.29669243864232
375.0,PLA Bioplastic - Flex-rigid Blend,52.0,11.0,80.0,0.6,68.0,130.0,General Packaging,Estimate,Medium,0.02107409925220938,0.8,C,0.5,78.15703602991164,0.5051546391752577,0.006008010680907877,0.3971631205673759,0.6028368794326241,38.47153227041626
376.0,Compostable Plastic - Home Compost Low Temp,35.0,7.0,90.0,0.55,68.0,108.0,Food Wrap,Estimate,Medium,0.017675050985724,0.9,C,0.5,81.29299796057104,0.32989690721649484,0.0033377837116154874,0.3191489361702128,0.6808510638297872,33.721541714901875
377.0,Compostable Plastic - Industrial High Temp,45.0,9.0,80.0,0.65,70.0,115.0,Food Packs,Estimate,Medium,0.02447314751869477,0.8,B,0.75,85.52107409925222,0.4329896907216495,0.004672897196261682,0.34397163120567376,0.6560283687943262,37.14062560858362
378.0,Compostable Plastic - Transparent Film,32.0,7.0,85.0,0.6,65.0,104.0,Window Packs,Estimate,Medium,0.02107409925220938,0.85,C,0.5,79.65703602991164,0.29896907216494845,0.0033377837116154874,0.3049645390070922,0.6950354609929078,32.909960227733634
379.0,Compostable Plastic - Opaque Film,34.0,8.0,85.0,0.62,65.0,106.0,General Wraps,Estimate,Medium,0.022433718558803536,0.85,C,0.5,79.60265125764786,0.31958762886597936,0.004005340453938585,0.3120567375886525,0.6879432624113475,33.54196324059775
380.0,Compostable Plastic - Coated Paper Barrier,30.0,8.0,80.0,0.7,70.0,110.0,Snack Packs,Estimate,Medium,0.027872195785180146,0.8,B,0.75,85.3851121685928,0.27835051546391754,0.004005340453938585,0.3262411347517731,0.6737588652482269,31.466946789621662
381.0,Conventional Plastic PET - High Barrier,65.0,16.0,1.0,3.3,45.0,90.0,Retort Packs,Estimate,Medium,0.2046227056424201,0.01,D,0.25,39.615091774303195,0.6391752577319587,0.009345794392523364,0.2553191489361702,0.7446808510638299,48.18780967296894
382.0,Conventional Plastic PET - Metallized,60.0,15.0,1.0,3.5,40.0,95.0,Snack Packs,Estimate,Medium,0.21821889870836164,0.01,D,0.25,39.07124405166554,0.5876288659793815,0.008678237650200267,0.2730496453900709,0.7269503546099291,45.574012406979136
383.0,Conventional Plastic PET - Silica Coated,62.0,16.0,1.0,3.4,45.0,100.0,High Barrier Films,Estimate,Medium,0.21142080217539086,0.01,D,0.25,39.34316791298437,0.6082474226804123,0.009345794392523364,0.2907801418439716,0.7092198581560284,45.88686648367305
384.0,Conventional Plastic PET - Reheat Clear,64.0,18.0,1.0,3.2,50.0,85.0,Bottle Preforms,Estimate,Medium,0.19782460910944935,0.01,C,0.5,47.387015635622035,0.6288659793814433,0.010680907877169559,0.2375886524822695,0.7624113475177305,48.347406837104735
385.0,Conventional Plastic PET - Thick Sheet,70.0,20.0,1.0,3.6,45.0,110.0,Thermoforming,Estimate,Medium,0.22501699524133242,0.01,D,0.25,38.799320190346705,0.6907216494845361,0.012016021361815754,0.3262411347517731,0.6737588652482269,48.20211257768272
386.0,Conventional Plastic HDPE - Pipe Grade,80.0,25.0,1.0,3.4,50.0,95.0,Pipe/Conduit,Estimate,Medium,0.21142080217539086,0.01,C,0.5,46.84316791298437,0.7938144329896907,0.015353805073431242,0.2730496453900709,0.7269503546099291,54.021702110088434
387.0,Conventional Plastic HDPE - Blow Fill,68.0,20.0,1.0,3.1,55.0,87.0,Blow Bottles,Estimate,Medium,0.19102651257647857,0.01,C,0.5,47.65893949694087,0.6701030927835051,0.012016021361815754,0.24468085106382978,0.7553191489361702,49.82417882027978
388.0,Conventional Plastic HDPE - High MFI,60.0,16.0,1.0,3.0,55.0,83.0,Thin Wall,Estimate,Medium,0.18422841604350781,0.01,C,0.5,47.93086335825969,0.5876288659793815,0.009345794392523364,0.23049645390070922,0.7695035460992907,46.87063485392968
389.0,Conventional Plastic HDPE - Low MFI,70.0,22.0,1.0,3.3,50.0,90.0,Heavy Containers,Estimate,Medium,0.2046227056424201,0.01,C,0.5,47.115091774303195,0.6907216494845361,0.01335113484646195,0.2553191489361702,0.7446808510638299,50.369825556690195
390.0,Conventional Plastic HDPE - Film LL Blend,58.0,16.0,1.0,2.9,50.0,80.0,Shopping Bags,Estimate,Medium,0.17743031951053703,0.01,C,0.5,48.202787219578525,0.5670103092783505,0.009345794392523364,0.2198581560283688,0.7801418439716312,46.36504152205866
391.0,Recycled PET - Food Grade,60.0,15.0,1.0,1.9,80.0,95.0,Food Packs,Estimate,Medium,0.10944935418082935,0.01,B,0.75,58.422025832766835,0.5876288659793815,0.008678237650200267,0.2730496453900709,0.7269503546099291,45.574012406979136
392.0,Recycled PET - Non Food Grade,60.0,15.0,1.0,1.7,75.0,85.0,Fibers/Straps,Estimate,Medium,0.09585316111488781,0.01,B,0.75,58.96587355540448,0.5876288659793815,0.008678237650200267,0.2375886524822695,0.7624113475177305,46.637842194213185
393.0,Recycled PET - Fiber Grade,58.0,14.0,1.0,1.6,70.0,82.0,Textiles,Estimate,Medium,0.08905506458191706,0.01,B,0.75,59.237797416723325,0.5670103092783505,0.00801068090787717,0.22695035460992907,0.7730496453900709,46.11222216007246
394.0,Recycled PET - Sheet High Recycled Content,60.0,15.0,1.0,1.6,80.0,92.0,Trays,Estimate,Medium,0.08905506458191706,0.01,B,0.75,59.237797416723325,0.5876288659793815,0.008678237650200267,0.2624113475177305,0.7375886524822695,45.89316134314935
395.0,Recycled PET - Bottle Grade High Recycled,60.0,15.0,1.0,1.5,85.0,98.0,Bottles,Estimate,Medium,0.08225696804894629,0.01,B,0.75,59.50972127804215,0.5876288659793815,0.008678237650200267,0.28368794326241137,0.7163120567375887,45.25486347080893
396.0,Sugarcane Bagasse - Hot Cup Liner,10.0,6.0,88.0,0.42,75.0,55.0,Hot Drinks,Estimate,Medium,0.008837525492861998,0.88,B,0.75,88.54649898028552,0.07216494845360824,0.0026702269692923898,0.13120567375886524,0.8687943262411347,29.030534534457143
397.0,Sugarcane Bagasse - Cold Cup Liner,10.0,6.0,90.0,0.4,78.0,52.0,Cold Drinks,Estimate,Medium,0.007477906186267848,0.9,B,0.75,89.20088375254929,0.07216494845360824,0.0026702269692923898,0.12056737588652482,0.8794326241134752,29.349683470627358
398.0,Sugarcane Bagasse - Heavy Plate,15.0,9.0,85.0,0.45,78.0,58.0,Food Service,Estimate,Medium,0.01087695445275323,0.85,B,0.75,87.56492182188987,0.12371134020618557,0.004672897196261682,0.14184397163120568,0.8581560283687943,30.8333213751991
399.0,Sugarcane Bagasse - Compartment Tray,14.0,10.0,88.0,0.43,80.0,57.0,Meal Trays,Estimate,Medium,0.009517335146159076,0.88,B,0.75,88.51930659415365,0.1134020618556701,0.0053404539385847796,0.13829787234042554,0.8617021276595744,30.54735992217158
400.0,Sugarcane Bagasse - Lid,11.0,7.0,90.0,0.41,80.0,53.0,Food Trays,Estimate,Medium,0.00815771583956492,0.9,B,0.75,89.1736913664174,0.08247422680412371,0.0033377837116154874,0.12411347517730496,0.875886524822695,29.67569832819426
401.0,Wood Pulp Molded Fiber - Phone Insert,9.0,5.0,88.0,0.48,75.0,54.0,Electronics,Literature,High,0.012916383412644459,0.88,B,0.75,88.38334466349423,0.061855670103092786,0.0020026702269692926,0.1276595744680851,0.8723404255319149,28.70451967689024
402.0,Wood Pulp Molded Fiber - Laptop Insert,11.0,7.0,85.0,0.52,73.0,58.0,Electronics,Estimate,Medium,0.01563562202583277,0.85,B,0.75,87.37457511896669,0.08247422680412371,0.0033377837116154874,0.14184397163120568,0.8581560283687943,29.14378343457724
403.0,Wood Pulp Molded Fiber - TV Frame,12.0,8.0,82.0,0.55,70.0,60.0,Electronics,Estimate,Medium,0.017675050985724,0.82,B,0.75,86.39299796057104,0.09278350515463918,0.004005340453938585,0.14893617021276595,0.851063829787234,29.36341531342074
404.0,Wood Pulp Molded Fiber - Bottle Pack,10.0,6.0,86.0,0.5,75.0,56.0,Beverage,Estimate,Medium,0.014276002719238614,0.86,B,0.75,87.72895989123045,0.07216494845360824,0.0026702269692923898,0.1347517730496454,0.8652482269503546,28.92415155573374
405.0,Wood Pulp Molded Fiber - Cosmetic Insert,8.0,4.0,90.0,0.47,78.0,52.0,Cosmetics,Estimate,Medium,0.012236573759347382,0.9,B,0.75,89.01053704962611,0.05154639175257732,0.0013351134846461949,0.12056737588652482,0.8794326241134752,28.48488779804673
406.0,Corrugated Paperboard - BC Flute,18.0,25.0,5.0,1.25,90.0,50.0,Shipping,Literature,High,0.06526172671651936,0.05,A,1.0,68.88953093133922,0.15463917525773196,0.015353805073431242,0.11347517730496454,0.8865248226950355,33.241925843363276
407.0,Corrugated Paperboard - EB Flute,17.0,22.0,5.0,1.22,92.0,49.0,Display,Estimate,Medium,0.06322229775662813,0.05,A,1.0,68.97110808973488,0.14432989690721648,0.01335113484646195,0.1099290780141844,0.8900709219858156,32.87585758125699
408.0,Corrugated Paperboard - E Flute,15.0,18.0,5.0,1.15,92.0,46.0,Small Packs,Estimate,Medium,0.058463630183548596,0.05,A,1.0,69.16145479265805,0.12371134020618557,0.010680907877169559,0.09929078014184398,0.900709219858156,32.29015744030719
409.0,Corrugated Paperboard - F Flute,14.0,16.0,5.0,1.12,92.0,44.0,Micro Packs,Estimate,Medium,0.05642420122365738,0.05,A,1.0,69.2430319510537,0.1134020618556701,0.009345794392523364,0.09219858156028368,0.9078014184397163,32.05049885919399
410.0,Corrugated Paperboard - RSC Box Board,16.0,20.0,5.0,1.2,92.0,48.0,Regular Slotted,Estimate,Medium,0.06186267845003398,0.05,A,1.0,69.02549286199864,0.13402061855670103,0.012016021361815754,0.10638297872340426,0.8936170212765957,32.52981602142039
411.0,Cotton Fabric Wrap - Gift Grade,19.0,8.0,90.0,0.6,70.0,100.0,Gift Wrap,Estimate,Medium,0.02107409925220938,0.9,B,0.75,88.65703602991162,0.16494845360824742,0.004005340453938585,0.2907801418439716,0.7092198581560284,27.994694102628902
412.0,Cotton Fabric Wrap - Industrial,22.0,10.0,88.0,0.65,65.0,95.0,Industrial Wrap,Estimate,Medium,0.02447314751869477,0.88,C,0.5,80.42107409925222,0.1958762886597938,0.0053404539385847796,0.2730496453900709,0.7269503546099291,29.803775802847166
413.0,Cotton Fabric Wrap - Printed Premium,20.0,8.0,88.0,0.62,68.0,110.0,Premium Packaging,Estimate,Medium,0.022433718558803536,0.88,C,0.5,80.50265125764787,0.17525773195876287,0.004005340453938585,0.3262411347517731,0.6737588652482269,27.34323544941548
414.0,Cotton Fabric Wrap - Dyed,21.0,9.0,88.0,0.63,68.0,105.0,Brand Wraps,Estimate,Medium,0.023113528212100613,0.88,C,0.5,80.47545887151598,0.18556701030927836,0.004672897196261682,0.30851063829787234,0.6914893617021276,28.30754817932281
415.0,Cotton Fabric Wrap - Recycled Blend,18.0,7.0,92.0,0.55,75.0,90.0,General Wraps,Estimate,Medium,0.017675050985724,0.92,B,0.75,89.39299796057104,0.15463917525773196,0.0033377837116154874,0.2553191489361702,0.7446808510638299,28.626126053572637
416.0,Jute Bag - Retail,24.0,11.0,95.0,0.5,85.0,88.0,Retail Bags,Estimate,Medium,0.014276002719238614,0.95,B,0.75,90.42895989123045,0.21649484536082475,0.006008010680907877,0.24822695035460993,0.75177304964539,31.393225624221927
417.0,Jute Bag - Supermarket,26.0,13.0,95.0,0.52,85.0,92.0,Shopping Bags,Estimate,Medium,0.01563562202583277,0.95,B,0.75,90.37457511896669,0.23711340206185566,0.007343124165554072,0.2624113475177305,0.7375886524822695,31.832489381908935
418.0,Jute Bag - Promotional,23.0,10.0,95.0,0.49,87.0,86.0,Promo Bags,Estimate,Medium,0.013596193065941536,0.95,B,0.75,90.45615227736234,0.20618556701030927,0.0053404539385847796,0.24113475177304963,0.7588652482269503,31.173593745378426
419.0,Jute Bag - Heavy Duty Retail,29.0,16.0,93.0,0.55,83.0,98.0,Heavy Retail Bags,Estimate,Medium,0.017675050985724,0.93,B,0.75,89.69299796057103,0.26804123711340205,0.009345794392523364,0.28368794326241137,0.7163120567375887,32.491385018439445
420.0,Jute Bag - Drawstring,21.0,9.0,95.0,0.48,88.0,84.0,Gift Bags,Estimate,Medium,0.012916383412644459,0.95,B,0.75,90.48334466349422,0.18556701030927836,0.004672897196261682,0.23404255319148937,0.7659574468085106,30.5415907325143
421.0,PLA Sheet - Retail Food Grade,50.0,12.0,80.0,0.55,70.0,125.0,Food Packs,Literature,High,0.017675050985724,0.8,B,0.75,85.79299796057104,0.4845360824742268,0.006675567423230975,0.37943262411347517,0.6205673758865249,38.198731598261745
422.0,PLA Sheet - Industrial,52.0,13.0,78.0,0.6,68.0,130.0,Electronics,Estimate,Medium,0.02107409925220938,0.78,C,0.5,77.55703602991163,0.5051546391752577,0.007343124165554072,0.3971631205673759,0.6028368794326241,38.511585674955654
423.0,PLA Sheet - High Impact,55.0,14.0,75.0,0.65,65.0,135.0,Durables,Estimate,Medium,0.02447314751869477,0.75,C,0.5,76.5210740992522,0.5360824742268041,0.00801068090787717,0.4148936170212766,0.5851063829787234,39.23681088567018
424.0,PLA Sheet - Printing Grade,49.0,11.0,80.0,0.56,70.0,122.0,Print Packaging,Estimate,Medium,0.01835486063902108,0.8,B,0.75,85.76580557443916,0.4742268041237113,0.006008010680907877,0.36879432624113473,0.6312056737588653,38.08548269814165
425.0,PLA Sheet - Barrier Coated,51.0,12.0,78.0,0.6,68.0,128.0,Snacks,Estimate,Medium,0.02107409925220938,0.78,C,0.5,77.55703602991163,0.4948453608247423,0.006675567423230975,0.3900709219858156,0.6099290780141844,38.29195379611215
426.0,Polylactic Acid Blend - Bottle,48.0,11.0,80.0,0.5,70.0,120.0,Bottles,Estimate,Medium,0.014276002719238614,0.8,B,0.75,85.92895989123045,0.4639175257731959,0.006008010680907877,0.3617021276595745,0.6382978723404256,37.885877521567835
427.0,Polylactic Acid Blend - Sheet High Barrier,47.0,11.0,78.0,0.55,68.0,123.0,Snacks,Estimate,Medium,0.017675050985724,0.78,C,0.5,77.69299796057105,0.4536082474226804,0.006008010680907877,0.3723404255319149,0.6276595744680851,37.15435745137701
428.0,Polylactic Acid Blend - Film High Clarity,45.0,10.0,80.0,0.5,70.0,118.0,Window Packs,Estimate,Medium,0.014276002719238614,0.8,B,0.75,85.92895989123045,0.4329896907216495,0.0053404539385847796,0.3546099290780142,0.6453900709219857,36.84150337468309
429.0,Polylactic Acid Blend - Foamable,42.0,9.0,80.0,0.6,65.0,115.0,Foam Packs,Estimate,Medium,0.02107409925220938,0.8,C,0.5,78.15703602991164,0.4020618556701031,0.004672897196261682,0.34397163120567376,0.6560283687943262,35.90351220652176
430.0,Polylactic Acid Blend - Injection Grade,50.0,12.0,78.0,0.58,68.0,125.0,Closures,Estimate,Medium,0.019714479945615225,0.78,C,0.5,77.61142080217539,0.4845360824742268,0.006675567423230975,0.37943262411347517,0.6205673758865249,38.198731598261745
431.0,Biodegradable Film - High Clarity,31.0,8.0,85.0,0.6,65.0,106.0,Confectionery,Estimate,Medium,0.02107409925220938,0.85,C,0.5,79.65703602991164,0.28865979381443296,0.004005340453938585,0.3120567375886525,0.6879432624113475,32.3048498385359
432.0,Biodegradable Film - Matte Finish,29.0,7.0,87.0,0.59,67.0,104.0,Snacks,Estimate,Medium,0.0203942895989123,0.87,C,0.5,80.28422841604352,0.26804123711340205,0.0033377837116154874,0.3049645390070922,0.6950354609929078,31.67284682567178
433.0,Biodegradable Film - Metallized,33.0,8.0,80.0,0.7,60.0,112.0,Snacks,Estimate,Medium,0.027872195785180146,0.8,C,0.5,77.8851121685928,0.30927835051546393,0.004005340453938585,0.3333333333333333,0.6666666666666667,32.49129423423672
434.0,Biodegradable Film - Printed,30.0,8.0,85.0,0.62,65.0,108.0,Brand Packs,Estimate,Medium,0.022433718558803536,0.85,C,0.5,79.60265125764786,0.27835051546391754,0.004005340453938585,0.3191489361702128,0.6808510638297872,31.67971274706848
435.0,Biodegradable Film - Anti-fog,31.0,8.0,85.0,0.61,65.0,109.0,Fresh Produce,Estimate,Medium,0.021753908905506457,0.85,C,0.5,79.62984364377975,0.28865979381443296,0.004005340453938585,0.32269503546099293,0.677304964539007,31.98570090236569
436.0,Aluminum Foil - Household Heavy,65.0,15.0,1.0,7.8,90.0,140.0,Household,Estimate,Medium,0.5105370496261047,0.01,A,1.0,49.878518014955816,0.6391752577319587,0.008678237650200267,0.4326241134751773,0.5673758865248226,42.848634034529034
437.0,Aluminum Foil - Converter Grade,68.0,18.0,1.0,8.1,90.0,150.0,Converters,Estimate,Medium,0.5309313392250169,0.01,A,1.0,49.062746430999326,0.6701030927835051,0.010680907877169559,0.46808510638297873,0.5319148936170213,43.081997756165926
438.0,Aluminum Foil - Bare Pharma,72.0,18.0,1.0,8.3,92.0,160.0,Pharma,Literature,High,0.5445275322909586,0.01,A,1.0,48.51889870836166,0.711340206185567,0.010680907877169559,0.5035460992907801,0.4964539007092199,43.66765250501437
439.0,Aluminum Foil - Lacquered Pharma,74.0,19.0,1.0,8.4,90.0,165.0,Pharma,Estimate,Medium,0.5513256288239293,0.01,A,1.0,48.24697484704283,0.7319587628865979,0.011348464619492658,0.5212765957446809,0.4787234042553191,43.98050658170827
440.0,Aluminum Foil - Flexible Laminates,70.0,20.0,1.0,8.5,85.0,155.0,Snack Packs,Estimate,Medium,0.5581237253569001,0.01,B,0.75,40.475050985723996,0.6907216494845361,0.012016021361815754,0.4858156028368794,0.5141843971631206,43.41487853512953
441.0,Glass Bottle - Cosmetics,80.0,15.0,0.0,2.4,95.0,120.0,Cosmetics,Literature,High,0.1434398368456832,0.0,A,1.0,64.26240652617268,0.7938144329896907,0.008678237650200267,0.3617021276595745,0.6382978723404256,51.161860619306395
442.0,Glass Bottle - Pharma Syrup,85.0,18.0,0.0,2.5,95.0,118.0,Pharma,Estimate,Medium,0.15023793337865396,0.0,A,1.0,63.99048266485384,0.845360824742268,0.010680907877169559,0.3546099290780142,0.6453900709219857,53.496562353665375
443.0,Glass Bottle - Oil,88.0,20.0,0.0,2.6,95.0,122.0,Edible Oil,Estimate,Medium,0.15703602991162474,0.0,A,1.0,63.71855880353501,0.8762886597938144,0.012016021361815754,0.36879432624113473,0.6312056737588653,54.34819724537301
444.0,Glass Bottle - Sauce,83.0,17.0,0.0,2.4,95.0,118.0,Sauces,Estimate,Medium,0.1434398368456832,0.0,A,1.0,64.26240652617268,0.8247422680412371,0.010013351134846462,0.3546099290780142,0.6453900709219857,52.65179338335445
445.0,Glass Bottle - Spirit,92.0,22.0,0.0,2.7,95.0,130.0,Spirits,Estimate,Medium,0.16383412644459552,0.0,A,1.0,63.446634942216185,0.9175257731958762,0.01335113484646195,0.3971631205673759,0.6028368794326241,55.186671356207626
446.0,Steel Can - Beverage,78.0,19.0,0.0,6.0,90.0,100.0,Beverages,Literature,High,0.38817131203263083,0.0,A,1.0,54.473147518694766,0.7731958762886598,0.011348464619492658,0.2907801418439716,0.7092198581560284,52.54488473481202
447.0,Steel Can - Food 3-piece,80.0,22.0,0.0,6.1,90.0,102.0,Canned Food,Estimate,Medium,0.3949694085656016,0.0,A,1.0,54.20122365737594,0.7938144329896907,0.01335113484646195,0.2978723404255319,0.7021276595744681,53.216941152215526
448.0,Steel Can - Food 2-piece,82.0,23.0,0.0,6.2,90.0,104.0,Canned Food,Estimate,Medium,0.4017675050985724,0.0,A,1.0,53.92929979605711,0.8144329896907216,0.014018691588785047,0.3049645390070922,0.6950354609929078,53.84894416507965
449.0,Steel Can - Paint,85.0,24.0,0.0,6.3,90.0,108.0,Paints,Estimate,Medium,0.40856560163154315,0.0,A,1.0,53.65737593473827,0.845360824742268,0.014686248331108143,0.3191489361702128,0.6808510638297872,54.68055235451759
450.0,Steel Can - Aerosol Food,78.0,19.0,0.0,6.1,88.0,106.0,Edible Aerosols,Estimate,Medium,0.3949694085656016,0.0,B,0.75,46.701223657375934,0.7731958762886598,0.011348464619492658,0.3120567375886525,0.6879432624113475,51.90658686247159
451.0,Mixed Plastic (HDPE+PET) - Bottle,62.0,16.0,1.0,3.6,60.0,92.0,Bottles,Estimate,Medium,0.22501699524133242,0.01,C,0.5,46.299320190346705,0.6082474226804123,0.009345794392523364,0.2624113475177305,0.7375886524822695,46.73793031346028
452.0,Mixed Plastic (HDPE+PET) - Container,60.0,15.0,1.0,3.5,60.0,90.0,Tubs,Estimate,Medium,0.21821889870836164,0.01,C,0.5,46.57124405166554,0.5876288659793815,0.008678237650200267,0.2553191489361702,0.7446808510638299,46.105927300596164
453.0,Mixed Plastic (HDPE+PET) - Rigid Thin Wall,58.0,14.0,1.0,3.4,60.0,88.0,Trays,Estimate,Medium,0.21142080217539086,0.01,C,0.5,46.84316791298437,0.5670103092783505,0.00801068090787717,0.24822695035460993,0.75177304964539,45.47392428773204
454.0,Mixed Plastic (HDPE+PET) - Pallet Components,65.0,18.0,1.0,3.7,55.0,95.0,Pallet Parts,Estimate,Medium,0.23181509177430318,0.01,C,0.5,46.02739632902788,0.6391752577319587,0.010680907877169559,0.2730496453900709,0.7269503546099291,47.6959481838913
455.0,Mixed Plastic (HDPE+PET) - Edge Protectors,60.0,15.0,1.0,3.5,58.0,92.0,Edge Protectors,Estimate,Medium,0.21821889870836164,0.01,C,0.5,46.57124405166554,0.5876288659793815,0.008678237650200267,0.2624113475177305,0.7375886524822695,45.89316134314935
456.0,Recycled Mixed Plastic - Bottle,60.0,15.0,1.0,2.0,70.0,87.0,Non-food Bottles,Estimate,Medium,0.11624745071380013,0.01,B,0.75,58.15010197144799,0.5876288659793815,0.008678237650200267,0.24468085106382978,0.7553191489361702,46.42507623676637
457.0,Recycled Mixed Plastic - Container,58.0,14.0,1.0,1.9,70.0,85.0,Tubs,Estimate,Medium,0.10944935418082935,0.01,B,0.75,58.422025832766835,0.5670103092783505,0.00801068090787717,0.2375886524822695,0.7624113475177305,45.79307322390225
458.0,Recycled Mixed Plastic - Sheet High Density,62.0,16.0,1.0,2.2,65.0,90.0,Boards,Estimate,Medium,0.12984364377974167,0.01,C,0.5,50.10625424881033,0.6082474226804123,0.009345794392523364,0.2553191489361702,0.7446808510638299,46.95069627090709
459.0,Recycled Mixed Plastic - Film Low Gauge,52.0,13.0,1.0,1.8,72.0,82.0,Films,Estimate,Medium,0.1026512576478586,0.01,B,0.75,58.69394969408566,0.5051546391752577,0.007343124165554072,0.22695035460992907,0.7730496453900709,43.617968653679064
460.0,Recycled Mixed Plastic - Foam High Resilience,48.0,11.0,1.0,1.7,70.0,80.0,Foam Packs,Estimate,Medium,0.09585316111488781,0.01,B,0.75,58.96587355540448,0.4639175257731959,0.006008010680907877,0.2198581560283688,0.7801418439716312,42.14119667050401
461.0,PLA Compostable Pack - Salad Bowl,50.0,10.0,85.0,0.55,70.0,118.0,Salad Packs,Estimate,Medium,0.017675050985724,0.85,B,0.75,87.29299796057104,0.4845360824742268,0.0053404539385847796,0.3546099290780142,0.6453900709219857,38.90335904478619
462.0,PLA Compostable Pack - Soup Bowl,52.0,11.0,80.0,0.6,68.0,120.0,Soup Packs,Estimate,Medium,0.02107409925220938,0.8,C,0.5,78.15703602991164,0.5051546391752577,0.006008010680907877,0.3617021276595745,0.6382978723404256,39.53536205765032
463.0,PLA Compostable Pack - Flat Tray,48.0,9.0,88.0,0.54,70.0,116.0,Trays,Estimate,Medium,0.016995241332426924,0.88,B,0.75,88.22019034670294,0.4639175257731959,0.004672897196261682,0.3475177304964539,0.6524822695035462,38.27135603192207
464.0,PLA Compostable Pack - Hinged Lid,49.0,9.0,86.0,0.55,70.0,117.0,Clamshells,Estimate,Medium,0.017675050985724,0.86,B,0.75,87.59299796057104,0.4742268041237113,0.004672897196261682,0.35106382978723405,0.648936170212766,38.57734418721928
465.0,PLA Compostable Pack - Lid Only,47.0,8.0,88.0,0.52,70.0,114.0,Lids,Estimate,Medium,0.01563562202583277,0.88,B,0.75,88.2745751189667,0.4536082474226804,0.004005340453938585,0.3404255319148936,0.6595744680851063,38.05172415307857
466.0,Paper Pulp Tray - Fruit Punnet,13.0,9.0,80.0,0.88,88.0,50.0,Fruit Punnets,Estimate,Medium,0.04010876954452754,0.8,B,0.75,84.89564921821889,0.10309278350515463,0.004672897196261682,0.11347517730496454,0.8865248226950355,30.859642936945097
467.0,Paper Pulp Tray - Meat Tray,15.0,11.0,78.0,0.95,85.0,55.0,Meat Packs,Estimate,Medium,0.04486743711760706,0.78,B,0.75,84.10530251529572,0.12371134020618557,0.006008010680907877,0.13120567375886524,0.8687943262411347,31.1925237159087
468.0,Paper Pulp Tray - Egg Tray,12.0,10.0,84.0,0.9,88.0,48.0,Egg Packs,Literature,High,0.04146838885112169,0.84,B,0.75,86.04126444595514,0.09278350515463918,0.0053404539385847796,0.10638297872340426,0.8936170212765957,30.68006446264098
469.0,Paper Pulp Tray - Industrial,16.0,12.0,75.0,1.0,85.0,60.0,Parts Packaging,Estimate,Medium,0.04826648538409245,0.75,B,0.75,83.0693405846363,0.13402061855670103,0.006675567423230975,0.14893617021276595,0.851063829787234,31.09300665858199
470.0,Paper Pulp Tray - Cosmetic,11.0,8.0,85.0,0.87,90.0,52.0,Cosmetics,Estimate,Medium,0.03942895989123046,0.85,A,1.0,93.92284160435078,0.08247422680412371,0.004005340453938585,0.12056737588652482,0.8794326241134752,29.80210800918736
471.0,Cardboard Sleeve - Beverage Multipack,17.0,14.0,5.0,1.15,90.0,45.0,Drinks Multipacks,Estimate,Medium,0.058463630183548596,0.05,A,1.0,69.16145479265805,0.14432989690721648,0.00801068090787717,0.09574468085106383,0.9042553191489362,33.14117587799306
472.0,Cardboard Sleeve - Cosmetics,15.0,10.0,5.0,1.05,92.0,42.0,Beauty Packs,Estimate,Medium,0.051665533650577834,0.05,A,1.0,69.4333786539769,0.12371134020618557,0.0053404539385847796,0.0851063829787234,0.9148936170212766,32.55547573704327
473.0,Cardboard Sleeve - Confectionery,14.0,9.0,5.0,1.02,92.0,40.0,Chocolate Packs,Estimate,Medium,0.0496261046906866,0.05,A,1.0,69.51495581237253,0.1134020618556701,0.004672897196261682,0.07801418439716312,0.9219858156028369,32.335843858199766
474.0,Cardboard Sleeve - Frozen Foods,16.0,12.0,5.0,1.1,90.0,44.0,Frozen Packs,Estimate,Medium,0.055064581917063225,0.05,A,1.0,69.29741672331747,0.13402061855670103,0.006675567423230975,0.09219858156028368,0.9078014184397163,32.79513431815646
475.0,Cardboard Sleeve - Ready Meals,16.0,12.0,5.0,1.1,90.0,44.0,Ready Meals,Estimate,Medium,0.055064581917063225,0.05,A,1.0,69.29741672331747,0.13402061855670103,0.006675567423230975,0.09219858156028368,0.9078014184397163,32.79513431815646
476.0,PLA Clamshell - Two-compartment,50.0,10.0,78.0,0.56,68.0,123.0,Meals,Estimate,Medium,0.01835486063902108,0.78,C,0.5,77.66580557443916,0.4845360824742268,0.0053404539385847796,0.3723404255319149,0.6276595744680851,38.371444151169165
477.0,PLA Clamshell - Three-compartment,52.0,11.0,78.0,0.58,68.0,125.0,Meals,Estimate,Medium,0.019714479945615225,0.78,C,0.5,77.61142080217539,0.5051546391752577,0.006008010680907877,0.37943262411347517,0.6205673758865249,39.00344716403329
478.0,PLA Clamshell - Snack,48.0,9.0,82.0,0.54,70.0,118.0,Snacks,Estimate,Medium,0.016995241332426924,0.82,B,0.75,86.42019034670292,0.4639175257731959,0.004672897196261682,0.3546099290780142,0.6453900709219857,38.058590074475255
479.0,PLA Clamshell - Bakery Large,49.0,9.0,80.0,0.53,70.0,120.0,Bakery,Estimate,Medium,0.016315431679129844,0.8,B,0.75,85.8473827328348,0.4742268041237113,0.004672897196261682,0.3617021276595745,0.6382978723404256,38.25819525104907
480.0,PLA Clamshell - Small Portion,47.0,8.0,85.0,0.51,70.0,116.0,Small Meals,Estimate,Medium,0.01495581237253569,0.85,B,0.75,87.40176750509858,0.4536082474226804,0.004005340453938585,0.3475177304964539,0.6524822695035462,37.838958195631754
481.0,Recycled Cardboard Box - Wine Shipper,18.0,20.0,5.0,0.85,95.0,45.0,Wine Packs,Estimate,Medium,0.038069340584636305,0.05,A,1.0,69.97722637661454,0.15463917525773196,0.012016021361815754,0.09574468085106383,0.9042553191489362,33.67370722563183
482.0,Recycled Cardboard Box - Book Shipper,15.0,15.0,5.0,0.8,95.0,40.0,Books,Estimate,Medium,0.034670292318150914,0.05,A,1.0,70.11318830727397,0.12371134020618557,0.008678237650200267,0.07801418439716312,0.9219858156028369,32.86837520583854
483.0,Recycled Cardboard Box - Apparel Shipper,14.0,12.0,5.0,0.78,95.0,39.0,Apparel,Estimate,Medium,0.03331067301155677,0.05,A,1.0,70.16757307953773,0.1134020618556701,0.006675567423230975,0.07446808510638298,0.925531914893617,32.50230694373224
484.0,Recycled Cardboard Box - Electronics Shipper,17.0,18.0,5.0,0.83,95.0,44.0,Electronics,Estimate,Medium,0.036709721278042146,0.05,A,1.0,70.03161114887831,0.14432989690721648,0.010680907877169559,0.09219858156028368,0.9078014184397163,33.32766566579524
485.0,Recycled Cardboard Box - Grocery Shipper,16.0,16.0,5.0,0.82,95.0,42.0,Grocery,Estimate,Medium,0.03602991162474507,0.05,A,1.0,70.0588035350102,0.13402061855670103,0.009345794392523364,0.0851063829787234,0.9148936170212766,33.08800708468204
486.0,Bamboo Fiber Cup,14.0,9.0,90.0,0.45,78.0,65.0,Hot/Cold Cups,Estimate,Medium,0.01087695445275323,0.9,B,0.75,89.06492182188987,0.1134020618556701,0.004672897196261682,0.16666666666666666,0.8333333333333334,29.67626939011466
487.0,Bamboo Fiber Bowl,15.0,10.0,88.0,0.46,78.0,68.0,Bowls,Estimate,Medium,0.011556764106050308,0.88,B,0.75,88.437729435758,0.12371134020618557,0.0053404539385847796,0.1773049645390071,0.8226950354609929,29.789518290234753
488.0,Bamboo Fiber Plate - Large,16.0,10.0,88.0,0.47,78.0,70.0,Plates,Estimate,Medium,0.012236573759347382,0.88,B,0.75,88.4105370496261,0.13402061855670103,0.0053404539385847796,0.18439716312056736,0.8156028368794326,29.98912346680856
489.0,Bamboo Fiber Plate - Small,14.0,8.0,90.0,0.44,80.0,63.0,Plates,Estimate,Medium,0.010197144799456154,0.9,B,0.75,89.09211420802175,0.1134020618556701,0.004005340453938585,0.1595744680851064,0.8404255319148937,29.86900864529177
490.0,Bamboo Fiber Tray,17.0,11.0,88.0,0.48,75.0,72.0,Trays,Estimate,Medium,0.012916383412644459,0.88,B,0.75,88.38334466349423,0.14432989690721648,0.006008010680907877,0.19148936170212766,0.8085106382978724,30.208755345652065
491.0,Hemp Fiber Sack,22.0,14.0,90.0,0.4,80.0,85.0,Bulk Sacks,Estimate,Medium,0.007477906186267848,0.9,B,0.75,89.20088375254929,0.1958762886597938,0.00801068090787717,0.2375886524822695,0.7624113475177305,30.947712399159983
492.0,Hemp Fiber Board,24.0,15.0,85.0,1.1,70.0,95.0,Boards,Estimate,Medium,0.055064581917063225,0.85,B,0.75,85.79741672331748,0.21649484536082475,0.008678237650200267,0.2730496453900709,0.7269503546099291,30.72865158223687
493.0,Hemp Fiber Molded Shell,21.0,13.0,88.0,1.0,75.0,92.0,Protective Shells,Estimate,Medium,0.04826648538409245,0.88,B,0.75,86.96934058463631,0.18556701030927836,0.007343124165554072,0.2624113475177305,0.7375886524822695,29.77063371180584
494.0,Hemp Paper - Thin,7.0,5.0,90.0,0.38,80.0,60.0,Print Wrap,Estimate,Medium,0.006118286879673693,0.9,B,0.75,89.25526852481306,0.041237113402061855,0.0020026702269692926,0.14893617021276595,0.851063829787234,27.24147953650857
495.0,Hemp Paper - Board,12.0,8.0,90.0,0.4,82.0,68.0,Cartons,Estimate,Medium,0.007477906186267848,0.9,B,0.75,89.20088375254929,0.09278350515463918,0.004005340453938585,0.1773049645390071,0.8226950354609929,28.51235148363351
496.0,Mushroom Mycelium Tray,9.0,6.0,98.0,0.32,60.0,82.0,Trays,Estimate,Medium,0.0020394289598912323,0.98,C,0.5,84.31842284160435,0.061855670103092786,0.0026702269692923898,0.22695035460992907,0.7730496453900709,25.74582297490461
497.0,Mushroom Mycelium Bottle Protector,10.0,7.0,98.0,0.33,60.0,85.0,Bottle Packs,Estimate,Medium,0.0027192386131883097,0.98,C,0.5,84.29123045547247,0.07216494845360824,0.0033377837116154874,0.2375886524822695,0.7624113475177305,25.859071875024707
498.0,Mushroom Mycelium Electronics Pack,11.0,8.0,98.0,0.34,60.0,88.0,Electronics,Estimate,Medium,0.0033990482664853867,0.98,C,0.5,84.26403806934059,0.08247422680412371,0.004005340453938585,0.24822695035460993,0.75177304964539,25.97232077514481
499.0,Mushroom Mycelium Box Insert,8.0,5.0,98.0,0.31,60.0,80.0,General Packaging,Estimate,Medium,0.0013596193065941549,0.98,C,0.5,84.34561522773623,0.05154639175257732,0.0020026702269692926,0.2198581560283688,0.7801418439716312,25.52619109606111
500.0,Mushroom Mycelium Block - Heavy,12.0,9.0,96.0,0.36,60.0,90.0,Heavy Goods,Estimate,Medium,0.004758667573079538,0.96,C,0.5,83.60965329707682,0.09278350515463918,0.004672897196261682,0.2553191489361702,0.7446808510638299,26.191952653988317
501.0,Seaweed Bioplastic - Snack Film,27.0,7.0,88.0,0.41,65.0,102.0,Snacks,Estimate,Medium,0.00815771583956492,0.88,C,0.5,81.0736913664174,0.24742268041237114,0.0033377837116154874,0.2978723404255319,0.7021276595744681,31.060870515077355
502.0,Seaweed Bioplastic - Standup Pouch,29.0,8.0,85.0,0.43,65.0,108.0,Snacks,Estimate,Medium,0.009517335146159076,0.85,C,0.5,80.11930659415364,0.26804123711340205,0.004005340453938585,0.3191489361702128,0.6808510638297872,31.267341613047854
503.0,Seaweed Bioplastic - Bottle Coating,24.0,6.0,90.0,0.4,65.0,98.0,Bottle Lining,Estimate,Medium,0.007477906186267848,0.9,C,0.5,81.70088375254929,0.21649484536082475,0.0026702269692923898,0.28368794326241137,0.7163120567375887,30.22926232563942
504.0,Seaweed Bioplastic - Blister Form,31.0,9.0,82.0,0.46,60.0,112.0,Blisters,Estimate,Medium,0.011556764106050308,0.82,C,0.5,79.13772943575799,0.28865979381443296,0.004672897196261682,0.3333333333333333,0.6666666666666667,31.68657866846517
505.0,Seaweed Bioplastic - Adhesive Film,26.0,7.0,88.0,0.42,65.0,104.0,Labels,Estimate,Medium,0.008837525492861998,0.88,C,0.5,81.04649898028552,0.23711340206185566,0.0033377837116154874,0.3049645390070922,0.6950354609929078,30.435733423609925
506.0,Paper Honeycomb Door Filler,21.0,30.0,80.0,1.2,80.0,85.0,Interior Doors,Estimate,Medium,0.06186267845003398,0.8,B,0.75,84.02549286199864,0.18556701030927836,0.018691588785046728,0.2375886524822695,0.7624113475177305,30.85576850145445
507.0,Paper Honeycomb Edge Filler,19.0,24.0,80.0,1.1,80.0,78.0,Furniture,Estimate,Medium,0.055064581917063225,0.8,B,0.75,84.29741672331747,0.16494845360824742,0.014686248331108143,0.2127659574468085,0.7872340425531915,30.655546870858885
508.0,Paper Honeycomb Pallet Top,22.0,28.0,78.0,1.25,78.0,88.0,Pallet Top,Estimate,Medium,0.06526172671651936,0.78,B,0.75,83.28953093133923,0.1958762886597938,0.017356475300400534,0.24822695035460993,0.75177304964539,30.908937294765472
509.0,Paper Honeycomb Core Panel,23.0,32.0,78.0,1.3,75.0,90.0,Sandwich Panels,Estimate,Medium,0.06866077498300475,0.78,B,0.75,83.15356900067982,0.20618556701030927,0.020026702269692925,0.2553191489361702,0.7446808510638299,31.18864928041806
510.0,Recycled Paper Honeycomb Pallet,20.0,26.0,80.0,1.0,85.0,82.0,Pallet,Estimate,Medium,0.04826648538409245,0.8,B,0.75,84.56934058463631,0.17525773195876287,0.01602136181575434,0.22695035460992907,0.7730496453900709,30.68243949452527
511.0,Bio-PE Cap,60.0,14.0,10.0,1.6,75.0,145.0,Bottle Caps,Estimate,Medium,0.08905506458191706,0.1,B,0.75,61.93779741672331,0.5876288659793815,0.00801068090787717,0.450354609929078,0.549645390070922,40.23483676853923
512.0,Bio-PE Bottle,55.0,15.0,15.0,1.5,75.0,140.0,Bottles,Estimate,Medium,0.08225696804894629,0.15,B,0.75,63.70972127804215,0.5360824742268041,0.008678237650200267,0.4326241134751773,0.5673758865248226,38.72492269432285
513.0,Bio-PE Pouch Film,48.0,13.0,20.0,1.4,75.0,135.0,Pouches,Estimate,Medium,0.07545887151597551,0.2,B,0.75,65.48164513936098,0.4639175257731959,0.007343124165554072,0.4148936170212766,0.5851063829787234,36.33018624525616
514.0,Bio-PE Shrink Hood,50.0,14.0,20.0,1.45,75.0,138.0,Pallet Hoods,Estimate,Medium,0.0788579197824609,0.2,B,0.75,65.34568320870156,0.4845360824742268,0.00801068090787717,0.425531914893617,0.574468085106383,36.85580627939687
515.0,Bio-PE Liner Bag,45.0,12.0,25.0,1.35,78.0,132.0,Liners,Estimate,Medium,0.07205982324949015,0.25,B,0.75,67.1176070700204,0.4329896907216495,0.006675567423230975,0.40425531914893614,0.5957446808510638,35.392195077094826
516.0,Paper-PLA Cup,18.0,10.0,60.0,1.0,75.0,120.0,Hot Cups,Literature,High,0.04826648538409245,0.6,B,0.75,78.56934058463631,0.15463917525773196,0.0053404539385847796,0.3617021276595745,0.6382978723404256,25.49471679867959
517.0,Paper-PLA Bowl,19.0,11.0,60.0,1.05,75.0,122.0,Bowls,Estimate,Medium,0.051665533650577834,0.6,B,0.75,78.43337865397689,0.16494845360824742,0.006008010680907877,0.36879432624113473,0.6312056737588653,25.71434867752309
518.0,Paper-PE Cup,20.0,12.0,5.0,2.4,65.0,90.0,Hot Cups,Literature,High,0.1434398368456832,0.05,C,0.5,50.762406526172676,0.17525773195876287,0.006675567423230975,0.2553191489361702,0.7446808510638299,29.551001832962342
519.0,Paper-BioPE Cup,19.0,11.0,30.0,1.7,70.0,110.0,Hot Cups,Estimate,Medium,0.09585316111488781,0.3,B,0.75,67.66587355540449,0.16494845360824742,0.006008010680907877,0.3262411347517731,0.6737588652482269,26.99094442220394
520.0,Paper-PLA Lid,17.0,9.0,60.0,0.95,75.0,115.0,Lids,Estimate,Medium,0.04486743711760706,0.6,B,0.75,78.70530251529571,0.14432989690721648,0.004672897196261682,0.34397163120567376,0.6560283687943262,25.594233856006298
521.0,FSC Virgin Cardboard,16.0,15.0,5.0,1.14,92.0,46.0,General Packaging,Literature,High,0.057783820530251516,0.05,A,1.0,69.18864717878994,0.13402061855670103,0.008678237650200267,0.09929078014184398,0.900709219858156,32.64244846751873
522.0,FSC Recycled Cardboard,16.0,15.0,5.0,0.82,96.0,41.0,General Packaging,Literature,High,0.03602991162474507,0.05,A,1.0,70.0588035350102,0.13402061855670103,0.008678237650200267,0.08156028368794327,0.9184397163120568,33.17436336113575
523.0,FSC Virgin Paper,5.0,5.0,5.0,0.9,87.0,36.0,Light Packaging,Literature,High,0.04146838885112169,0.05,B,0.75,62.34126444595513,0.020618556701030927,0.0020026702269692926,0.06382978723404255,0.9361702127659575,28.969928757829038
524.0,FSC Recycled Paper,5.0,5.0,5.0,0.6,92.0,31.0,Light Packaging,Literature,High,0.02107409925220938,0.05,A,1.0,70.65703602991162,0.020618556701030927,0.0020026702269692926,0.04609929078014184,0.9539007092198581,29.50184365144606
525.0,FSC Corrugated Board,16.0,20.0,5.0,1.18,94.0,49.0,Shipping,Literature,High,0.06050305914343983,0.05,A,1.0,69.07987763426242,0.13402061855670103,0.012016021361815754,0.1099290780141844,0.8900709219858156,32.42343304269698
526.0,FSC Molded Fiber,10.0,6.0,85.0,0.5,80.0,56.0,Electronics,Literature,High,0.014276002719238614,0.85,B,0.75,87.42895989123046,0.07216494845360824,0.0026702269692923898,0.1347517730496454,0.8652482269503546,28.92415155573374
527.0,Low-carbon Virgin Cardboard,15.0,15.0,5.0,0.9,90.0,48.0,General Packaging,Estimate,Medium,0.04146838885112169,0.05,A,1.0,69.84126444595513,0.12371134020618557,0.008678237650200267,0.10638297872340426,0.8936170212765957,32.0173113760513
528.0,Low-carbon Recycled Cardboard,15.0,15.0,5.0,0.7,95.0,43.0,General Packaging,Estimate,Medium,0.027872195785180146,0.05,A,1.0,70.3851121685928,0.12371134020618557,0.008678237650200267,0.08865248226950355,0.9113475177304965,32.549226269668324
529.0,Low-carbon Virgin Paper,5.0,5.0,5.0,0.75,85.0,38.0,Light Packaging,Estimate,Medium,0.03127124405166554,0.05,B,0.75,62.74915023793337,0.020618556701030927,0.0020026702269692926,0.07092198581560284,0.9290780141843972,28.75716280038223
530.0,Low-carbon Recycled Paper,5.0,5.0,5.0,0.5,92.0,33.0,Light Packaging,Estimate,Medium,0.014276002719238614,0.05,A,1.0,70.92895989123046,0.020618556701030927,0.0020026702269692926,0.05319148936170213,0.9468085106382979,29.28907769399925
531.0,CO2-optimized PLA,50.0,10.0,80.0,0.4,70.0,130.0,Food Packaging,Estimate,Medium,0.007477906186267848,0.8,B,0.75,86.20088375254929,0.4845360824742268,0.0053404539385847796,0.3971631205673759,0.6028368794326241,37.62676330010534
532.0,CO2-optimized Compostable Film,35.0,8.0,85.0,0.45,70.0,120.0,Food Packaging,Estimate,Medium,0.01087695445275323,0.85,B,0.75,87.56492182188987,0.32989690721649484,0.004005340453938585,0.3617021276595745,0.6382978723404256,32.46497267249072
533.0,Recycled High-Strength PET,65.0,16.0,1.0,1.7,80.0,95.0,High Strength Packs,Estimate,Medium,0.09585316111488781,0.01,B,0.75,58.96587355540448,0.6391752577319587,0.009345794392523364,0.2730496453900709,0.7269503546099291,47.65589477935192
534.0,Recycled High-Strength Cardboard,18.0,20.0,5.0,0.85,95.0,47.0,Heavy Boxes,Estimate,Medium,0.038069340584636305,0.05,A,1.0,69.97722637661454,0.15463917525773196,0.012016021361815754,0.10283687943262411,0.8971631205673759,33.460941268185024
535.0,High-recycled Corrugated,16.0,20.0,5.0,0.9,98.0,46.0,Shipping,Estimate,Medium,0.04146838885112169,0.05,A,1.0,69.84126444595513,0.13402061855670103,0.012016021361815754,0.09929078014184398,0.900709219858156,32.7425819788672
536.0,Recycled Bagasse Board,14.0,9.0,88.0,0.38,82.0,52.0,Food Trays,Estimate,Medium,0.006118286879673693,0.88,B,0.75,88.65526852481305,0.1134020618556701,0.004672897196261682,0.12056737588652482,0.8794326241134752,31.059248113518912
537.0,Recycled Molded Fiber,10.0,6.0,88.0,0.45,80.0,53.0,Cushioning,Estimate,Medium,0.01087695445275323,0.88,B,0.75,88.46492182188986,0.07216494845360824,0.0026702269692923898,0.12411347517730496,0.875886524822695,29.243300491903952
538.0,Recycled Glass Bottle,90.0,25.0,0.0,2.0,98.0,115.0,Drinks,Estimate,Medium,0.11624745071380013,0.0,A,1.0,65.350101971448,0.8969072164948454,0.015353805073431242,0.34397163120567376,0.6560283687943262,56.01775387582655
539.0,Recycled Steel Can,80.0,22.0,0.0,4.0,95.0,95.0,Foods,Estimate,Medium,0.25220938137321547,0.0,A,1.0,59.91162474507138,0.7938144329896907,0.01335113484646195,0.2730496453900709,0.7269503546099291,53.96162200327935
540.0,Closed-loop PET Bottle,60.0,18.0,1.0,1.5,90.0,100.0,Beverages,Estimate,Medium,0.08225696804894629,0.01,A,1.0,67.00972127804215,0.5876288659793815,0.010680907877169559,0.2907801418439716,0.7092198581560284,45.102177620171204
541.0,Closed-loop Cardboard Box,16.0,16.0,5.0,0.7,98.0,45.0,E-commerce,Estimate,Medium,0.027872195785180146,0.05,A,1.0,70.3851121685928,0.13402061855670103,0.009345794392523364,0.09574468085106383,0.9042553191489362,32.768858148511825
542.0,Closed-loop Paper Mailer,14.0,8.0,80.0,0.6,98.0,40.0,Mailers,Estimate,Medium,0.02107409925220938,0.8,A,1.0,93.15703602991164,0.1134020618556701,0.004005340453938585,0.07801418439716312,0.9219858156028369,32.31581715593007
543.0,Closed-loop HDPE Bottle,65.0,18.0,1.0,2.0,80.0,88.0,Personal Care,Estimate,Medium,0.11624745071380013,0.01,B,0.75,58.15010197144799,0.6391752577319587,0.010680907877169559,0.24822695035460993,0.75177304964539,48.44062903495514
544.0,Closed-loop PP Container,55.0,16.0,1.0,1.9,70.0,78.0,Food Packs,Estimate,Medium,0.10944935418082935,0.01,B,0.75,58.422025832766835,0.5360824742268041,0.009345794392523364,0.2127659574468085,0.7872340425531915,45.34069407744361
545.0,Paper-Clay Mix Cup,16.0,9.0,80.0,1.2,70.0,75.0,Hot Cups,Estimate,Medium,0.06186267845003398,0.8,B,0.75,84.02549286199864,0.13402061855670103,0.004672897196261682,0.20212765957446807,0.7978723404255319,29.437181870921847
546.0,Paper-Bagasse Mix Board,17.0,10.0,85.0,1.0,75.0,70.0,Cartons,Estimate,Medium,0.04826648538409245,0.85,B,0.75,86.0693405846363,0.14432989690721648,0.0053404539385847796,0.18439716312056736,0.8156028368794326,30.401494600829178
547.0,Paper-Wheat Straw Mix Board,16.0,9.0,87.0,0.95,78.0,68.0,Cartons,Estimate,Medium,0.04486743711760706,0.87,B,0.75,86.80530251529571,0.13402061855670103,0.004672897196261682,0.1773049645390071,0.8226950354609929,30.181862721985674
548.0,Paper-Rice Husk Mix Board,17.0,10.0,85.0,1.0,75.0,72.0,Cartons,Estimate,Medium,0.04826648538409245,0.85,B,0.75,86.0693405846363,0.14432989690721648,0.0053404539385847796,0.19148936170212766,0.8085106382978724,30.188728643382372
549.0,Paper-Kenaf Mix Board,18.0,11.0,83.0,1.05,72.0,74.0,Cartons,Estimate,Medium,0.051665533650577834,0.83,B,0.75,85.3333786539769,0.15463917525773196,0.006008010680907877,0.19858156028368795,0.801418439716312,30.408360522225873
550.0,Algae-based Bioplastic,40.0,9.0,85.0,0.45,65.0,110.0,Food Packs,Estimate,Medium,0.01087695445275323,0.85,C,0.5,80.06492182188988,0.38144329896907214,0.004672897196261682,0.3262411347517731,0.6737588652482269,35.61068483209755
551.0,Algae-based Film,35.0,8.0,88.0,0.42,68.0,105.0,Snacks,Estimate,Medium,0.008837525492861998,0.88,C,0.5,81.04649898028552,0.32989690721649484,0.004005340453938585,0.30851063829787234,0.6914893617021276,34.06071735334177
552.0,Algae-based Rigid Tray,42.0,10.0,80.0,0.48,65.0,115.0,Trays,Estimate,Medium,0.012916383412644459,0.8,C,0.5,78.48334466349422,0.4020618556701031,0.0053404539385847796,0.34397163120567376,0.6560283687943262,35.92353890879145
553.0,Algae-based Coating,30.0,7.0,90.0,0.4,70.0,100.0,Paper Coating,Estimate,Medium,0.007477906186267848,0.9,B,0.75,89.20088375254929,0.27835051546391754,0.0033377837116154874,0.2907801418439716,0.7092198581560284,32.51074987458602
554.0,Algae-based Laminate,38.0,9.0,82.0,0.46,65.0,112.0,Snacks,Estimate,Medium,0.011556764106050308,0.82,C,0.5,79.13772943575799,0.36082474226804123,0.004672897196261682,0.3333333333333333,0.6666666666666667,34.5731766066095
555.0,Recycled Textile Padding,12.0,8.0,85.0,0.6,70.0,50.0,Padding,Estimate,Medium,0.02107409925220938,0.85,B,0.75,87.15703602991162,0.09278350515463918,0.004005340453938585,0.11347517730496454,0.8865248226950355,30.427245100654787
556.0,Recycled Denim Padding,14.0,9.0,88.0,0.65,68.0,55.0,Padding,Estimate,Medium,0.02447314751869477,0.88,C,0.5,80.42107409925222,0.1134020618556701,0.004672897196261682,0.13120567375886524,0.8687943262411347,30.740099177348696
557.0,Recycled Wool Padding,16.0,10.0,90.0,0.7,72.0,60.0,Insulating Packs,Estimate,Medium,0.027872195785180146,0.9,B,0.75,88.3851121685928,0.13402061855670103,0.0053404539385847796,0.14893617021276595,0.851063829787234,31.052953254042603
558.0,Bio-based Polyester Padding,15.0,9.0,30.0,1.8,50.0,75.0,Insulating Packs,Estimate,Medium,0.1026512576478586,0.3,C,0.5,59.893949694085656,0.12371134020618557,0.004672897196261682,0.20212765957446807,0.7978723404255319,29.02481073690123
559.0,Cellulose Fiber Padding,10.0,7.0,90.0,0.8,80.0,55.0,Padding,Estimate,Medium,0.034670292318150914,0.9,B,0.75,88.11318830727396,0.07216494845360824,0.0033377837116154874,0.13120567375886524,0.8687943262411347,29.050561236726836
560.0,Recycled PET Fiber Padding,16.0,10.0,1.0,1.6,70.0,65.0,Padding,Estimate,Medium,0.08905506458191706,0.01,B,0.75,59.237797416723325,0.13402061855670103,0.0053404539385847796,0.16666666666666666,0.8333333333333334,30.521038360425585
561.0,Low-density EPS,10.0,8.0,0.0,4.5,10.0,35.0,Protective,Estimate,Medium,0.2861998640380693,0.0,D,0.25,36.05200543847723,0.07216494845360824,0.004005340453938585,0.06028368794326241,0.9397163120567376,31.198247513464615
562.0,High-density EPS,20.0,14.0,0.0,5.5,10.0,45.0,Protective,Estimate,Medium,0.354180829367777,0.0,D,0.25,33.332766825288914,0.17525773195876287,0.00801068090787717,0.09574468085106383,0.9042553191489362,34.378289280054915
563.0,Graphite EPS,22.0,15.0,0.0,6.0,10.0,50.0,Insulating,Estimate,Medium,0.38817131203263083,0.0,D,0.25,31.973147518694766,0.1958762886597938,0.008678237650200267,0.11347517730496454,0.8865248226950355,34.691143356748825
564.0,PLA-EPS Hybrid Foam,18.0,12.0,40.0,3.0,30.0,70.0,Protective,Estimate,Medium,0.18422841604350781,0.4,D,0.25,52.13086335825968,0.15463917525773196,0.006675567423230975,0.18439716312056736,0.8156028368794326,30.853919139389184
565.0,Compostable Foam from PLA-Starch,15.0,10.0,80.0,1.5,50.0,80.0,Protective,Estimate,Medium,0.08225696804894629,0.8,C,0.5,75.70972127804215,0.12371134020618557,0.0053404539385847796,0.2198581560283688,0.7801418439716312,28.512922545553902
566.0,Paper-starch Loose Fill,9.0,7.0,90.0,0.8,75.0,60.0,Loose Fill,Estimate,Medium,0.034670292318150914,0.9,B,0.75,88.11318830727396,0.061855670103092786,0.0033377837116154874,0.14893617021276595,0.851063829787234,28.106275209089194
567.0,Bio-based PU Foam High,18.0,12.0,30.0,3.3,40.0,95.0,Protective,Estimate,Medium,0.2046227056424201,0.3,D,0.25,48.31509177430319,0.15463917525773196,0.006675567423230975,0.2730496453900709,0.7269503546099291,28.194344671304076
568.0,Waste-paper Molded Inserts,9.0,6.0,85.0,0.7,85.0,45.0,Inserts,Estimate,Medium,0.027872195785180146,0.85,B,0.75,86.8851121685928,0.061855670103092786,0.0026702269692923898,0.09574468085106383,0.9042553191489362,29.681993187670564
569.0,Recycled Newsprint Molded Inserts,8.0,5.0,85.0,0.6,90.0,40.0,Inserts,Estimate,Medium,0.02107409925220938,0.85,A,1.0,94.65703602991162,0.05154639175257732,0.0020026702269692926,0.07801418439716312,0.9219858156028369,29.78151024499728
570.0,Thin Recycled Glass Sheet,50.0,12.0,0.0,1.8,98.0,130.0,Display,Estimate,Medium,0.1026512576478586,0.0,A,1.0,65.89394969408566,0.4845360824742268,0.006675567423230975,0.3971631205673759,0.6028368794326241,37.666816704644724
571.0,Thick Recycled Glass Sheet,70.0,18.0,0.0,2.2,98.0,145.0,Display,Estimate,Medium,0.12984364377974167,0.0,A,1.0,64.80625424881033,0.6907216494845361,0.010680907877169559,0.450354609929078,0.549645390070922,44.43865491782419
572.0,Recycled Glass Microsphere Filler,60.0,10.0,0.0,1.5,98.0,120.0,Filler,Estimate,Medium,0.08225696804894629,0.0,A,1.0,66.70972127804215,0.5876288659793815,0.0053404539385847796,0.3617021276595745,0.6382978723404256,42.814304427545565
573.0,Glass-particulate Filled PP,65.0,16.0,1.0,3.0,40.0,90.0,Durables,Estimate,Medium,0.18422841604350781,0.01,D,0.25,40.430863358259685,0.6391752577319587,0.009345794392523364,0.2553191489361702,0.7446808510638299,48.18780967296894
574.0,Glass-particulate Filled PLA,60.0,14.0,70.0,1.2,60.0,130.0,Durables,Estimate,Medium,0.06186267845003398,0.7,C,0.5,73.52549286199864,0.5876288659793815,0.00801068090787717,0.3971631205673759,0.6028368794326241,41.830581449390294
575.0,Wood-plastic Composite (WPC),50.0,20.0,10.0,2.5,40.0,80.0,Pallet Decks,Estimate,Medium,0.15023793337865396,0.1,D,0.25,44.49048266485384,0.4845360824742268,0.012016021361815754,0.2198581560283688,0.7801418439716312,43.14617925897248
576.0,Recycled WPC,50.0,20.0,10.0,2.0,50.0,75.0,Pallet Decks,Estimate,Medium,0.11624745071380013,0.1,C,0.5,53.35010197144799,0.4845360824742268,0.012016021361815754,0.20212765957446807,0.7978723404255319,43.678094152589495
577.0,Paper-based Edge Protector,18.0,14.0,80.0,1.0,85.0,60.0,Edge Protection,Estimate,Medium,0.04826648538409245,0.8,B,0.75,84.56934058463631,0.15463917525773196,0.00801068090787717,0.14893617021276595,0.851063829787234,31.95780233116261
578.0,Recycled Paper-based Edge Protector,18.0,14.0,82.0,0.9,90.0,55.0,Edge Protection,Estimate,Medium,0.04146838885112169,0.82,A,1.0,92.94126444595514,0.15463917525773196,0.00801068090787717,0.13120567375886524,0.8687943262411347,32.48971722477963
579.0,Virgin Plastic Edge Protector (PP),55.0,20.0,1.0,2.5,30.0,50.0,Edge Protection,Estimate,Medium,0.15023793337865396,0.01,D,0.25,41.79048266485385,0.5360824742268041,0.012016021361815754,0.11347517730496454,0.8865248226950355,48.3995242907777
580.0,Recycled Plastic Edge Protector (PP),55.0,20.0,1.0,1.9,50.0,48.0,Edge Protection,Estimate,Medium,0.10944935418082935,0.01,C,0.5,50.92202583276683,0.5360824742268041,0.012016021361815754,0.10638297872340426,0.8936170212765957,48.61229024822451
581.0,Paper-based Corner Board,16.0,12.0,80.0,0.95,88.0,55.0,Corner Protection,Estimate,Medium,0.04486743711760706,0.8,B,0.75,84.70530251529573,0.13402061855670103,0.006675567423230975,0.13120567375886524,0.8687943262411347,31.62492155219901
582.0,Recycled Paper-based Corner Board,16.0,12.0,82.0,0.85,92.0,50.0,Corner Protection,Estimate,Medium,0.038069340584636305,0.82,A,1.0,93.07722637661455,0.13402061855670103,0.006675567423230975,0.11347517730496454,0.8865248226950355,32.15683644581603
583.0,Bio-based Corner Protector,20.0,14.0,35.0,1.7,60.0,80.0,Corner Protection,Estimate,Medium,0.09585316111488781,0.35,C,0.5,61.66587355540448,0.17525773195876287,0.00801068090787717,0.2198581560283688,0.7801418439716312,30.65488502473577
584.0,Paper-organic Fiber Board,18.0,13.0,85.0,1.0,75.0,70.0,Boards,Estimate,Medium,0.04826648538409245,0.85,B,0.75,86.0693405846363,0.15463917525773196,0.007343124165554072,0.18439716312056736,0.8156028368794326,30.87394584165888
585.0,Recycled Paper-organic Fiber Board,18.0,13.0,88.0,0.9,80.0,65.0,Boards,Estimate,Medium,0.04146838885112169,0.88,B,0.75,87.24126444595514,0.15463917525773196,0.007343124165554072,0.16666666666666666,0.8333333333333334,31.405860735275905
586.0,Virgin Cardboard - Pharma Folding Box,15.0,12.0,5.0,1.1,90.0,45.0,Pharma,Estimate,Medium,0.055064581917063225,0.05,A,1.0,69.29741672331747,0.12371134020618557,0.006675567423230975,0.09574468085106383,0.9042553191489362,32.27638020541244
587.0,Recycled Cardboard - Pharma Folding Box,15.0,12.0,5.0,0.8,95.0,40.0,Pharma,Estimate,Medium,0.034670292318150914,0.05,A,1.0,70.11318830727397,0.12371134020618557,0.006675567423230975,0.07801418439716312,0.9219858156028369,32.80829509902946
588.0,Virgin Paper - Pharma Leaflet,5.0,4.0,5.0,0.9,85.0,35.0,Pharma Inserts,Estimate,Medium,0.04146838885112169,0.05,B,0.75,62.34126444595513,0.020618556701030927,0.0013351134846461949,0.06028368794326241,0.9397163120567376,29.056285034282748
589.0,Recycled Paper - Pharma Leaflet,5.0,4.0,5.0,0.6,90.0,30.0,Pharma Inserts,Estimate,Medium,0.02107409925220938,0.05,A,1.0,70.65703602991162,0.020618556701030927,0.0013351134846461949,0.0425531914893617,0.9574468085106383,29.588199927899772
590.0,Blister Pack PET-Alu,65.0,18.0,1.0,7.0,30.0,160.0,Pharma,Literature,High,0.45615227736233854,0.01,D,0.25,29.55390890550646,0.6391752577319587,0.010680907877169559,0.5035460992907801,0.4964539007092199,40.78105456687003
591.0,Blister Pack PVC-Alu,60.0,16.0,1.0,8.0,10.0,120.0,Pharma,Literature,High,0.5241332426920462,0.01,D,0.25,26.83467029231815,0.5876288659793815,0.009345794392523364,0.3617021276595745,0.6382978723404256,42.93446464116373
592.0,Recyclable Blister PET-PET,65.0,18.0,1.0,3.0,40.0,150.0,Pharma,Estimate,Medium,0.18422841604350781,0.01,D,0.25,40.430863358259685,0.6391752577319587,0.010680907877169559,0.46808510638297873,0.5319148936170213,41.844884354104074
593.0,Paper Blister with PLA Window,30.0,12.0,70.0,1.2,70.0,140.0,Pharma,Estimate,Medium,0.06186267845003398,0.7,B,0.75,81.02549286199864,0.27835051546391754,0.006675567423230975,0.4326241134751773,0.5673758865248226,28.35556423699831
594.0,Paper Blister with Cellulose Window,28.0,11.0,80.0,1.0,72.0,135.0,Pharma,Estimate,Medium,0.04826648538409245,0.8,B,0.75,84.56934058463631,0.25773195876288657,0.006008010680907877,0.4148936170212766,0.5851063829787234,28.042710160304402
595.0,Paper-stick Pack,15.0,8.0,75.0,0.9,85.0,50.0,Stick Packs,Estimate,Medium,0.04146838885112169,0.75,B,0.75,83.34126444595513,0.12371134020618557,0.004005340453938585,0.11347517730496454,0.8865248226950355,31.664358502716645
596.0,Plastic-stick Pack (PET/PE),50.0,12.0,1.0,3.0,30.0,70.0,Stick Packs,Estimate,Medium,0.18422841604350781,0.01,D,0.25,40.430863358259685,0.4845360824742268,0.006675567423230975,0.18439716312056736,0.8156028368794326,44.049795428048974
597.0,Bio-based-stick Pack,40.0,10.0,40.0,1.8,50.0,90.0,Stick Packs,Estimate,Medium,0.1026512576478586,0.4,C,0.5,62.89394969408566,0.38144329896907214,0.0053404539385847796,0.2553191489361702,0.7446808510638299,37.75837110883533
598.0,Recyclable Mono-PE Stick Pack,45.0,11.0,1.0,2.5,50.0,85.0,Stick Packs,Estimate,Medium,0.15023793337865396,0.01,C,0.5,49.29048266485384,0.4329896907216495,0.006008010680907877,0.2375886524822695,0.7624113475177305,40.37216837482514
599.0,Recycled Mono-PE Stick Pack,45.0,11.0,1.0,1.9,65.0,80.0,Stick Packs,Estimate,Medium,0.10944935418082935,0.01,C,0.5,50.92202583276683,0.4329896907216495,0.006008010680907877,0.2198581560283688,0.7801418439716312,40.90408326844216
600.0,Virgin PP Rigid Cup,50.0,13.0,1.0,2.6,40.0,75.0,Food Cups,Literature,High,0.15703602991162474,0.01,D,0.25,41.518558803535015,0.4845360824742268,0.007343124165554072,0.20212765957446807,0.7978723404255319,43.53790723670165
601.0,Recycled PP Rigid Cup,50.0,13.0,1.0,1.9,55.0,72.0,Food Cups,Estimate,Medium,0.10944935418082935,0.01,C,0.5,50.92202583276683,0.4845360824742268,0.007343124165554072,0.19148936170212766,0.8085106382978724,43.857056172871864
602.0,Virgin HIPS Cup,45.0,12.0,1.0,3.0,10.0,65.0,Dairy Cups,Literature,High,0.18422841604350781,0.01,D,0.25,40.430863358259685,0.4329896907216495,0.006675567423230975,0.16666666666666666,0.8333333333333334,42.51985465156291
603.0,Recycled HIPS Cup,45.0,12.0,1.0,2.1,30.0,60.0,Dairy Cups,Estimate,Medium,0.1230455472467709,0.01,D,0.25,42.87817811012917,0.4329896907216495,0.006675567423230975,0.14893617021276595,0.851063829787234,43.05176954517993
604.0,PLA Rigid Cup,50.0,10.0,80.0,0.6,70.0,120.0,Dairy Cups,Estimate,Medium,0.02107409925220938,0.8,B,0.75,85.65703602991162,0.4845360824742268,0.0053404539385847796,0.3617021276595745,0.6382978723404256,38.69059308733938
605.0,Paper Cup with Bio-liner,18.0,9.0,60.0,1.1,75.0,115.0,Dairy Cups,Estimate,Medium,0.055064581917063225,0.6,B,0.75,78.29741672331747,0.15463917525773196,0.004672897196261682,0.34397163120567376,0.6560283687943262,26.006604990026915
606.0,Paper-seeded Insert (Plantable),5.0,3.0,95.0,0.5,80.0,80.0,Gift Inserts,Estimate,Medium,0.014276002719238614,0.95,B,0.75,90.42895989123045,0.020618556701030927,0.0006675567423230974,0.2198581560283688,0.7801418439716312,24.249024289459868
607.0,Seeded Paper Tag,4.0,2.0,95.0,0.45,80.0,75.0,Tags,Estimate,Medium,0.01087695445275323,0.95,B,0.75,90.56492182188987,0.010309278350515464,0.0,0.20212765957446807,0.7978723404255319,24.348541346786575
608.0,Seeded Cardboard,10.0,6.0,90.0,0.8,80.0,85.0,Gift Boxes,Estimate,Medium,0.034670292318150914,0.9,B,0.75,88.11318830727396,0.07216494845360824,0.0026702269692923898,0.2375886524822695,0.7624113475177305,25.839045172755014
609.0,Wood Tag,25.0,5.0,60.0,1.5,60.0,70.0,Tags,Estimate,Medium,0.08225696804894629,0.6,C,0.5,69.70972127804215,0.2268041237113402,0.0020026702269692926,0.18439716312056736,0.8156028368794326,33.600330161645665
610.0,Bamboo Tag,22.0,4.0,85.0,0.9,70.0,80.0,Tags,Estimate,Medium,0.04146838885112169,0.85,B,0.75,86.34126444595513,0.1958762886597938,0.0013351134846461949,0.2198581560283688,0.7801418439716312,31.279360270080076
611.0,Virgin Cardboard - Cold Chain Box,18.0,18.0,5.0,1.2,90.0,52.0,Cold Chain,Literature,High,0.06186267845003398,0.05,A,1.0,69.02549286199864,0.15463917525773196,0.010680907877169559,0.12056737588652482,0.8794326241134752,32.88897297002862
612.0,Recycled Cardboard - Cold Chain Box,18.0,18.0,5.0,0.82,95.0,48.0,Cold Chain,Estimate,Medium,0.03602991162474507,0.05,A,1.0,70.0588035350102,0.15463917525773196,0.010680907877169559,0.10638297872340426,0.8936170212765957,33.314504884922236
613.0,PU Insulated Cold Chain Box,30.0,40.0,0.0,4.0,30.0,150.0,Cold Chain,Estimate,Medium,0.25220938137321547,0.0,D,0.25,37.41162474507138,0.27835051546391754,0.025367156208277702,0.46808510638297873,0.5319148936170213,27.85248211331567
614.0,EPS Insulated Cold Chain Box,20.0,30.0,0.0,5.0,10.0,70.0,Cold Chain,Literature,High,0.3201903467029232,0.0,D,0.25,34.692386131883076,0.17525773195876287,0.018691588785046728,0.18439716312056736,0.8156028368794326,32.039142048284894
615.0,Vacuum Insulated Panel Insert,50.0,50.0,0.0,15.0,80.0,300.0,Cold Chain,Estimate,Medium,1.0,0.0,B,0.75,22.499999999999996,0.4845360824742268,0.03204272363150868,1.0,0.0,20.342725007914332
616.0,Gel Pack - Reusable,5.0,5.0,0.0,4.0,0.0,200.0,Cold Chain,Estimate,Medium,0.25220938137321547,0.0,D,0.25,37.41162474507138,0.020618556701030927,0.0020026702269692926,0.6453900709219859,0.35460992907801414,11.523120247190741
617.0,Paper-based Gel Pack Pouch,6.0,5.0,80.0,1.0,80.0,80.0,Cold Chain,Estimate,Medium,0.04826648538409245,0.8,B,0.75,84.56934058463631,0.030927835051546393,0.0020026702269692926,0.2198581560283688,0.7801418439716312,24.70144882801987
618.0,Bio-gel Pack,5.0,5.0,50.0,3.0,0.0,180.0,Cold Chain,Estimate,Medium,0.18422841604350781,0.5,D,0.25,55.13086335825969,0.020618556701030927,0.0020026702269692926,0.574468085106383,0.42553191489361697,13.650779821658826
619.0,Recycled Plastic Gel Pack Pouch,6.0,5.0,1.0,2.0,60.0,70.0,Cold Chain,Estimate,Medium,0.11624745071380013,0.01,C,0.5,50.650101971447995,0.030927835051546393,0.0020026702269692926,0.18439716312056736,0.8156028368794326,25.765278615253912
620.0,Compostable Gel Pack Pouch,6.0,5.0,85.0,0.8,65.0,90.0,Cold Chain,Estimate,Medium,0.034670292318150914,0.85,C,0.5,79.11318830727397,0.030927835051546393,0.0020026702269692926,0.2553191489361702,0.7446808510638299,23.63761904078583
621.0,Virgin Cardboard - Returnable Tray,18.0,16.0,5.0,1.14,88.0,50.0,Return Systems,Estimate,Medium,0.057783820530251516,0.05,B,0.75,61.68864717878995,0.15463917525773196,0.009345794392523364,0.11347517730496454,0.8865248226950355,33.061685522936045
622.0,Recycled Cardboard - Returnable Tray,18.0,16.0,5.0,0.8,93.0,46.0,Return Systems,Estimate,Medium,0.034670292318150914,0.05,A,1.0,70.11318830727397,0.15463917525773196,0.009345794392523364,0.09929078014184398,0.900709219858156,33.48721743782966
623.0,PP Returnable Tray,60.0,20.0,1.0,2.5,40.0,80.0,Return Systems,Estimate,Medium,0.15023793337865396,0.01,D,0.25,41.79048266485385,0.5876288659793815,0.012016021361815754,0.2198581560283688,0.7801418439716312,47.269890599178666
624.0,Recycled PP Returnable Tray,60.0,20.0,1.0,1.9,55.0,76.0,Return Systems,Estimate,Medium,0.10944935418082935,0.01,C,0.5,50.92202583276683,0.5876288659793815,0.012016021361815754,0.20567375886524822,0.7943262411347518,47.695422514072284
625.0,HDPE Crate,70.0,25.0,1.0,3.0,50.0,90.0,Return Systems,Literature,High,0.18422841604350781,0.01,C,0.5,47.93086335825969,0.6907216494845361,0.015353805073431242,0.2553191489361702,0.7446808510638299,50.42990566349928
626.0,Recycled HDPE Crate,70.0,25.0,1.0,2.2,65.0,85.0,Return Systems,Estimate,Medium,0.12984364377974167,0.01,C,0.5,50.10625424881033,0.6907216494845361,0.015353805073431242,0.2375886524822695,0.7624113475177305,50.9618205571163
627.0,Steel Returnable Crate,80.0,30.0,0.0,7.0,90.0,150.0,Return Systems,Estimate,Medium,0.45615227736233854,0.0,A,1.0,51.753908905506464,0.7938144329896907,0.018691588785046728,0.46808510638297873,0.5319148936170213,48.27077179164967
628.0,Aluminum Returnable Crate,75.0,28.0,1.0,10.0,90.0,180.0,Return Systems,Estimate,Medium,0.6600951733514616,0.01,A,1.0,43.89619306594154,0.7422680412371134,0.017356475300400534,0.574468085106383,0.42553191489361697,42.97737335530506
629.0,Paper-based Dunnage,12.0,8.0,85.0,0.8,90.0,50.0,Dunnage,Estimate,Medium,0.034670292318150914,0.85,A,1.0,94.11318830727397,0.09278350515463918,0.004005340453938585,0.11347517730496454,0.8865248226950355,30.427245100654787
630.0,Recycled Paper-based Dunnage,12.0,8.0,88.0,0.6,92.0,48.0,Dunnage,Estimate,Medium,0.02107409925220938,0.88,A,1.0,95.55703602991163,0.09278350515463918,0.004005340453938585,0.10638297872340426,0.8936170212765957,30.640011058101596
631.0,Textile-based Dunnage,20.0,10.0,60.0,1.5,50.0,70.0,Dunnage,Estimate,Medium,0.08225696804894629,0.6,C,0.5,69.70972127804215,0.17525773195876287,0.0053404539385847796,0.18439716312056736,0.8156028368794326,31.638608002891033
632.0,Plastic-based Dunnage,50.0,15.0,1.0,3.0,30.0,60.0,Dunnage,Estimate,Medium,0.18422841604350781,0.01,D,0.25,40.430863358259685,0.4845360824742268,0.008678237650200267,0.14893617021276595,0.851063829787234,45.1737053220921
633.0,Recycled Plastic-based Dunnage,50.0,15.0,1.0,2.0,50.0,58.0,Dunnage,Estimate,Medium,0.11624745071380013,0.01,C,0.5,50.650101971447995,0.4845360824742268,0.008678237650200267,0.14184397163120568,0.8581560283687943,45.38647127953891
634.0,PLA-based Dunnage,40.0,12.0,80.0,0.8,60.0,90.0,Dunnage,Estimate,Medium,0.034670292318150914,0.8,C,0.5,77.61318830727396,0.38144329896907214,0.006675567423230975,0.2553191489361702,0.7446808510638299,37.79842451337471
635.0,Corrugated Plastic Sheet (PP),50.0,18.0,1.0,2.5,30.0,65.0,Layer Pads,Estimate,Medium,0.15023793337865396,0.01,D,0.25,41.79048266485385,0.4845360824742268,0.010680907877169559,0.16666666666666666,0.8333333333333334,44.70187053528416
636.0,Recycled Corrugated Plastic Sheet,50.0,18.0,1.0,1.9,50.0,62.0,Layer Pads,Estimate,Medium,0.10944935418082935,0.01,C,0.5,50.92202583276683,0.4845360824742268,0.010680907877169559,0.15602836879432624,0.8439716312056738,45.02101947145437
637.0,Paper-based Layer Pad,20.0,16.0,80.0,1.1,85.0,55.0,Layer Pads,Estimate,Medium,0.055064581917063225,0.8,B,0.75,84.29741672331747,0.17525773195876287,0.009345794392523364,0.13120567375886524,0.8687943262411347,33.35451289736026
638.0,Recycled Paper-based Layer Pad,20.0,16.0,82.0,0.9,90.0,50.0,Layer Pads,Estimate,Medium,0.04146838885112169,0.82,A,1.0,92.94126444595514,0.17525773195876287,0.009345794392523364,0.11347517730496454,0.8865248226950355,33.88642779097728
639.0,Plastic Pallet Top Sheet,35.0,12.0,1.0,2.5,30.0,55.0,Pallet Top,Estimate,Medium,0.15023793337865396,0.01,D,0.25,41.79048266485385,0.32989690721649484,0.006675567423230975,0.13120567375886524,0.8687943262411347,39.45997309859076
640.0,Recycled Plastic Pallet Top Sheet,35.0,12.0,1.0,1.8,50.0,52.0,Pallet Top,Estimate,Medium,0.1026512576478586,0.01,C,0.5,51.19394969408566,0.32989690721649484,0.006675567423230975,0.12056737588652482,0.8794326241134752,39.77912203476098
641.0,Paper Pallet Top Sheet,15.0,10.0,80.0,0.8,90.0,45.0,Pallet Top,Estimate,Medium,0.034670292318150914,0.8,A,1.0,92.61318830727396,0.12371134020618557,0.0053404539385847796,0.09574468085106383,0.9042553191489362,32.23632680087305
642.0,Recycled Paper Pallet Top Sheet,15.0,10.0,82.0,0.6,92.0,40.0,Pallet Top,Estimate,Medium,0.02107409925220938,0.82,A,1.0,93.75703602991163,0.12371134020618557,0.0053404539385847796,0.07801418439716312,0.9219858156028369,32.76824169449007
643.0,Virgin Cardboard - Retail Ready,16.0,14.0,5.0,1.1,90.0,46.0,Retail Ready,Estimate,Medium,0.055064581917063225,0.05,A,1.0,69.29741672331747,0.13402061855670103,0.00801068090787717,0.09929078014184398,0.900709219858156,32.62242176524904
644.0,Recycled Cardboard - Retail Ready,16.0,14.0,5.0,0.8,95.0,42.0,Retail Ready,Estimate,Medium,0.034670292318150914,0.05,A,1.0,70.11318830727397,0.13402061855670103,0.00801068090787717,0.0851063829787234,0.9148936170212766,33.047953680142655
645.0,Virgin Cardboard - Display Ready,15.0,13.0,5.0,1.1,88.0,45.0,Displays,Estimate,Medium,0.055064581917063225,0.05,B,0.75,61.79741672331747,0.12371134020618557,0.007343124165554072,0.09574468085106383,0.9042553191489362,32.296406907682126
646.0,Recycled Cardboard - Display Ready,15.0,13.0,5.0,0.78,93.0,40.0,Displays,Estimate,Medium,0.03331067301155677,0.05,A,1.0,70.16757307953773,0.12371134020618557,0.007343124165554072,0.07801418439716312,0.9219858156028369,32.828321801299154
647.0,Plastic Shelf-ready Tray (PET),60.0,15.0,1.0,3.0,40.0,80.0,Retail Ready,Estimate,Medium,0.18422841604350781,0.01,D,0.25,40.430863358259685,0.5876288659793815,0.008678237650200267,0.2198581560283688,0.7801418439716312,47.169757087830206
648.0,Recycled Plastic Shelf-ready Tray (rPET),60.0,15.0,1.0,1.9,60.0,82.0,Retail Ready,Estimate,Medium,0.10944935418082935,0.01,C,0.5,50.92202583276683,0.5876288659793815,0.008678237650200267,0.22695035460992907,0.7730496453900709,46.95699113038339
649.0,Paper-based Shelf-ready Tray,18.0,14.0,80.0,1.0,85.0,55.0,Retail Ready,Estimate,Medium,0.04826648538409245,0.8,B,0.75,84.56934058463631,0.15463917525773196,0.00801068090787717,0.13120567375886524,0.8687943262411347,32.48971722477963
650.0,Recycled Paper-based Shelf-ready Tray,18.0,14.0,82.0,0.8,90.0,50.0,Retail Ready,Estimate,Medium,0.034670292318150914,0.82,A,1.0,93.21318830727397,0.15463917525773196,0.00801068090787717,0.11347517730496454,0.8865248226950355,33.02163211839666
651.0,Virgin Cardboard - Luxury Box,18.0,15.0,5.0,1.2,85.0,60.0,Luxury Packaging,Estimate,Medium,0.06186267845003398,0.05,B,0.75,61.52549286199864,0.15463917525773196,0.008678237650200267,0.14893617021276595,0.851063829787234,31.977829033432304
652.0,Recycled Cardboard - Luxury Box,18.0,15.0,5.0,0.9,90.0,55.0,Luxury Packaging,Estimate,Medium,0.04146838885112169,0.05,A,1.0,69.84126444595513,0.15463917525773196,0.008678237650200267,0.13120567375886524,0.8687943262411347,32.50974392704933
653.0,Rigid Board - Luxury (Paper-based),22.0,18.0,5.0,1.4,80.0,80.0,Luxury Packaging,Estimate,Medium,0.07545887151597551,0.05,B,0.75,60.98164513936097,0.1958762886597938,0.010680907877169559,0.2198581560283688,0.7801418439716312,31.559734101855774
654.0,Recycled Rigid Board - Luxury,22.0,18.0,5.0,1.1,85.0,75.0,Luxury Packaging,Estimate,Medium,0.055064581917063225,0.05,B,0.75,61.79741672331747,0.1958762886597938,0.010680907877169559,0.20212765957446807,0.7978723404255319,32.091648995472795
655.0,Textile-covered Rigid Board,24.0,18.0,60.0,1.6,70.0,95.0,Luxury Packaging,Estimate,Medium,0.08905506458191706,0.6,B,0.75,76.93779741672331,0.21649484536082475,0.010680907877169559,0.2730496453900709,0.7269503546099291,30.788731689045946
656.0,Wooden Gift Box,28.0,20.0,60.0,2.8,60.0,110.0,Luxury Packaging,Estimate,Medium,0.17063222297756625,0.6,C,0.5,66.17471108089735,0.25773195876288657,0.012016021361815754,0.3262411347517731,0.6737588652482269,30.88252494881674
657.0,Bamboo Gift Box,26.0,18.0,80.0,1.5,70.0,105.0,Luxury Packaging,Estimate,Medium,0.08225696804894629,0.8,B,0.75,83.20972127804215,0.23711340206185566,0.010680907877169559,0.30851063829787234,0.6914893617021276,30.549644169853142
658.0,Metal Tin Gift Box,40.0,20.0,1.0,6.0,90.0,120.0,Luxury Packaging,Estimate,Medium,0.38817131203263083,0.01,A,1.0,54.77314751869476,0.38144329896907214,0.012016021361815754,0.3617021276595745,0.6382978723404256,34.76714876983012
659.0,Recycled Metal Tin Gift Box,40.0,20.0,1.0,4.0,95.0,110.0,Luxury Packaging,Estimate,Medium,0.25220938137321547,0.01,A,1.0,60.211624745071376,0.38144329896907214,0.012016021361815754,0.3262411347517731,0.6737588652482269,35.830978557064164
660.0,Glass Gift Jar,80.0,18.0,0.0,2.4,95.0,115.0,Luxury Packaging,Estimate,Medium,0.1434398368456832,0.0,A,1.0,64.26240652617268,0.7938144329896907,0.010680907877169559,0.34397163120567376,0.6560283687943262,51.753855619732505
661.0,Compostable Window Carton (PLA),18.0,12.0,80.0,0.9,70.0,95.0,Window Boxes,Estimate,Medium,0.04146838885112169,0.8,B,0.75,84.84126444595513,0.15463917525773196,0.006675567423230975,0.2730496453900709,0.7269503546099291,28.194344671304076
662.0,Compostable Window Carton (Cellulose),17.0,11.0,85.0,0.85,72.0,92.0,Window Boxes,Estimate,Medium,0.038069340584636305,0.85,B,0.75,86.47722637661455,0.14432989690721648,0.006008010680907877,0.2624113475177305,0.7375886524822695,28.08109577118398
663.0,Recycled Window Carton (PET Window),18.0,12.0,1.0,2.0,70.0,85.0,Window Boxes,Estimate,Medium,0.11624745071380013,0.01,B,0.75,58.15010197144799,0.15463917525773196,0.006675567423230975,0.2375886524822695,0.7624113475177305,29.25817445853812
664.0,Paperboard Window Carton (No Plastic),16.0,11.0,80.0,1.0,85.0,80.0,Window Boxes,Estimate,Medium,0.04826648538409245,0.8,B,0.75,84.56934058463631,0.13402061855670103,0.006008010680907877,0.2198581560283688,0.7801418439716312,28.945320381844216
665.0,Virgin Cardboard - Electronics Inner Box,17.0,14.0,5.0,1.16,90.0,48.0,Electronics,Literature,High,0.059143439836845675,0.05,A,1.0,69.13426240652618,0.14432989690721648,0.00801068090787717,0.10638297872340426,0.8936170212765957,32.82202694182285
666.0,Recycled Cardboard - Electronics Inner Box,17.0,14.0,5.0,0.84,95.0,44.0,Electronics,Estimate,Medium,0.037389530931339225,0.05,A,1.0,70.00441876274644,0.14432989690721648,0.00801068090787717,0.09219858156028368,0.9078014184397163,33.247558856716466
667.0,Molded Fiber Electronics Inner Tray,11.0,7.0,85.0,0.5,80.0,55.0,Electronics,Estimate,Medium,0.014276002719238614,0.85,B,0.75,87.42895989123046,0.08247422680412371,0.0033377837116154874,0.13120567375886524,0.8687943262411347,29.462932370747453
668.0,Anti-static Plastic Electronics Tray (PS),50.0,15.0,1.0,3.5,10.0,75.0,Electronics,Literature,High,0.21821889870836164,0.01,D,0.25,39.07124405166554,0.4845360824742268,0.008678237650200267,0.20212765957446807,0.7978723404255319,43.577960641241035
669.0,Recycled Anti-static Plastic Electronics Tray,50.0,15.0,1.0,2.5,30.0,70.0,Electronics,Estimate,Medium,0.15023793337865396,0.01,D,0.25,41.79048266485385,0.4845360824742268,0.008678237650200267,0.18439716312056736,0.8156028368794326,44.109875534858055
670.0,ESD Foam Insert,18.0,12.0,0.0,4.0,20.0,90.0,Electronics,Literature,High,0.25220938137321547,0.0,D,0.25,37.41162474507138,0.15463917525773196,0.006675567423230975,0.2553191489361702,0.7446808510638299,28.726259564921104
671.0,Recycled ESD Foam Insert,18.0,12.0,0.0,3.0,40.0,85.0,Electronics,Estimate,Medium,0.18422841604350781,0.0,D,0.25,40.13086335825969,0.15463917525773196,0.006675567423230975,0.2375886524822695,0.7624113475177305,29.25817445853812
672.0,Paper-based ESD Insert,14.0,9.0,80.0,1.0,70.0,65.0,Electronics,Estimate,Medium,0.04826648538409245,0.8,B,0.75,84.56934058463631,0.1134020618556701,0.004672897196261682,0.16666666666666666,0.8333333333333334,29.67626939011466
673.0,Conductive Plastic Bag,45.0,10.0,1.0,3.0,30.0,60.0,Electronics,Estimate,Medium,0.18422841604350781,0.01,D,0.25,40.430863358259685,0.4329896907216495,0.0053404539385847796,0.14893617021276595,0.851063829787234,43.011716140640544
674.0,Recycled Conductive Plastic Bag,45.0,10.0,1.0,2.2,50.0,58.0,Electronics,Estimate,Medium,0.12984364377974167,0.01,C,0.5,50.10625424881033,0.4329896907216495,0.0053404539385847796,0.14184397163120568,0.8581560283687943,43.22448209808735
675.0,Paper-based Conductive Bag,15.0,7.0,75.0,1.1,70.0,70.0,Electronics,Estimate,Medium,0.055064581917063225,0.75,B,0.75,82.79741672331747,0.12371134020618557,0.0033377837116154874,0.18439716312056736,0.8156028368794326,29.516672225978862
676.0,Virgin Cardboard - Food Sleeve,15.0,10.0,5.0,1.1,90.0,44.0,Food,Estimate,Medium,0.055064581917063225,0.05,A,1.0,69.29741672331747,0.12371134020618557,0.0053404539385847796,0.09219858156028368,0.9078014184397163,32.342709779596454
677.0,Recycled Cardboard - Food Sleeve,15.0,10.0,5.0,0.8,95.0,40.0,Food,Estimate,Medium,0.034670292318150914,0.05,A,1.0,70.11318830727397,0.12371134020618557,0.0053404539385847796,0.07801418439716312,0.9219858156028369,32.76824169449007
678.0,Virgin Cardboard - Bakery Box,16.0,12.0,5.0,1.12,90.0,46.0,Bakery,Estimate,Medium,0.05642420122365738,0.05,A,1.0,69.2430319510537,0.13402061855670103,0.006675567423230975,0.09929078014184398,0.900709219858156,32.58236836070965
679.0,Recycled Cardboard - Bakery Box,16.0,12.0,5.0,0.82,95.0,42.0,Bakery,Estimate,Medium,0.03602991162474507,0.05,A,1.0,70.0588035350102,0.13402061855670103,0.006675567423230975,0.0851063829787234,0.9148936170212766,33.00790027560327
680.0,Virgin Cardboard - Pizza Box,17.0,14.0,5.0,1.15,90.0,48.0,Pizza,Estimate,Medium,0.058463630183548596,0.05,A,1.0,69.16145479265805,0.14432989690721648,0.00801068090787717,0.10638297872340426,0.8936170212765957,32.82202694182285
681.0,Recycled Cardboard - Pizza Box,17.0,14.0,5.0,0.85,95.0,44.0,Pizza,Estimate,Medium,0.038069340584636305,0.05,A,1.0,69.97722637661454,0.14432989690721648,0.00801068090787717,0.09219858156028368,0.9078014184397163,33.247558856716466
682.0,Bagasse Pizza Box,15.0,12.0,88.0,0.45,78.0,60.0,Pizza,Estimate,Medium,0.01087695445275323,0.88,B,0.75,88.46492182188986,0.12371134020618557,0.006675567423230975,0.14893617021276595,0.851063829787234,30.680635524561374
683.0,Wheat Straw Pizza Box,16.0,13.0,90.0,0.48,78.0,62.0,Pizza,Estimate,Medium,0.012916383412644459,0.9,B,0.75,88.98334466349422,0.13402061855670103,0.007343124165554072,0.15602836879432624,0.8439716312056738,30.900267403404875
684.0,Paper-based Pizza Box,17.0,14.0,80.0,1.0,85.0,52.0,Pizza,Estimate,Medium,0.04826648538409245,0.8,B,0.75,84.56934058463631,0.14432989690721648,0.00801068090787717,0.12056737588652482,0.8794326241134752,32.39649502692923
685.0,Virgin Cardboard - Frozen Food Carton,16.0,12.0,5.0,1.1,90.0,46.0,Frozen Food,Estimate,Medium,0.055064581917063225,0.05,A,1.0,69.29741672331747,0.13402061855670103,0.006675567423230975,0.09929078014184398,0.900709219858156,32.58236836070965
686.0,Recycled Cardboard - Frozen Food Carton,16.0,12.0,5.0,0.8,95.0,42.0,Frozen Food,Estimate,Medium,0.034670292318150914,0.05,A,1.0,70.11318830727397,0.13402061855670103,0.006675567423230975,0.0851063829787234,0.9148936170212766,33.00790027560327
687.0,Plastic Frozen Food Bag (PE),30.0,8.0,1.0,2.5,30.0,60.0,Frozen Food,Literature,High,0.15023793337865396,0.01,D,0.25,41.79048266485385,0.27835051546391754,0.004005340453938585,0.14893617021276595,0.851063829787234,36.78609572579188
688.0,Recycled Plastic Frozen Food Bag,30.0,8.0,1.0,1.8,50.0,58.0,Frozen Food,Estimate,Medium,0.1026512576478586,0.01,C,0.5,51.19394969408566,0.27835051546391754,0.004005340453938585,0.14184397163120568,0.8581560283687943,36.99886168323869
689.0,Paper-PE Frozen Food Bag,20.0,10.0,5.0,2.7,60.0,80.0,Frozen Food,Estimate,Medium,0.16383412644459552,0.05,C,0.5,49.946634942216185,0.17525773195876287,0.0053404539385847796,0.2198581560283688,0.7801418439716312,30.574778215656995
690.0,Paper-BioPE Frozen Food Bag,19.0,10.0,20.0,1.9,70.0,95.0,Frozen Food,Estimate,Medium,0.10944935418082935,0.2,B,0.75,64.12202583276682,0.16494845360824742,0.0053404539385847796,0.2730496453900709,0.7269503546099291,28.566662400785315
691.0,PLA Frozen Food Bag,35.0,9.0,80.0,0.7,65.0,110.0,Frozen Food,Estimate,Medium,0.027872195785180146,0.8,C,0.5,77.8851121685928,0.32989690721649484,0.004672897196261682,0.3262411347517731,0.6737588652482269,33.548829161994455
692.0,Virgin Cardboard - Beverage Carrier 4-pack,17.0,14.0,5.0,1.2,88.0,48.0,Beverage,Estimate,Medium,0.06186267845003398,0.05,B,0.75,61.52549286199864,0.14432989690721648,0.00801068090787717,0.10638297872340426,0.8936170212765957,32.82202694182285
693.0,Recycled Cardboard - Beverage Carrier 4-pack,17.0,14.0,5.0,0.85,93.0,44.0,Beverage,Estimate,Medium,0.038069340584636305,0.05,A,1.0,69.97722637661454,0.14432989690721648,0.00801068090787717,0.09219858156028368,0.9078014184397163,33.247558856716466
694.0,Virgin Cardboard - Beverage Carrier 6-pack,18.0,16.0,5.0,1.25,88.0,50.0,Beverage,Estimate,Medium,0.06526172671651936,0.05,B,0.75,61.38953093133923,0.15463917525773196,0.009345794392523364,0.11347517730496454,0.8865248226950355,33.061685522936045
695.0,Recycled Cardboard - Beverage Carrier 6-pack,18.0,16.0,5.0,0.9,93.0,46.0,Beverage,Estimate,Medium,0.04146838885112169,0.05,A,1.0,69.84126444595513,0.15463917525773196,0.009345794392523364,0.09929078014184398,0.900709219858156,33.48721743782966
696.0,Virgin Cardboard - Beverage Carrier 8-pack,19.0,18.0,5.0,1.3,88.0,52.0,Beverage,Estimate,Medium,0.06866077498300475,0.05,B,0.75,61.25356900067982,0.16494845360824742,0.010680907877169559,0.12056737588652482,0.8794326241134752,33.301344104049235
697.0,Recycled Cardboard - Beverage Carrier 8-pack,19.0,18.0,5.0,0.95,93.0,48.0,Beverage,Estimate,Medium,0.04486743711760706,0.05,A,1.0,69.70530251529571,0.16494845360824742,0.010680907877169559,0.10638297872340426,0.8936170212765957,33.72687601894285
698.0,PP Ring Carrier,55.0,18.0,1.0,2.5,20.0,40.0,Beverage,Literature,High,0.15023793337865396,0.01,D,0.25,41.79048266485385,0.5360824742268041,0.010680907877169559,0.07801418439716312,0.9219858156028369,49.42330067347236
699.0,Bio-based Ring Carrier,45.0,16.0,40.0,1.8,30.0,70.0,Beverage,Estimate,Medium,0.1026512576478586,0.4,D,0.25,55.393949694085656,0.4329896907216495,0.009345794392523364,0.18439716312056736,0.8156028368794326,42.06804656702466
700.0,Paper-based Ring Carrier,20.0,14.0,80.0,1.0,85.0,55.0,Beverage,Estimate,Medium,0.04826648538409245,0.8,B,0.75,84.56934058463631,0.17525773195876287,0.00801068090787717,0.13120567375886524,0.8687943262411347,33.314459492820866
701.0,Virgin Paper - Label,6.0,3.0,5.0,0.9,80.0,30.0,Labels,Literature,High,0.04146838885112169,0.05,B,0.75,62.34126444595513,0.030927835051546393,0.0006675567423230974,0.0425531914893617,0.9574468085106383,29.9805443596507
702.0,Recycled Paper - Label,6.0,3.0,5.0,0.6,90.0,25.0,Labels,Estimate,Medium,0.02107409925220938,0.05,A,1.0,70.65703602991162,0.030927835051546393,0.0006675567423230974,0.024822695035460994,0.975177304964539,30.51245925326772
703.0,Plastic Label (PP),25.0,4.0,1.0,2.3,30.0,40.0,Labels,Literature,High,0.13664174031271242,0.01,D,0.25,42.334330387491505,0.2268041237113402,0.0013351134846461949,0.07801418439716312,0.9219858156028369,36.7717928210781
704.0,Plastic Label (PET),30.0,5.0,1.0,3.0,40.0,50.0,Labels,Estimate,Medium,0.18422841604350781,0.01,D,0.25,40.430863358259685,0.27835051546391754,0.0020026702269692926,0.11347517730496454,0.8865248226950355,37.78984540621684
705.0,Bio-based Plastic Label,22.0,4.0,30.0,1.5,50.0,60.0,Labels,Estimate,Medium,0.08225696804894629,0.3,C,0.5,60.70972127804215,0.1958762886597938,0.0013351134846461949,0.14893617021276595,0.851063829787234,33.40701984454816
706.0,Removable Paper Label,6.0,3.0,5.0,0.9,80.0,32.0,Labels,Estimate,Medium,0.04146838885112169,0.05,B,0.75,62.34126444595513,0.030927835051546393,0.0006675567423230974,0.04964539007092199,0.950354609929078,29.76777840220389
707.0,Wash-off Plastic Label,25.0,4.0,1.0,2.0,40.0,45.0,Labels,Estimate,Medium,0.11624745071380013,0.01,D,0.25,43.150101971447995,0.2268041237113402,0.0013351134846461949,0.09574468085106383,0.9042553191489362,36.23987792746108
708.0,Compostable Label,20.0,4.0,85.0,0.7,60.0,55.0,Labels,Estimate,Medium,0.027872195785180146,0.85,C,0.5,79.3851121685928,0.17525773195876287,0.0013351134846461949,0.13120567375886524,0.8687943262411347,33.11419247012394
709.0,Virgin Paper - Tape Backing,10.0,4.0,5.0,0.9,85.0,30.0,Tape,Estimate,Medium,0.04146838885112169,0.05,B,0.75,62.34126444595513,0.07216494845360824,0.0013351134846461949,0.0425531914893617,0.9574468085106383,31.65005559800287
710.0,Recycled Paper - Tape Backing,10.0,4.0,5.0,0.6,92.0,28.0,Tape,Estimate,Medium,0.02107409925220938,0.05,A,1.0,70.65703602991162,0.07216494845360824,0.0013351134846461949,0.03546099290780142,0.9645390070921985,31.86282155544967
711.0,Plastic Tape Backing (PVC),30.0,6.0,1.0,3.5,10.0,40.0,Tape,Literature,High,0.21821889870836164,0.01,D,0.25,39.07124405166554,0.27835051546391754,0.0026702269692923898,0.07801418439716312,0.9219858156028369,38.87370189572058
712.0,Plastic Tape Backing (PP),25.0,5.0,1.0,2.3,30.0,35.0,Tape,Estimate,Medium,0.13664174031271242,0.01,D,0.25,42.334330387491505,0.2268041237113402,0.0020026702269692926,0.06028368794326241,0.9397163120567376,37.32373441696482
713.0,Bio-based Plastic Tape Backing,22.0,5.0,30.0,1.5,45.0,45.0,Tape,Estimate,Medium,0.08225696804894629,0.3,D,0.25,53.209721278042146,0.1958762886597938,0.0020026702269692926,0.09574468085106383,0.9042553191489362,35.02279122766892
714.0,Virgin Paper - Gift Wrap,5.0,3.0,5.0,0.9,80.0,28.0,Gift Wrap,Estimate,Medium,0.04146838885112169,0.05,B,0.75,62.34126444595513,0.020618556701030927,0.0006675567423230974,0.03546099290780142,0.9645390070921985,29.78093918307688
715.0,Recycled Paper - Gift Wrap,5.0,3.0,5.0,0.6,90.0,24.0,Gift Wrap,Estimate,Medium,0.02107409925220938,0.05,A,1.0,70.65703602991162,0.020618556701030927,0.0006675567423230974,0.02127659574468085,0.9787234042553191,30.2064710979705
716.0,Virgin Tissue Paper - Gift,3.0,2.0,5.0,0.85,85.0,20.0,Gift Wrap,Estimate,Medium,0.038069340584636305,0.05,B,0.75,62.477226376614546,0.0,0.0,0.0070921985815602835,0.9929078014184397,29.78723404255319
717.0,Recycled Tissue Paper - Gift,3.0,2.0,5.0,0.5,92.0,18.0,Gift Wrap,Estimate,Medium,0.014276002719238614,0.05,A,1.0,70.92895989123046,0.0,0.0,0.0,1.0,30.0
718.0,Metalized Gift Wrap (PET),30.0,4.0,1.0,4.0,20.0,60.0,Gift Wrap,Estimate,Medium,0.25220938137321547,0.01,D,0.25,37.71162474507138,0.27835051546391754,0.0013351134846461949,0.14893617021276595,0.851063829787234,36.7059889167131
719.0,Compostable Gift Wrap (Cellulose),25.0,4.0,85.0,0.7,65.0,55.0,Gift Wrap,Estimate,Medium,0.027872195785180146,0.85,C,0.5,79.3851121685928,0.2268041237113402,0.0013351134846461949,0.13120567375886524,0.8687943262411347,35.17604814022703
720.0,Virgin Cardboard - Toy Box,16.0,14.0,5.0,1.1,90.0,47.0,Toys,Estimate,Medium,0.055064581917063225,0.05,A,1.0,69.29741672331747,0.13402061855670103,0.00801068090787717,0.10283687943262411,0.8971631205673759,32.516038786525634
721.0,Recycled Cardboard - Toy Box,16.0,14.0,5.0,0.8,95.0,42.0,Toys,Estimate,Medium,0.034670292318150914,0.05,A,1.0,70.11318830727397,0.13402061855670103,0.00801068090787717,0.0851063829787234,0.9148936170212766,33.047953680142655
722.0,Molded Fiber Toy Insert,10.0,6.0,85.0,0.5,80.0,52.0,Toys,Estimate,Medium,0.014276002719238614,0.85,B,0.75,87.42895989123046,0.07216494845360824,0.0026702269692923898,0.12056737588652482,0.8794326241134752,29.349683470627358
723.0,Plastic Toy Blister (PET),60.0,15.0,1.0,3.0,40.0,80.0,Toys,Literature,High,0.18422841604350781,0.01,D,0.25,40.430863358259685,0.5876288659793815,0.008678237650200267,0.2198581560283688,0.7801418439716312,47.169757087830206
724.0,Recycled Plastic Toy Blister (rPET),60.0,15.0,1.0,1.8,60.0,82.0,Toys,Estimate,Medium,0.1026512576478586,0.01,C,0.5,51.19394969408566,0.5876288659793815,0.008678237650200267,0.22695035460992907,0.7730496453900709,46.95699113038339
725.0,Paper-based Toy Blister,25.0,12.0,70.0,1.1,80.0,90.0,Toys,Estimate,Medium,0.055064581917063225,0.7,B,0.75,81.29741672331747,0.2268041237113402,0.006675567423230975,0.2553191489361702,0.7446808510638299,31.612857503065435
726.0,Virgin Paper - Instruction Leaflet,5.0,4.0,5.0,0.9,85.0,35.0,Leaflets,Estimate,Medium,0.04146838885112169,0.05,B,0.75,62.34126444595513,0.020618556701030927,0.0013351134846461949,0.06028368794326241,0.9397163120567376,29.056285034282748
727.0,Recycled Paper - Instruction Leaflet,5.0,4.0,5.0,0.6,90.0,30.0,Leaflets,Estimate,Medium,0.02107409925220938,0.05,A,1.0,70.65703602991162,0.020618556701030927,0.0013351134846461949,0.0425531914893617,0.9574468085106383,29.588199927899772
728.0,Virgin Paperboard - Cosmetic Box,16.0,12.0,5.0,1.1,88.0,50.0,Cosmetics,Estimate,Medium,0.055064581917063225,0.05,B,0.75,61.79741672331747,0.13402061855670103,0.006675567423230975,0.11347517730496454,0.8865248226950355,32.15683644581603
729.0,Recycled Paperboard - Cosmetic Box,16.0,12.0,5.0,0.8,92.0,45.0,Cosmetics,Estimate,Medium,0.034670292318150914,0.05,A,1.0,70.11318830727397,0.13402061855670103,0.006675567423230975,0.09574468085106383,0.9042553191489362,32.688751339433054
730.0,Molded Fiber Cosmetic Insert,9.0,5.0,85.0,0.5,80.0,50.0,Cosmetics,Estimate,Medium,0.014276002719238614,0.85,B,0.75,87.42895989123046,0.061855670103092786,0.0020026702269692926,0.11347517730496454,0.8865248226950355,29.130051591783857
731.0,Plastic Cosmetic Jar (PET),60.0,15.0,1.0,3.0,40.0,80.0,Cosmetics,Literature,High,0.18422841604350781,0.01,D,0.25,40.430863358259685,0.5876288659793815,0.008678237650200267,0.2198581560283688,0.7801418439716312,47.169757087830206
732.0,Recycled Plastic Cosmetic Jar (rPET),60.0,15.0,1.0,1.8,60.0,82.0,Cosmetics,Estimate,Medium,0.1026512576478586,0.01,C,0.5,51.19394969408566,0.5876288659793815,0.008678237650200267,0.22695035460992907,0.7730496453900709,46.95699113038339
733.0,Glass Cosmetic Jar,80.0,18.0,0.0,2.4,95.0,120.0,Cosmetics,Estimate,Medium,0.1434398368456832,0.0,A,1.0,64.26240652617268,0.7938144329896907,0.010680907877169559,0.3617021276595745,0.6382978723404256,51.22194072611548
734.0,Aluminum Cosmetic Jar,70.0,16.0,1.0,7.5,90.0,130.0,Cosmetics,Estimate,Medium,0.49014276002719237,0.01,A,1.0,50.69428959891231,0.6907216494845361,0.009345794392523364,0.3971631205673759,0.6028368794326241,45.994346194135865
735.0,Paper-based Cosmetic Jar,20.0,12.0,80.0,1.0,85.0,90.0,Cosmetics,Estimate,Medium,0.04826648538409245,0.8,B,0.75,84.56934058463631,0.17525773195876287,0.006675567423230975,0.2553191489361702,0.7446808510638299,29.551001832962342
736.0,Plastic Pump Dispenser (PP),55.0,10.0,1.0,2.6,30.0,60.0,Dispensers,Estimate,Medium,0.15703602991162474,0.01,D,0.25,41.518558803535015,0.5360824742268041,0.0053404539385847796,0.14893617021276595,0.851063829787234,47.13542748084672
737.0,Recycled Plastic Pump Dispenser,55.0,10.0,1.0,1.9,50.0,58.0,Dispensers,Estimate,Medium,0.10944935418082935,0.01,C,0.5,50.92202583276683,0.5360824742268041,0.0053404539385847796,0.14184397163120568,0.8581560283687943,47.34819343829354
738.0,Metal Pump Dispenser,65.0,12.0,1.0,6.0,90.0,90.0,Dispensers,Estimate,Medium,0.38817131203263083,0.01,A,1.0,54.77314751869476,0.6391752577319587,0.006675567423230975,0.2553191489361702,0.7446808510638299,48.107702863890175
739.0,Paper-based Pump Dispenser,25.0,8.0,75.0,1.4,80.0,80.0,Dispensers,Estimate,Medium,0.07545887151597551,0.75,B,0.75,81.98164513936098,0.2268041237113402,0.004005340453938585,0.2198581560283688,0.7801418439716312,32.596580481220705
740.0,Bio-based Pump Dispenser,50.0,9.0,40.0,2.0,50.0,75.0,Dispensers,Estimate,Medium,0.11624745071380013,0.4,C,0.5,62.35010197144799,0.4845360824742268,0.004672897196261682,0.20212765957446807,0.7978723404255319,43.45780042762288
741.0,Virgin Cardboard - Pharma Shipping Box,18.0,16.0,5.0,1.18,90.0,50.0,Pharma Shipping,Estimate,Medium,0.06050305914343983,0.05,A,1.0,69.07987763426242,0.15463917525773196,0.009345794392523364,0.11347517730496454,0.8865248226950355,33.061685522936045
742.0,Recycled Cardboard - Pharma Shipping Box,18.0,16.0,5.0,0.82,95.0,46.0,Pharma Shipping,Estimate,Medium,0.03602991162474507,0.05,A,1.0,70.0588035350102,0.15463917525773196,0.009345794392523364,0.09929078014184398,0.900709219858156,33.48721743782966
743.0,Insulated Pharma Shipper (EPS),20.0,30.0,0.0,5.0,10.0,80.0,Pharma,Estimate,Medium,0.3201903467029232,0.0,D,0.25,34.692386131883076,0.17525773195876287,0.018691588785046728,0.2198581560283688,0.7801418439716312,30.975312261050853
744.0,Insulated Pharma Shipper (PU),30.0,40.0,0.0,4.0,30.0,150.0,Pharma,Estimate,Medium,0.25220938137321547,0.0,D,0.25,37.41162474507138,0.27835051546391754,0.025367156208277702,0.46808510638297873,0.5319148936170213,27.85248211331567
745.0,Insulated Pharma Shipper (Paper-based),22.0,28.0,80.0,1.5,70.0,100.0,Pharma,Estimate,Medium,0.08225696804894629,0.8,B,0.75,83.20972127804215,0.1958762886597938,0.017356475300400534,0.2907801418439716,0.7092198581560284,29.632341550084618
746.0,Phase-change Material Pack - Reusable,5.0,5.0,0.0,4.0,0.0,200.0,Pharma,Estimate,Medium,0.25220938137321547,0.0,D,0.25,37.41162474507138,0.020618556701030927,0.0020026702269692926,0.6453900709219859,0.35460992907801414,11.523120247190741
747.0,Phase-change Material Pack - Single Use,5.0,5.0,0.0,3.0,0.0,150.0,Pharma,Estimate,Medium,0.18422841604350781,0.0,D,0.25,40.13086335825969,0.020618556701030927,0.0020026702269692926,0.46808510638297873,0.5319148936170213,16.84226918336095
748.0,Paper-based Pallet Collar,20.0,20.0,80.0,1.2,85.0,70.0,Palletization,Estimate,Medium,0.06186267845003398,0.8,B,0.75,84.02549286199864,0.17525773195876287,0.012016021361815754,0.18439716312056736,0.8156028368794326,31.838875025587964
749.0,Recycled Paper-based Pallet Collar,20.0,20.0,82.0,1.0,90.0,65.0,Palletization,Estimate,Medium,0.04826648538409245,0.82,A,1.0,92.6693405846363,0.17525773195876287,0.012016021361815754,0.16666666666666666,0.8333333333333334,32.37078991920499
750.0,Plastic Pallet Collar,50.0,25.0,1.0,3.5,30.0,80.0,Palletization,Estimate,Medium,0.21821889870836164,0.01,D,0.25,39.07124405166554,0.4845360824742268,0.015353805073431242,0.2198581560283688,0.7801418439716312,43.24631277032095
751.0,Recycled Plastic Pallet Collar,50.0,25.0,1.0,2.5,50.0,75.0,Palletization,Estimate,Medium,0.15023793337865396,0.01,C,0.5,49.29048266485384,0.4845360824742268,0.015353805073431242,0.20212765957446807,0.7978723404255319,43.77822766393796
752.0,Wood Pallet Collar,35.0,30.0,60.0,2.5,60.0,90.0,Palletization,Estimate,Medium,0.15023793337865396,0.6,C,0.5,66.99048266485384,0.32989690721649484,0.018691588785046728,0.2553191489361702,0.7446808510638299,36.097049484126096
753.0,Bio-based Pallet Collar,40.0,22.0,30.0,2.0,50.0,95.0,Palletization,Estimate,Medium,0.11624745071380013,0.3,C,0.5,59.350101971448,0.38144329896907214,0.01335113484646195,0.2730496453900709,0.7269503546099291,37.46677664245461
754.0,Virgin Cardboard - Bulk Bin,20.0,25.0,5.0,1.3,88.0,55.0,Bulk Bins,Estimate,Medium,0.06866077498300475,0.05,B,0.75,61.25356900067982,0.17525773195876287,0.015353805073431242,0.13120567375886524,0.8687943262411347,33.5347532177875
755.0,Recycled Cardboard - Bulk Bin,20.0,25.0,5.0,0.9,93.0,50.0,Bulk Bins,Estimate,Medium,0.04146838885112169,0.05,A,1.0,69.84126444595513,0.17525773195876287,0.015353805073431242,0.11347517730496454,0.8865248226950355,34.06666811140452
756.0,Plastic Bulk Bin (HDPE),70.0,30.0,1.0,4.0,50.0,110.0,Bulk Bins,Estimate,Medium,0.25220938137321547,0.01,C,0.5,45.211624745071376,0.6907216494845361,0.018691588785046728,0.3262411347517731,0.6737588652482269,48.40237960037965
757.0,Recycled Plastic Bulk Bin,70.0,30.0,1.0,2.8,65.0,105.0,Bulk Bins,Estimate,Medium,0.17063222297756625,0.01,C,0.5,48.47471108089735,0.6907216494845361,0.018691588785046728,0.30851063829787234,0.6914893617021276,48.934294493996674
758.0,Metal Bulk Bin (Steel),80.0,35.0,0.0,7.0,90.0,140.0,Bulk Bins,Estimate,Medium,0.45615227736233854,0.0,A,1.0,51.753908905506464,0.7938144329896907,0.022029372496662217,0.4326241134751773,0.5673758865248226,49.434735090232174
759.0,Bio-based Bulk Bin,50.0,25.0,30.0,2.5,55.0,120.0,Bulk Bins,Estimate,Medium,0.15023793337865396,0.3,C,0.5,57.99048266485385,0.4845360824742268,0.015353805073431242,0.3617021276595745,0.6382978723404256,38.990993621384774
760.0,Virgin Cardboard - Archive Box,14.0,10.0,5.0,1.05,90.0,40.0,Archive,Literature,High,0.051665533650577834,0.05,A,1.0,69.4333786539769,0.1134020618556701,0.0053404539385847796,0.07801418439716312,0.9219858156028369,32.355870560469455
761.0,Recycled Cardboard - Archive Box,14.0,10.0,5.0,0.78,95.0,36.0,Archive,Estimate,Medium,0.03331067301155677,0.05,A,1.0,70.16757307953773,0.1134020618556701,0.0053404539385847796,0.06382978723404255,0.9361702127659575,32.78140247536307
762.0,Paper-based Archive Box,12.0,8.0,80.0,0.9,90.0,35.0,Archive,Estimate,Medium,0.04146838885112169,0.8,A,1.0,92.34126444595515,0.09278350515463918,0.004005340453938585,0.06028368794326241,0.9397163120567376,32.02298978150585
763.0,Plastic Archive Box,45.0,18.0,1.0,3.0,30.0,60.0,Archive,Estimate,Medium,0.18422841604350781,0.01,D,0.25,40.430863358259685,0.4329896907216495,0.010680907877169559,0.14893617021276595,0.851063829787234,43.171929758798086
764.0,Recycled Plastic Archive Box,45.0,18.0,1.0,2.0,50.0,58.0,Archive,Estimate,Medium,0.11624745071380013,0.01,C,0.5,50.650101971447995,0.4329896907216495,0.010680907877169559,0.14184397163120568,0.8581560283687943,43.3846957162449
765.0,Virgin Paper - Envelope,6.0,4.0,5.0,0.9,85.0,30.0,Envelopes,Literature,High,0.04146838885112169,0.05,B,0.75,62.34126444595513,0.030927835051546393,0.0013351134846461949,0.0425531914893617,0.9574468085106383,30.000571061920393
766.0,Recycled Paper - Envelope,6.0,4.0,5.0,0.6,90.0,26.0,Envelopes,Estimate,Medium,0.02107409925220938,0.05,A,1.0,70.65703602991162,0.030927835051546393,0.0013351134846461949,0.028368794326241134,0.9716312056737588,30.426102976814008
767.0,Plastic Envelope (PE),25.0,8.0,1.0,2.5,30.0,40.0,Envelopes,Estimate,Medium,0.15023793337865396,0.01,D,0.25,41.79048266485385,0.2268041237113402,0.004005340453938585,0.07801418439716312,0.9219858156028369,36.85189963015688
768.0,Recycled Plastic Envelope (PE),25.0,8.0,1.0,1.8,50.0,38.0,Envelopes,Estimate,Medium,0.1026512576478586,0.01,C,0.5,51.19394969408566,0.2268041237113402,0.004005340453938585,0.07092198581560284,0.9290780141843972,37.064665587603685
769.0,Compostable Envelope,18.0,6.0,85.0,0.7,60.0,55.0,Envelopes,Estimate,Medium,0.027872195785180146,0.85,C,0.5,79.3851121685928,0.15463917525773196,0.0026702269692923898,0.13120567375886524,0.8687943262411347,32.32950360662209
770.0,Paperboard Mailing Carton,16.0,10.0,80.0,1.0,85.0,45.0,Envelopes,Estimate,Medium,0.04826648538409245,0.8,B,0.75,84.56934058463631,0.13402061855670103,0.0053404539385847796,0.09574468085106383,0.9042553191489362,32.64869793489367
771.0,Virgin Cardboard - Shoe Box,16.0,14.0,5.0,1.1,90.0,46.0,Shoes,Estimate,Medium,0.055064581917063225,0.05,A,1.0,69.29741672331747,0.13402061855670103,0.00801068090787717,0.09929078014184398,0.900709219858156,32.62242176524904
772.0,Recycled Cardboard - Shoe Box,16.0,14.0,5.0,0.8,95.0,42.0,Shoes,Estimate,Medium,0.034670292318150914,0.05,A,1.0,70.11318830727397,0.13402061855670103,0.00801068090787717,0.0851063829787234,0.9148936170212766,33.047953680142655
773.0,Paper-based Shoe Insert,10.0,6.0,80.0,0.8,90.0,35.0,Shoes,Estimate,Medium,0.034670292318150914,0.8,A,1.0,92.61318830727396,0.07216494845360824,0.0026702269692923898,0.06028368794326241,0.9397163120567376,31.15819410892523
774.0,Plastic Shoe Box,40.0,16.0,1.0,3.0,30.0,60.0,Shoes,Estimate,Medium,0.18422841604350781,0.01,D,0.25,40.430863358259685,0.38144329896907214,0.009345794392523364,0.14893617021276595,0.851063829787234,41.07002068415561
775.0,Bio-based Shoe Box,20.0,14.0,40.0,1.5,60.0,80.0,Shoes,Estimate,Medium,0.08225696804894629,0.4,C,0.5,63.70972127804215,0.17525773195876287,0.00801068090787717,0.2198581560283688,0.7801418439716312,30.65488502473577
776.0,Virgin Cardboard - Apparel Box,16.0,12.0,5.0,1.1,90.0,45.0,Apparel,Estimate,Medium,0.055064581917063225,0.05,A,1.0,69.29741672331747,0.13402061855670103,0.006675567423230975,0.09574468085106383,0.9042553191489362,32.688751339433054
777.0,Recycled Cardboard - Apparel Box,16.0,12.0,5.0,0.8,95.0,41.0,Apparel,Estimate,Medium,0.034670292318150914,0.05,A,1.0,70.11318830727397,0.13402061855670103,0.006675567423230975,0.08156028368794327,0.9184397163120568,33.11428325432667
778.0,Paper Mailer - Apparel,14.0,8.0,80.0,0.9,90.0,40.0,Apparel,Estimate,Medium,0.04146838885112169,0.8,A,1.0,92.34126444595515,0.1134020618556701,0.004005340453938585,0.07801418439716312,0.9219858156028369,32.31581715593007
779.0,Plastic Mailer - Apparel,30.0,10.0,1.0,2.5,30.0,50.0,Apparel,Estimate,Medium,0.15023793337865396,0.01,D,0.25,41.79048266485385,0.27835051546391754,0.0053404539385847796,0.11347517730496454,0.8865248226950355,37.88997891756531
780.0,Recycled Plastic Mailer - Apparel,30.0,10.0,1.0,1.8,50.0,48.0,Apparel,Estimate,Medium,0.1026512576478586,0.01,C,0.5,51.19394969408566,0.27835051546391754,0.0053404539385847796,0.10638297872340426,0.8936170212765957,38.10274487501212
781.0,Bio-based Mailer - Apparel,25.0,9.0,40.0,1.7,50.0,70.0,Apparel,Estimate,Medium,0.09585316111488781,0.4,C,0.5,63.16587355540448,0.2268041237113402,0.004672897196261682,0.18439716312056736,0.8156028368794326,33.680436970724436
782.0,Compostable Mailer - Apparel,20.0,8.0,85.0,0.7,60.0,90.0,Apparel,Estimate,Medium,0.027872195785180146,0.85,C,0.5,79.3851121685928,0.17525773195876287,0.004005340453938585,0.2553191489361702,0.7446808510638299,29.47089502388357
783.0,Virgin Paper - Carton Board for E-commerce,16.0,14.0,5.0,1.1,88.0,48.0,E-commerce,Estimate,Medium,0.055064581917063225,0.05,B,0.75,61.79741672331747,0.13402061855670103,0.00801068090787717,0.10638297872340426,0.8936170212765957,32.40965580780223
784.0,Recycled Paper - Carton Board for E-commerce,16.0,14.0,5.0,0.8,92.0,44.0,E-commerce,Estimate,Medium,0.034670292318150914,0.05,A,1.0,70.11318830727397,0.13402061855670103,0.00801068090787717,0.09219858156028368,0.9078014184397163,32.83518772269585
785.0,Paper-based Protective Sleeve,12.0,8.0,80.0,0.8,90.0,40.0,E-commerce,Estimate,Medium,0.034670292318150914,0.8,A,1.0,92.61318830727396,0.09278350515463918,0.004005340453938585,0.07801418439716312,0.9219858156028369,31.491074887888832
786.0,Recycled Paper-based Protective Sleeve,12.0,8.0,82.0,0.6,92.0,38.0,E-commerce,Estimate,Medium,0.02107409925220938,0.82,A,1.0,93.75703602991163,0.09278350515463918,0.004005340453938585,0.07092198581560284,0.9290780141843972,31.70384084533564
787.0,Plastic Bubble Mailer (PE),30.0,10.0,1.0,2.5,30.0,50.0,E-commerce,Literature,High,0.15023793337865396,0.01,D,0.25,41.79048266485385,0.27835051546391754,0.0053404539385847796,0.11347517730496454,0.8865248226950355,37.88997891756531
788.0,Recycled Plastic Bubble Mailer,30.0,10.0,1.0,1.8,50.0,48.0,E-commerce,Estimate,Medium,0.1026512576478586,0.01,C,0.5,51.19394969408566,0.27835051546391754,0.0053404539385847796,0.10638297872340426,0.8936170212765957,38.10274487501212
789.0,Paper-based Bubble Mailer,15.0,8.0,80.0,0.9,85.0,45.0,E-commerce,Estimate,Medium,0.04146838885112169,0.8,B,0.75,84.84126444595513,0.12371134020618557,0.004005340453938585,0.09574468085106383,0.9042553191489362,32.196273396333666
790.0,Compostable Bubble Mailer,20.0,8.0,85.0,0.7,60.0,80.0,E-commerce,Estimate,Medium,0.027872195785180146,0.85,C,0.5,79.3851121685928,0.17525773195876287,0.004005340453938585,0.2198581560283688,0.7801418439716312,30.53472481111761
791.0,Virgin Cardboard - Book Mailer,15.0,10.0,5.0,1.1,90.0,42.0,Books,Estimate,Medium,0.055064581917063225,0.05,A,1.0,69.29741672331747,0.12371134020618557,0.0053404539385847796,0.0851063829787234,0.9148936170212766,32.55547573704327
792.0,Recycled Cardboard - Book Mailer,15.0,10.0,5.0,0.8,95.0,38.0,Books,Estimate,Medium,0.034670292318150914,0.05,A,1.0,70.11318830727397,0.12371134020618557,0.0053404539385847796,0.07092198581560284,0.9290780141843972,32.981007651936885
793.0,Paper Mailer - Book,14.0,8.0,80.0,0.9,90.0,40.0,Books,Estimate,Medium,0.04146838885112169,0.8,A,1.0,92.34126444595515,0.1134020618556701,0.004005340453938585,0.07801418439716312,0.9219858156028369,32.31581715593007
794.0,Plastic Mailer - Book,30.0,10.0,1.0,2.5,30.0,50.0,Books,Estimate,Medium,0.15023793337865396,0.01,D,0.25,41.79048266485385,0.27835051546391754,0.0053404539385847796,0.11347517730496454,0.8865248226950355,37.88997891756531
795.0,Compostable Mailer - Book,20.0,8.0,85.0,0.7,60.0,80.0,Books,Estimate,Medium,0.027872195785180146,0.85,C,0.5,79.3851121685928,0.17525773195876287,0.004005340453938585,0.2198581560283688,0.7801418439716312,30.53472481111761
796.0,Virgin Cardboard - Wine Box,18.0,16.0,5.0,1.2,88.0,50.0,Wine,Estimate,Medium,0.06186267845003398,0.05,B,0.75,61.52549286199864,0.15463917525773196,0.009345794392523364,0.11347517730496454,0.8865248226950355,33.061685522936045
797.0,Recycled Cardboard - Wine Box,18.0,16.0,5.0,0.9,93.0,46.0,Wine,Estimate,Medium,0.04146838885112169,0.05,A,1.0,69.84126444595513,0.15463917525773196,0.009345794392523364,0.09929078014184398,0.900709219858156,33.48721743782966
798.0,Molded Pulp Wine Pack,12.0,9.0,85.0,0.5,80.0,55.0,Wine,Estimate,Medium,0.014276002719238614,0.85,B,0.75,87.42895989123046,0.09278350515463918,0.004672897196261682,0.13120567375886524,0.8687943262411347,29.915356909307455
799.0,Plastic Wine Insert (PET),65.0,18.0,1.0,3.0,40.0,85.0,Wine,Estimate,Medium,0.18422841604350781,0.01,D,0.25,40.430863358259685,0.6391752577319587,0.010680907877169559,0.2375886524822695,0.7624113475177305,48.75977797112535
800.0,Recycled Plastic Wine Insert (rPET),65.0,18.0,1.0,1.8,60.0,82.0,Wine,Estimate,Medium,0.1026512576478586,0.01,C,0.5,51.19394969408566,0.6391752577319587,0.010680907877169559,0.22695035460992907,0.7730496453900709,49.07892690729556
801.0,Virgin Cardboard - Fruit Box,18.0,16.0,5.0,1.2,90.0,48.0,Fruit,Estimate,Medium,0.06186267845003398,0.05,A,1.0,69.02549286199864,0.15463917525773196,0.009345794392523364,0.10638297872340426,0.8936170212765957,33.27445148038285
802.0,Recycled Cardboard - Fruit Box,18.0,16.0,5.0,0.82,95.0,44.0,Fruit,Estimate,Medium,0.03602991162474507,0.05,A,1.0,70.0588035350102,0.15463917525773196,0.009345794392523364,0.09219858156028368,0.9078014184397163,33.69998339527647
803.0,Plastic Fruit Crate (HDPE),70.0,25.0,1.0,3.0,50.0,90.0,Fruit,Literature,High,0.18422841604350781,0.01,C,0.5,47.93086335825969,0.6907216494845361,0.015353805073431242,0.2553191489361702,0.7446808510638299,50.42990566349928
804.0,Recycled Plastic Fruit Crate,70.0,25.0,1.0,2.2,65.0,85.0,Fruit,Estimate,Medium,0.12984364377974167,0.01,C,0.5,50.10625424881033,0.6907216494845361,0.015353805073431242,0.2375886524822695,0.7624113475177305,50.9618205571163
805.0,Molded Pulp Fruit Tray,12.0,9.0,85.0,0.5,80.0,55.0,Fruit,Estimate,Medium,0.014276002719238614,0.85,B,0.75,87.42895989123046,0.09278350515463918,0.004672897196261682,0.13120567375886524,0.8687943262411347,29.915356909307455
806.0,Paper-based Fruit Wrap,7.0,4.0,80.0,0.7,90.0,35.0,Fruit,Estimate,Medium,0.027872195785180146,0.8,A,1.0,92.88511216859278,0.041237113402061855,0.0013351134846461949,0.06028368794326241,0.9397163120567376,29.881027302323986
807.0,Bio-based Fruit Bag,25.0,8.0,40.0,1.5,50.0,70.0,Fruit,Estimate,Medium,0.08225696804894629,0.4,C,0.5,63.70972127804215,0.2268041237113402,0.004005340453938585,0.18439716312056736,0.8156028368794326,33.66041026845474
808.0,Compostable Fruit Bag,20.0,7.0,85.0,0.7,60.0,80.0,Fruit,Estimate,Medium,0.027872195785180146,0.85,C,0.5,79.3851121685928,0.17525773195876287,0.0033377837116154874,0.2198581560283688,0.7801418439716312,30.514698108847917
809.0,Virgin Cardboard - Vegetable Box,18.0,16.0,5.0,1.2,90.0,48.0,Vegetables,Estimate,Medium,0.06186267845003398,0.05,A,1.0,69.02549286199864,0.15463917525773196,0.009345794392523364,0.10638297872340426,0.8936170212765957,33.27445148038285
810.0,Recycled Cardboard - Vegetable Box,18.0,16.0,5.0,0.82,95.0,44.0,Vegetables,Estimate,Medium,0.03602991162474507,0.05,A,1.0,70.0588035350102,0.15463917525773196,0.009345794392523364,0.09219858156028368,0.9078014184397163,33.69998339527647
811.0,Plastic Vegetable Crate (HDPE),70.0,25.0,1.0,3.0,50.0,90.0,Vegetables,Estimate,Medium,0.18422841604350781,0.01,C,0.5,47.93086335825969,0.6907216494845361,0.015353805073431242,0.2553191489361702,0.7446808510638299,50.42990566349928
812.0,Recycled Plastic Vegetable Crate,70.0,25.0,1.0,2.2,65.0,85.0,Vegetables,Estimate,Medium,0.12984364377974167,0.01,C,0.5,50.10625424881033,0.6907216494845361,0.015353805073431242,0.2375886524822695,0.7624113475177305,50.9618205571163
813.0,Molded Pulp Vegetable Tray,12.0,9.0,85.0,0.5,80.0,55.0,Vegetables,Estimate,Medium,0.014276002719238614,0.85,B,0.75,87.42895989123046,0.09278350515463918,0.004672897196261682,0.13120567375886524,0.8687943262411347,29.915356909307455
814.0,Paper-based Vegetable Wrap,7.0,4.0,80.0,0.7,90.0,35.0,Vegetables,Estimate,Medium,0.027872195785180146,0.8,A,1.0,92.88511216859278,0.041237113402061855,0.0013351134846461949,0.06028368794326241,0.9397163120567376,29.881027302323986
815.0,Bio-based Vegetable Bag,25.0,8.0,40.0,1.5,50.0,70.0,Vegetables,Estimate,Medium,0.08225696804894629,0.4,C,0.5,63.70972127804215,0.2268041237113402,0.004005340453938585,0.18439716312056736,0.8156028368794326,33.66041026845474
816.0,Compostable Vegetable Bag,20.0,7.0,85.0,0.7,60.0,80.0,Vegetables,Estimate,Medium,0.027872195785180146,0.85,C,0.5,79.3851121685928,0.17525773195876287,0.0033377837116154874,0.2198581560283688,0.7801418439716312,30.514698108847917
817.0,Virgin Cardboard - Meat Box,18.0,16.0,5.0,1.2,88.0,50.0,Meat,Estimate,Medium,0.06186267845003398,0.05,B,0.75,61.52549286199864,0.15463917525773196,0.009345794392523364,0.11347517730496454,0.8865248226950355,33.061685522936045
818.0,Recycled Cardboard - Meat Box,18.0,16.0,5.0,0.9,93.0,46.0,Meat,Estimate,Medium,0.04146838885112169,0.05,A,1.0,69.84126444595513,0.15463917525773196,0.009345794392523364,0.09929078014184398,0.900709219858156,33.48721743782966
819.0,Plastic Meat Tray (PET/PE),65.0,18.0,1.0,3.0,30.0,80.0,Meat,Literature,High,0.18422841604350781,0.01,D,0.25,40.430863358259685,0.6391752577319587,0.010680907877169559,0.2198581560283688,0.7801418439716312,49.29169286474237
820.0,Recycled Plastic Meat Tray,65.0,18.0,1.0,2.0,50.0,78.0,Meat,Estimate,Medium,0.11624745071380013,0.01,C,0.5,50.650101971447995,0.6391752577319587,0.010680907877169559,0.2127659574468085,0.7872340425531915,49.50445882218918
821.0,Paper-based Meat Tray,17.0,12.0,80.0,1.1,85.0,60.0,Meat,Estimate,Medium,0.055064581917063225,0.8,B,0.75,84.29741672331747,0.14432989690721648,0.006675567423230975,0.14893617021276595,0.851063829787234,31.50537779260261
822.0,Compostable Meat Tray (Bagasse),15.0,11.0,88.0,0.45,78.0,60.0,Meat,Estimate,Medium,0.01087695445275323,0.88,B,0.75,88.46492182188986,0.12371134020618557,0.006008010680907877,0.14893617021276595,0.851063829787234,30.660608822291678
823.0,Plastic Meat Vacuum Pouch (PA/PE),70.0,20.0,1.0,4.0,20.0,85.0,Meat,Literature,High,0.25220938137321547,0.01,D,0.25,37.71162474507138,0.6907216494845361,0.012016021361815754,0.2375886524822695,0.7624113475177305,50.86168704576784
824.0,Recyclable Mono-PE Meat Pouch,50.0,16.0,1.0,2.5,50.0,80.0,Meat,Estimate,Medium,0.15023793337865396,0.01,C,0.5,49.29048266485384,0.4845360824742268,0.009345794392523364,0.2198581560283688,0.7801418439716312,43.06607244989371
825.0,Compostable Meat Pouch,40.0,14.0,85.0,0.8,60.0,100.0,Meat,Estimate,Medium,0.034670292318150914,0.85,C,0.5,79.11318830727397,0.38144329896907214,0.00801068090787717,0.2907801418439716,0.7092198581560284,36.774648130680056
826.0,Virgin Cardboard - Dairy Carton,16.0,12.0,5.0,1.1,88.0,48.0,Dairy,Literature,High,0.055064581917063225,0.05,B,0.75,61.79741672331747,0.13402061855670103,0.006675567423230975,0.10638297872340426,0.8936170212765957,32.369602403262846
827.0,Recycled Cardboard - Dairy Carton,16.0,12.0,5.0,0.8,92.0,44.0,Dairy,Estimate,Medium,0.034670292318150914,0.05,A,1.0,70.11318830727397,0.13402061855670103,0.006675567423230975,0.09219858156028368,0.9078014184397163,32.79513431815646
828.0,Liquid Carton (Paper/PE),25.0,15.0,5.0,3.0,60.0,100.0,Dairy,Literature,High,0.18422841604350781,0.05,C,0.5,49.13086335825969,0.2268041237113402,0.008678237650200267,0.2907801418439716,0.7092198581560284,30.609107822640468
829.0,Liquid Carton (Paper/BioPE),25.0,15.0,20.0,2.0,70.0,120.0,Dairy,Estimate,Medium,0.11624745071380013,0.2,B,0.75,63.85010197144799,0.2268041237113402,0.008678237650200267,0.3617021276595745,0.6382978723404256,28.48144824817238
830.0,Liquid Carton (Paper/PE/Alu),30.0,18.0,5.0,6.0,30.0,150.0,Dairy,Literature,High,0.38817131203263083,0.05,D,0.25,33.473147518694766,0.27835051546391754,0.010680907877169559,0.46808510638297873,0.5319148936170213,27.411894663382423
831.0,Recycled Liquid Carton Board,26.0,16.0,5.0,2.5,75.0,110.0,Dairy,Estimate,Medium,0.15023793337865396,0.05,B,0.75,57.99048266485385,0.23711340206185566,0.009345794392523364,0.3262411347517731,0.6737588652482269,29.977675871696736
832.0,PLA Dairy Cup,50.0,10.0,80.0,0.6,70.0,120.0,Dairy,Estimate,Medium,0.02107409925220938,0.8,B,0.75,85.65703602991162,0.4845360824742268,0.0053404539385847796,0.3617021276595745,0.6382978723404256,38.69059308733938
833.0,PET Dairy Cup,55.0,11.0,1.0,3.0,40.0,80.0,Dairy,Literature,High,0.18422841604350781,0.01,D,0.25,40.430863358259685,0.5360824742268041,0.006008010680907877,0.2198581560283688,0.7801418439716312,45.02779460864834
834.0,PP Dairy Cup,50.0,10.0,1.0,2.6,40.0,75.0,Dairy,Literature,High,0.15703602991162474,0.01,D,0.25,41.518558803535015,0.4845360824742268,0.0053404539385847796,0.20212765957446807,0.7978723404255319,43.477827129892574
835.0,Recycled PP Dairy Cup,50.0,10.0,1.0,1.9,55.0,72.0,Dairy,Estimate,Medium,0.10944935418082935,0.01,C,0.5,50.92202583276683,0.4845360824742268,0.0053404539385847796,0.19148936170212766,0.8085106382978724,43.79697606606279
836.0,Paper-based Dairy Tub,20.0,12.0,80.0,1.1,85.0,90.0,Dairy,Estimate,Medium,0.055064581917063225,0.8,B,0.75,84.29741672331747,0.17525773195876287,0.006675567423230975,0.2553191489361702,0.7446808510638299,29.551001832962342
837.0,Virgin Cardboard - Egg Carton,15.0,10.0,5.0,1.1,90.0,40.0,Eggs,Literature,High,0.055064581917063225,0.05,A,1.0,69.29741672331747,0.12371134020618557,0.0053404539385847796,0.07801418439716312,0.9219858156028369,32.76824169449007
838.0,Recycled Cardboard - Egg Carton,15.0,10.0,5.0,0.8,95.0,36.0,Eggs,Estimate,Medium,0.034670292318150914,0.05,A,1.0,70.11318830727397,0.12371134020618557,0.0053404539385847796,0.06382978723404255,0.9361702127659575,33.19377360938369
839.0,Molded Pulp Egg Carton,12.0,9.0,85.0,0.5,80.0,45.0,Eggs,Literature,High,0.014276002719238614,0.85,B,0.75,87.42895989123046,0.09278350515463918,0.004672897196261682,0.09574468085106383,0.9042553191489362,30.9791866965415
840.0,Plastic Egg Carton (PET),65.0,15.0,1.0,3.0,40.0,70.0,Eggs,Literature,High,0.18422841604350781,0.01,D,0.25,40.430863358259685,0.6391752577319587,0.008678237650200267,0.18439716312056736,0.8156028368794326,50.29544254516733
841.0,Recycled Plastic Egg Carton (rPET),65.0,15.0,1.0,1.8,60.0,68.0,Eggs,Estimate,Medium,0.1026512576478586,0.01,C,0.5,51.19394969408566,0.6391752577319587,0.008678237650200267,0.1773049645390071,0.8226950354609929,50.50820850261414
842.0,Paper-based Egg Tray,12.0,9.0,85.0,0.5,85.0,42.0,Eggs,Estimate,Medium,0.014276002719238614,0.85,B,0.75,87.42895989123046,0.09278350515463918,0.004672897196261682,0.0851063829787234,0.9148936170212766,31.298335632711716
843.0,Virgin Cardboard - Cereal Box,16.0,12.0,5.0,1.1,90.0,45.0,Cereals,Literature,High,0.055064581917063225,0.05,A,1.0,69.29741672331747,0.13402061855670103,0.006675567423230975,0.09574468085106383,0.9042553191489362,32.688751339433054
844.0,Recycled Cardboard - Cereal Box,16.0,12.0,5.0,0.8,95.0,41.0,Cereals,Literature,High,0.034670292318150914,0.05,A,1.0,70.11318830727397,0.13402061855670103,0.006675567423230975,0.08156028368794327,0.9184397163120568,33.11428325432667
845.0,Plastic Cereal Liner (PE),25.0,8.0,1.0,2.5,30.0,40.0,Cereals,Literature,High,0.15023793337865396,0.01,D,0.25,41.79048266485385,0.2268041237113402,0.004005340453938585,0.07801418439716312,0.9219858156028369,36.85189963015688
846.0,Recycled Plastic Cereal Liner,25.0,8.0,1.0,1.8,50.0,38.0,Cereals,Estimate,Medium,0.1026512576478586,0.01,C,0.5,51.19394969408566,0.2268041237113402,0.004005340453938585,0.07092198581560284,0.9290780141843972,37.064665587603685
847.0,Paper-based Cereal Liner,12.0,6.0,80.0,0.9,90.0,35.0,Cereals,Estimate,Medium,0.04146838885112169,0.8,A,1.0,92.34126444595515,0.09278350515463918,0.0026702269692923898,0.06028368794326241,0.9397163120567376,31.982936376966464
848.0,Compostable Cereal Liner,20.0,7.0,85.0,0.7,60.0,60.0,Cereals,Estimate,Medium,0.027872195785180146,0.85,C,0.5,79.3851121685928,0.17525773195876287,0.0033377837116154874,0.14893617021276595,0.851063829787234,32.642357683316
849.0,Virgin Cardboard - Snack Box,16.0,12.0,5.0,1.1,90.0,45.0,Snacks,Estimate,Medium,0.055064581917063225,0.05,A,1.0,69.29741672331747,0.13402061855670103,0.006675567423230975,0.09574468085106383,0.9042553191489362,32.688751339433054
850.0,Recycled Cardboard - Snack Box,16.0,12.0,5.0,0.8,95.0,41.0,Snacks,Estimate,Medium,0.034670292318150914,0.05,A,1.0,70.11318830727397,0.13402061855670103,0.006675567423230975,0.08156028368794327,0.9184397163120568,33.11428325432667
851.0,Plastic Snack Pouch (PET/PE),50.0,12.0,1.0,3.0,30.0,70.0,Snacks,Literature,High,0.18422841604350781,0.01,D,0.25,40.430863358259685,0.4845360824742268,0.006675567423230975,0.18439716312056736,0.8156028368794326,44.049795428048974
852.0,Recyclable Mono-PE Snack Pouch,45.0,11.0,1.0,2.5,50.0,75.0,Snacks,Estimate,Medium,0.15023793337865396,0.01,C,0.5,49.29048266485384,0.4329896907216495,0.006008010680907877,0.20212765957446807,0.7978723404255319,41.43599816205917
853.0,Paper-based Snack Pouch,18.0,10.0,70.0,1.1,85.0,80.0,Snacks,Estimate,Medium,0.055064581917063225,0.7,B,0.75,81.29741672331747,0.15463917525773196,0.0053404539385847796,0.2198581560283688,0.7801418439716312,29.75003594761576
854.0,Compostable Snack Pouch,35.0,9.0,85.0,0.7,60.0,90.0,Snacks,Estimate,Medium,0.027872195785180146,0.85,C,0.5,79.3851121685928,0.32989690721649484,0.004672897196261682,0.2553191489361702,0.7446808510638299,35.676488736462545
855.0,Metalized Snack Pouch (PET/Alu/PE),60.0,15.0,1.0,6.0,20.0,90.0,Snacks,Literature,High,0.38817131203263083,0.01,D,0.25,32.27314751869477,0.5876288659793815,0.008678237650200267,0.2553191489361702,0.7446808510638299,46.105927300596164
856.0,Paper-based Snack Pouch with Barrier,20.0,10.0,65.0,1.2,75.0,95.0,Snacks,Estimate,Medium,0.06186267845003398,0.65,B,0.75,79.52549286199864,0.17525773195876287,0.0053404539385847796,0.2730496453900709,0.7269503546099291,28.979033534805932
857.0,Virgin Cardboard - Chocolate Box,16.0,12.0,5.0,1.1,90.0,50.0,Confectionery,Estimate,Medium,0.055064581917063225,0.05,A,1.0,69.29741672331747,0.13402061855670103,0.006675567423230975,0.11347517730496454,0.8865248226950355,32.15683644581603
858.0,Recycled Cardboard - Chocolate Box,16.0,12.0,5.0,0.8,95.0,45.0,Confectionery,Estimate,Medium,0.034670292318150914,0.05,A,1.0,70.11318830727397,0.13402061855670103,0.006675567423230975,0.09574468085106383,0.9042553191489362,32.688751339433054
859.0,Plastic Chocolate Tray (PET),65.0,15.0,1.0,3.0,40.0,80.0,Confectionery,Literature,High,0.18422841604350781,0.01,D,0.25,40.430863358259685,0.6391752577319587,0.008678237650200267,0.2198581560283688,0.7801418439716312,49.23161275793329
860.0,Recycled Plastic Chocolate Tray (rPET),65.0,15.0,1.0,1.8,60.0,78.0,Confectionery,Estimate,Medium,0.1026512576478586,0.01,C,0.5,51.19394969408566,0.6391752577319587,0.008678237650200267,0.2127659574468085,0.7872340425531915,49.4443787153801
861.0,Paper-based Chocolate Tray,14.0,10.0,80.0,1.0,85.0,60.0,Confectionery,Estimate,Medium,0.04826648538409245,0.8,B,0.75,84.56934058463631,0.1134020618556701,0.0053404539385847796,0.14893617021276595,0.851063829787234,30.22821098600137
862.0,Compostable Chocolate Tray (Bagasse),15.0,11.0,88.0,0.45,78.0,60.0,Confectionery,Estimate,Medium,0.01087695445275323,0.88,B,0.75,88.46492182188986,0.12371134020618557,0.006008010680907877,0.14893617021276595,0.851063829787234,30.660608822291678
863.0,Virgin Cardboard - Coffee Box,16.0,12.0,5.0,1.1,90.0,45.0,Coffee,Literature,High,0.055064581917063225,0.05,A,1.0,69.29741672331747,0.13402061855670103,0.006675567423230975,0.09574468085106383,0.9042553191489362,32.688751339433054
864.0,Recycled Cardboard - Coffee Box,16.0,12.0,5.0,0.8,95.0,41.0,Coffee,Literature,High,0.034670292318150914,0.05,A,1.0,70.11318830727397,0.13402061855670103,0.006675567423230975,0.08156028368794327,0.9184397163120568,33.11428325432667
865.0,Plastic Coffee Pouch (PET/Alu/PE),60.0,15.0,1.0,6.0,20.0,90.0,Coffee,Literature,High,0.38817131203263083,0.01,D,0.25,32.27314751869477,0.5876288659793815,0.008678237650200267,0.2553191489361702,0.7446808510638299,46.105927300596164
866.0,Recyclable Coffee Pouch (Mono-PE),45.0,11.0,1.0,2.5,50.0,75.0,Coffee,Estimate,Medium,0.15023793337865396,0.01,C,0.5,49.29048266485384,0.4329896907216495,0.006008010680907877,0.20212765957446807,0.7978723404255319,41.43599816205917
867.0,Paper-based Coffee Pouch,18.0,10.0,70.0,1.1,85.0,80.0,Coffee,Estimate,Medium,0.055064581917063225,0.7,B,0.75,81.29741672331747,0.15463917525773196,0.0053404539385847796,0.2198581560283688,0.7801418439716312,29.75003594761576
868.0,Compostable Coffee Pouch,35.0,9.0,85.0,0.7,60.0,90.0,Coffee,Estimate,Medium,0.027872195785180146,0.85,C,0.5,79.3851121685928,0.32989690721649484,0.004672897196261682,0.2553191489361702,0.7446808510638299,35.676488736462545
869.0,Virgin Cardboard - Tea Box,16.0,12.0,5.0,1.1,90.0,45.0,Tea,Literature,High,0.055064581917063225,0.05,A,1.0,69.29741672331747,0.13402061855670103,0.006675567423230975,0.09574468085106383,0.9042553191489362,32.688751339433054
870.0,Recycled Cardboard - Tea Box,16.0,12.0,5.0,0.8,95.0,41.0,Tea,Literature,High,0.034670292318150914,0.05,A,1.0,70.11318830727397,0.13402061855670103,0.006675567423230975,0.08156028368794327,0.9184397163120568,33.11428325432667
871.0,Plastic Tea Pouch (PET/PE),50.0,12.0,1.0,3.0,30.0,70.0,Tea,Literature,High,0.18422841604350781,0.01,D,0.25,40.430863358259685,0.4845360824742268,0.006675567423230975,0.18439716312056736,0.8156028368794326,44.049795428048974
872.0,Recyclable Mono-PE Tea Pouch,45.0,11.0,1.0,2.5,50.0,75.0,Tea,Estimate,Medium,0.15023793337865396,0.01,C,0.5,49.29048266485384,0.4329896907216495,0.006008010680907877,0.20212765957446807,0.7978723404255319,41.43599816205917
873.0,Paper-based Tea Pouch,18.0,10.0,70.0,1.1,85.0,80.0,Tea,Estimate,Medium,0.055064581917063225,0.7,B,0.75,81.29741672331747,0.15463917525773196,0.0053404539385847796,0.2198581560283688,0.7801418439716312,29.75003594761576
874.0,Compostable Tea Pouch,35.0,9.0,85.0,0.7,60.0,90.0,Tea,Estimate,Medium,0.027872195785180146,0.85,C,0.5,79.3851121685928,0.32989690721649484,0.004672897196261682,0.2553191489361702,0.7446808510638299,35.676488736462545
875.0,Tea Bag Paper,5.0,3.0,90.0,0.7,80.0,40.0,Tea,Literature,High,0.027872195785180146,0.9,B,0.75,88.3851121685928,0.020618556701030927,0.0006675567423230974,0.07801418439716312,0.9219858156028369,28.50434343839604
876.0,Bio-based Tea Bag (PLA Mesh),35.0,8.0,80.0,0.6,60.0,90.0,Tea,Literature,High,0.02107409925220938,0.8,C,0.5,78.15703602991164,0.32989690721649484,0.004005340453938585,0.2553191489361702,0.7446808510638299,35.65646203419285
877.0,Compostable Tea Bag Mesh,30.0,7.0,85.0,0.6,65.0,85.0,Tea,Estimate,Medium,0.02107409925220938,0.85,C,0.5,79.65703602991164,0.27835051546391754,0.0033377837116154874,0.2375886524822695,0.7624113475177305,34.10649455543708
878.0,Recycled Tea Bag Paper,5.0,3.0,90.0,0.55,85.0,35.0,Tea,Estimate,Medium,0.017675050985724,0.9,B,0.75,88.79299796057104,0.020618556701030927,0.0006675567423230974,0.06028368794326241,0.9397163120567376,29.036258332013055
879.0,Virgin Cardboard - Pet Food Box,16.0,12.0,5.0,1.1,90.0,45.0,Pet Food,Estimate,Medium,0.055064581917063225,0.05,A,1.0,69.29741672331747,0.13402061855670103,0.006675567423230975,0.09574468085106383,0.9042553191489362,32.688751339433054
880.0,Recycled Cardboard - Pet Food Box,16.0,12.0,5.0,0.8,95.0,41.0,Pet Food,Estimate,Medium,0.034670292318150914,0.05,A,1.0,70.11318830727397,0.13402061855670103,0.006675567423230975,0.08156028368794327,0.9184397163120568,33.11428325432667
881.0,Plastic Pet Food Pouch (PET/PE),50.0,12.0,1.0,3.0,30.0,70.0,Pet Food,Literature,High,0.18422841604350781,0.01,D,0.25,40.430863358259685,0.4845360824742268,0.006675567423230975,0.18439716312056736,0.8156028368794326,44.049795428048974
882.0,Recyclable Mono-PE Pet Food Pouch,45.0,11.0,1.0,2.5,50.0,75.0,Pet Food,Estimate,Medium,0.15023793337865396,0.01,C,0.5,49.29048266485384,0.4329896907216495,0.006008010680907877,0.20212765957446807,0.7978723404255319,41.43599816205917
883.0,Paper-based Pet Food Pouch,18.0,10.0,70.0,1.1,85.0,80.0,Pet Food,Estimate,Medium,0.055064581917063225,0.7,B,0.75,81.29741672331747,0.15463917525773196,0.0053404539385847796,0.2198581560283688,0.7801418439716312,29.75003594761576
884.0,Compostable Pet Food Pouch,35.0,9.0,85.0,0.7,60.0,90.0,Pet Food,Estimate,Medium,0.027872195785180146,0.85,C,0.5,79.3851121685928,0.32989690721649484,0.004672897196261682,0.2553191489361702,0.7446808510638299,35.676488736462545
885.0,Metal Pet Food Can (Steel),80.0,22.0,0.0,6.0,90.0,100.0,Pet Food,Literature,High,0.38817131203263083,0.0,A,1.0,54.473147518694766,0.7938144329896907,0.01335113484646195,0.2907801418439716,0.7092198581560284,53.42970710966234
886.0,Recycled Metal Pet Food Can,80.0,22.0,0.0,4.0,95.0,95.0,Pet Food,Estimate,Medium,0.25220938137321547,0.0,A,1.0,59.91162474507138,0.7938144329896907,0.01335113484646195,0.2730496453900709,0.7269503546099291,53.96162200327935
887.0,Virgin Cardboard - Home Care Box,16.0,12.0,5.0,1.1,90.0,45.0,Home Care,Estimate,Medium,0.055064581917063225,0.05,A,1.0,69.29741672331747,0.13402061855670103,0.006675567423230975,0.09574468085106383,0.9042553191489362,32.688751339433054
888.0,Recycled Cardboard - Home Care Box,16.0,12.0,5.0,0.8,95.0,41.0,Home Care,Estimate,Medium,0.034670292318150914,0.05,A,1.0,70.11318830727397,0.13402061855670103,0.006675567423230975,0.08156028368794327,0.9184397163120568,33.11428325432667
889.0,Plastic Home Care Bottle (HDPE),65.0,18.0,1.0,3.1,50.0,80.0,Home Care,Literature,High,0.19102651257647857,0.01,C,0.5,47.65893949694087,0.6391752577319587,0.010680907877169559,0.2198581560283688,0.7801418439716312,49.29169286474237
890.0,Recycled Plastic Home Care Bottle,65.0,18.0,1.0,2.0,70.0,78.0,Home Care,Estimate,Medium,0.11624745071380013,0.01,B,0.75,58.15010197144799,0.6391752577319587,0.010680907877169559,0.2127659574468085,0.7872340425531915,49.50445882218918
891.0,Plastic Home Care Pouch (PE),30.0,10.0,1.0,2.5,30.0,50.0,Home Care,Estimate,Medium,0.15023793337865396,0.01,D,0.25,41.79048266485385,0.27835051546391754,0.0053404539385847796,0.11347517730496454,0.8865248226950355,37.88997891756531
892.0,Recyclable Mono-PE Home Care Pouch,30.0,10.0,1.0,2.3,50.0,55.0,Home Care,Estimate,Medium,0.13664174031271242,0.01,C,0.5,49.8343303874915,0.27835051546391754,0.0053404539385847796,0.13120567375886524,0.8687943262411347,37.35806402394829
893.0,Compostable Home Care Pouch,25.0,9.0,85.0,0.7,60.0,80.0,Home Care,Estimate,Medium,0.027872195785180146,0.85,C,0.5,79.3851121685928,0.2268041237113402,0.004672897196261682,0.2198581560283688,0.7801418439716312,32.6166071834904
894.0,Paper-based Home Care Box with PLA liner,18.0,12.0,60.0,1.1,75.0,90.0,Home Care,Estimate,Medium,0.055064581917063225,0.6,B,0.75,78.29741672331747,0.15463917525773196,0.006675567423230975,0.2553191489361702,0.7446808510638299,28.726259564921104
895.0,Virgin Cardboard - Personal Care Box,16.0,12.0,5.0,1.1,90.0,45.0,Personal Care,Estimate,Medium,0.055064581917063225,0.05,A,1.0,69.29741672331747,0.13402061855670103,0.006675567423230975,0.09574468085106383,0.9042553191489362,32.688751339433054
896.0,Recycled Cardboard - Personal Care Box,16.0,12.0,5.0,0.8,95.0,41.0,Personal Care,Estimate,Medium,0.034670292318150914,0.05,A,1.0,70.11318830727397,0.13402061855670103,0.006675567423230975,0.08156028368794327,0.9184397163120568,33.11428325432667
897.0,Plastic Personal Care Bottle (PET),60.0,15.0,1.0,3.0,40.0,80.0,Personal Care,Literature,High,0.18422841604350781,0.01,D,0.25,40.430863358259685,0.5876288659793815,0.008678237650200267,0.2198581560283688,0.7801418439716312,47.169757087830206
898.0,Recycled Plastic Personal Care Bottle (rPET),60.0,15.0,1.0,1.8,60.0,78.0,Personal Care,Estimate,Medium,0.1026512576478586,0.01,C,0.5,51.19394969408566,0.5876288659793815,0.008678237650200267,0.2127659574468085,0.7872340425531915,47.38252304527701
899.0,Paper-based Personal Care Pouch,18.0,10.0,70.0,1.1,85.0,80.0,Personal Care,Estimate,Medium,0.055064581917063225,0.7,B,0.75,81.29741672331747,0.15463917525773196,0.0053404539385847796,0.2198581560283688,0.7801418439716312,29.75003594761576
900.0,Compostable Personal Care Pouch,35.0,9.0,85.0,0.7,60.0,90.0,Personal Care,Estimate,Medium,0.027872195785180146,0.85,C,0.5,79.3851121685928,0.32989690721649484,0.004672897196261682,0.2553191489361702,0.7446808510638299,35.676488736462545
901.0,Virgin Cardboard - Electronics Outer Box,18.0,18.0,5.0,1.2,90.0,50.0,Electronics,Literature,High,0.06186267845003398,0.05,A,1.0,69.02549286199864,0.15463917525773196,0.010680907877169559,0.11347517730496454,0.8865248226950355,33.101738927475424
902.0,Recycled Cardboard - Electronics Outer Box,18.0,18.0,5.0,0.82,95.0,46.0,Electronics,Literature,High,0.03602991162474507,0.05,A,1.0,70.0588035350102,0.15463917525773196,0.010680907877169559,0.09929078014184398,0.900709219858156,33.52727084236904
903.0,Molded Fiber Electronics Outer Tray,12.0,8.0,85.0,0.5,80.0,56.0,Electronics,Estimate,Medium,0.014276002719238614,0.85,B,0.75,87.42895989123046,0.09278350515463918,0.004005340453938585,0.1347517730496454,0.8652482269503546,29.78894722831436
904.0,Plastic Electronics Outer Shell (ABS),70.0,20.0,1.0,4.0,20.0,90.0,Electronics,Literature,High,0.25220938137321547,0.01,D,0.25,37.71162474507138,0.6907216494845361,0.012016021361815754,0.2553191489361702,0.7446808510638299,50.32977215215081
905.0,Recycled Plastic Electronics Outer Shell,70.0,20.0,1.0,3.0,40.0,85.0,Electronics,Estimate,Medium,0.18422841604350781,0.01,D,0.25,40.430863358259685,0.6907216494845361,0.012016021361815754,0.2375886524822695,0.7624113475177305,50.86168704576784
906.0,Paper-based Electronics Outer Box with ESD,16.0,14.0,80.0,1.1,75.0,60.0,Electronics,Estimate,Medium,0.055064581917063225,0.8,B,0.75,84.29741672331747,0.13402061855670103,0.00801068090787717,0.14893617021276595,0.851063829787234,31.133060063121377
907.0,Virgin Cardboard - Pharma Inner Box,15.0,11.0,5.0,1.1,90.0,44.0,Pharma,Estimate,Medium,0.055064581917063225,0.05,A,1.0,69.29741672331747,0.12371134020618557,0.006008010680907877,0.09219858156028368,0.9078014184397163,32.36273648186615
908.0,Recycled Cardboard - Pharma Inner Box,15.0,11.0,5.0,0.8,95.0,40.0,Pharma,Estimate,Medium,0.034670292318150914,0.05,A,1.0,70.11318830727397,0.12371134020618557,0.006008010680907877,0.07801418439716312,0.9219858156028369,32.78826839675977
909.0,Molded Fiber Pharma Insert,9.0,5.0,85.0,0.5,80.0,50.0,Pharma,Estimate,Medium,0.014276002719238614,0.85,B,0.75,87.42895989123046,0.061855670103092786,0.0020026702269692926,0.11347517730496454,0.8865248226950355,29.130051591783857
910.0,Plastic Blister - Pharma (PVC),60.0,15.0,1.0,8.0,10.0,120.0,Pharma,Literature,High,0.5241332426920462,0.01,D,0.25,26.83467029231815,0.5876288659793815,0.008678237650200267,0.3617021276595745,0.6382978723404256,42.91443793889403
911.0,Recyclable Blister - Pharma (PET),65.0,16.0,1.0,3.0,40.0,150.0,Pharma,Estimate,Medium,0.18422841604350781,0.01,D,0.25,40.430863358259685,0.6391752577319587,0.009345794392523364,0.46808510638297873,0.5319148936170213,41.80483094956469
912.0,Paper-based Blister - Pharma,28.0,12.0,70.0,1.2,70.0,140.0,Pharma,Estimate,Medium,0.06186267845003398,0.7,B,0.75,81.02549286199864,0.25773195876288657,0.006675567423230975,0.4326241134751773,0.5673758865248226,27.53082196895707
913.0,Glass Vial,70.0,10.0,0.0,2.4,95.0,130.0,Pharma,Literature,High,0.1434398368456832,0.0,A,1.0,64.26240652617268,0.6907216494845361,0.0053404539385847796,0.3971631205673759,0.6028368794326241,45.87418598051771
914.0,Plastic Vial (PET),60.0,12.0,1.0,3.0,40.0,80.0,Pharma,Estimate,Medium,0.18422841604350781,0.01,D,0.25,40.430863358259685,0.5876288659793815,0.006675567423230975,0.2198581560283688,0.7801418439716312,47.109676981021124
915.0,Recycled Plastic Vial (rPET),60.0,12.0,1.0,1.8,60.0,78.0,Pharma,Estimate,Medium,0.1026512576478586,0.01,C,0.5,51.19394969408566,0.5876288659793815,0.006675567423230975,0.2127659574468085,0.7872340425531915,47.32244293846794
916.0,Virgin Cardboard - Medical Device Box,18.0,16.0,5.0,1.2,90.0,48.0,Medical,Estimate,Medium,0.06186267845003398,0.05,A,1.0,69.02549286199864,0.15463917525773196,0.009345794392523364,0.10638297872340426,0.8936170212765957,33.27445148038285
917.0,Recycled Cardboard - Medical Device Box,18.0,16.0,5.0,0.82,95.0,44.0,Medical,Estimate,Medium,0.03602991162474507,0.05,A,1.0,70.0588035350102,0.15463917525773196,0.009345794392523364,0.09219858156028368,0.9078014184397163,33.69998339527647
918.0,Molded Fiber Medical Device Insert,11.0,7.0,85.0,0.5,80.0,54.0,Medical,Estimate,Medium,0.014276002719238614,0.85,B,0.75,87.42895989123046,0.08247422680412371,0.0033377837116154874,0.1276595744680851,0.8723404255319149,29.56931534947086
919.0,Plastic Medical Device Blister (PET),65.0,16.0,1.0,3.0,40.0,80.0,Medical,Estimate,Medium,0.18422841604350781,0.01,D,0.25,40.430863358259685,0.6391752577319587,0.009345794392523364,0.2198581560283688,0.7801418439716312,49.25163946020298
920.0,Recycled Plastic Medical Device Blister (rPET),65.0,16.0,1.0,1.8,60.0,78.0,Medical,Estimate,Medium,0.1026512576478586,0.01,C,0.5,51.19394969408566,0.6391752577319587,0.009345794392523364,0.2127659574468085,0.7872340425531915,49.46440541764979
921.0,Paper-based Medical Device Pouch,20.0,10.0,80.0,1.1,85.0,90.0,Medical,Estimate,Medium,0.055064581917063225,0.8,B,0.75,84.29741672331747,0.17525773195876287,0.0053404539385847796,0.2553191489361702,0.7446808510638299,29.510948428422957
922.0,Plastic Medical Device Pouch (PE),30.0,10.0,1.0,2.5,30.0,50.0,Medical,Estimate,Medium,0.15023793337865396,0.01,D,0.25,41.79048266485385,0.27835051546391754,0.0053404539385847796,0.11347517730496454,0.8865248226950355,37.88997891756531
923.0,Recyclable Mono-PE Medical Device Pouch,30.0,10.0,1.0,2.3,50.0,55.0,Medical,Estimate,Medium,0.13664174031271242,0.01,C,0.5,49.8343303874915,0.27835051546391754,0.0053404539385847796,0.13120567375886524,0.8687943262411347,37.35806402394829
924.0,Compostable Medical Device Pouch,25.0,9.0,85.0,0.7,60.0,80.0,Medical,Estimate,Medium,0.027872195785180146,0.85,C,0.5,79.3851121685928,0.2268041237113402,0.004672897196261682,0.2198581560283688,0.7801418439716312,32.6166071834904
925.0,Virgin Cardboard - Industrial Box,20.0,20.0,5.0,1.3,88.0,50.0,Industrial,Estimate,Medium,0.06866077498300475,0.05,B,0.75,61.25356900067982,0.17525773195876287,0.012016021361815754,0.11347517730496454,0.8865248226950355,33.96653460005605
926.0,Recycled Cardboard - Industrial Box,20.0,20.0,5.0,0.9,93.0,46.0,Industrial,Estimate,Medium,0.04146838885112169,0.05,A,1.0,69.84126444595513,0.17525773195876287,0.012016021361815754,0.09929078014184398,0.900709219858156,34.39206651494967
927.0,Plastic Industrial Container (HDPE),70.0,30.0,1.0,4.0,50.0,100.0,Industrial,Estimate,Medium,0.25220938137321547,0.01,C,0.5,45.211624745071376,0.6907216494845361,0.018691588785046728,0.2907801418439716,0.7092198581560284,49.4662093876137
928.0,Recycled Plastic Industrial Container,70.0,30.0,1.0,2.8,65.0,95.0,Industrial,Estimate,Medium,0.17063222297756625,0.01,C,0.5,48.47471108089735,0.6907216494845361,0.018691588785046728,0.2730496453900709,0.7269503546099291,49.998124281230716
929.0,Metal Industrial Container (Steel),80.0,35.0,0.0,7.0,90.0,140.0,Industrial,Estimate,Medium,0.45615227736233854,0.0,A,1.0,51.753908905506464,0.7938144329896907,0.022029372496662217,0.4326241134751773,0.5673758865248226,49.434735090232174
930.0,Bio-based Industrial Container,50.0,25.0,30.0,2.5,55.0,120.0,Industrial,Estimate,Medium,0.15023793337865396,0.3,C,0.5,57.99048266485385,0.4845360824742268,0.015353805073431242,0.3617021276595745,0.6382978723404256,38.990993621384774
931.0,Virgin Cardboard - Chemical Box,18.0,16.0,5.0,1.2,88.0,48.0,Chemicals,Estimate,Medium,0.06186267845003398,0.05,B,0.75,61.52549286199864,0.15463917525773196,0.009345794392523364,0.10638297872340426,0.8936170212765957,33.27445148038285
932.0,Recycled Cardboard - Chemical Box,18.0,16.0,5.0,0.82,93.0,44.0,Chemicals,Estimate,Medium,0.03602991162474507,0.05,A,1.0,70.0588035350102,0.15463917525773196,0.009345794392523364,0.09219858156028368,0.9078014184397163,33.69998339527647
933.0,Plastic Chemical Drum (HDPE),70.0,35.0,1.0,4.0,50.0,100.0,Chemicals,Estimate,Medium,0.25220938137321547,0.01,C,0.5,45.211624745071376,0.6907216494845361,0.022029372496662217,0.2907801418439716,0.7092198581560284,49.56634289896217
934.0,Recycled Plastic Chemical Drum,70.0,35.0,1.0,2.8,65.0,95.0,Chemicals,Estimate,Medium,0.17063222297756625,0.01,C,0.5,48.47471108089735,0.6907216494845361,0.022029372496662217,0.2730496453900709,0.7269503546099291,50.09825779257918
935.0,Metal Chemical Drum (Steel),85.0,40.0,0.0,8.0,90.0,140.0,Chemicals,Literature,High,0.5241332426920462,0.0,A,1.0,49.03467029231815,0.845360824742268,0.025367156208277702,0.4326241134751773,0.5673758865248226,51.59672427168373
936.0,Composite Chemical Drum (Steel/PE),80.0,38.0,1.0,7.0,70.0,150.0,Chemicals,Estimate,Medium,0.45615227736233854,0.01,B,0.75,44.553908905506454,0.7938144329896907,0.02403204272363151,0.46808510638297873,0.5319148936170213,48.43098540980721
937.0,Virgin Cardboard - Cosmetic Shipping Box,16.0,12.0,5.0,1.1,90.0,45.0,Cosmetic Shipping,Estimate,Medium,0.055064581917063225,0.05,A,1.0,69.29741672331747,0.13402061855670103,0.006675567423230975,0.09574468085106383,0.9042553191489362,32.688751339433054
938.0,Recycled Cardboard - Cosmetic Shipping Box,16.0,12.0,5.0,0.8,95.0,41.0,Cosmetic Shipping,Estimate,Medium,0.034670292318150914,0.05,A,1.0,70.11318830727397,0.13402061855670103,0.006675567423230975,0.08156028368794327,0.9184397163120568,33.11428325432667
939.0,Paper-based Cosmetic Shipping Filler,10.0,6.0,80.0,0.8,90.0,35.0,Cosmetic Shipping,Estimate,Medium,0.034670292318150914,0.8,A,1.0,92.61318830727396,0.07216494845360824,0.0026702269692923898,0.06028368794326241,0.9397163120567376,31.15819410892523
940.0,Plastic Cosmetic Shipping Filler (PE),30.0,10.0,1.0,2.5,30.0,50.0,Cosmetic Shipping,Estimate,Medium,0.15023793337865396,0.01,D,0.25,41.79048266485385,0.27835051546391754,0.0053404539385847796,0.11347517730496454,0.8865248226950355,37.88997891756531
941.0,Recycled Plastic Cosmetic Shipping Filler,30.0,10.0,1.0,1.8,50.0,48.0,Cosmetic Shipping,Estimate,Medium,0.1026512576478586,0.01,C,0.5,51.19394969408566,0.27835051546391754,0.0053404539385847796,0.10638297872340426,0.8936170212765957,38.10274487501212
942.0,Compostable Cosmetic Shipping Filler,20.0,8.0,85.0,0.7,60.0,80.0,Cosmetic Shipping,Estimate,Medium,0.027872195785180146,0.85,C,0.5,79.3851121685928,0.17525773195876287,0.004005340453938585,0.2198581560283688,0.7801418439716312,30.53472481111761
943.0,Virgin Cardboard - Subscription Box,16.0,12.0,5.0,1.1,90.0,45.0,Subscription,Estimate,Medium,0.055064581917063225,0.05,A,1.0,69.29741672331747,0.13402061855670103,0.006675567423230975,0.09574468085106383,0.9042553191489362,32.688751339433054
944.0,Recycled Cardboard - Subscription Box,16.0,12.0,5.0,0.8,95.0,41.0,Subscription,Estimate,Medium,0.034670292318150914,0.05,A,1.0,70.11318830727397,0.13402061855670103,0.006675567423230975,0.08156028368794327,0.9184397163120568,33.11428325432667
945.0,Paper-based Subscription Filler,10.0,6.0,80.0,0.8,90.0,35.0,Subscription,Estimate,Medium,0.034670292318150914,0.8,A,1.0,92.61318830727396,0.07216494845360824,0.0026702269692923898,0.06028368794326241,0.9397163120567376,31.15819410892523
946.0,Plastic Subscription Filler (PE),30.0,10.0,1.0,2.5,30.0,50.0,Subscription,Estimate,Medium,0.15023793337865396,0.01,D,0.25,41.79048266485385,0.27835051546391754,0.0053404539385847796,0.11347517730496454,0.8865248226950355,37.88997891756531
947.0,Recycled Plastic Subscription Filler,30.0,10.0,1.0,1.8,50.0,48.0,Subscription,Estimate,Medium,0.1026512576478586,0.01,C,0.5,51.19394969408566,0.27835051546391754,0.0053404539385847796,0.10638297872340426,0.8936170212765957,38.10274487501212
948.0,Compostable Subscription Filler,20.0,8.0,85.0,0.7,60.0,80.0,Subscription,Estimate,Medium,0.027872195785180146,0.85,C,0.5,79.3851121685928,0.17525773195876287,0.004005340453938585,0.2198581560283688,0.7801418439716312,30.53472481111761
949.0,Virgin Cardboard - Gift Box,16.0,12.0,5.0,1.1,90.0,50.0,Gifts,Estimate,Medium,0.055064581917063225,0.05,A,1.0,69.29741672331747,0.13402061855670103,0.006675567423230975,0.11347517730496454,0.8865248226950355,32.15683644581603
950.0,Recycled Cardboard - Gift Box,16.0,12.0,5.0,0.8,95.0,45.0,Gifts,Estimate,Medium,0.034670292318150914,0.05,A,1.0,70.11318830727397,0.13402061855670103,0.006675567423230975,0.09574468085106383,0.9042553191489362,32.688751339433054
951.0,Paper-based Gift Filler,10.0,6.0,80.0,0.8,90.0,40.0,Gifts,Estimate,Medium,0.034670292318150914,0.8,A,1.0,92.61318830727396,0.07216494845360824,0.0026702269692923898,0.07801418439716312,0.9219858156028369,30.626279215308212
952.0,Plastic Gift Filler (PE),30.0,10.0,1.0,2.5,30.0,55.0,Gifts,Estimate,Medium,0.15023793337865396,0.01,D,0.25,41.79048266485385,0.27835051546391754,0.0053404539385847796,0.13120567375886524,0.8687943262411347,37.35806402394829
953.0,Recycled Plastic Gift Filler,30.0,10.0,1.0,1.8,50.0,50.0,Gifts,Estimate,Medium,0.1026512576478586,0.01,C,0.5,51.19394969408566,0.27835051546391754,0.0053404539385847796,0.11347517730496454,0.8865248226950355,37.88997891756531
954.0,Compostable Gift Filler,20.0,8.0,85.0,0.7,60.0,85.0,Gifts,Estimate,Medium,0.027872195785180146,0.85,C,0.5,79.3851121685928,0.17525773195876287,0.004005340453938585,0.2375886524822695,0.7624113475177305,30.00280991750059
955.0,Virgin Cardboard - Electronics Accessory Box,15.0,11.0,5.0,1.1,90.0,44.0,Electronics Accessory,Estimate,Medium,0.055064581917063225,0.05,A,1.0,69.29741672331747,0.12371134020618557,0.006008010680907877,0.09219858156028368,0.9078014184397163,32.36273648186615
956.0,Recycled Cardboard - Electronics Accessory Box,15.0,11.0,5.0,0.8,95.0,40.0,Electronics Accessory,Estimate,Medium,0.034670292318150914,0.05,A,1.0,70.11318830727397,0.12371134020618557,0.006008010680907877,0.07801418439716312,0.9219858156028369,32.78826839675977
957.0,Molded Fiber Electronics Accessory Insert,9.0,5.0,85.0,0.5,80.0,50.0,Electronics Accessory,Estimate,Medium,0.014276002719238614,0.85,B,0.75,87.42895989123046,0.061855670103092786,0.0020026702269692926,0.11347517730496454,0.8865248226950355,29.130051591783857
958.0,Plastic Electronics Accessory Blister (PET),60.0,15.0,1.0,3.0,40.0,80.0,Electronics Accessory,Estimate,Medium,0.18422841604350781,0.01,D,0.25,40.430863358259685,0.5876288659793815,0.008678237650200267,0.2198581560283688,0.7801418439716312,47.169757087830206
959.0,Recycled Plastic Electronics Accessory Blister (rPET),60.0,15.0,1.0,1.8,60.0,78.0,Electronics Accessory,Estimate,Medium,0.1026512576478586,0.01,C,0.5,51.19394969408566,0.5876288659793815,0.008678237650200267,0.2127659574468085,0.7872340425531915,47.38252304527701
960.0,Paper-based Electronics Accessory Pouch,18.0,10.0,80.0,1.0,85.0,70.0,Electronics Accessory,Estimate,Medium,0.04826648538409245,0.8,B,0.75,84.56934058463631,0.15463917525773196,0.0053404539385847796,0.18439716312056736,0.8156028368794326,30.8138657348498
961.0,Virgin Cardboard - Beverage Shipping Box,18.0,18.0,5.0,1.2,88.0,48.0,Beverage Shipping,Estimate,Medium,0.06186267845003398,0.05,B,0.75,61.52549286199864,0.15463917525773196,0.010680907877169559,0.10638297872340426,0.8936170212765957,33.314504884922236
962.0,Recycled Cardboard - Beverage Shipping Box,18.0,18.0,5.0,0.82,93.0,44.0,Beverage Shipping,Estimate,Medium,0.03602991162474507,0.05,A,1.0,70.0588035350102,0.15463917525773196,0.010680907877169559,0.09219858156028368,0.9078014184397163,33.740036799815854
963.0,Molded Pulp Beverage Divider,12.0,9.0,85.0,0.5,80.0,55.0,Beverage Shipping,Estimate,Medium,0.014276002719238614,0.85,B,0.75,87.42895989123046,0.09278350515463918,0.004672897196261682,0.13120567375886524,0.8687943262411347,29.915356909307455
964.0,Plastic Beverage Divider (PET),65.0,18.0,1.0,3.0,40.0,80.0,Beverage Shipping,Estimate,Medium,0.18422841604350781,0.01,D,0.25,40.430863358259685,0.6391752577319587,0.010680907877169559,0.2198581560283688,0.7801418439716312,49.29169286474237
965.0,Recycled Plastic Beverage Divider (rPET),65.0,18.0,1.0,1.8,60.0,78.0,Beverage Shipping,Estimate,Medium,0.1026512576478586,0.01,C,0.5,51.19394969408566,0.6391752577319587,0.010680907877169559,0.2127659574468085,0.7872340425531915,49.50445882218918
966.0,Paper-based Beverage Divider,16.0,12.0,80.0,1.0,85.0,60.0,Beverage Shipping,Estimate,Medium,0.04826648538409245,0.8,B,0.75,84.56934058463631,0.13402061855670103,0.006675567423230975,0.14893617021276595,0.851063829787234,31.09300665858199
967.0,Virgin Cardboard - Pallet Box,22.0,24.0,5.0,1.3,88.0,55.0,Palletization,Estimate,Medium,0.06866077498300475,0.05,B,0.75,61.25356900067982,0.1958762886597938,0.014686248331108143,0.13120567375886524,0.8687943262411347,34.339468783559035
968.0,Recycled Cardboard - Pallet Box,22.0,24.0,5.0,0.9,93.0,50.0,Palletization,Estimate,Medium,0.04146838885112169,0.05,A,1.0,69.84126444595513,0.1958762886597938,0.014686248331108143,0.11347517730496454,0.8865248226950355,34.87138367717606
969.0,Plastic Pallet Box (HDPE),70.0,30.0,1.0,4.0,50.0,120.0,Palletization,Estimate,Medium,0.25220938137321547,0.01,C,0.5,45.211624745071376,0.6907216494845361,0.018691588785046728,0.3617021276595745,0.6382978723404256,47.33854981314561
970.0,Recycled Plastic Pallet Box,70.0,30.0,1.0,2.8,65.0,115.0,Palletization,Estimate,Medium,0.17063222297756625,0.01,C,0.5,48.47471108089735,0.6907216494845361,0.018691588785046728,0.34397163120567376,0.6560283687943262,47.87046470676264
971.0,Metal Pallet Box (Steel),80.0,35.0,0.0,7.0,90.0,150.0,Palletization,Estimate,Medium,0.45615227736233854,0.0,A,1.0,51.753908905506464,0.7938144329896907,0.022029372496662217,0.46808510638297873,0.5319148936170213,48.37090530299813
972.0,Bio-based Pallet Box,50.0,25.0,30.0,2.5,55.0,130.0,Palletization,Estimate,Medium,0.15023793337865396,0.3,C,0.5,57.99048266485385,0.4845360824742268,0.015353805073431242,0.3971631205673759,0.6028368794326241,37.92716383415073
973.0,Virgin Cardboard - Bulk Liquid Box,20.0,20.0,5.0,1.3,88.0,55.0,Bulk Liquids,Estimate,Medium,0.06866077498300475,0.05,B,0.75,61.25356900067982,0.17525773195876287,0.012016021361815754,0.13120567375886524,0.8687943262411347,33.43461970643903
974.0,Recycled Cardboard - Bulk Liquid Box,20.0,20.0,5.0,0.9,93.0,50.0,Bulk Liquids,Estimate,Medium,0.04146838885112169,0.05,A,1.0,69.84126444595513,0.17525773195876287,0.012016021361815754,0.11347517730496454,0.8865248226950355,33.96653460005605
975.0,Plastic Bag-in-Box Liner (PE),35.0,15.0,1.0,2.5,30.0,60.0,Bulk Liquids,Estimate,Medium,0.15023793337865396,0.01,D,0.25,41.79048266485385,0.32989690721649484,0.008678237650200267,0.14893617021276595,0.851063829787234,38.98813831178282
976.0,Recyclable Mono-PE Bag-in-Box Liner,35.0,15.0,1.0,2.3,50.0,65.0,Bulk Liquids,Estimate,Medium,0.13664174031271242,0.01,C,0.5,49.8343303874915,0.32989690721649484,0.008678237650200267,0.16666666666666666,0.8333333333333334,38.456223418165806
977.0,Compostable Bag-in-Box Liner,30.0,14.0,85.0,0.8,60.0,85.0,Bulk Liquids,Estimate,Medium,0.034670292318150914,0.85,C,0.5,79.11318830727397,0.27835051546391754,0.00801068090787717,0.2375886524822695,0.7624113475177305,34.24668147132493
978.0,Plastic IBC Inner Bottle (HDPE),70.0,35.0,1.0,4.0,50.0,100.0,Bulk Liquids,Estimate,Medium,0.25220938137321547,0.01,C,0.5,45.211624745071376,0.6907216494845361,0.022029372496662217,0.2907801418439716,0.7092198581560284,49.56634289896217
979.0,Recycled Plastic IBC Inner Bottle,70.0,35.0,1.0,2.8,65.0,95.0,Bulk Liquids,Estimate,Medium,0.17063222297756625,0.01,C,0.5,48.47471108089735,0.6907216494845361,0.022029372496662217,0.2730496453900709,0.7269503546099291,50.09825779257918
980.0,Metal IBC Cage (Steel),80.0,40.0,0.0,7.0,90.0,140.0,Bulk Liquids,Estimate,Medium,0.45615227736233854,0.0,A,1.0,51.753908905506464,0.7938144329896907,0.025367156208277702,0.4326241134751773,0.5673758865248226,49.534868601580634
981.0,Virgin Cardboard - Shipping Sleeve,18.0,16.0,5.0,1.2,90.0,48.0,Shipping,Estimate,Medium,0.06186267845003398,0.05,A,1.0,69.02549286199864,0.15463917525773196,0.009345794392523364,0.10638297872340426,0.8936170212765957,33.27445148038285
982.0,Recycled Cardboard - Shipping Sleeve,18.0,16.0,5.0,0.82,95.0,44.0,Shipping,Estimate,Medium,0.03602991162474507,0.05,A,1.0,70.0588035350102,0.15463917525773196,0.009345794392523364,0.09219858156028368,0.9078014184397163,33.69998339527647
983.0,Paper-based Shipping Sleeve,15.0,12.0,80.0,1.0,90.0,42.0,Shipping,Estimate,Medium,0.04826648538409245,0.8,A,1.0,92.06934058463632,0.12371134020618557,0.006675567423230975,0.0851063829787234,0.9148936170212766,32.59552914158265
984.0,Plastic Shipping Sleeve (PE),35.0,12.0,1.0,2.5,30.0,50.0,Shipping,Estimate,Medium,0.15023793337865396,0.01,D,0.25,41.79048266485385,0.32989690721649484,0.006675567423230975,0.11347517730496454,0.8865248226950355,39.991887992207786
985.0,Recycled Plastic Shipping Sleeve,35.0,12.0,1.0,1.8,50.0,48.0,Shipping,Estimate,Medium,0.1026512576478586,0.01,C,0.5,51.19394969408566,0.32989690721649484,0.006675567423230975,0.10638297872340426,0.8936170212765957,40.20465394965459
986.0,Compostable Shipping Sleeve,25.0,10.0,85.0,0.7,60.0,80.0,Shipping,Estimate,Medium,0.027872195785180146,0.85,C,0.5,79.3851121685928,0.2268041237113402,0.0053404539385847796,0.2198581560283688,0.7801418439716312,32.63663388576009
987.0,Virgin Cardboard - Retail Shelf Tray,16.0,14.0,5.0,1.1,90.0,46.0,Retail,Estimate,Medium,0.055064581917063225,0.05,A,1.0,69.29741672331747,0.13402061855670103,0.00801068090787717,0.09929078014184398,0.900709219858156,32.62242176524904
988.0,Recycled Cardboard - Retail Shelf Tray,16.0,14.0,5.0,0.8,95.0,42.0,Retail,Estimate,Medium,0.034670292318150914,0.05,A,1.0,70.11318830727397,0.13402061855670103,0.00801068090787717,0.0851063829787234,0.9148936170212766,33.047953680142655
989.0,Paper-based Retail Shelf Tray,14.0,12.0,80.0,0.9,90.0,40.0,Retail,Estimate,Medium,0.04146838885112169,0.8,A,1.0,92.34126444595515,0.1134020618556701,0.006675567423230975,0.07801418439716312,0.9219858156028369,32.39592396500884
990.0,Plastic Retail Shelf Tray (PET),60.0,15.0,1.0,3.0,40.0,80.0,Retail,Estimate,Medium,0.18422841604350781,0.01,D,0.25,40.430863358259685,0.5876288659793815,0.008678237650200267,0.2198581560283688,0.7801418439716312,47.169757087830206
991.0,Recycled Plastic Retail Shelf Tray (rPET),60.0,15.0,1.0,1.8,60.0,78.0,Retail,Estimate,Medium,0.1026512576478586,0.01,C,0.5,51.19394969408566,0.5876288659793815,0.008678237650200267,0.2127659574468085,0.7872340425531915,47.38252304527701
992.0,Compostable Retail Shelf Tray,30.0,10.0,85.0,0.7,60.0,90.0,Retail,Estimate,Medium,0.027872195785180146,0.85,C,0.5,79.3851121685928,0.27835051546391754,0.0053404539385847796,0.2553191489361702,0.7446808510638299,33.634659768629135
993.0,Virgin Cardboard - POS Display,18.0,14.0,5.0,1.2,88.0,50.0,POS,Estimate,Medium,0.06186267845003398,0.05,B,0.75,61.52549286199864,0.15463917525773196,0.00801068090787717,0.11347517730496454,0.8865248226950355,33.02163211839666
994.0,Recycled Cardboard - POS Display,18.0,14.0,5.0,0.9,93.0,46.0,POS,Estimate,Medium,0.04146838885112169,0.05,A,1.0,69.84126444595513,0.15463917525773196,0.00801068090787717,0.09929078014184398,0.900709219858156,33.44716403329028
995.0,Paper-based POS Display,16.0,12.0,80.0,1.0,90.0,45.0,POS,Estimate,Medium,0.04826648538409245,0.8,A,1.0,92.06934058463632,0.13402061855670103,0.006675567423230975,0.09574468085106383,0.9042553191489362,32.688751339433054
996.0,Plastic POS Display (PET),65.0,18.0,1.0,3.0,40.0,90.0,POS,Estimate,Medium,0.18422841604350781,0.01,D,0.25,40.430863358259685,0.6391752577319587,0.010680907877169559,0.2553191489361702,0.7446808510638299,48.227863077508324
997.0,Recycled Plastic POS Display (rPET),65.0,18.0,1.0,1.8,60.0,88.0,POS,Estimate,Medium,0.1026512576478586,0.01,C,0.5,51.19394969408566,0.6391752577319587,0.010680907877169559,0.24822695035460993,0.75177304964539,48.44062903495514
998.0,Compostable POS Display,30.0,10.0,85.0,0.7,60.0,95.0,POS,Estimate,Medium,0.027872195785180146,0.85,C,0.5,79.3851121685928,0.27835051546391754,0.0053404539385847796,0.2730496453900709,0.7269503546099291,33.102744875012114
999.0,Virgin Cardboard - Secondary Pack,16.0,12.0,5.0,1.1,90.0,45.0,Secondary,Estimate,Medium,0.055064581917063225,0.05,A,1.0,69.29741672331747,0.13402061855670103,0.006675567423230975,0.09574468085106383,0.9042553191489362,32.688751339433054
1000.0,Recycled Cardboard - Secondary Pack,16.0,12.0,5.0,0.8,95.0,41.0,Secondary,Estimate,Medium,0.034670292318150914,0.05,A,1.0,70.11318830727397,0.13402061855670103,0.006675567423230975,0.08156028368794327,0.9184397163120568,33.11428325432667
