product_id,product_name,category,product_weight_kg,fragility_index,shipping_type,weight_category,fragility_category
1,Chocolate Box,Food,0.5,2,Air,Very Light,Low Fragility
2,Smartphone,Electronics,0.3,5,Air,Very Light,Very High Fragility
3,Perfume Bottle,Cosmetics,0.2,4,Road,Very Light,High Fragility
4,Medicine Pack,Pharmacy,0.1,3,Air,Very Light,Medium Fragility
5,Snack Pack,Food,0.7,2,Road,Light,Low Fragility
6,Book,Paper Product,1.2,1,Sea,Light,Low Fragility
7,Glass Bottle,Drinkware,0.8,4,Sea,Light,High Fragility
8,Electronic Device (Accessory),Electronics,0.4,4,Road,Very Light,High Fragility
9,Cereal Box,Food,0.6,2,Air,Light,Low Fragility
10,Soap Pack,Cosmetics,0.3,2,Road,Very Light,Low Fragility
11,Vitamin Bottle,Pharmacy,0.2,3,Air,Very Light,Medium Fragility
12,Juice Bottle,Drinkware,1.0,3,Road,Light,Medium Fragility
13,Laptop,Electronics,2.5,5,Air,Medium,Very High Fragility
14,Tablet,Electronics,0.5,4,Air,Very Light,High Fragility
15,Shampoo Bottle,Cosmetics,0.4,3,Road,Very Light,Medium Fragility
16,Canned Beans,Food,0.5,2,Sea,Very Light,Low Fragility
17,Snack Bag,Food,0.2,2,Road,Very Light,Low Fragility
18,Wine Bottle,Drinkware,1.2,4,Sea,Light,High Fragility
19,Cheese Pack,Food,0.4,2,Air,Very Light,Low Fragility
20,Medicine Syrup,Pharmacy,0.3,3,Air,Very Light,Medium Fragility
21,Perfume Set,Cosmetics,0.6,4,Road,Light,High Fragility
22,Phone Case,Electronics,0.1,3,Road,Very Light,Medium Fragility
23,Tablet Cover,Electronics,0.2,3,Air,Very Light,Medium Fragility
24,Notebook,Paper Product,0.7,1,Air,Light,Low Fragility
25,Cereal Bag,Food,0.5,2,Road,Very Light,Low Fragility
26,Cosmetic Cream,Cosmetics,0.2,2,Road,Very Light,Low Fragility
27,Snack Box,Food,0.6,2,Air,Light,Low Fragility
28,Water Bottle,Drinkware,0.8,3,Road,Light,Medium Fragility
29,Energy Drink,Drinkware,0.5,2,Road,Very Light,Low Fragility
30,Headphones,Electronics,0.3,4,Air,Very Light,High Fragility
31,Book Set,Paper Product,2.5,1,Sea,Medium,Low Fragility
32,Medicine Box,Pharmacy,0.3,3,Air,Very Light,Medium Fragility
33,Shampoo Pack,Cosmetics,0.5,3,Road,Very Light,Medium Fragility
34,Snack Tray,Food,0.7,2,Road,Light,Low Fragility
35,Chocolate Bag,Food,0.4,2,Air,Very Light,Low Fragility
36,Coffee Pack,Food,0.3,2,Air,Very Light,Low Fragility
37,Lotion Bottle,Cosmetics,0.4,3,Road,Very Light,Medium Fragility
38,Tablet Device,Electronics,0.6,4,Air,Light,High Fragility
39,Smartwatch,Electronics,0.2,4,Air,Very Light,High Fragility
40,Vitamin Box,Pharmacy,0.5,3,Air,Very Light,Medium Fragility
41,Tea Box,Food,0.3,2,Air,Very Light,Low Fragility
42,Perfume Bottle Set,Cosmetics,0.7,4,Road,Light,High Fragility
43,Cereal Packet,Food,0.4,2,Road,Very Light,Low Fragility
44,Juice Pack,Food,0.5,2,Road,Very Light,Low Fragility
45,Snack Mix,Food,0.6,2,Road,Light,Low Fragility
46,Booklet,Paper Product,0.3,1,Air,Very Light,Low Fragility
47,Energy Bar,Food,0.2,2,Road,Very Light,Low Fragility
48,Medicine Capsule Pack,Pharmacy,0.1,3,Air,Very Light,Medium Fragility
49,Water Jug,Drinkware,2.0,3,Sea,Light,Medium Fragility
50,Electronic Kit,Electronics,1.0,4,Road,Light,High Fragility
51,Wireless Mouse,Electronics,0.15,3,Air,Very Light,Medium Fragility
52,Gaming Console,Electronics,3.0,4,Road,Medium,High Fragility
53,"LED Monitor 24""",Electronics,4.2,4,Sea,Medium,High Fragility
54,Power Bank Pack,Electronics,0.28,3,Air,Very Light,Medium Fragility
55,Bluetooth Speaker Box,Electronics,0.85,4,Road,Light,High Fragility
56,Graphic Tablet Set,Electronics,1.1,4,Air,Light,High Fragility
57,Ink Cartridge Pack,Electronics,0.4,3,Road,Very Light,Medium Fragility
58,"Smart TV 43""",Electronics,8.7,4,Sea,Heavy,High Fragility
59,WiFi Router,Electronics,0.5,3,Road,Very Light,Medium Fragility
60,USB Flash Drive Pack,Electronics,0.06,2,Air,Very Light,Low Fragility
61,Hardcover Novel,Paper Product,0.9,1,Road,Light,Low Fragility
62,Office Paper Ream,Paper Product,2.3,1,Road,Medium,Low Fragility
63,Sketchbook Set,Paper Product,0.6,1,Road,Light,Low Fragility
64,Daily Diary,Paper Product,0.4,1,Air,Very Light,Low Fragility
65,Magazine Bundle,Paper Product,1.0,1,Road,Light,Low Fragility
66,Planner Notebook,Paper Product,0.5,1,Air,Very Light,Low Fragility
67,Children Story Book,Paper Product,0.35,1,Air,Very Light,Low Fragility
68,Coloring Book Set,Paper Product,1.2,1,Road,Light,Low Fragility
69,Recipe Book,Paper Product,0.7,1,Road,Light,Low Fragility
70,Office File Folder Set,Paper Product,0.8,1,Road,Light,Low Fragility
71,Protein Bar Pack,Food,0.4,2,Road,Very Light,Low Fragility
72,Instant Noodles Pack,Food,0.5,2,Road,Very Light,Low Fragility
73,Pasta Box,Food,0.6,2,Road,Light,Low Fragility
74,Rice Bag 5kg,Food,5.0,1,Road,Medium,Low Fragility
75,Sugar Pack 2kg,Food,2.0,1,Road,Light,Low Fragility
76,Cookie Tin,Food,0.9,2,Road,Light,Low Fragility
77,Olive Oil Bottle,Food,1.0,3,Road,Light,Medium Fragility
78,Frozen Veggie Pack,Food,1.2,2,Air,Light,Low Fragility
79,Granola Pack,Food,0.5,2,Road,Very Light,Low Fragility
80,Spice Jar Set,Food,0.7,2,Air,Light,Low Fragility
81,Lipstick,Cosmetics,0.1,3,Road,Very Light,Medium Fragility
82,Face Serum Bottle,Cosmetics,0.15,4,Road,Very Light,High Fragility
83,Makeup Palette,Cosmetics,0.3,3,Road,Very Light,Medium Fragility
84,Compact Powder,Cosmetics,0.12,3,Road,Very Light,Medium Fragility
85,Nail Polish Set,Cosmetics,0.25,3,Road,Very Light,Medium Fragility
86,Face Wash Tube,Cosmetics,0.2,2,Road,Very Light,Low Fragility
87,Eyeshadow Kit,Cosmetics,0.22,3,Road,Very Light,Medium Fragility
88,Sunscreen Lotion,Cosmetics,0.3,2,Road,Very Light,Low Fragility
89,Beard Oil Bottle,Cosmetics,0.18,3,Road,Very Light,Medium Fragility
90,Hair Gel Jar,Cosmetics,0.35,2,Road,Very Light,Low Fragility
91,First Aid Kit,Pharmacy,0.8,3,Road,Light,Medium Fragility
92,Digital Thermometer,Pharmacy,0.08,3,Air,Very Light,Medium Fragility
93,Blood Pressure Monitor,Pharmacy,0.6,3,Road,Light,Medium Fragility
94,Glucose Meter,Pharmacy,0.2,3,Air,Very Light,Medium Fragility
95,Eye Drop Bottle,Pharmacy,0.05,3,Air,Very Light,Medium Fragility
96,Nasal Spray,Pharmacy,0.07,3,Air,Very Light,Medium Fragility
97,Pain Relief Ointment,Pharmacy,0.12,3,Road,Very Light,Medium Fragility
98,Bandage Roll,Pharmacy,0.18,2,Road,Very Light,Low Fragility
99,Coffee Mug,Drinkware,0.35,2,Road,Very Light,Low Fragility
100,Thermos Flask,Drinkware,0.6,3,Road,Light,Medium Fragility
101,Travel Tumbler,Drinkware,0.4,3,Road,Very Light,Medium Fragility
102,Juice Bottle Pack,Drinkware,1.1,3,Road,Light,Medium Fragility
103,Premium Wine Bottle,Drinkware,1.3,4,Sea,Light,High Fragility
104,Glass Bottle Set,Drinkware,1.6,4,Sea,Light,High Fragility
105,Water Bottle - Family Size,Drinkware,1.0,3,Road,Light,Medium Fragility
106,Energy Drink Pack,Drinkware,0.9,2,Road,Light,Low Fragility
107,Snack Box - Value Pack,Food,0.8,2,Road,Light,Low Fragility
108,Snack Bag (Small),Food,0.25,2,Road,Very Light,Low Fragility
109,Chocolate Box - Premium,Food,0.6,2,Air,Light,Low Fragility
110,Cereal Box - Family Size,Food,0.9,2,Road,Light,Low Fragility
111,Tea Box Pack,Food,0.4,2,Air,Very Light,Low Fragility
112,Coffee Pack - Premium,Food,0.35,2,Air,Very Light,Low Fragility
113,Rice Bag (Small),Food,1.0,1,Road,Light,Low Fragility
114,Sugar Pack (Small),Food,1.0,1,Road,Light,Low Fragility
115,Granola Pack - Standard,Food,0.55,2,Road,Light,Low Fragility
116,Instant Noodles Pack - Value Pack,Food,0.8,2,Road,Light,Low Fragility
117,Smartphone - Standard,Electronics,0.32,5,Air,Very Light,Very High Fragility
118,Smartphone - Premium,Electronics,0.29,5,Air,Very Light,Very High Fragility
119,Tablet (Large),Electronics,0.65,4,Air,Light,High Fragility
120,Tablet (Small),Electronics,0.45,4,Air,Very Light,High Fragility
121,Laptop - Standard,Electronics,2.3,5,Air,Medium,Very High Fragility
122,Laptop - Premium,Electronics,2.7,5,Air,Medium,Very High Fragility
123,Headphones Set,Electronics,0.35,4,Air,Very Light,High Fragility
124,Bluetooth Speaker - Premium,Electronics,0.9,4,Road,Light,High Fragility
125,Wireless Mouse (Small),Electronics,0.12,3,Air,Very Light,Medium Fragility
126,Power Bank - Standard,Electronics,0.22,3,Air,Very Light,Medium Fragility
127,Smartwatch - Premium,Electronics,0.21,4,Air,Very Light,High Fragility
128,Router (Dual Band),Electronics,0.52,3,Road,Light,Medium Fragility
129,"LED Monitor 27""",Electronics,5.0,4,Sea,Medium,High Fragility
130,"Smart TV 55""",Electronics,11.0,4,Sea,Heavy,High Fragility
131,Office Paper Ream Pack,Paper Product,4.5,1,Road,Medium,Low Fragility
132,Notebook Set,Paper Product,1.1,1,Road,Light,Low Fragility
133,Sketchbook (Large),Paper Product,0.75,1,Road,Light,Low Fragility
134,Diary - Premium,Paper Product,0.45,1,Air,Very Light,Low Fragility
135,Magazine Bundle - Monthly,Paper Product,1.2,1,Road,Light,Low Fragility
136,Children Story Book Set,Paper Product,1.0,1,Road,Light,Low Fragility
137,Coloring Book Set - Value Pack,Paper Product,1.5,1,Road,Light,Low Fragility
138,Recipe Book - Family Edition,Paper Product,0.8,1,Road,Light,Low Fragility
139,Office File Folder Set - Large,Paper Product,1.0,1,Road,Light,Low Fragility
140,Hardcover Novel - Deluxe,Paper Product,1.1,1,Road,Light,Low Fragility
141,Perfume Bottle - Premium,Cosmetics,0.25,4,Road,Very Light,High Fragility
142,Perfume Set - Family Size,Cosmetics,0.8,4,Road,Light,High Fragility
143,Shampoo Bottle (Large),Cosmetics,0.6,3,Road,Light,Medium Fragility
144,Shampoo Pack - Value Pack,Cosmetics,0.7,3,Road,Light,Medium Fragility
145,Face Serum Bottle - Small,Cosmetics,0.12,4,Road,Very Light,High Fragility
146,Lipstick Set,Cosmetics,0.18,3,Road,Very Light,Medium Fragility
147,Compact Powder - Standard,Cosmetics,0.14,3,Road,Very Light,Medium Fragility
148,Nail Polish Set - Premium,Cosmetics,0.3,3,Road,Very Light,Medium Fragility
149,Sunscreen Lotion - Family Size,Cosmetics,0.45,2,Road,Very Light,Low Fragility
150,Hair Gel Jar - Large,Cosmetics,0.4,2,Road,Very Light,Low Fragility
151,Medicine Pack - Standard,Pharmacy,0.15,3,Air,Very Light,Medium Fragility
152,Medicine Pack - Large,Pharmacy,0.25,3,Road,Very Light,Medium Fragility
153,Medicine Syrup - Kids,Pharmacy,0.28,3,Air,Very Light,Medium Fragility
154,Vitamin Bottle - Large,Pharmacy,0.35,3,Road,Very Light,Medium Fragility
155,Vitamin Box - Family Pack,Pharmacy,0.6,3,Road,Light,Medium Fragility
156,First Aid Kit - Premium,Pharmacy,1.0,3,Road,Light,Medium Fragility
157,Blood Pressure Monitor Set,Pharmacy,0.7,3,Road,Light,Medium Fragility
158,Glucose Meter Pack,Pharmacy,0.25,3,Air,Very Light,Medium Fragility
159,Eye Drop Bottle - Small,Pharmacy,0.04,3,Air,Very Light,Medium Fragility
160,Pain Relief Ointment Pack,Pharmacy,0.2,3,Road,Very Light,Medium Fragility
161,Bandage Roll Set,Pharmacy,0.3,2,Road,Very Light,Low Fragility
162,Water Bottle Pack,Drinkware,1.4,3,Road,Light,Medium Fragility
163,Travel Tumbler Set,Drinkware,0.9,3,Road,Light,Medium Fragility
164,Thermos Flask - Large,Drinkware,0.85,3,Road,Light,Medium Fragility
165,Glass Bottle - Premium,Drinkware,0.95,4,Sea,Light,High Fragility
166,Wine Bottle Set,Drinkware,2.6,4,Sea,Medium,High Fragility
167,Juice Pack - Family Size,Drinkware,1.5,3,Road,Light,Medium Fragility
168,Energy Drink - Value Pack,Drinkware,1.1,2,Road,Light,Low Fragility
169,Snack Mix - Premium,Food,0.7,2,Road,Light,Low Fragility
170,Snack Box - Family Size,Food,1.0,2,Road,Light,Low Fragility
171,Chocolate Bag - Value Pack,Food,0.55,2,Air,Light,Low Fragility
172,Cereal Packet - Small,Food,0.35,2,Road,Very Light,Low Fragility
173,Granola Pack (Large),Food,0.65,2,Road,Light,Low Fragility
174,Pasta Box (Large),Food,0.8,2,Road,Light,Low Fragility
175,Frozen Veggie Pack - Family Size,Food,1.6,2,Air,Light,Low Fragility
176,Spice Jar Set - Premium,Food,0.85,2,Air,Light,Low Fragility
177,Rice Bag 10kg,Food,10.0,1,Sea,Heavy,Low Fragility
178,Sugar Pack 5kg,Food,5.0,1,Road,Medium,Low Fragility
179,Smartphone - Value Pack,Electronics,0.31,5,Air,Very Light,Very High Fragility
180,Tablet Device - Standard,Electronics,0.55,4,Air,Light,High Fragility
181,Laptop - Business Edition,Electronics,2.9,5,Air,Medium,Very High Fragility
182,Wireless Mouse - Premium,Electronics,0.16,3,Air,Very Light,Medium Fragility
183,Bluetooth Speaker - Standard,Electronics,0.7,4,Road,Light,High Fragility
184,USB Flash Drive Bundle,Electronics,0.08,2,Air,Very Light,Low Fragility
185,Router (Mesh),Electronics,0.6,3,Road,Light,Medium Fragility
186,"LED Monitor 32""",Electronics,6.1,4,Sea,Heavy,High Fragility
187,"Smart TV 65""",Electronics,14.0,4,Sea,Heavy,High Fragility
188,Graphic Tablet - Large,Electronics,1.4,4,Air,Light,High Fragility
189,Office Paper Ream - Premium,Paper Product,2.6,1,Road,Medium,Low Fragility
190,Notebook - Small,Paper Product,0.25,1,Air,Very Light,Low Fragility
191,Booklet - Training Manual,Paper Product,0.4,1,Air,Very Light,Low Fragility
192,Children Story Book - Illustrated,Paper Product,0.5,1,Road,Very Light,Low Fragility
193,Coloring Book Set - Kids,Paper Product,1.3,1,Road,Light,Low Fragility
194,Recipe Book - Dessert Edition,Paper Product,0.65,1,Road,Light,Low Fragility
195,Office File Folder Set - Premium,Paper Product,0.9,1,Road,Light,Low Fragility
196,Hardcover Novel - Collector Edition,Paper Product,1.3,1,Road,Light,Low Fragility
197,Magazine Bundle - Weekly,Paper Product,0.95,1,Road,Light,Low Fragility
198,Planner Notebook - Deluxe,Paper Product,0.55,1,Air,Light,Low Fragility
199,Perfume Bottle (Small),Cosmetics,0.18,4,Road,Very Light,High Fragility
200,Perfume Set - Deluxe,Cosmetics,0.9,4,Road,Light,High Fragility
201,Shampoo Bottle - Travel Size,Cosmetics,0.22,3,Road,Very Light,Medium Fragility
202,Shampoo Pack - Family Size,Cosmetics,0.8,3,Road,Light,Medium Fragility
203,Lotion Bottle - Premium,Cosmetics,0.45,3,Road,Very Light,Medium Fragility
204,Face Wash Tube - Oil Control,Cosmetics,0.25,2,Road,Very Light,Low Fragility
205,Eyeshadow Kit - Deluxe,Cosmetics,0.28,3,Road,Very Light,Medium Fragility
206,Nail Polish Set - Glitter,Cosmetics,0.32,3,Road,Very Light,Medium Fragility
207,Sunscreen Lotion SPF50,Cosmetics,0.35,2,Road,Very Light,Low Fragility
208,Beard Oil Bottle - Small,Cosmetics,0.14,3,Road,Very Light,Medium Fragility
209,Hair Gel Jar - Extra Hold,Cosmetics,0.38,2,Road,Very Light,Low Fragility
210,Medicine Pack - Kids,Pharmacy,0.18,3,Air,Very Light,Medium Fragility
211,Medicine Syrup - Adult,Pharmacy,0.32,3,Air,Very Light,Medium Fragility
212,Vitamin Bottle - Kids,Pharmacy,0.22,3,Road,Very Light,Medium Fragility
213,Vitamin Box - Premium,Pharmacy,0.55,3,Road,Light,Medium Fragility
214,First Aid Kit - Travel,Pharmacy,0.6,3,Road,Light,Medium Fragility
215,Digital Thermometer - Premium,Pharmacy,0.09,3,Air,Very Light,Medium Fragility
216,Glucose Meter - Compact,Pharmacy,0.18,3,Air,Very Light,Medium Fragility
217,Eye Drop Bottle - Allergy Relief,Pharmacy,0.05,3,Air,Very Light,Medium Fragility
218,Nasal Spray - Decongestant,Pharmacy,0.08,3,Air,Very Light,Medium Fragility
219,Bandage Roll - Elastic,Pharmacy,0.22,2,Road,Very Light,Low Fragility
220,Pain Relief Ointment - Extra Strength,Pharmacy,0.16,3,Road,Very Light,Medium Fragility
221,Water Bottle (Small),Drinkware,0.55,3,Road,Light,Medium Fragility
222,Water Jug - Premium,Drinkware,2.4,3,Sea,Medium,Medium Fragility
223,Glass Bottle Set - Gift,Drinkware,1.8,4,Sea,Light,High Fragility
224,Travel Tumbler - Insulated,Drinkware,0.45,3,Road,Very Light,Medium Fragility
225,Thermos Flask - Travel,Drinkware,0.7,3,Road,Light,Medium Fragility
226,Juice Bottle - Kids Pack,Drinkware,0.65,3,Road,Light,Medium Fragility
227,Energy Drink - Sports,Drinkware,0.55,2,Road,Light,Low Fragility
228,Snack Pack - Kids,Food,0.35,2,Road,Very Light,Low Fragility
229,Snack Bag - Extra Spicy,Food,0.3,2,Road,Very Light,Low Fragility
230,Snack Box - Party Pack,Food,1.2,2,Road,Light,Low Fragility
231,Chocolate Box - Gift,Food,0.75,2,Air,Light,Low Fragility
232,Cereal Box - Kids,Food,0.5,2,Road,Very Light,Low Fragility
233,Cereal Packet - Value Pack,Food,0.7,2,Road,Light,Low Fragility
234,Tea Box - Premium,Food,0.35,2,Air,Very Light,Low Fragility
235,Coffee Pack - Dark Roast,Food,0.4,2,Air,Very Light,Low Fragility
236,Granola Pack - Honey,Food,0.6,2,Road,Light,Low Fragility
237,Instant Noodles Pack - Spicy,Food,0.55,2,Road,Light,Low Fragility
238,Smartphone - Lite,Electronics,0.27,5,Air,Very Light,Very High Fragility
239,Smartphone - Max,Electronics,0.33,5,Air,Very Light,Very High Fragility
240,Tablet - Kids Edition,Electronics,0.5,4,Air,Very Light,High Fragility
241,Tablet Device - Business,Electronics,0.7,4,Air,Light,High Fragility
242,Laptop - Gaming,Electronics,3.2,5,Air,Medium,Very High Fragility
243,Headphones - Wireless,Electronics,0.32,4,Air,Very Light,High Fragility
244,Power Bank - High Capacity,Electronics,0.4,3,Air,Very Light,Medium Fragility
245,Bluetooth Speaker - Mini,Electronics,0.45,4,Road,Very Light,High Fragility
246,USB Flash Drive - 64GB,Electronics,0.05,2,Air,Very Light,Low Fragility
247,Router - Gaming,Electronics,0.7,3,Road,Light,Medium Fragility
248,"LED Monitor 21""",Electronics,3.5,4,Sea,Medium,High Fragility
249,"Smart TV 32""",Electronics,7.8,4,Sea,Heavy,High Fragility
250,Graphic Tablet - Compact,Electronics,0.9,4,Air,Light,High Fragility
251,Office Paper Ream - Economy,Paper Product,2.1,1,Road,Medium,Low Fragility
252,Notebook - Spiral,Paper Product,0.45,1,Road,Very Light,Low Fragility
253,Book - Paperback Novel,Paper Product,0.5,1,Road,Very Light,Low Fragility
254,Diary - Pocket,Paper Product,0.3,1,Air,Very Light,Low Fragility
255,Children Story Book - Beginner,Paper Product,0.4,1,Road,Very Light,Low Fragility
256,Coloring Book Set - Animals,Paper Product,1.1,1,Road,Light,Low Fragility
257,Recipe Book - Quick Meals,Paper Product,0.6,1,Road,Light,Low Fragility
258,Office File Folder Set - Basic,Paper Product,0.75,1,Road,Light,Low Fragility
259,Hardcover Novel - Thriller,Paper Product,0.95,1,Road,Light,Low Fragility
260,Magazine Bundle - Travel,Paper Product,0.85,1,Road,Light,Low Fragility
261,Perfume Bottle - Floral,Cosmetics,0.22,4,Road,Very Light,High Fragility
262,Perfume Set - Travel,Cosmetics,0.5,4,Road,Very Light,High Fragility
263,Shampoo Bottle - Herbal,Cosmetics,0.38,3,Road,Very Light,Medium Fragility
264,Shampoo Pack - Anti-Dandruff,Cosmetics,0.55,3,Road,Light,Medium Fragility
265,Face Serum Bottle - Anti-Aging,Cosmetics,0.17,4,Road,Very Light,High Fragility
266,Lipstick - Matte,Cosmetics,0.11,3,Road,Very Light,Medium Fragility
267,Compact Powder - Oil Control,Cosmetics,0.13,3,Road,Very Light,Medium Fragility
268,Eyeshadow Kit - Nude,Cosmetics,0.24,3,Road,Very Light,Medium Fragility
269,Nail Polish Set - Neon,Cosmetics,0.27,3,Road,Very Light,Medium Fragility
270,Sunscreen Lotion SPF30,Cosmetics,0.32,2,Road,Very Light,Low Fragility
271,Medicine Pack - Travel,Pharmacy,0.14,3,Air,Very Light,Medium Fragility
272,Medicine Syrup - Cough Relief,Pharmacy,0.3,3,Air,Very Light,Medium Fragility
273,Vitamin Bottle - Women,Pharmacy,0.24,3,Road,Very Light,Medium Fragility
274,Vitamin Bottle - Men,Pharmacy,0.26,3,Road,Very Light,Medium Fragility
275,First Aid Kit - Home,Pharmacy,0.9,3,Road,Light,Medium Fragility
276,Digital Thermometer - Kids,Pharmacy,0.08,3,Air,Very Light,Medium Fragility
277,Glucose Meter - Starter,Pharmacy,0.2,3,Air,Very Light,Medium Fragility
278,Eye Drop Bottle - Dry Eye,Pharmacy,0.05,3,Air,Very Light,Medium Fragility
279,Nasal Spray - Kids,Pharmacy,0.07,3,Air,Very Light,Medium Fragility
280,Bandage Roll - Cotton,Pharmacy,0.2,2,Road,Very Light,Low Fragility
281,Water Bottle - Sports,Drinkware,0.7,3,Road,Light,Medium Fragility
282,Travel Tumbler - Steel,Drinkware,0.5,3,Road,Very Light,Medium Fragility
283,Thermos Flask - Office,Drinkware,0.75,3,Road,Light,Medium Fragility
284,Glass Bottle - Vintage,Drinkware,0.9,4,Sea,Light,High Fragility
285,Wine Bottle - Reserve,Drinkware,1.4,4,Sea,Light,High Fragility
286,Juice Pack - Breakfast,Drinkware,1.2,3,Road,Light,Medium Fragility
287,Energy Drink - Zero Sugar,Drinkware,0.6,2,Road,Light,Low Fragility
288,Snack Pack - Party Mix,Food,0.65,2,Road,Light,Low Fragility
289,Snack Bag - Cheese,Food,0.28,2,Road,Very Light,Low Fragility
290,Snack Box - Office Pack,Food,0.9,2,Road,Light,Low Fragility
291,Chocolate Box - Dark,Food,0.55,2,Air,Light,Low Fragility
292,Cereal Box - High Fiber,Food,0.52,2,Road,Light,Low Fragility
293,Cereal Packet - Chocolate,Food,0.48,2,Road,Very Light,Low Fragility
294,Tea Box - Green Tea,Food,0.33,2,Air,Very Light,Low Fragility
295,Coffee Pack - Instant,Food,0.36,2,Air,Very Light,Low Fragility
296,Granola Pack - Berry,Food,0.58,2,Road,Light,Low Fragility
297,Instant Noodles Pack - Cup,Food,0.42,2,Road,Very Light,Low Fragility
298,Rice Bag 2kg,Food,2.0,1,Road,Light,Low Fragility
299,Sugar Pack 1kg,Food,1.0,1,Road,Light,Low Fragility
300,Cookie Tin - Assorted,Food,1.1,2,Road,Light,Low Fragility
301,Wireless Mouse - Office,Electronics,0.14,3,Air,Very Light,Medium Fragility
302,Smartphone - Enterprise,Electronics,0.34,5,Air,Very Light,Very High Fragility
303,Tablet Device - Education,Electronics,0.58,4,Air,Light,High Fragility
304,Laptop - Ultrabook,Electronics,1.9,5,Air,Light,Very High Fragility
305,Headphones - Studio,Electronics,0.4,4,Air,Very Light,High Fragility
306,Bluetooth Speaker - Outdoor,Electronics,1.1,4,Road,Light,High Fragility
307,Power Bank - Slim,Electronics,0.2,3,Air,Very Light,Medium Fragility
308,USB Flash Drive - 128GB,Electronics,0.06,2,Air,Very Light,Low Fragility
309,Router - Dual Band,Electronics,0.55,3,Road,Light,Medium Fragility
310,"LED Monitor 19""",Electronics,3.0,4,Sea,Medium,High Fragility
311,"Smart TV 40""",Electronics,8.2,4,Sea,Heavy,High Fragility
312,Graphic Tablet - Student,Electronics,0.85,4,Air,Light,High Fragility
313,Office Paper Ream - Student,Paper Product,2.2,1,Road,Medium,Low Fragility
314,Notebook - College Ruled,Paper Product,0.5,1,Road,Very Light,Low Fragility
315,Book - Science Textbook,Paper Product,1.3,1,Road,Light,Low Fragility
316,Diary - Leather Cover,Paper Product,0.6,1,Road,Light,Low Fragility
317,Children Story Book - Fairytale,Paper Product,0.45,1,Road,Very Light,Low Fragility
318,Coloring Book Set - Alphabet,Paper Product,1.0,1,Road,Light,Low Fragility
319,Recipe Book - Vegan,Paper Product,0.7,1,Road,Light,Low Fragility
320,Planner Notebook - Academic,Paper Product,0.5,1,Air,Very Light,Low Fragility
321,Hardcover Novel - Romance,Paper Product,1.0,1,Road,Light,Low Fragility
322,Magazine Bundle - Fashion,Paper Product,0.9,1,Road,Light,Low Fragility
323,Perfume Bottle - Citrus,Cosmetics,0.23,4,Road,Very Light,High Fragility
324,Perfume Bottle - Woody,Cosmetics,0.24,4,Road,Very Light,High Fragility
325,Perfume Set - Gift,Cosmetics,0.75,4,Road,Light,High Fragility
326,Shampoo Bottle - Anti Hairfall,Cosmetics,0.42,3,Road,Very Light,Medium Fragility
327,Shampoo Bottle - Volumizing,Cosmetics,0.4,3,Road,Very Light,Medium Fragility
328,Face Serum Bottle - Brightening,Cosmetics,0.16,4,Road,Very Light,High Fragility
329,Lipstick - Glossy,Cosmetics,0.1,3,Road,Very Light,Medium Fragility
330,Lipstick - Long Lasting,Cosmetics,0.11,3,Road,Very Light,Medium Fragility
331,Compact Powder - Beige,Cosmetics,0.13,3,Road,Very Light,Medium Fragility
332,Eyeshadow Kit - Smokey,Cosmetics,0.23,3,Road,Very Light,Medium Fragility
333,Nail Polish Set - Pastel,Cosmetics,0.26,3,Road,Very Light,Medium Fragility
334,Sunscreen Lotion SPF20,Cosmetics,0.3,2,Road,Very Light,Low Fragility
335,Beard Oil Bottle - Cedarwood,Cosmetics,0.15,3,Road,Very Light,Medium Fragility
336,Hair Gel Jar - Wet Look,Cosmetics,0.36,2,Road,Very Light,Low Fragility
337,Medicine Pack - Cold Relief,Pharmacy,0.16,3,Air,Very Light,Medium Fragility
338,Medicine Pack - Pain Relief,Pharmacy,0.18,3,Air,Very Light,Medium Fragility
339,Medicine Syrup - Fever,Pharmacy,0.34,3,Air,Very Light,Medium Fragility
340,Vitamin Bottle - Seniors,Pharmacy,0.3,3,Road,Very Light,Medium Fragility
341,Vitamin Box - Daily,Pharmacy,0.5,3,Road,Very Light,Medium Fragility
342,First Aid Kit - Car,Pharmacy,0.7,3,Road,Light,Medium Fragility
343,Digital Thermometer - Standard,Pharmacy,0.08,3,Air,Very Light,Medium Fragility
344,Glucose Meter - Advanced,Pharmacy,0.22,3,Air,Very Light,Medium Fragility
345,Eye Drop Bottle - Redness Relief,Pharmacy,0.05,3,Air,Very Light,Medium Fragility
346,Nasal Spray - Menthol,Pharmacy,0.07,3,Air,Very Light,Medium Fragility
347,Bandage Roll - Sports,Pharmacy,0.24,2,Road,Very Light,Low Fragility
348,Pain Relief Ointment - Cooling,Pharmacy,0.18,3,Road,Very Light,Medium Fragility
349,Water Bottle - Premium Steel,Drinkware,0.75,3,Road,Light,Medium Fragility
350,Water Bottle - Kids,Drinkware,0.5,3,Road,Very Light,Medium Fragility
351,Travel Tumbler - Leak Proof,Drinkware,0.48,3,Road,Very Light,Medium Fragility
352,Thermos Flask - Wide Mouth,Drinkware,0.8,3,Road,Light,Medium Fragility
353,Glass Bottle - Gift Pack,Drinkware,1.7,4,Sea,Light,High Fragility
354,Wine Bottle - Classic Red,Drinkware,1.35,4,Sea,Light,High Fragility
355,Juice Pack - Tropical Mix,Drinkware,1.1,3,Road,Light,Medium Fragility
356,Energy Drink - Classic,Drinkware,0.58,2,Road,Light,Low Fragility
357,Snack Pack - Salted,Food,0.4,2,Road,Very Light,Low Fragility
358,Snack Bag - Barbecue,Food,0.3,2,Road,Very Light,Low Fragility
359,Snack Box - Movie Night,Food,1.0,2,Road,Light,Low Fragility
360,Chocolate Box - Milk,Food,0.6,2,Air,Light,Low Fragility
361,Cereal Box - Kids Chocolate,Food,0.55,2,Road,Light,Low Fragility
362,Cereal Packet - Honey,Food,0.5,2,Road,Very Light,Low Fragility
363,Tea Box - Masala,Food,0.34,2,Air,Very Light,Low Fragility
364,Coffee Pack - Medium Roast,Food,0.38,2,Air,Very Light,Low Fragility
365,Granola Pack - Nutty,Food,0.6,2,Road,Light,Low Fragility
366,Instant Noodles Pack - Family,Food,0.7,2,Road,Light,Low Fragility
367,Rice Bag 1kg,Food,1.0,1,Road,Light,Low Fragility
368,Sugar Pack 500g,Food,0.5,1,Road,Very Light,Low Fragility
369,Cookie Tin - Chocolate Chip,Food,1.0,2,Road,Light,Low Fragility
370,Protein Bar Pack - Chocolate,Food,0.45,2,Road,Very Light,Low Fragility
371,Snack Mix - Trail,Food,0.55,2,Road,Light,Low Fragility
372,Chocolate Bag - Mini Bites,Food,0.42,2,Air,Very Light,Low Fragility
373,Granola Pack - Coconut,Food,0.62,2,Road,Light,Low Fragility
374,Spice Jar Set - Indian,Food,0.9,2,Air,Light,Low Fragility
375,Frozen Veggie Pack - Mixed,Food,1.3,2,Air,Light,Low Fragility
376,Smartphone - Camera Edition,Electronics,0.32,5,Air,Very Light,Very High Fragility
377,Smartphone - Battery Plus,Electronics,0.33,5,Air,Very Light,Very High Fragility
378,Tablet - Pro,Electronics,0.7,4,Air,Light,High Fragility
379,Tablet Device - Creative,Electronics,0.65,4,Air,Light,High Fragility
380,Laptop - Creator Edition,Electronics,3.1,5,Air,Medium,Very High Fragility
381,Headphones - Noise Cancelling,Electronics,0.38,4,Air,Very Light,High Fragility
382,Bluetooth Speaker - Bass Boost,Electronics,0.95,4,Road,Light,High Fragility
383,Power Bank - Fast Charge,Electronics,0.3,3,Air,Very Light,Medium Fragility
384,USB Flash Drive - 256GB,Electronics,0.07,2,Air,Very Light,Low Fragility
385,Router - Office,Electronics,0.65,3,Road,Light,Medium Fragility
386,"LED Monitor 29""",Electronics,5.8,4,Sea,Heavy,High Fragility
387,"Smart TV 50""",Electronics,10.0,4,Sea,Heavy,High Fragility
388,Graphic Tablet - Designer,Electronics,1.2,4,Air,Light,High Fragility
389,Office Paper Ream - Copy,Paper Product,2.4,1,Road,Medium,Low Fragility
390,Notebook - Grid,Paper Product,0.48,1,Road,Very Light,Low Fragility
391,Book - History,Paper Product,0.9,1,Road,Light,Low Fragility
392,Diary - Classic,Paper Product,0.55,1,Road,Light,Low Fragility
393,Children Story Book - Animals,Paper Product,0.42,1,Road,Very Light,Low Fragility
394,Coloring Book Set - Numbers,Paper Product,1.05,1,Road,Light,Low Fragility
395,Recipe Book - Baking,Paper Product,0.68,1,Road,Light,Low Fragility
396,Planner Notebook - Work,Paper Product,0.52,1,Air,Light,Low Fragility
397,Hardcover Novel - Drama,Paper Product,1.05,1,Road,Light,Low Fragility
398,Magazine Bundle - Sports,Paper Product,0.88,1,Road,Light,Low Fragility
399,Perfume Bottle - Ocean Breeze,Cosmetics,0.24,4,Road,Very Light,High Fragility
400,Perfume Set - Signature,Cosmetics,0.82,4,Road,Light,High Fragility
401,Shampoo Bottle - Color Protect,Cosmetics,0.39,3,Road,Very Light,Medium Fragility
402,Shampoo Pack - Shine,Cosmetics,0.58,3,Road,Light,Medium Fragility
403,Face Serum Bottle - Hydrating,Cosmetics,0.18,4,Road,Very Light,High Fragility
404,Lipstick - Satin,Cosmetics,0.1,3,Road,Very Light,Medium Fragility
405,Compact Powder - Natural,Cosmetics,0.14,3,Road,Very Light,Medium Fragility
406,Eyeshadow Kit - Bright,Cosmetics,0.25,3,Road,Very Light,Medium Fragility
407,Nail Polish Set - Classic,Cosmetics,0.29,3,Road,Very Light,Medium Fragility
408,Sunscreen Lotion SPF15,Cosmetics,0.28,2,Road,Very Light,Low Fragility
409,Beard Oil Bottle - Vanilla,Cosmetics,0.16,3,Road,Very Light,Medium Fragility
410,Hair Gel Jar - Strong Hold,Cosmetics,0.37,2,Road,Very Light,Low Fragility
411,Medicine Pack - Allergy Relief,Pharmacy,0.17,3,Air,Very Light,Medium Fragility
412,Medicine Syrup - Sore Throat,Pharmacy,0.31,3,Air,Very Light,Medium Fragility
413,Vitamin Bottle - Daily Immunity,Pharmacy,0.27,3,Road,Very Light,Medium Fragility
414,Vitamin Box - Essentials,Pharmacy,0.53,3,Road,Light,Medium Fragility
415,First Aid Kit - Compact,Pharmacy,0.55,3,Road,Light,Medium Fragility
416,Digital Thermometer - Infrared,Pharmacy,0.1,3,Air,Very Light,Medium Fragility
417,Glucose Meter - Pro,Pharmacy,0.23,3,Air,Very Light,Medium Fragility
418,Eye Drop Bottle - Multi Action,Pharmacy,0.05,3,Air,Very Light,Medium Fragility
419,Nasal Spray - Herbal,Pharmacy,0.08,3,Air,Very Light,Medium Fragility
420,Bandage Roll - Adhesive,Pharmacy,0.21,2,Road,Very Light,Low Fragility
421,Water Bottle - Everyday,Drinkware,0.65,3,Road,Light,Medium Fragility
422,Travel Tumbler - Office,Drinkware,0.47,3,Road,Very Light,Medium Fragility
423,Thermos Flask - Slim,Drinkware,0.72,3,Road,Light,Medium Fragility
424,Glass Bottle - Decor,Drinkware,0.88,4,Sea,Light,High Fragility
425,Wine Bottle - White,Drinkware,1.3,4,Sea,Light,High Fragility
426,Juice Pack - Kids Mix,Drinkware,1.0,3,Road,Light,Medium Fragility
427,Energy Drink - Citrus,Drinkware,0.57,2,Road,Light,Low Fragility
428,Snack Pack - Spicy Mix,Food,0.43,2,Road,Very Light,Low Fragility
429,Snack Bag - Sour Cream,Food,0.29,2,Road,Very Light,Low Fragility
430,Snack Box - Student Pack,Food,0.85,2,Road,Light,Low Fragility
431,Chocolate Box - Assorted,Food,0.65,2,Air,Light,Low Fragility
432,Cereal Box - Protein,Food,0.6,2,Road,Light,Low Fragility
433,Cereal Packet - Strawberry,Food,0.47,2,Road,Very Light,Low Fragility
434,Tea Box - Lemon,Food,0.32,2,Air,Very Light,Low Fragility
435,Coffee Pack - Classic Blend,Food,0.37,2,Air,Very Light,Low Fragility
436,Granola Pack - Chocolate,Food,0.59,2,Road,Light,Low Fragility
437,Instant Noodles Pack - Cheese,Food,0.53,2,Road,Light,Low Fragility
438,Rice Bag 3kg,Food,3.0,1,Road,Medium,Low Fragility
439,Sugar Pack 3kg,Food,3.0,1,Road,Medium,Low Fragility
440,Cookie Tin - Butter,Food,1.05,2,Road,Light,Low Fragility
441,Protein Bar Pack - Nuts,Food,0.47,2,Road,Very Light,Low Fragility
442,Snack Mix - Sweet & Salty,Food,0.6,2,Road,Light,Low Fragility
443,Chocolate Bag - Caramel,Food,0.44,2,Air,Very Light,Low Fragility
444,Spice Jar Set - Grill,Food,0.92,2,Air,Light,Low Fragility
445,Frozen Veggie Pack - Peas,Food,1.1,2,Air,Light,Low Fragility
446,Smartphone - Plus Edition,Electronics,0.35,5,Air,Very Light,Very High Fragility
447,Smartphone - Compact,Electronics,0.26,5,Air,Very Light,Very High Fragility
448,Tablet - Office Edition,Electronics,0.62,4,Air,Light,High Fragility
449,Tablet Device - Kids Pro,Electronics,0.57,4,Air,Light,High Fragility
450,Laptop - Office Basic,Electronics,2.4,5,Air,Medium,Very High Fragility
451,Headphones - Gaming,Electronics,0.36,4,Air,Very Light,High Fragility
452,Bluetooth Speaker - Party,Electronics,1.3,4,Road,Light,High Fragility
453,Power Bank - Travel,Electronics,0.24,3,Air,Very Light,Medium Fragility
454,USB Flash Drive - 32GB,Electronics,0.05,2,Air,Very Light,Low Fragility
455,Router - Home Basic,Electronics,0.5,3,Road,Very Light,Medium Fragility
456,"LED Monitor 23""",Electronics,3.8,4,Sea,Medium,High Fragility
457,"Smart TV 42""",Electronics,8.5,4,Sea,Heavy,High Fragility
458,Graphic Tablet - Entry,Electronics,0.8,4,Air,Light,High Fragility
459,Office Paper Ream - Laser,Paper Product,2.5,1,Road,Medium,Low Fragility
460,Notebook - Plain,Paper Product,0.46,1,Road,Very Light,Low Fragility
461,Book - Biography,Paper Product,0.95,1,Road,Light,Low Fragility
462,Diary - Fabric Cover,Paper Product,0.53,1,Road,Light,Low Fragility
463,Children Story Book - Space,Paper Product,0.43,1,Road,Very Light,Low Fragility
464,Coloring Book Set - Vehicles,Paper Product,1.15,1,Road,Light,Low Fragility
465,Recipe Book - Family Dinners,Paper Product,0.72,1,Road,Light,Low Fragility
466,Planner Notebook - Monthly,Paper Product,0.51,1,Air,Light,Low Fragility
467,Hardcover Novel - Mystery,Paper Product,1.08,1,Road,Light,Low Fragility
468,Magazine Bundle - Tech,Paper Product,0.87,1,Road,Light,Low Fragility
469,Perfume Bottle - Rose,Cosmetics,0.22,4,Road,Very Light,High Fragility
470,Perfume Set - Classic,Cosmetics,0.78,4,Road,Light,High Fragility
471,Shampoo Bottle - Smoothening,Cosmetics,0.41,3,Road,Very Light,Medium Fragility
472,Shampoo Pack - Repair,Cosmetics,0.6,3,Road,Light,Medium Fragility
473,Face Serum Bottle - Vitamin C,Cosmetics,0.19,4,Road,Very Light,High Fragility
474,Lipstick - Nude,Cosmetics,0.11,3,Road,Very Light,Medium Fragility
475,Compact Powder - Sand,Cosmetics,0.13,3,Road,Very Light,Medium Fragility
476,Eyeshadow Kit - Colorful,Cosmetics,0.26,3,Road,Very Light,Medium Fragility
477,Nail Polish Set - Metallic,Cosmetics,0.28,3,Road,Very Light,Medium Fragility
478,Sunscreen Lotion SPF40,Cosmetics,0.34,2,Road,Very Light,Low Fragility
479,Beard Oil Bottle - Tea Tree,Cosmetics,0.17,3,Road,Very Light,Medium Fragility
480,Hair Gel Jar - Styling,Cosmetics,0.35,2,Road,Very Light,Low Fragility
481,Medicine Pack - Digestive,Pharmacy,0.15,3,Air,Very Light,Medium Fragility
482,Medicine Syrup - Immunity,Pharmacy,0.29,3,Air,Very Light,Medium Fragility
483,Vitamin Bottle - Teens,Pharmacy,0.25,3,Road,Very Light,Medium Fragility
484,Vitamin Box - Energy,Pharmacy,0.52,3,Road,Light,Medium Fragility
485,First Aid Kit - Outdoor,Pharmacy,0.8,3,Road,Light,Medium Fragility
486,Digital Thermometer - Flexible,Pharmacy,0.09,3,Air,Very Light,Medium Fragility
487,Glucose Meter - Home,Pharmacy,0.21,3,Air,Very Light,Medium Fragility
488,Eye Drop Bottle - Contact Lens,Pharmacy,0.05,3,Air,Very Light,Medium Fragility
489,Nasal Spray - Saline,Pharmacy,0.07,3,Air,Very Light,Medium Fragility
490,Bandage Roll - Kids,Pharmacy,0.19,2,Road,Very Light,Low Fragility
491,Water Bottle - Trek,Drinkware,0.8,3,Road,Light,Medium Fragility
492,Travel Tumbler - Grip,Drinkware,0.49,3,Road,Very Light,Medium Fragility
493,Thermos Flask - Compact,Drinkware,0.7,3,Road,Light,Medium Fragility
494,Glass Bottle - Designer,Drinkware,0.92,4,Sea,Light,High Fragility
495,Wine Bottle - Rose,Drinkware,1.33,4,Sea,Light,High Fragility
496,Juice Pack - Citrus Mix,Drinkware,1.05,3,Road,Light,Medium Fragility
497,Energy Drink - Berry,Drinkware,0.59,2,Road,Light,Low Fragility
498,Snack Pack - Corn Chips,Food,0.38,2,Road,Very Light,Low Fragility
499,Snack Bag - Tomato,Food,0.31,2,Road,Very Light,Low Fragility
500,Snack Box - Jumbo,Food,1.3,2,Road,Light,Low Fragility
501,Chocolate Box - Hazelnut,Food,0.68,2,Air,Light,Low Fragility
502,Cereal Box - Oats,Food,0.57,2,Road,Light,Low Fragility
503,Cereal Packet - Vanilla,Food,0.49,2,Road,Very Light,Low Fragility
504,Tea Box - Herbal Mix,Food,0.36,2,Air,Very Light,Low Fragility
505,Coffee Pack - Light Roast,Food,0.35,2,Air,Very Light,Low Fragility
506,Granola Pack - Almond,Food,0.61,2,Road,Light,Low Fragility
507,Instant Noodles Pack - Curry,Food,0.54,2,Road,Light,Low Fragility
508,Rice Bag 4kg,Food,4.0,1,Road,Medium,Low Fragility
509,Sugar Pack 4kg,Food,4.0,1,Road,Medium,Low Fragility
510,Cookie Tin - Festive,Food,1.2,2,Road,Light,Low Fragility
511,Protein Bar Pack - Vanilla,Food,0.46,2,Road,Very Light,Low Fragility
512,Snack Mix - Crunchy,Food,0.58,2,Road,Light,Low Fragility
513,Chocolate Bag - Almond,Food,0.43,2,Air,Very Light,Low Fragility
514,Spice Jar Set - Baking,Food,0.88,2,Air,Light,Low Fragility
515,Frozen Veggie Pack - Corn,Food,1.15,2,Air,Light,Low Fragility
516,Smartphone - Music Edition,Electronics,0.31,5,Air,Very Light,Very High Fragility
517,Smartphone - Photo Pro,Electronics,0.34,5,Air,Very Light,Very High Fragility
518,Tablet - Media,Electronics,0.63,4,Air,Light,High Fragility
519,Tablet Device - Study,Electronics,0.6,4,Air,Light,High Fragility
520,Laptop - Everyday,Electronics,2.6,5,Air,Medium,Very High Fragility
521,Headphones - On-Ear,Electronics,0.33,4,Air,Very Light,High Fragility
522,Bluetooth Speaker - Desk,Electronics,0.65,4,Road,Light,High Fragility
523,Power Bank - Pocket,Electronics,0.21,3,Air,Very Light,Medium Fragility
524,USB Flash Drive - 16GB,Electronics,0.05,2,Air,Very Light,Low Fragility
525,Router - Mini,Electronics,0.48,3,Road,Very Light,Medium Fragility
526,"LED Monitor 25""",Electronics,4.0,4,Sea,Medium,High Fragility
527,"Smart TV 48""",Electronics,9.5,4,Sea,Heavy,High Fragility
528,Graphic Tablet - Art,Electronics,1.0,4,Air,Light,High Fragility
529,Office Paper Ream - Bright,Paper Product,2.3,1,Road,Medium,Low Fragility
530,Notebook - Hard Cover,Paper Product,0.52,1,Road,Light,Low Fragility
531,Book - Fantasy,Paper Product,0.98,1,Road,Light,Low Fragility
532,Diary - Weekly,Paper Product,0.5,1,Road,Very Light,Low Fragility
533,Children Story Book - Jungle,Paper Product,0.44,1,Road,Very Light,Low Fragility
534,Coloring Book Set - Sea Life,Paper Product,1.12,1,Road,Light,Low Fragility
535,Recipe Book - Quick Snacks,Paper Product,0.66,1,Road,Light,Low Fragility
536,Planner Notebook - Daily,Paper Product,0.54,1,Air,Light,Low Fragility
537,Hardcover Novel - Adventure,Paper Product,1.02,1,Road,Light,Low Fragility
538,Magazine Bundle - Health,Paper Product,0.86,1,Road,Light,Low Fragility
539,Perfume Bottle - Musk,Cosmetics,0.23,4,Road,Very Light,High Fragility
540,Perfume Set - Elite,Cosmetics,0.85,4,Road,Light,High Fragility
541,Shampoo Bottle - Nourishing,Cosmetics,0.43,3,Road,Very Light,Medium Fragility
542,Shampoo Pack - Daily Use,Cosmetics,0.57,3,Road,Light,Medium Fragility
543,Face Serum Bottle - Repair,Cosmetics,0.17,4,Road,Very Light,High Fragility
544,Lipstick - Shine,Cosmetics,0.1,3,Road,Very Light,Medium Fragility
545,Compact Powder - Ivory,Cosmetics,0.12,3,Road,Very Light,Medium Fragility
546,Eyeshadow Kit - Party,Cosmetics,0.27,3,Road,Very Light,Medium Fragility
547,Nail Polish Set - Shimmer,Cosmetics,0.31,3,Road,Very Light,Medium Fragility
548,Sunscreen Lotion SPF60,Cosmetics,0.36,2,Road,Very Light,Low Fragility
549,Beard Oil Bottle - Sandal,Cosmetics,0.18,3,Road,Very Light,Medium Fragility
550,Hair Gel Jar - Volume,Cosmetics,0.39,2,Road,Very Light,Low Fragility
551,Medicine Pack - Balanced Diet,Pharmacy,0.16,3,Air,Very Light,Medium Fragility
552,Medicine Syrup - Kids Cough,Pharmacy,0.27,3,Air,Very Light,Medium Fragility
553,Vitamin Bottle - Multi,Pharmacy,0.28,3,Road,Very Light,Medium Fragility
554,Vitamin Box - Wellness,Pharmacy,0.54,3,Road,Light,Medium Fragility
555,First Aid Kit - Travel Plus,Pharmacy,0.65,3,Road,Light,Medium Fragility
556,Digital Thermometer - Smart,Pharmacy,0.1,3,Air,Very Light,Medium Fragility
557,Glucose Meter - Clinic,Pharmacy,0.24,3,Air,Very Light,Medium Fragility
558,Eye Drop Bottle - Refresh,Pharmacy,0.05,3,Air,Very Light,Medium Fragility
559,Nasal Spray - Night,Pharmacy,0.08,3,Air,Very Light,Medium Fragility
560,Bandage Roll - Wide,Pharmacy,0.23,2,Road,Very Light,Low Fragility
561,Water Bottle - Flip Cap,Drinkware,0.68,3,Road,Light,Medium Fragility
562,Travel Tumbler - Colored,Drinkware,0.46,3,Road,Very Light,Medium Fragility
563,Thermos Flask - Kids,Drinkware,0.65,3,Road,Light,Medium Fragility
564,Glass Bottle - Everyday,Drinkware,0.86,4,Sea,Light,High Fragility
565,Wine Bottle - Reserve White,Drinkware,1.32,4,Sea,Light,High Fragility
566,Juice Pack - Apple,Drinkware,1.0,3,Road,Light,Medium Fragility
567,Energy Drink - Lime,Drinkware,0.56,2,Road,Light,Low Fragility
568,Snack Pack - Cheese Balls,Food,0.39,2,Road,Very Light,Low Fragility
569,Snack Bag - Chili,Food,0.29,2,Road,Very Light,Low Fragility
570,Snack Box - Sharing,Food,1.15,2,Road,Light,Low Fragility
571,Chocolate Box - Nut Mix,Food,0.67,2,Air,Light,Low Fragility
572,Cereal Box - Cornflakes,Food,0.54,2,Road,Light,Low Fragility
573,Cereal Packet - Raisin,Food,0.48,2,Road,Very Light,Low Fragility
574,Tea Box - Black,Food,0.35,2,Air,Very Light,Low Fragility
575,Coffee Pack - Filter,Food,0.37,2,Air,Very Light,Low Fragility
576,Granola Pack - Classic,Food,0.6,2,Road,Light,Low Fragility
577,Instant Noodles Pack - Garlic,Food,0.51,2,Road,Light,Low Fragility
578,Rice Bag 6kg,Food,6.0,1,Sea,Heavy,Low Fragility
579,Sugar Pack 6kg,Food,6.0,1,Sea,Heavy,Low Fragility
580,Cookie Tin - Butter Almond,Food,1.25,2,Road,Light,Low Fragility
581,Protein Bar Pack - Peanut,Food,0.48,2,Road,Very Light,Low Fragility
582,Snack Mix - Nuts & Seeds,Food,0.62,2,Road,Light,Low Fragility
583,Chocolate Bag - Crisp,Food,0.45,2,Air,Very Light,Low Fragility
584,Spice Jar Set - Everyday,Food,0.9,2,Air,Light,Low Fragility
585,Frozen Veggie Pack - Broccoli,Food,1.2,2,Air,Light,Low Fragility
586,Smartphone - Rugged,Electronics,0.38,5,Air,Very Light,Very High Fragility
587,Smartphone - Student,Electronics,0.3,5,Air,Very Light,Very High Fragility
588,Tablet - Gaming,Electronics,0.68,4,Air,Light,High Fragility
589,Tablet Device - Lite,Electronics,0.56,4,Air,Light,High Fragility
590,Laptop - Student,Electronics,2.1,5,Air,Medium,Very High Fragility
591,Headphones - Bass,Electronics,0.34,4,Air,Very Light,High Fragility
592,Bluetooth Speaker - Tower,Electronics,2.2,4,Road,Medium,High Fragility
593,Power Bank - Solar,Electronics,0.33,3,Air,Very Light,Medium Fragility
594,USB Flash Drive - 8GB,Electronics,0.05,2,Air,Very Light,Low Fragility
595,Router - Long Range,Electronics,0.7,3,Road,Light,Medium Fragility
596,"LED Monitor 27"" Curved",Electronics,5.2,4,Sea,Heavy,High Fragility
597,"Smart TV 58""",Electronics,11.5,4,Sea,Heavy,High Fragility
598,Graphic Tablet - Studio,Electronics,1.3,4,Air,Light,High Fragility
599,Office Paper Ream - Recycled,Paper Product,2.0,1,Road,Light,Low Fragility
600,Notebook - Eco,Paper Product,0.44,1,Road,Very Light,Low Fragility
601,Book - Classic Literature,Paper Product,0.92,1,Road,Light,Low Fragility
602,Diary - Minimal,Paper Product,0.42,1,Road,Very Light,Low Fragility
603,Children Story Book - Heroes,Paper Product,0.46,1,Road,Very Light,Low Fragility
604,Coloring Book Set - Farm,Paper Product,1.08,1,Road,Light,Low Fragility
605,Recipe Book - Salads,Paper Product,0.64,1,Road,Light,Low Fragility
606,Planner Notebook - Compact,Paper Product,0.49,1,Air,Very Light,Low Fragility
607,Hardcover Novel - Sci-Fi,Paper Product,1.06,1,Road,Light,Low Fragility
608,Magazine Bundle - Business,Paper Product,0.89,1,Road,Light,Low Fragility
609,Perfume Bottle - Evening,Cosmetics,0.24,4,Road,Very Light,High Fragility
610,Perfume Set - Luxury,Cosmetics,0.88,4,Road,Light,High Fragility
611,Shampoo Bottle - Clarifying,Cosmetics,0.4,3,Road,Very Light,Medium Fragility
612,Shampoo Pack - Smooth,Cosmetics,0.59,3,Road,Light,Medium Fragility
613,Face Serum Bottle - Night Repair,Cosmetics,0.18,4,Road,Very Light,High Fragility
614,Lipstick - Berry,Cosmetics,0.11,3,Road,Very Light,Medium Fragility
615,Compact Powder - Warm Beige,Cosmetics,0.13,3,Road,Very Light,Medium Fragility
616,Eyeshadow Kit - Rose,Cosmetics,0.24,3,Road,Very Light,Medium Fragility
617,Nail Polish Set - Glitter Mix,Cosmetics,0.3,3,Road,Very Light,Medium Fragility
618,Sunscreen Lotion SPF25,Cosmetics,0.31,2,Road,Very Light,Low Fragility
619,Beard Oil Bottle - Classic,Cosmetics,0.16,3,Road,Very Light,Medium Fragility
620,Hair Gel Jar - Matte,Cosmetics,0.36,2,Road,Very Light,Low Fragility
621,Medicine Pack - Detox,Pharmacy,0.17,3,Air,Very Light,Medium Fragility
622,Medicine Syrup - Multi Symptoms,Pharmacy,0.33,3,Air,Very Light,Medium Fragility
623,Vitamin Bottle - Hair & Nails,Pharmacy,0.29,3,Road,Very Light,Medium Fragility
624,Vitamin Box - Bone Health,Pharmacy,0.56,3,Road,Light,Medium Fragility
625,First Aid Kit - Kids,Pharmacy,0.7,3,Road,Light,Medium Fragility
626,Digital Thermometer - Dual Mode,Pharmacy,0.1,3,Air,Very Light,Medium Fragility
627,Glucose Meter - Portable,Pharmacy,0.2,3,Air,Very Light,Medium Fragility
628,Eye Drop Bottle - Anti Itch,Pharmacy,0.05,3,Air,Very Light,Medium Fragility
629,Nasal Spray - Allergy,Pharmacy,0.08,3,Air,Very Light,Medium Fragility
630,Bandage Roll - Waterproof,Pharmacy,0.22,2,Road,Very Light,Low Fragility
631,Water Bottle - Clear,Drinkware,0.6,3,Road,Light,Medium Fragility
632,Travel Tumbler - Matte,Drinkware,0.47,3,Road,Very Light,Medium Fragility
633,Thermos Flask - Grip,Drinkware,0.69,3,Road,Light,Medium Fragility
634,Glass Bottle - Bistro,Drinkware,0.9,4,Sea,Light,High Fragility
635,Wine Bottle - Sparkling,Drinkware,1.36,4,Sea,Light,High Fragility
636,Juice Pack - Mixed Berry,Drinkware,1.03,3,Road,Light,Medium Fragility
637,Energy Drink - Tropical,Drinkware,0.57,2,Road,Light,Low Fragility
638,Snack Pack - Nachos,Food,0.4,2,Road,Very Light,Low Fragility
639,Snack Bag - Onion,Food,0.3,2,Road,Very Light,Low Fragility
640,Snack Box - Home Pack,Food,1.05,2,Road,Light,Low Fragility
641,Chocolate Box - Praline,Food,0.66,2,Air,Light,Low Fragility
642,Cereal Box - Muesli,Food,0.58,2,Road,Light,Low Fragility
643,Cereal Packet - Fruit Mix,Food,0.5,2,Road,Very Light,Low Fragility
644,Tea Box - English Breakfast,Food,0.35,2,Air,Very Light,Low Fragility
645,Coffee Pack - Espresso,Food,0.39,2,Air,Very Light,Low Fragility
646,Granola Pack - Maple,Food,0.6,2,Road,Light,Low Fragility
647,Instant Noodles Pack - Veg,Food,0.5,2,Road,Very Light,Low Fragility
648,Rice Bag 7kg,Food,7.0,1,Sea,Heavy,Low Fragility
649,Sugar Pack 7kg,Food,7.0,1,Sea,Heavy,Low Fragility
650,Cookie Tin - Premium Mix,Food,1.3,2,Road,Light,Low Fragility
651,Protein Bar Pack - Caramel,Food,0.49,2,Road,Very Light,Low Fragility
652,Snack Mix - Protein,Food,0.63,2,Road,Light,Low Fragility
653,Chocolate Bag - Hazelnut Crunch,Food,0.46,2,Air,Very Light,Low Fragility
654,Spice Jar Set - Exotic,Food,0.94,2,Air,Light,Low Fragility
655,Frozen Veggie Pack - Mixed Beans,Food,1.25,2,Air,Light,Low Fragility
656,Smartphone - Fashion,Electronics,0.32,5,Air,Very Light,Very High Fragility
657,Smartphone - Office Pro,Electronics,0.33,5,Air,Very Light,Very High Fragility
658,Tablet - Slim,Electronics,0.59,4,Air,Light,High Fragility
659,Tablet Device - Travel,Electronics,0.55,4,Air,Light,High Fragility
660,Laptop - Executive,Electronics,2.7,5,Air,Medium,Very High Fragility
661,Headphones - Travel,Electronics,0.32,4,Air,Very Light,High Fragility
662,Bluetooth Speaker - Home,Electronics,0.7,4,Road,Light,High Fragility
663,Power Bank - Dual USB,Electronics,0.25,3,Air,Very Light,Medium Fragility
664,USB Flash Drive - 512GB,Electronics,0.08,2,Air,Very Light,Low Fragility
665,Router - Smart,Electronics,0.68,3,Road,Light,Medium Fragility
666,"LED Monitor 31""",Electronics,4.6,4,Sea,Medium,High Fragility
667,"Smart TV 46""",Electronics,9.0,4,Sea,Heavy,High Fragility
668,Graphic Tablet - School,Electronics,0.95,4,Air,Light,High Fragility
669,Office Paper Ream - Heavy,Paper Product,2.7,1,Road,Medium,Low Fragility
670,Notebook - Journal,Paper Product,0.5,1,Road,Very Light,Low Fragility
671,Book - Poetry,Paper Product,0.88,1,Road,Light,Low Fragility
672,Diary - Magnetic,Paper Product,0.51,1,Road,Light,Low Fragility
673,Children Story Book - Fantasy,Paper Product,0.47,1,Road,Very Light,Low Fragility
674,Coloring Book Set - Robots,Paper Product,1.1,1,Road,Light,Low Fragility
675,Recipe Book - Soups,Paper Product,0.63,1,Road,Light,Low Fragility
676,Planner Notebook - Executive,Paper Product,0.56,1,Air,Light,Low Fragility
677,Hardcover Novel - Epic,Paper Product,1.1,1,Road,Light,Low Fragility
678,Magazine Bundle - Lifestyle,Paper Product,0.9,1,Road,Light,Low Fragility
679,Perfume Bottle - Day,Cosmetics,0.23,4,Road,Very Light,High Fragility
680,Perfume Set - Weekend,Cosmetics,0.76,4,Road,Light,High Fragility
681,Shampoo Bottle - Mild,Cosmetics,0.39,3,Road,Very Light,Medium Fragility
682,Shampoo Pack - Volume Boost,Cosmetics,0.58,3,Road,Light,Medium Fragility
683,Face Serum Bottle - Pore Tight,Cosmetics,0.17,4,Road,Very Light,High Fragility
684,Lipstick - Coral,Cosmetics,0.1,3,Road,Very Light,Medium Fragility
685,Compact Powder - Cool Beige,Cosmetics,0.12,3,Road,Very Light,Medium Fragility
686,Eyeshadow Kit - Peach,Cosmetics,0.25,3,Road,Very Light,Medium Fragility
687,Nail Polish Set - Quick Dry,Cosmetics,0.28,3,Road,Very Light,Medium Fragility
688,Sunscreen Lotion SPF10,Cosmetics,0.27,2,Road,Very Light,Low Fragility
689,Beard Oil Bottle - Fresh,Cosmetics,0.15,3,Road,Very Light,Medium Fragility
690,Hair Gel Jar - Extra Volume,Cosmetics,0.38,2,Road,Very Light,Low Fragility
691,Medicine Pack - Sleep Support,Pharmacy,0.16,3,Air,Very Light,Medium Fragility
692,Medicine Syrup - Cold & Flu,Pharmacy,0.32,3,Air,Very Light,Medium Fragility
693,Vitamin Bottle - Skin,Pharmacy,0.27,3,Road,Very Light,Medium Fragility
694,Vitamin Box - Prenatal,Pharmacy,0.55,3,Road,Light,Medium Fragility
695,First Aid Kit - Emergency,Pharmacy,0.85,3,Road,Light,Medium Fragility
696,Digital Thermometer - Clinic,Pharmacy,0.11,3,Air,Very Light,Medium Fragility
697,Glucose Meter - Standard,Pharmacy,0.22,3,Air,Very Light,Medium Fragility
698,Eye Drop Bottle - Lubricant,Pharmacy,0.05,3,Air,Very Light,Medium Fragility
699,Nasal Spray - Strong,Pharmacy,0.08,3,Air,Very Light,Medium Fragility
700,Bandage Roll - Gentle,Pharmacy,0.2,2,Road,Very Light,Low Fragility
701,Water Bottle - Grip,Drinkware,0.72,3,Road,Light,Medium Fragility
702,Travel Tumbler - Wide,Drinkware,0.5,3,Road,Very Light,Medium Fragility
703,Thermos Flask - Classic,Drinkware,0.78,3,Road,Light,Medium Fragility
704,Glass Bottle - Retro,Drinkware,0.89,4,Sea,Light,High Fragility
705,Wine Bottle - Vintage Red,Drinkware,1.38,4,Sea,Light,High Fragility
706,Juice Pack - Citrus Blend,Drinkware,1.04,3,Road,Light,Medium Fragility
707,Energy Drink - Original,Drinkware,0.58,2,Road,Light,Low Fragility
708,Snack Pack - Classic Mix,Food,0.42,2,Road,Very Light,Low Fragility
709,Snack Bag - Sour,Food,0.29,2,Road,Very Light,Low Fragility
710,Snack Box - Mini,Food,0.9,2,Road,Light,Low Fragility
711,Chocolate Box - White,Food,0.57,2,Air,Light,Low Fragility
712,Cereal Box - Fiber,Food,0.56,2,Road,Light,Low Fragility
713,Cereal Packet - Nuts,Food,0.5,2,Road,Very Light,Low Fragility
714,Tea Box - Spiced,Food,0.34,2,Air,Very Light,Low Fragility
715,Coffee Pack - Strong,Food,0.38,2,Air,Very Light,Low Fragility
716,Granola Pack - Seed Mix,Food,0.62,2,Road,Light,Low Fragility
717,Instant Noodles Pack - Quick,Food,0.47,2,Road,Very Light,Low Fragility
718,Rice Bag 8kg,Food,8.0,1,Sea,Heavy,Low Fragility
719,Sugar Pack 8kg,Food,8.0,1,Sea,Heavy,Low Fragility
720,Cookie Tin - Everyday,Food,1.15,2,Road,Light,Low Fragility
721,Protein Bar Pack - Crunch,Food,0.5,2,Road,Very Light,Low Fragility
722,Snack Mix - Party,Food,0.65,2,Road,Light,Low Fragility
723,Chocolate Bag - Milk Crunch,Food,0.45,2,Air,Very Light,Low Fragility
724,Spice Jar Set - Kitchen,Food,0.91,2,Air,Light,Low Fragility
725,Frozen Veggie Pack - Spinach,Food,1.18,2,Air,Light,Low Fragility
726,Smartphone - Trend,Electronics,0.31,5,Air,Very Light,Very High Fragility
727,Smartphone - Max Pro,Electronics,0.36,5,Air,Very Light,Very High Fragility
728,Tablet - Office Pro,Electronics,0.66,4,Air,Light,High Fragility
729,Tablet Device - School,Electronics,0.58,4,Air,Light,High Fragility
730,Laptop - Home Use,Electronics,2.3,5,Air,Medium,Very High Fragility
731,Headphones - Sports,Electronics,0.31,4,Air,Very Light,High Fragility
732,Bluetooth Speaker - Portable,Electronics,0.68,4,Road,Light,High Fragility
733,Power Bank - Triple Port,Electronics,0.28,3,Air,Very Light,Medium Fragility
734,USB Flash Drive - Duo,Electronics,0.06,2,Air,Very Light,Low Fragility
735,Router - Gaming Pro,Electronics,0.72,3,Road,Light,Medium Fragility
736,"LED Monitor 22""",Electronics,3.6,4,Sea,Medium,High Fragility
737,"Smart TV 44""",Electronics,8.8,4,Sea,Heavy,High Fragility
738,Graphic Tablet - Basic,Electronics,0.82,4,Air,Light,High Fragility
739,Office Paper Ream - Office,Paper Product,2.2,1,Road,Medium,Low Fragility
740,Notebook - Soft Cover,Paper Product,0.47,1,Road,Very Light,Low Fragility
741,Book - Thriller Collection,Paper Product,1.1,1,Road,Light,Low Fragility
742,Diary - Writer,Paper Product,0.52,1,Road,Light,Low Fragility
743,Children Story Book - Ocean,Paper Product,0.45,1,Road,Very Light,Low Fragility
744,Coloring Book Set - City,Paper Product,1.09,1,Road,Light,Low Fragility
745,Recipe Book - World Cuisine,Paper Product,0.7,1,Road,Light,Low Fragility
746,Planner Notebook - Workweek,Paper Product,0.53,1,Air,Light,Low Fragility
747,Hardcover Novel - Modern,Paper Product,1.03,1,Road,Light,Low Fragility
748,Magazine Bundle - Cars,Paper Product,0.88,1,Road,Light,Low Fragility
749,Perfume Bottle - Blossom,Cosmetics,0.22,4,Road,Very Light,High Fragility
750,Perfume Set - Blossom,Cosmetics,0.8,4,Road,Light,High Fragility
751,Shampoo Bottle - Daily Care,Cosmetics,0.41,3,Road,Very Light,Medium Fragility
752,Shampoo Pack - Smooth & Shine,Cosmetics,0.6,3,Road,Light,Medium Fragility
753,Face Serum Bottle - Glow,Cosmetics,0.18,4,Road,Very Light,High Fragility
754,Lipstick - Rose,Cosmetics,0.11,3,Road,Very Light,Medium Fragility
755,Compact Powder - Neutral,Cosmetics,0.13,3,Road,Very Light,Medium Fragility
756,Eyeshadow Kit - Pastel,Cosmetics,0.26,3,Road,Very Light,Medium Fragility
757,Nail Polish Set - Soft,Cosmetics,0.29,3,Road,Very Light,Medium Fragility
758,Sunscreen Lotion SPF18,Cosmetics,0.29,2,Road,Very Light,Low Fragility
759,Beard Oil Bottle - Citrus,Cosmetics,0.16,3,Road,Very Light,Medium Fragility
760,Hair Gel Jar - Flexible,Cosmetics,0.37,2,Road,Very Light,Low Fragility
761,Medicine Pack - Energy Boost,Pharmacy,0.17,3,Air,Very Light,Medium Fragility
762,Medicine Syrup - Kids Fever,Pharmacy,0.28,3,Air,Very Light,Medium Fragility
763,Vitamin Bottle - Joint,Pharmacy,0.3,3,Road,Very Light,Medium Fragility
764,Vitamin Box - Daily Plus,Pharmacy,0.57,3,Road,Light,Medium Fragility
765,First Aid Kit - Large,Pharmacy,0.95,3,Road,Light,Medium Fragility
766,Digital Thermometer - Touch,Pharmacy,0.11,3,Air,Very Light,Medium Fragility
767,Glucose Meter - Premium,Pharmacy,0.25,3,Air,Very Light,Medium Fragility
768,Eye Drop Bottle - Soothing,Pharmacy,0.05,3,Air,Very Light,Medium Fragility
769,Nasal Spray - Comfort,Pharmacy,0.08,3,Air,Very Light,Medium Fragility
770,Bandage Roll - Soft,Pharmacy,0.21,2,Road,Very Light,Low Fragility
771,Water Bottle - Colored,Drinkware,0.7,3,Road,Light,Medium Fragility
772,Travel Tumbler - Slim,Drinkware,0.45,3,Road,Very Light,Medium Fragility
773,Thermos Flask - Family,Drinkware,0.82,3,Road,Light,Medium Fragility
774,Glass Bottle - Thick,Drinkware,0.93,4,Sea,Light,High Fragility
775,Wine Bottle - House Red,Drinkware,1.34,4,Sea,Light,High Fragility
776,Juice Pack - Mango,Drinkware,1.02,3,Road,Light,Medium Fragility
777,Energy Drink - Energy Max,Drinkware,0.59,2,Road,Light,Low Fragility
778,Snack Pack - Light Salt,Food,0.39,2,Road,Very Light,Low Fragility
779,Snack Bag - Pepper,Food,0.3,2,Road,Very Light,Low Fragility
780,Snack Box - Entertainment,Food,1.1,2,Road,Light,Low Fragility
781,Chocolate Box - Assorted Nuts,Food,0.69,2,Air,Light,Low Fragility
782,Cereal Box - Multigrain,Food,0.59,2,Road,Light,Low Fragility
783,Cereal Packet - Banana,Food,0.51,2,Road,Light,Low Fragility
784,Tea Box - Classic,Food,0.35,2,Air,Very Light,Low Fragility
785,Coffee Pack - Mocha,Food,0.39,2,Air,Very Light,Low Fragility
786,Granola Pack - Honey Nut,Food,0.61,2,Road,Light,Low Fragility
787,Instant Noodles Pack - Teriyaki,Food,0.52,2,Road,Light,Low Fragility
788,Rice Bag 9kg,Food,9.0,1,Sea,Heavy,Low Fragility
789,Sugar Pack 9kg,Food,9.0,1,Sea,Heavy,Low Fragility
790,Cookie Tin - Gift Pack,Food,1.28,2,Road,Light,Low Fragility
791,Protein Bar Pack - Cocoa,Food,0.51,2,Road,Light,Low Fragility
792,Snack Mix - Mix Nuts,Food,0.66,2,Road,Light,Low Fragility
793,Chocolate Bag - Nougat,Food,0.47,2,Air,Very Light,Low Fragility
794,Spice Jar Set - BBQ,Food,0.93,2,Air,Light,Low Fragility
795,Frozen Veggie Pack - French Beans,Food,1.22,2,Air,Light,Low Fragility
796,Smartphone - Youth,Electronics,0.3,5,Air,Very Light,Very High Fragility
797,Smartphone - Max Ultra,Electronics,0.37,5,Air,Very Light,Very High Fragility
798,Tablet - Media Pro,Electronics,0.68,4,Air,Light,High Fragility
799,Tablet Device - Reader,Electronics,0.54,4,Air,Light,High Fragility
800,Laptop - Ultra Slim,Electronics,1.8,5,Air,Light,Very High Fragility
801,Headphones - Studio Pro,Electronics,0.41,4,Air,Very Light,High Fragility
802,Bluetooth Speaker - Max,Electronics,1.5,4,Road,Light,High Fragility
803,Power Bank - Quick,Electronics,0.29,3,Air,Very Light,Medium Fragility
804,USB Flash Drive - Secure,Electronics,0.07,2,Air,Very Light,Low Fragility
805,Router - Dual Antenna,Electronics,0.69,3,Road,Light,Medium Fragility
806,"LED Monitor 24"" Slim",Electronics,3.9,4,Sea,Medium,High Fragility
807,"Smart TV 60""",Electronics,12.2,4,Sea,Heavy,High Fragility
808,Graphic Tablet - Advanced,Electronics,1.25,4,Air,Light,High Fragility
809,Office Paper Ream - White,Paper Product,2.1,1,Road,Medium,Low Fragility
810,Notebook - Large,Paper Product,0.55,1,Road,Light,Low Fragility
811,Book - Detective,Paper Product,0.96,1,Road,Light,Low Fragility
812,Diary - Planner,Paper Product,0.53,1,Road,Light,Low Fragility
813,Children Story Book - Dinosaurs,Paper Product,0.48,1,Road,Very Light,Low Fragility
814,Coloring Book Set - Space,Paper Product,1.13,1,Road,Light,Low Fragility
815,Recipe Book - Healthy Eating,Paper Product,0.71,1,Road,Light,Low Fragility
816,Planner Notebook - Yearly,Paper Product,0.57,1,Air,Light,Low Fragility
817,Hardcover Novel - Classic,Paper Product,1.09,1,Road,Light,Low Fragility
818,Magazine Bundle - Cooking,Paper Product,0.87,1,Road,Light,Low Fragility
819,Perfume Bottle - Night Bloom,Cosmetics,0.25,4,Road,Very Light,High Fragility
820,Perfume Set - Night Bloom,Cosmetics,0.86,4,Road,Light,High Fragility
821,Shampoo Bottle - Hydrating,Cosmetics,0.42,3,Road,Very Light,Medium Fragility
822,Shampoo Pack - Thick Hair,Cosmetics,0.62,3,Road,Light,Medium Fragility
823,Face Serum Bottle - Youth,Cosmetics,0.19,4,Road,Very Light,High Fragility
824,Lipstick - Deep Red,Cosmetics,0.11,3,Road,Very Light,Medium Fragility
825,Compact Powder - Fair,Cosmetics,0.12,3,Road,Very Light,Medium Fragility
826,Eyeshadow Kit - Jewel,Cosmetics,0.27,3,Road,Very Light,Medium Fragility
827,Nail Polish Set - Bold,Cosmetics,0.3,3,Road,Very Light,Medium Fragility
828,Sunscreen Lotion SPF35,Cosmetics,0.33,2,Road,Very Light,Low Fragility
829,Beard Oil Bottle - Ocean,Cosmetics,0.17,3,Road,Very Light,Medium Fragility
830,Hair Gel Jar - Glossy,Cosmetics,0.38,2,Road,Very Light,Low Fragility
831,Medicine Pack - Metabolism,Pharmacy,0.17,3,Air,Very Light,Medium Fragility
832,Medicine Syrup - Bronchial,Pharmacy,0.33,3,Air,Very Light,Medium Fragility
833,Vitamin Bottle - Detox,Pharmacy,0.29,3,Road,Very Light,Medium Fragility
834,Vitamin Box - Sleep,Pharmacy,0.58,3,Road,Light,Medium Fragility
835,First Aid Kit - Premium Home,Pharmacy,1.0,3,Road,Light,Medium Fragility
836,Digital Thermometer - Bluetooth,Pharmacy,0.12,3,Air,Very Light,Medium Fragility
837,Glucose Meter - Wireless,Pharmacy,0.26,3,Air,Very Light,Medium Fragility
838,Eye Drop Bottle - Allergy Care,Pharmacy,0.05,3,Air,Very Light,Medium Fragility
839,Nasal Spray - Fresh Air,Pharmacy,0.09,3,Air,Very Light,Medium Fragility
840,Bandage Roll - Soft Grip,Pharmacy,0.22,2,Road,Very Light,Low Fragility
841,Water Bottle - Gradient,Drinkware,0.73,3,Road,Light,Medium Fragility
842,Travel Tumbler - Grip Handle,Drinkware,0.49,3,Road,Very Light,Medium Fragility
843,Thermos Flask - Duo,Drinkware,0.84,3,Road,Light,Medium Fragility
844,Glass Bottle - Tall,Drinkware,0.94,4,Sea,Light,High Fragility
845,Wine Bottle - Premium Blend,Drinkware,1.37,4,Sea,Light,High Fragility
846,Juice Pack - Guava,Drinkware,1.01,3,Road,Light,Medium Fragility
847,Energy Drink - Max Power,Drinkware,0.6,2,Road,Light,Low Fragility
848,Snack Pack - Crunchy Mix,Food,0.43,2,Road,Very Light,Low Fragility
849,Snack Bag - Spicy Lime,Food,0.31,2,Road,Very Light,Low Fragility
850,Snack Box - Combo,Food,1.2,2,Road,Light,Low Fragility
851,Chocolate Box - Fruit & Nut,Food,0.7,2,Air,Light,Low Fragility
852,Cereal Box - Honey Oats,Food,0.61,2,Road,Light,Low Fragility
853,Cereal Packet - Cinnamon,Food,0.52,2,Road,Light,Low Fragility
854,Tea Box - Mint,Food,0.34,2,Air,Very Light,Low Fragility
855,Coffee Pack - Caramel,Food,0.4,2,Air,Very Light,Low Fragility
856,Granola Pack - Cranberry,Food,0.63,2,Road,Light,Low Fragility
857,Instant Noodles Pack - Tomato,Food,0.53,2,Road,Light,Low Fragility
858,Rice Bag 10kg Premium,Food,10.0,1,Sea,Heavy,Low Fragility
859,Sugar Pack 10kg Premium,Food,10.0,1,Sea,Heavy,Low Fragility
860,Cookie Tin - Choco Mix,Food,1.32,2,Road,Light,Low Fragility
861,Protein Bar Pack - Fruit,Food,0.52,2,Road,Light,Low Fragility
862,Snack Mix - Deluxe,Food,0.68,2,Road,Light,Low Fragility
863,Chocolate Bag - Mixed,Food,0.48,2,Air,Very Light,Low Fragility
864,Spice Jar Set - Kitchen Pro,Food,0.95,2,Air,Light,Low Fragility
865,Frozen Veggie Pack - Stir Fry,Food,1.26,2,Air,Light,Low Fragility
866,Smartphone - Ultra Camera,Electronics,0.35,5,Air,Very Light,Very High Fragility
867,Smartphone - Long Life,Electronics,0.34,5,Air,Very Light,Very High Fragility
868,Tablet - Artist,Electronics,0.7,4,Air,Light,High Fragility
869,Tablet Device - Office Slim,Electronics,0.6,4,Air,Light,High Fragility
870,Laptop - Heavy Duty,Electronics,3.4,5,Air,Medium,Very High Fragility
871,Headphones - DJ,Electronics,0.42,4,Air,Very Light,High Fragility
872,Bluetooth Speaker - Rugged,Electronics,1.6,4,Road,Light,High Fragility
873,Power Bank - Rugged,Electronics,0.34,3,Air,Very Light,Medium Fragility
874,USB Flash Drive - Compact,Electronics,0.06,2,Air,Very Light,Low Fragility
875,Router - Tri-Band,Electronics,0.75,3,Road,Light,Medium Fragility
876,"LED Monitor 30""",Electronics,4.8,4,Sea,Medium,High Fragility
877,"Smart TV 62""",Electronics,12.8,4,Sea,Heavy,High Fragility
878,Graphic Tablet - Pro Studio,Electronics,1.35,4,Air,Light,High Fragility
879,Office Paper Ream - Smooth,Paper Product,2.4,1,Road,Medium,Low Fragility
880,Notebook - Classic,Paper Product,0.51,1,Road,Light,Low Fragility
881,Book - Collection,Paper Product,1.2,1,Road,Light,Low Fragility
882,Diary - Premium,Paper Product,0.56,1,Road,Light,Low Fragility
883,Children Story Book - Princess,Paper Product,0.49,1,Road,Very Light,Low Fragility
884,Coloring Book Set - Fantasy,Paper Product,1.12,1,Road,Light,Low Fragility
885,Recipe Book - Desserts,Paper Product,0.72,1,Road,Light,Low Fragility
886,Planner Notebook - Office,Paper Product,0.55,1,Air,Light,Low Fragility
887,Hardcover Novel - Bestseller,Paper Product,1.11,1,Road,Light,Low Fragility
888,Magazine Bundle - Mixed,Paper Product,0.9,1,Road,Light,Low Fragility
889,Perfume Bottle - Spring,Cosmetics,0.23,4,Road,Very Light,High Fragility
890,Perfume Set - Spring,Cosmetics,0.82,4,Road,Light,High Fragility
891,Shampoo Bottle - Color Care,Cosmetics,0.43,3,Road,Very Light,Medium Fragility
892,Shampoo Pack - Gentle,Cosmetics,0.61,3,Road,Light,Medium Fragility
893,Face Serum Bottle - Firming,Cosmetics,0.19,4,Road,Very Light,High Fragility
894,Lipstick - Soft Pink,Cosmetics,0.11,3,Road,Very Light,Medium Fragility
895,Compact Powder - Beige Sand,Cosmetics,0.13,3,Road,Very Light,Medium Fragility
896,Eyeshadow Kit - Neutral,Cosmetics,0.26,3,Road,Very Light,Medium Fragility
897,Nail Polish Set - Fashion,Cosmetics,0.3,3,Road,Very Light,Medium Fragility
898,Sunscreen Lotion SPF28,Cosmetics,0.3,2,Road,Very Light,Low Fragility
899,Beard Oil Bottle - Forest,Cosmetics,0.17,3,Road,Very Light,Medium Fragility
900,Hair Gel Jar - Sport,Cosmetics,0.39,2,Road,Very Light,Low Fragility
901,Medicine Pack - Heart Health,Pharmacy,0.18,3,Air,Very Light,Medium Fragility
902,Medicine Syrup - Kids Cold,Pharmacy,0.29,3,Air,Very Light,Medium Fragility
903,Vitamin Bottle - Vision,Pharmacy,0.28,3,Road,Very Light,Medium Fragility
904,Vitamin Box - Senior Care,Pharmacy,0.59,3,Road,Light,Medium Fragility
905,First Aid Kit - Universal,Pharmacy,1.05,3,Road,Light,Medium Fragility
906,Digital Thermometer - Pro,Pharmacy,0.12,3,Air,Very Light,Medium Fragility
907,Glucose Meter - USB,Pharmacy,0.27,3,Air,Very Light,Medium Fragility
908,Eye Drop Bottle - Ultra Moist,Pharmacy,0.05,3,Air,Very Light,Medium Fragility
909,Nasal Spray - Relief,Pharmacy,0.09,3,Air,Very Light,Medium Fragility
910,Bandage Roll - Stretch,Pharmacy,0.23,2,Road,Very Light,Low Fragility
911,Water Bottle - Office,Drinkware,0.71,3,Road,Light,Medium Fragility
912,Travel Tumbler - Sipper,Drinkware,0.46,3,Road,Very Light,Medium Fragility
913,Thermos Flask - Premium,Drinkware,0.83,3,Road,Light,Medium Fragility
914,Glass Bottle - Clear,Drinkware,0.92,4,Sea,Light,High Fragility
915,Wine Bottle - Classic Blend,Drinkware,1.35,4,Sea,Light,High Fragility
916,Juice Pack - Orange,Drinkware,1.02,3,Road,Light,Medium Fragility
917,Energy Drink - Blue,Drinkware,0.59,2,Road,Light,Low Fragility
918,Snack Pack - Tandoori,Food,0.41,2,Road,Very Light,Low Fragility
919,Snack Bag - Herb,Food,0.3,2,Road,Very Light,Low Fragility
920,Snack Box - Friends Pack,Food,1.18,2,Road,Light,Low Fragility
921,Chocolate Box - Crispy,Food,0.68,2,Air,Light,Low Fragility
922,Cereal Box - Kids Honey,Food,0.57,2,Road,Light,Low Fragility
923,Cereal Packet - Almond,Food,0.51,2,Road,Light,Low Fragility
924,Tea Box - Assam,Food,0.36,2,Air,Very Light,Low Fragility
925,Coffee Pack - Strong Roast,Food,0.4,2,Air,Very Light,Low Fragility
926,Granola Pack - Cashew,Food,0.62,2,Road,Light,Low Fragility
927,Instant Noodles Pack - Masala,Food,0.53,2,Road,Light,Low Fragility
928,Rice Bag 5kg Premium,Food,5.0,1,Sea,Medium,Low Fragility
929,Sugar Pack 5kg Premium,Food,5.0,1,Sea,Medium,Low Fragility
930,Cookie Tin - Classic,Food,1.2,2,Road,Light,Low Fragility
931,Protein Bar Pack - Berry,Food,0.52,2,Road,Light,Low Fragility
932,Snack Mix - Travel,Food,0.64,2,Road,Light,Low Fragility
933,Chocolate Bag - Truffle,Food,0.47,2,Air,Very Light,Low Fragility
934,Spice Jar Set - Premium Mix,Food,0.96,2,Air,Light,Low Fragility
935,Frozen Veggie Pack - Garden Mix,Food,1.27,2,Air,Light,Low Fragility
936,Smartphone - Entry,Electronics,0.29,5,Air,Very Light,Very High Fragility
937,Smartphone - Performance,Electronics,0.35,5,Air,Very Light,Very High Fragility
938,Tablet - Standard,Electronics,0.6,4,Air,Light,High Fragility
939,Tablet Device - Compact,Electronics,0.53,4,Air,Light,High Fragility
940,Laptop - Compact,Electronics,2.0,5,Air,Light,Very High Fragility
941,Headphones - Wireless Pro,Electronics,0.36,4,Air,Very Light,High Fragility
942,Bluetooth Speaker - Barrel,Electronics,1.2,4,Road,Light,High Fragility
943,Power Bank - Ultra Slim,Electronics,0.2,3,Air,Very Light,Medium Fragility
944,USB Flash Drive - Metal,Electronics,0.06,2,Air,Very Light,Low Fragility
945,Router - Compact,Electronics,0.5,3,Road,Very Light,Medium Fragility
946,"LED Monitor 26""",Electronics,4.2,4,Sea,Medium,High Fragility
947,"Smart TV 54""",Electronics,10.8,4,Sea,Heavy,High Fragility
948,Graphic Tablet - Portable,Electronics,0.9,4,Air,Light,High Fragility
949,Office Paper Ream - Standard,Paper Product,2.2,1,Road,Medium,Low Fragility
950,Notebook - Medium,Paper Product,0.5,1,Road,Very Light,Low Fragility
951,Book - Novel Set,Paper Product,1.15,1,Road,Light,Low Fragility
952,Diary - A5,Paper Product,0.48,1,Road,Very Light,Low Fragility
953,Children Story Book - Heroes 2,Paper Product,0.47,1,Road,Very Light,Low Fragility
954,Coloring Book Set - Jungle,Paper Product,1.1,1,Road,Light,Low Fragility
955,Recipe Book - Breakfast,Paper Product,0.69,1,Road,Light,Low Fragility
956,Planner Notebook - Student,Paper Product,0.52,1,Air,Light,Low Fragility
957,Hardcover Novel - Limited,Paper Product,1.12,1,Road,Light,Low Fragility
958,Magazine Bundle - Art,Paper Product,0.86,1,Road,Light,Low Fragility
959,Perfume Bottle - Fresh Air,Cosmetics,0.22,4,Road,Very Light,High Fragility
960,Perfume Set - Fresh Air,Cosmetics,0.81,4,Road,Light,High Fragility
961,Shampoo Bottle - Quick Wash,Cosmetics,0.4,3,Road,Very Light,Medium Fragility
962,Shampoo Pack - Family Care,Cosmetics,0.63,3,Road,Light,Medium Fragility
963,Face Serum Bottle - Daily Care,Cosmetics,0.18,4,Road,Very Light,High Fragility
964,Lipstick - Wine,Cosmetics,0.11,3,Road,Very Light,Medium Fragility
965,Compact Powder - Honey,Cosmetics,0.13,3,Road,Very Light,Medium Fragility
966,Eyeshadow Kit - Warm,Cosmetics,0.25,3,Road,Very Light,Medium Fragility
967,Nail Polish Set - Classic Red,Cosmetics,0.29,3,Road,Very Light,Medium Fragility
968,Sunscreen Lotion SPF22,Cosmetics,0.29,2,Road,Very Light,Low Fragility
969,Beard Oil Bottle - Woody,Cosmetics,0.17,3,Road,Very Light,Medium Fragility
970,Hair Gel Jar - Texture,Cosmetics,0.37,2,Road,Very Light,Low Fragility
971,Medicine Pack - Sugar Control,Pharmacy,0.18,3,Air,Very Light,Medium Fragility
972,Medicine Syrup - Night,Pharmacy,0.31,3,Air,Very Light,Medium Fragility
973,Vitamin Bottle - Cardio,Pharmacy,0.3,3,Road,Very Light,Medium Fragility
974,Vitamin Box - Active,Pharmacy,0.58,3,Road,Light,Medium Fragility
975,First Aid Kit - All Purpose,Pharmacy,0.98,3,Road,Light,Medium Fragility
976,Digital Thermometer - Fast,Pharmacy,0.11,3,Air,Very Light,Medium Fragility
977,Glucose Meter - Compact Pro,Pharmacy,0.23,3,Air,Very Light,Medium Fragility
978,Eye Drop Bottle - Clear Vision,Pharmacy,0.05,3,Air,Very Light,Medium Fragility
979,Nasal Spray - Gentle Mist,Pharmacy,0.08,3,Air,Very Light,Medium Fragility
980,Bandage Roll - Breathable,Pharmacy,0.21,2,Road,Very Light,Low Fragility
981,Water Bottle - Ultra,Drinkware,0.74,3,Road,Light,Medium Fragility
982,Travel Tumbler - Dual,Drinkware,0.48,3,Road,Very Light,Medium Fragility
983,Thermos Flask - Sports,Drinkware,0.8,3,Road,Light,Medium Fragility
984,Glass Bottle - Light,Drinkware,0.88,4,Sea,Light,High Fragility
985,Wine Bottle - Fine Red,Drinkware,1.33,4,Sea,Light,High Fragility
986,Juice Pack - Pineapple,Drinkware,1.03,3,Road,Light,Medium Fragility
987,Energy Drink - Punch,Drinkware,0.6,2,Road,Light,Low Fragility
988,Snack Pack - Salt & Vinegar,Food,0.4,2,Road,Very Light,Low Fragility
989,Snack Bag - Peri Peri,Food,0.31,2,Road,Very Light,Low Fragility
990,Snack Box - Mega,Food,1.25,2,Road,Light,Low Fragility
991,Chocolate Box - Rich,Food,0.7,2,Air,Light,Low Fragility
992,Cereal Box - Choco Flakes,Food,0.6,2,Road,Light,Low Fragility
993,Cereal Packet - Honey Nut,Food,0.52,2,Road,Light,Low Fragility
994,Tea Box - Herbal Classic,Food,0.37,2,Air,Very Light,Low Fragility
995,Coffee Pack - Premium Roast,Food,0.41,2,Air,Very Light,Low Fragility
996,Granola Pack - Deluxe,Food,0.64,2,Road,Light,Low Fragility
997,Instant Noodles Pack - Classic,Food,0.54,2,Road,Light,Low Fragility
998,Rice Bag 12kg,Food,12.0,1,Sea,Heavy,Low Fragility
999,Sugar Pack 12kg,Food,12.0,1,Sea,Heavy,Low Fragility
1000,Cookie Tin - King Size,Food,1.4,2,Road,Light,Low Fragility
1001,Wireless Mouse - Gaming,Electronics,0.16,3,Air,Very Light,Medium Fragility
1002,Wireless Mouse - Silent,Electronics,0.15,3,Air,Very Light,Medium Fragility
1003,Wireless Mouse - Vertical,Electronics,0.18,3,Air,Very Light,Medium Fragility
1004,Smartphone - Gaming Edition,Electronics,0.36,5,Air,Very Light,Very High Fragility
1005,Smartphone - Compact Lite,Electronics,0.28,5,Air,Very Light,Very High Fragility
1006,Smartphone - Business Max,Electronics,0.37,5,Air,Very Light,Very High Fragility
1007,Tablet - Kids Fun,Electronics,0.52,4,Air,Light,High Fragility
1008,Tablet - Reading Pro,Electronics,0.57,4,Air,Light,High Fragility
1009,Tablet - Graphic,Electronics,0.69,4,Air,Light,High Fragility
1010,Laptop - Office Slim,Electronics,2.2,5,Air,Medium,Very High Fragility
1011,Laptop - Office Heavy,Electronics,2.9,5,Air,Medium,Very High Fragility
1012,Laptop - Creator Pro,Electronics,3.0,5,Air,Medium,Very High Fragility
1013,Headphones - In-Ear,Electronics,0.12,4,Air,Very Light,High Fragility
1014,Headphones - Over-Ear,Electronics,0.4,4,Air,Very Light,High Fragility
1015,Headphones - Wireless Lite,Electronics,0.3,4,Air,Very Light,High Fragility
1016,Bluetooth Speaker - Cube,Electronics,0.6,4,Road,Light,High Fragility
1017,Bluetooth Speaker - Round,Electronics,0.7,4,Road,Light,High Fragility
1018,Bluetooth Speaker - Slim,Electronics,0.5,4,Road,Very Light,High Fragility
1019,Power Bank - 10000mAh,Electronics,0.25,3,Air,Very Light,Medium Fragility
1020,Power Bank - 20000mAh,Electronics,0.4,3,Air,Very Light,Medium Fragility
1021,Power Bank - 5000mAh,Electronics,0.18,3,Air,Very Light,Medium Fragility
1022,USB Flash Drive - 4GB,Electronics,0.05,2,Air,Very Light,Low Fragility
1023,USB Flash Drive - 2-in-1,Electronics,0.06,2,Air,Very Light,Low Fragility
1024,USB Flash Drive - 3.0,Electronics,0.05,2,Air,Very Light,Low Fragility
1025,Router - Home WiFi,Electronics,0.52,3,Road,Light,Medium Fragility
1026,Router - Office WiFi,Electronics,0.7,3,Road,Light,Medium Fragility
1027,Router - Travel WiFi,Electronics,0.4,3,Road,Very Light,Medium Fragility
1028,"LED Monitor 20""",Electronics,3.3,4,Sea,Medium,High Fragility
1029,"LED Monitor 28""",Electronics,4.9,4,Sea,Medium,High Fragility
1030,"LED Monitor 34""",Electronics,6.3,4,Sea,Heavy,High Fragility
1031,"Smart TV 39""",Electronics,7.9,4,Sea,Heavy,High Fragility
1032,"Smart TV 47""",Electronics,9.3,4,Sea,Heavy,High Fragility
1033,"Smart TV 70""",Electronics,15.0,4,Sea,Heavy,High Fragility
1034,Graphic Tablet - Beginner,Electronics,0.78,4,Air,Light,High Fragility
1035,Graphic Tablet - Mid,Electronics,1.05,4,Air,Light,High Fragility
1036,Graphic Tablet - Expert,Electronics,1.4,4,Air,Light,High Fragility
1037,Office Paper Ream - A4,Paper Product,2.3,1,Road,Medium,Low Fragility
1038,Office Paper Ream - A3,Paper Product,3.8,1,Road,Medium,Low Fragility
1039,Office Paper Ream - Legal,Paper Product,2.6,1,Road,Medium,Low Fragility
1040,Notebook - Pocket,Paper Product,0.25,1,Road,Very Light,Low Fragility
1041,Notebook - Classic Ruled,Paper Product,0.48,1,Road,Very Light,Low Fragility
1042,Notebook - Dotted,Paper Product,0.47,1,Road,Very Light,Low Fragility
1043,Book - Romance Novel,Paper Product,0.9,1,Road,Light,Low Fragility
1044,Book - Mystery Novel,Paper Product,0.93,1,Road,Light,Low Fragility
1045,Book - Non-Fiction,Paper Product,1.0,1,Road,Light,Low Fragility
1046,Diary - Travel,Paper Product,0.45,1,Road,Very Light,Low Fragility
1047,Diary - Executive,Paper Product,0.6,1,Road,Light,Low Fragility
1048,Diary - Pocket Slim,Paper Product,0.3,1,Road,Very Light,Low Fragility
1049,Children Story Book - Bedtime,Paper Product,0.4,1,Road,Very Light,Low Fragility
1050,Children Story Book - Adventures,Paper Product,0.5,1,Road,Very Light,Low Fragility
1051,Coloring Book Set - Kids Pack,Paper Product,1.2,1,Road,Light,Low Fragility
1052,Coloring Book Set - Giant Pack,Paper Product,1.6,1,Road,Light,Low Fragility
1053,Coloring Book Set - Travel Pack,Paper Product,0.9,1,Road,Light,Low Fragility
1054,Recipe Book - Starters,Paper Product,0.6,1,Road,Light,Low Fragility
1055,Recipe Book - Mains,Paper Product,0.7,1,Road,Light,Low Fragility
1056,Recipe Book - Sweets,Paper Product,0.68,1,Road,Light,Low Fragility
1057,Planner Notebook - Budget,Paper Product,0.52,1,Air,Light,Low Fragility
1058,Planner Notebook - Fitness,Paper Product,0.53,1,Air,Light,Low Fragility
1059,Planner Notebook - Travel Log,Paper Product,0.54,1,Air,Light,Low Fragility
1060,Hardcover Novel - Volume 1,Paper Product,1.0,1,Road,Light,Low Fragility
1061,Hardcover Novel - Volume 2,Paper Product,1.05,1,Road,Light,Low Fragility
1062,Hardcover Novel - Volume 3,Paper Product,1.1,1,Road,Light,Low Fragility
1063,Magazine Bundle - Weekly Mix,Paper Product,0.82,1,Road,Light,Low Fragility
1064,Magazine Bundle - Monthly Mix,Paper Product,0.9,1,Road,Light,Low Fragility
1065,Magazine Bundle - Quarterly,Paper Product,0.95,1,Road,Light,Low Fragility
1066,Perfume Bottle - Floral Day,Cosmetics,0.23,4,Road,Very Light,High Fragility
1067,Perfume Bottle - Night Oud,Cosmetics,0.26,4,Road,Very Light,High Fragility
1068,Perfume Bottle - Citrus Fresh,Cosmetics,0.22,4,Road,Very Light,High Fragility
1069,Perfume Set - Floral, Cosmetics,0.8,4,Road,Light,High Fragility
1070,Perfume Set - Oud, Cosmetics,0.9,4,Road,Light,High Fragility
1071,Perfume Set - Citrus, Cosmetics,0.78,4,Road,Light,High Fragility
1072,Shampoo Bottle - Herbal Shine,Cosmetics,0.42,3,Road,Very Light,Medium Fragility
1073,Shampoo Bottle - Deep Clean,Cosmetics,0.41,3,Road,Very Light,Medium Fragility
1074,Shampoo Bottle - Repair Plus,Cosmetics,0.43,3,Road,Very Light,Medium Fragility
1075,Shampoo Pack - Value Trio,Cosmetics,0.75,3,Road,Light,Medium Fragility
1076,Shampoo Pack - Salon, Cosmetics,0.85,3,Road,Light,Medium Fragility
1077,Shampoo Pack - Travel Minis,Cosmetics,0.5,3,Road,Very Light,Medium Fragility
1078,Face Serum Bottle - Collagen,Cosmetics,0.18,4,Road,Very Light,High Fragility
1079,Face Serum Bottle - Retinol,Cosmetics,0.17,4,Road,Very Light,High Fragility
1080,Face Serum Bottle - Hyaluronic,Cosmetics,0.19,4,Road,Very Light,High Fragility
1081,Lipstick - Velvet Red,Cosmetics,0.11,3,Road,Very Light,Medium Fragility
1082,Lipstick - Nude Brown,Cosmetics,0.1,3,Road,Very Light,Medium Fragility
1083,Lipstick - Orange Pop,Cosmetics,0.1,3,Road,Very Light,Medium Fragility
1084,Compact Powder - Porcelain,Cosmetics,0.12,3,Road,Very Light,Medium Fragility
1085,Compact Powder - Tan,Cosmetics,0.13,3,Road,Very Light,Medium Fragility
1086,Compact Powder - Deep,Cosmetics,0.14,3,Road,Very Light,Medium Fragility
1087,Eyeshadow Kit - Smoky Night,Cosmetics,0.26,3,Road,Very Light,Medium Fragility
1088,Eyeshadow Kit - Golden Hour,Cosmetics,0.25,3,Road,Very Light,Medium Fragility
1089,Eyeshadow Kit - Matte Nudes,Cosmetics,0.24,3,Road,Very Light,Medium Fragility
1090,Nail Polish Set - Reds Collection,Cosmetics,0.3,3,Road,Very Light,Medium Fragility
1091,Nail Polish Set - Nudes Collection,Cosmetics,0.29,3,Road,Very Light,Medium Fragility
1092,Nail Polish Set - Party Collection,Cosmetics,0.32,3,Road,Very Light,Medium Fragility
1093,Sunscreen Lotion SPF12,Cosmetics,0.27,2,Road,Very Light,Low Fragility
1094,Sunscreen Lotion SPF32,Cosmetics,0.31,2,Road,Very Light,Low Fragility
1095,Sunscreen Lotion SPF55,Cosmetics,0.36,2,Road,Very Light,Low Fragility
1096,Beard Oil Bottle - Classic Wood,Cosmetics,0.17,3,Road,Very Light,Medium Fragility
1097,Beard Oil Bottle - Citrus Mint,Cosmetics,0.16,3,Road,Very Light,Medium Fragility
1098,Beard Oil Bottle - Royal Oud,Cosmetics,0.18,3,Road,Very Light,Medium Fragility
1099,Hair Gel Jar - Firm,Cosmetics,0.36,2,Road,Very Light,Low Fragility
1100,Hair Gel Jar - Sport Max,Cosmetics,0.4,2,Road,Very Light,Low Fragility
1101,Medicine Pack - Bone Support,Pharmacy,0.19,3,Air,Very Light,Medium Fragility
1102,Medicine Pack - Liver Care,Pharmacy,0.2,3,Air,Very Light,Medium Fragility
1103,Medicine Pack - Brain Boost,Pharmacy,0.18,3,Air,Very Light,Medium Fragility
1104,Medicine Syrup - Adult Cough,Pharmacy,0.35,3,Air,Very Light,Medium Fragility
1105,Medicine Syrup - Kids Relief,Pharmacy,0.3,3,Air,Very Light,Medium Fragility
1106,Medicine Syrup - Sore Throat Pro,Pharmacy,0.34,3,Air,Very Light,Medium Fragility
1107,Vitamin Bottle - Daily Women,Pharmacy,0.27,3,Road,Very Light,Medium Fragility
1108,Vitamin Bottle - Daily Men,Pharmacy,0.28,3,Road,Very Light,Medium Fragility
1109,Vitamin Bottle - Kids Gummies,Pharmacy,0.26,3,Road,Very Light,Medium Fragility
1110,Vitamin Box - Complete Pack,Pharmacy,0.6,3,Road,Light,Medium Fragility
1111,Vitamin Box - Immunity Pack,Pharmacy,0.57,3,Road,Light,Medium Fragility
1112,Vitamin Box - Wellness Pack,Pharmacy,0.62,3,Road,Light,Medium Fragility
1113,First Aid Kit - Car Plus,Pharmacy,0.75,3,Road,Light,Medium Fragility
1114,First Aid Kit - Sports,Pharmacy,0.85,3,Road,Light,Medium Fragility
1115,First Aid Kit - Travel Lite,Pharmacy,0.6,3,Road,Light,Medium Fragility
1116,Digital Thermometer - Ear,Pharmacy,0.12,3,Air,Very Light,Medium Fragility
1117,Digital Thermometer - Forehead,Pharmacy,0.11,3,Air,Very Light,Medium Fragility
1118,Digital Thermometer - Multi,Pharmacy,0.13,3,Air,Very Light,Medium Fragility
1119,Glucose Meter - Lite,Pharmacy,0.21,3,Air,Very Light,Medium Fragility
1120,Glucose Meter - Smart App,Pharmacy,0.25,3,Air,Very Light,Medium Fragility
1121,Glucose Meter - Family,Pharmacy,0.27,3,Air,Very Light,Medium Fragility
1122,Eye Drop Bottle - Red Eye,Pharmacy,0.05,3,Air,Very Light,Medium Fragility
1123,Eye Drop Bottle - Night Moist,Pharmacy,0.05,3,Air,Very Light,Medium Fragility
1124,Eye Drop Bottle - Daily Fresh,Pharmacy,0.05,3,Air,Very Light,Medium Fragility
1125,Nasal Spray - Gentle Kids,Pharmacy,0.07,3,Air,Very Light,Medium Fragility
1126,Nasal Spray - Strong Adults,Pharmacy,0.09,3,Air,Very Light,Medium Fragility
1127,Nasal Spray - Menthol Fresh,Pharmacy,0.08,3,Air,Very Light,Medium Fragility
1128,Bandage Roll - Extra Long,Pharmacy,0.24,2,Road,Very Light,Low Fragility
1129,Bandage Roll - Medium,Pharmacy,0.21,2,Road,Very Light,Low Fragility
1130,Bandage Roll - Short,Pharmacy,0.19,2,Road,Very Light,Low Fragility
1131,Water Bottle - Gym,Drinkware,0.76,3,Road,Light,Medium Fragility
1132,Water Bottle - Travel Steel,Drinkware,0.8,3,Road,Light,Medium Fragility
1133,Water Bottle - Kids Flip,Drinkware,0.55,3,Road,Light,Medium Fragility
1134,Travel Tumbler - Car,Drinkware,0.5,3,Road,Very Light,Medium Fragility
1135,Travel Tumbler - Grip Steel,Drinkware,0.52,3,Road,Light,Medium Fragility
1136,Travel Tumbler - Classic Black,Drinkware,0.49,3,Road,Very Light,Medium Fragility
1137,Thermos Flask - XL,Drinkware,0.9,3,Road,Light,Medium Fragility
1138,Thermos Flask - Mini,Drinkware,0.6,3,Road,Light,Medium Fragility
1139,Thermos Flask - Duo Steel,Drinkware,0.86,3,Road,Light,Medium Fragility
1140,Glass Bottle - Premium,Drinkware,0.95,4,Sea,Light,High Fragility
1141,Glass Bottle - Slim,Drinkware,0.9,4,Sea,Light,High Fragility
1142,Glass Bottle - Short,Drinkware,0.88,4,Sea,Light,High Fragility
1143,Wine Bottle - Table Red,Drinkware,1.32,4,Sea,Light,High Fragility
1144,Wine Bottle - Table White,Drinkware,1.31,4,Sea,Light,High Fragility
1145,Wine Bottle - Reserve Blend,Drinkware,1.38,4,Sea,Light,High Fragility
1146,Juice Pack - Apple Mix,Drinkware,1.06,3,Road,Light,Medium Fragility
1147,Juice Pack - Berry Mix,Drinkware,1.05,3,Road,Light,Medium Fragility
1148,Juice Pack - Citrus Punch,Drinkware,1.07,3,Road,Light,Medium Fragility
1149,Energy Drink - Classic Can,Drinkware,0.58,2,Road,Light,Low Fragility
1150,Energy Drink - Tall Can,Drinkware,0.63,2,Road,Light,Low Fragility
1151,Energy Drink - Sugar Free,Drinkware,0.6,2,Road,Light,Low Fragility
1152,Snack Pack - Salted Chips,Food,0.38,2,Road,Very Light,Low Fragility
1153,Snack Pack - Masala Chips,Food,0.39,2,Road,Very Light,Low Fragility
1154,Snack Pack - Plain Wafers,Food,0.37,2,Road,Very Light,Low Fragility
1155,Snack Bag - Sweet Chili,Food,0.3,2,Road,Very Light,Low Fragility
1156,Snack Bag - Cream & Onion,Food,0.31,2,Road,Very Light,Low Fragility
1157,Snack Bag - BBQ Spice,Food,0.3,2,Road,Very Light,Low Fragility
1158,Snack Box - Mini Party,Food,0.95,2,Road,Light,Low Fragility
1159,Snack Box - Office Share,Food,1.05,2,Road,Light,Low Fragility
1160,Snack Box - Big Party,Food,1.35,2,Road,Light,Low Fragility
1161,Chocolate Box - Dark Mix,Food,0.7,2,Air,Light,Low Fragility
1162,Chocolate Box - Milk Mix,Food,0.69,2,Air,Light,Low Fragility
1163,Chocolate Box - Caramel Mix,Food,0.71,2,Air,Light,Low Fragility
1164,Cereal Box - Choco Crunch,Food,0.6,2,Road,Light,Low Fragility
1165,Cereal Box - Honey Crunch,Food,0.59,2,Road,Light,Low Fragility
1166,Cereal Box - Fruit Crunch,Food,0.61,2,Road,Light,Low Fragility
1167,Cereal Packet - Classic Oats,Food,0.5,2,Road,Very Light,Low Fragility
1168,Cereal Packet - Masala Oats,Food,0.51,2,Road,Light,Low Fragility
1169,Cereal Packet - Fruit Oats,Food,0.52,2,Road,Light,Low Fragility
1170,Tea Box - Cardamom,Food,0.36,2,Air,Very Light,Low Fragility
1171,Tea Box - Ginger,Food,0.36,2,Air,Very Light,Low Fragility
1172,Tea Box - Tulsi,Food,0.35,2,Air,Very Light,Low Fragility
1173,Coffee Pack - Classic Brew,Food,0.4,2,Air,Very Light,Low Fragility
1174,Coffee Pack - Dark Brew,Food,0.41,2,Air,Very Light,Low Fragility
1175,Coffee Pack - Light Brew,Food,0.39,2,Air,Very Light,Low Fragility
1176,Granola Pack - Nut & Seed,Food,0.63,2,Road,Light,Low Fragility
1177,Granola Pack - Fruit & Nut,Food,0.64,2,Road,Light,Low Fragility
1178,Granola Pack - Honey & Seed,Food,0.62,2,Road,Light,Low Fragility
1179,Instant Noodles Pack - Classic Cup,Food,0.4,2,Road,Very Light,Low Fragility
1180,Instant Noodles Pack - Spicy Cup,Food,0.41,2,Road,Very Light,Low Fragility
1181,Instant Noodles Pack - Veg Cup,Food,0.39,2,Road,Very Light,Low Fragility
1182,Rice Bag 2kg Classic,Food,2.0,1,Road,Light,Low Fragility
1183,Rice Bag 3kg Classic,Food,3.0,1,Road,Medium,Low Fragility
1184,Rice Bag 4kg Classic,Food,4.0,1,Road,Medium,Low Fragility
1185,Sugar Pack 1kg Classic,Food,1.0,1,Road,Light,Low Fragility
1186,Sugar Pack 2kg Classic,Food,2.0,1,Road,Light,Low Fragility
1187,Sugar Pack 3kg Classic,Food,3.0,1,Road,Medium,Low Fragility
1188,Cookie Tin - Butter Mix,Food,1.2,2,Road,Light,Low Fragility
1189,Cookie Tin - Choco Chip Mix,Food,1.25,2,Road,Light,Low Fragility
1190,Cookie Tin - Festive Mix,Food,1.3,2,Road,Light,Low Fragility
1191,Chocolate Bag - Mini Mix,Food,0.46,2,Air,Very Light,Low Fragility
1192,Chocolate Bag - Nutty Mix,Food,0.47,2,Air,Very Light,Low Fragility
1193,Chocolate Bag - Caramel Bites,Food,0.45,2,Air,Very Light,Low Fragility
1194,Spice Jar Set - Indian Home,Food,0.95,2,Air,Light,Low Fragility
1195,Spice Jar Set - Global,Food,0.98,2,Air,Light,Low Fragility
1196,Spice Jar Set - Daily Use,Food,0.9,2,Air,Light,Low Fragility
1197,Frozen Veggie Pack - Peas & Carrot,Food,1.2,2,Air,Light,Low Fragility
1198,Frozen Veggie Pack - Mixed Cut,Food,1.25,2,Air,Light,Low Fragility
1199,Frozen Veggie Pack - Corn & Beans,Food,1.22,2,Air,Light,Low Fragility
1200,Frozen Veggie Pack - Stir Fry Mix,Food,1.28,2,Air,Light,Low Fragility
1201,Wireless Mouse - Travel,Electronics,0.14,3,Air,Very Light,Medium Fragility
1202,Wireless Mouse - RGB,Electronics,0.17,3,Air,Very Light,Medium Fragility
1203,Wireless Mouse - Compact,Electronics,0.13,3,Air,Very Light,Medium Fragility
1204,Smartphone - Budget,Electronics,0.29,5,Air,Very Light,Very High Fragility
1205,Smartphone - Budget Plus,Electronics,0.3,5,Air,Very Light,Very High Fragility
1206,Smartphone - Camera Max,Electronics,0.36,5,Air,Very Light,Very High Fragility
1207,Tablet - Note,Electronics,0.58,4,Air,Light,High Fragility
1208,Tablet - Work,Electronics,0.64,4,Air,Light,High Fragility
1209,Tablet - Student Lite,Electronics,0.55,4,Air,Light,High Fragility
1210,Laptop - Entry,Electronics,2.0,5,Air,Light,Very High Fragility
1211,Laptop - Mid,Electronics,2.5,5,Air,Medium,Very High Fragility
1212,Laptop - Power,Electronics,3.2,5,Air,Medium,Very High Fragility
1213,Headphones - Budget,Electronics,0.28,4,Air,Very Light,High Fragility
1214,Headphones - Premium,Electronics,0.42,4,Air,Very Light,High Fragility
1215,Headphones - ANC Lite,Electronics,0.35,4,Air,Very Light,High Fragility
1216,Bluetooth Speaker - Mini,Electronics,0.55,4,Road,Light,High Fragility
1217,Bluetooth Speaker - Bar,Electronics,1.1,4,Road,Light,High Fragility
1218,Bluetooth Speaker - Plus,Electronics,0.8,4,Road,Light,High Fragility
1219,Power Bank - LED Display,Electronics,0.27,3,Air,Very Light,Medium Fragility
1220,Power Bank - Rugged Max,Electronics,0.38,3,Air,Very Light,Medium Fragility
1221,Power Bank - Slim Pro,Electronics,0.22,3,Air,Very Light,Medium Fragility
1222,USB Flash Drive - 64GB,Electronics,0.06,2,Air,Very Light,Low Fragility
1223,USB Flash Drive - 128GB Pro,Electronics,0.07,2,Air,Very Light,Low Fragility
1224,USB Flash Drive - OTG,Electronics,0.06,2,Air,Very Light,Low Fragility
1225,Router - Mesh Node,Electronics,0.45,3,Road,Very Light,Medium Fragility
1226,Router - Mesh Base,Electronics,0.65,3,Road,Light,Medium Fragility
1227,Router - Range Extender,Electronics,0.35,3,Road,Very Light,Medium Fragility
1228,"LED Monitor 21""",Electronics,3.5,4,Sea,Medium,High Fragility
1229,"LED Monitor 24"" Pro",Electronics,3.9,4,Sea,Medium,High Fragility
1230,"LED Monitor 32""",Electronics,5.1,4,Sea,Heavy,High Fragility
1231,"Smart TV 32""",Electronics,6.8,4,Sea,Heavy,High Fragility
1232,"Smart TV 45""",Electronics,9.1,4,Sea,Heavy,High Fragility
1233,"Smart TV 65""",Electronics,13.2,4,Sea,Heavy,High Fragility
1234,Graphic Tablet - Travel,Electronics,0.8,4,Air,Light,High Fragility
1235,Graphic Tablet - Large,Electronics,1.3,4,Air,Light,High Fragility
1236,Graphic Tablet - Pro Max,Electronics,1.45,4,Air,Light,High Fragility
1237,Office Paper Ream - Premium A4,Paper Product,2.35,1,Road,Medium,Low Fragility
1238,Office Paper Ream - Premium A3,Paper Product,3.9,1,Road,Medium,Low Fragility
1239,Office Paper Ream - Colored,Paper Product,2.4,1,Road,Medium,Low Fragility
1240,Notebook - Spiral A5,Paper Product,0.32,1,Road,Very Light,Low Fragility
1241,Notebook - Spiral B5,Paper Product,0.4,1,Road,Very Light,Low Fragility
1242,Notebook - Spiral A4,Paper Product,0.55,1,Road,Light,Low Fragility
1243,Book - Classic Drama,Paper Product,0.92,1,Road,Light,Low Fragility
1244,Book - Self Help,Paper Product,0.98,1,Road,Light,Low Fragility
1245,Book - Science,Paper Product,1.1,1,Road,Light,Low Fragility
1246,Diary - Bullet,Paper Product,0.48,1,Road,Very Light,Low Fragility
1247,Diary - Leather Executive,Paper Product,0.68,1,Road,Light,Low Fragility
1248,Diary - Compact Weekly,Paper Product,0.42,1,Road,Very Light,Low Fragility
1249,Children Story Book - Robots,Paper Product,0.44,1,Road,Very Light,Low Fragility
1250,Children Story Book - Fairies,Paper Product,0.46,1,Road,Very Light,Low Fragility
1251,Coloring Book Set - Animals Pack,Paper Product,1.18,1,Road,Light,Low Fragility
1252,Coloring Book Set - Shapes Pack,Paper Product,1.1,1,Road,Light,Low Fragility
1253,Coloring Book Set - Colour Pack,Paper Product,1.3,1,Road,Light,Low Fragility
1254,Recipe Book - Festive Meals,Paper Product,0.72,1,Road,Light,Low Fragility
1255,Recipe Book - One Pot,Paper Product,0.65,1,Road,Light,Low Fragility
1256,Recipe Book - Street Food,Paper Product,0.7,1,Road,Light,Low Fragility
1257,Planner Notebook - Weekly,Paper Product,0.52,1,Air,Light,Low Fragility
1258,Planner Notebook - Goal,Paper Product,0.55,1,Air,Light,Low Fragility
1259,Planner Notebook - Office Pro,Paper Product,0.57,1,Air,Light,Low Fragility
1260,Hardcover Novel - Historical,Paper Product,1.02,1,Road,Light,Low Fragility
1261,Hardcover Novel - Romance,Paper Product,1.04,1,Road,Light,Low Fragility
1262,Hardcover Novel - Sci-Fi Saga,Paper Product,1.09,1,Road,Light,Low Fragility
1263,Magazine Bundle - Fashion Weekly,Paper Product,0.83,1,Road,Light,Low Fragility
1264,Magazine Bundle - Tech Weekly,Paper Product,0.85,1,Road,Light,Low Fragility
1265,Magazine Bundle - Lifestyle Monthly,Paper Product,0.9,1,Road,Light,Low Fragility
1266,Perfume Bottle - Aqua Fresh,Cosmetics,0.23,4,Road,Very Light,High Fragility
1267,Perfume Bottle - Warm Spice,Cosmetics,0.24,4,Road,Very Light,High Fragility
1268,Perfume Bottle - Floral Mist,Cosmetics,0.22,4,Road,Very Light,High Fragility
1269,Perfume Set - Aqua,Cosmetics,0.8,4,Road,Light,High Fragility
1270,Perfume Set - Spice,Cosmetics,0.83,4,Road,Light,High Fragility
1271,Perfume Set - Floral Mist,Cosmetics,0.79,4,Road,Light,High Fragility
1272,Shampoo Bottle - Anti Dandruff,Cosmetics,0.43,3,Road,Very Light,Medium Fragility
1273,Shampoo Bottle - Smooth Care,Cosmetics,0.41,3,Road,Very Light,Medium Fragility
1274,Shampoo Bottle - Volume Care,Cosmetics,0.42,3,Road,Very Light,Medium Fragility
1275,Shampoo Pack - Duo,Cosmetics,0.7,3,Road,Light,Medium Fragility
1276,Shampoo Pack - Family Value,Cosmetics,0.9,3,Road,Light,Medium Fragility
1277,Shampoo Pack - Travel Kit,Cosmetics,0.48,3,Road,Very Light,Medium Fragility
1278,Face Serum Bottle - Glow Boost,Cosmetics,0.18,4,Road,Very Light,High Fragility
1279,Face Serum Bottle - Anti Age,Cosmetics,0.19,4,Road,Very Light,High Fragility
1280,Face Serum Bottle - Clarifying,Cosmetics,0.17,4,Road,Very Light,High Fragility
1281,Lipstick - Cherry,Cosmetics,0.11,3,Road,Very Light,Medium Fragility
1282,Lipstick - Mauve,Cosmetics,0.1,3,Road,Very Light,Medium Fragility
1283,Lipstick - Plum,Cosmetics,0.1,3,Road,Very Light,Medium Fragility
1284,Compact Powder - Soft Beige,Cosmetics,0.12,3,Road,Very Light,Medium Fragility
1285,Compact Powder - Golden,Cosmetics,0.13,3,Road,Very Light,Medium Fragility
1286,Compact Powder - Deep Tan,Cosmetics,0.14,3,Road,Very Light,Medium Fragility
1287,Eyeshadow Kit - Night Glam,Cosmetics,0.26,3,Road,Very Light,Medium Fragility
1288,Eyeshadow Kit - Day Light,Cosmetics,0.24,3,Road,Very Light,Medium Fragility
1289,Eyeshadow Kit - Rose Matte,Cosmetics,0.25,3,Road,Very Light,Medium Fragility
1290,Nail Polish Set - Classic Brights,Cosmetics,0.3,3,Road,Very Light,Medium Fragility
1291,Nail Polish Set - Office Nudes,Cosmetics,0.29,3,Road,Very Light,Medium Fragility
1292,Nail Polish Set - Festive Shimmer,Cosmetics,0.32,3,Road,Very Light,Medium Fragility
1293,Sunscreen Lotion SPF14,Cosmetics,0.28,2,Road,Very Light,Low Fragility
1294,Sunscreen Lotion SPF26,Cosmetics,0.3,2,Road,Very Light,Low Fragility
1295,Sunscreen Lotion SPF48,Cosmetics,0.35,2,Road,Very Light,Low Fragility
1296,Beard Oil Bottle - Fresh Citrus,Cosmetics,0.17,3,Road,Very Light,Medium Fragility
1297,Beard Oil Bottle - Musk,Cosmetics,0.18,3,Road,Very Light,Medium Fragility
1298,Beard Oil Bottle - Urban,Cosmetics,0.16,3,Road,Very Light,Medium Fragility
1299,Hair Gel Jar - Classic Hold,Cosmetics,0.36,2,Road,Very Light,Low Fragility
1300,Hair Gel Jar - Styling Max,Cosmetics,0.4,2,Road,Very Light,Low Fragility
1301,Medicine Pack - Cholesterol Care,Pharmacy,0.19,3,Air,Very Light,Medium Fragility
1302,Medicine Pack - Joint Relief,Pharmacy,0.2,3,Air,Very Light,Medium Fragility
1303,Medicine Pack - Nerve Care,Pharmacy,0.18,3,Air,Very Light,Medium Fragility
1304,Medicine Syrup - Cough Classic,Pharmacy,0.34,3,Air,Very Light,Medium Fragility
1305,Medicine Syrup - Cough Herbal,Pharmacy,0.33,3,Air,Very Light,Medium Fragility
1306,Medicine Syrup - Cough Extra,Pharmacy,0.36,3,Air,Very Light,Medium Fragility
1307,Vitamin Bottle - Daily Active,Pharmacy,0.28,3,Road,Very Light,Medium Fragility
1308,Vitamin Bottle - Senior Active,Pharmacy,0.29,3,Road,Very Light,Medium Fragility
1309,Vitamin Bottle - Kids Chew,Pharmacy,0.26,3,Road,Very Light,Medium Fragility
1310,Vitamin Box - Daily Combo,Pharmacy,0.61,3,Road,Light,Medium Fragility
1311,Vitamin Box - Immunity Combo,Pharmacy,0.58,3,Road,Light,Medium Fragility
1312,Vitamin Box - Energy Combo,Pharmacy,0.6,3,Road,Light,Medium Fragility
1313,First Aid Kit - Travel Basic,Pharmacy,0.58,3,Road,Light,Medium Fragility
1314,First Aid Kit - Family,Pharmacy,0.9,3,Road,Light,Medium Fragility
1315,First Aid Kit - Outdoor Pro,Pharmacy,1.1,3,Road,Light,Medium Fragility
1316,Digital Thermometer - Kids,Pharmacy,0.11,3,Air,Very Light,Medium Fragility
1317,Digital Thermometer - Dual,Pharmacy,0.12,3,Air,Very Light,Medium Fragility
1318,Digital Thermometer - Smart Pro,Pharmacy,0.13,3,Air,Very Light,Medium Fragility
1319,Glucose Meter - Basic,Pharmacy,0.22,3,Air,Very Light,Medium Fragility
1320,Glucose Meter - Plus,Pharmacy,0.24,3,Air,Very Light,Medium Fragility
1321,Glucose Meter - USB Pro,Pharmacy,0.26,3,Air,Very Light,Medium Fragility
1322,Eye Drop Bottle - Cooling,Pharmacy,0.05,3,Air,Very Light,Medium Fragility
1323,Eye Drop Bottle - Revive,Pharmacy,0.05,3,Air,Very Light,Medium Fragility
1324,Eye Drop Bottle - Long Relief,Pharmacy,0.05,3,Air,Very Light,Medium Fragility
1325,Nasal Spray - Easy Breathe,Pharmacy,0.08,3,Air,Very Light,Medium Fragility
1326,Nasal Spray - Extra Relief,Pharmacy,0.09,3,Air,Very Light,Medium Fragility
1327,Nasal Spray - Herbal Care,Pharmacy,0.08,3,Air,Very Light,Medium Fragility
1328,Bandage Roll - Flexi,Pharmacy,0.22,2,Road,Very Light,Low Fragility
1329,Bandage Roll - Comfort,Pharmacy,0.21,2,Road,Very Light,Low Fragility
1330,Bandage Roll - Sport,Pharmacy,0.23,2,Road,Very Light,Low Fragility
1331,Water Bottle - Steel Pro,Drinkware,0.78,3,Road,Light,Medium Fragility
1332,Water Bottle - Classic Plastic,Drinkware,0.6,3,Road,Light,Medium Fragility
1333,Water Bottle - Kids Printed,Drinkware,0.56,3,Road,Light,Medium Fragility
1334,Travel Tumbler - Steel Pro,Drinkware,0.54,3,Road,Light,Medium Fragility
1335,Travel Tumbler - Insulated,Drinkware,0.53,3,Road,Light,Medium Fragility
1336,Travel Tumbler - Everyday,Drinkware,0.48,3,Road,Very Light,Medium Fragility
1337,Thermos Flask - Classic Steel,Drinkware,0.82,3,Road,Light,Medium Fragility
1338,Thermos Flask - Grip Pro,Drinkware,0.86,3,Road,Light,Medium Fragility
1339,Thermos Flask - Dual Cap,Drinkware,0.88,3,Road,Light,Medium Fragility
1340,Glass Bottle - Cafe,Drinkware,0.92,4,Sea,Light,High Fragility
1341,Glass Bottle - Bistro Tall,Drinkware,0.96,4,Sea,Light,High Fragility
1342,Glass Bottle - Vintage,Drinkware,0.98,4,Sea,Light,High Fragility
1343,Wine Bottle - Reserve Red,Drinkware,1.36,4,Sea,Light,High Fragility
1344,Wine Bottle - Classic House,Drinkware,1.33,4,Sea,Light,High Fragility
1345,Wine Bottle - Celebration,Drinkware,1.39,4,Sea,Light,High Fragility
1346,Juice Pack - Tropical Punch,Drinkware,1.08,3,Road,Light,Medium Fragility
1347,Juice Pack - Summer Mix,Drinkware,1.07,3,Road,Light,Medium Fragility
1348,Juice Pack - Winter Mix,Drinkware,1.06,3,Road,Light,Medium Fragility
1349,Energy Drink - Citrus Can,Drinkware,0.59,2,Road,Light,Low Fragility
1350,Energy Drink - Berry Can,Drinkware,0.6,2,Road,Light,Low Fragility
1351,Energy Drink - Zero Sugar,Drinkware,0.61,2,Road,Light,Low Fragility
1352,Snack Pack - Cheese Sticks,Food,0.38,2,Road,Very Light,Low Fragility
1353,Snack Pack - Corn Puffs,Food,0.37,2,Road,Very Light,Low Fragility
1354,Snack Pack - Spicy Twists,Food,0.39,2,Road,Very Light,Low Fragility
1355,Snack Bag - Tangy Tomato,Food,0.3,2,Road,Very Light,Low Fragility
1356,Snack Bag - Mint Magic,Food,0.29,2,Road,Very Light,Low Fragility
1357,Snack Bag - Hot Chili,Food,0.31,2,Road,Very Light,Low Fragility
1358,Snack Box - Family Fun,Food,1.1,2,Road,Light,Low Fragility
1359,Snack Box - Movie Night,Food,1.2,2,Road,Light,Low Fragility
1360,Snack Box - Kids Party,Food,1.0,2,Road,Light,Low Fragility
1361,Chocolate Box - Dark Classic,Food,0.69,2,Air,Light,Low Fragility
1362,Chocolate Box - Nut Delight,Food,0.71,2,Air,Light,Low Fragility
1363,Chocolate Box - Center Filled,Food,0.72,2,Air,Light,Low Fragility
1364,Cereal Box - Protein Oats,Food,0.62,2,Road,Light,Low Fragility
1365,Cereal Box - Fruit Rings,Food,0.6,2,Road,Light,Low Fragility
1366,Cereal Box - Corn Honey,Food,0.59,2,Road,Light,Low Fragility
1367,Cereal Packet - Multigrain,Food,0.53,2,Road,Light,Low Fragility
1368,Cereal Packet - Ragi Mix,Food,0.52,2,Road,Light,Low Fragility
1369,Cereal Packet - Millet Mix,Food,0.51,2,Road,Light,Low Fragility
1370,Tea Box - Rose,Food,0.35,2,Air,Very Light,Low Fragility
1371,Tea Box - Masala Strong,Food,0.37,2,Air,Very Light,Low Fragility
1372,Tea Box - Green Detox,Food,0.34,2,Air,Very Light,Low Fragility
1373,Coffee Pack - South Blend,Food,0.41,2,Air,Very Light,Low Fragility
1374,Coffee Pack - House Blend,Food,0.4,2,Air,Very Light,Low Fragility
1375,Coffee Pack - Premium Gold,Food,0.42,2,Air,Very Light,Low Fragility
1376,Granola Pack - Almond Honey,Food,0.64,2,Road,Light,Low Fragility
1377,Granola Pack - Seeds & Berries,Food,0.65,2,Road,Light,Low Fragility
1378,Granola Pack - Nut Clusters,Food,0.66,2,Road,Light,Low Fragility
1379,Instant Noodles Pack - Manchurian,Food,0.52,2,Road,Light,Low Fragility
1380,Instant Noodles Pack - Hot Garlic,Food,0.53,2,Road,Light,Low Fragility
1381,Instant Noodles Pack - Curry Cup,Food,0.42,2,Road,Very Light,Low Fragility
1382,Rice Bag 1kg Premium,Food,1.0,1,Road,Light,Low Fragility
1383,Rice Bag 2kg Premium,Food,2.0,1,Road,Light,Low Fragility
1384,Rice Bag 3kg Premium,Food,3.0,1,Road,Medium,Low Fragility
1385,Sugar Pack 500g Premium,Food,0.5,1,Road,Very Light,Low Fragility
1386,Sugar Pack 1.5kg Premium,Food,1.5,1,Road,Light,Low Fragility
1387,Sugar Pack 2.5kg Premium,Food,2.5,1,Road,Medium,Low Fragility
1388,Cookie Tin - Almond Crunch,Food,1.22,2,Road,Light,Low Fragility
1389,Cookie Tin - Cashew Delight,Food,1.24,2,Road,Light,Low Fragility
1390,Cookie Tin - Nut Mix,Food,1.26,2,Road,Light,Low Fragility
1391,Chocolate Bag - Mini Bars,Food,0.47,2,Air,Very Light,Low Fragility
1392,Chocolate Bag - Crisp Chunks,Food,0.48,2,Air,Very Light,Low Fragility
1393,Chocolate Bag - Toffee Crunch,Food,0.46,2,Air,Very Light,Low Fragility
1394,Spice Jar Set - Spice Essentials,Food,0.96,2,Air,Light,Low Fragility
1395,Spice Jar Set - Regional Mix,Food,0.99,2,Air,Light,Low Fragility
1396,Spice Jar Set - Festive Spices,Food,0.97,2,Air,Light,Low Fragility
1397,Frozen Veggie Pack - Carrot Mix,Food,1.22,2,Air,Light,Low Fragility
1398,Frozen Veggie Pack - Cauliflower Mix,Food,1.24,2,Air,Light,Low Fragility
1399,Frozen Veggie Pack - Veg Medley,Food,1.26,2,Air,Light,Low Fragility
1400,Frozen Veggie Pack - Stir Fry Pro,Food,1.3,2,Air,Light,Low Fragility
1401,Wireless Mouse - Ergonomic,Electronics,0.19,3,Air,Very Light,Medium Fragility
1402,Wireless Mouse - Office Pro,Electronics,0.16,3,Air,Very Light,Medium Fragility
1403,Wireless Mouse - Nano,Electronics,0.12,3,Air,Very Light,Medium Fragility
1404,Smartphone - Lite,Electronics,0.28,5,Air,Very Light,Very High Fragility
1405,Smartphone - Plus Max,Electronics,0.37,5,Air,Very Light,Very High Fragility
1406,Smartphone - Creator,Electronics,0.35,5,Air,Very Light,Very High Fragility
1407,Tablet - Pro Note,Electronics,0.7,4,Air,Light,High Fragility
1408,Tablet - Slim Media,Electronics,0.63,4,Air,Light,High Fragility
1409,Tablet - Budget Study,Electronics,0.56,4,Air,Light,High Fragility
1410,Laptop - Basic Home,Electronics,2.1,5,Air,Medium,Very High Fragility
1411,Laptop - Gaming Pro,Electronics,3.5,5,Air,Medium,Very High Fragility
1412,Laptop - Design Studio,Electronics,3.3,5,Air,Medium,Very High Fragility
1413,Headphones - DJ Pro,Electronics,0.44,4,Air,Very Light,High Fragility
1414,Headphones - Travel Lite,Electronics,0.3,4,Air,Very Light,High Fragility
1415,Headphones - Bass Pro,Electronics,0.36,4,Air,Very Light,High Fragility
1416,Bluetooth Speaker - Tall,Electronics,1.4,4,Road,Light,High Fragility
1417,Bluetooth Speaker - Glow,Electronics,0.9,4,Road,Light,High Fragility
1418,Bluetooth Speaker - Dual,Electronics,1.1,4,Road,Light,High Fragility
1419,Power Bank - Travel Slim,Electronics,0.23,3,Air,Very Light,Medium Fragility
1420,Power Bank - Compact Max,Electronics,0.32,3,Air,Very Light,Medium Fragility
1421,Power Bank - Triple USB,Electronics,0.3,3,Air,Very Light,Medium Fragility
1422,USB Flash Drive - Micro,Electronics,0.05,2,Air,Very Light,Low Fragility
1423,USB Flash Drive - Slider,Electronics,0.06,2,Air,Very Light,Low Fragility
1424,USB Flash Drive - Swivel,Electronics,0.06,2,Air,Very Light,Low Fragility
1425,Router - High Speed,Electronics,0.6,3,Road,Light,Medium Fragility
1426,Router - Gaming,Electronics,0.74,3,Road,Light,Medium Fragility
1427,Router - Smart Home,Electronics,0.55,3,Road,Light,Medium Fragility
1428,"LED Monitor 23"" FHD",Electronics,3.7,4,Sea,Medium,High Fragility
1429,"LED Monitor 27"" FHD",Electronics,4.3,4,Sea,Medium,High Fragility
1430,"LED Monitor 29"" UltraWide",Electronics,5.0,4,Sea,Medium,High Fragility
1431,"Smart TV 43"" UHD",Electronics,8.4,4,Sea,Heavy,High Fragility
1432,"Smart TV 50"" UHD",Electronics,10.2,4,Sea,Heavy,High Fragility
1433,"Smart TV 55"" UHD",Electronics,11.1,4,Sea,Heavy,High Fragility
1434,Graphic Tablet - Office,Electronics,0.92,4,Air,Light,High Fragility
1435,Graphic Tablet - Animation,Electronics,1.28,4,Air,Light,High Fragility
1436,Graphic Tablet - Signature,Electronics,1.38,4,Air,Light,High Fragility
1437,Office Paper Ream - Copier,Paper Product,2.25,1,Road,Medium,Low Fragility
1438,Office Paper Ream - Bright Pro,Paper Product,2.32,1,Road,Medium,Low Fragility
1439,Office Paper Ream - Eco Recycled,Paper Product,2.05,1,Road,Medium,Low Fragility
1440,Notebook - Eco A5,Paper Product,0.3,1,Road,Very Light,Low Fragility
1441,Notebook - Eco A4,Paper Product,0.5,1,Road,Very Light,Low Fragility
1442,Notebook - Eco B5,Paper Product,0.42,1,Road,Very Light,Low Fragility
1443,Book - Travel Stories,Paper Product,0.88,1,Road,Light,Low Fragility
1444,Book - Inspirational,Paper Product,0.94,1,Road,Light,Low Fragility
1445,Book - Children Classic,Paper Product,0.82,1,Road,Light,Low Fragility
1446,Diary - Classic Hard,Paper Product,0.56,1,Road,Light,Low Fragility
1447,Diary - Daily Planner,Paper Product,0.52,1,Road,Light,Low Fragility
1448,Diary - Monthly Planner,Paper Product,0.5,1,Road,Very Light,Low Fragility
1449,Children Story Book - My First Stories,Paper Product,0.43,1,Road,Very Light,Low Fragility
1450,Children Story Book - Big Adventures,Paper Product,0.52,1,Road,Light,Low Fragility
1451,Coloring Book Set - Learning Pack,Paper Product,1.15,1,Road,Light,Low Fragility
1452,Coloring Book Set - Fun Pack,Paper Product,1.25,1,Road,Light,Low Fragility
1453,Coloring Book Set - Activity Pack,Paper Product,1.3,1,Road,Light,Low Fragility
1454,Recipe Book - Regional,Paper Product,0.68,1,Road,Light,Low Fragility
1455,Recipe Book - Quick Meals,Paper Product,0.64,1,Road,Light,Low Fragility
1456,Recipe Book - Vegan Special,Paper Product,0.7,1,Road,Light,Low Fragility
1457,Planner Notebook - Student Year,Paper Product,0.56,1,Air,Light,Low Fragility
1458,Planner Notebook - Office Year,Paper Product,0.58,1,Air,Light,Low Fragility
1459,Planner Notebook - Home Planner,Paper Product,0.55,1,Air,Light,Low Fragility
1460,Hardcover Novel - Modern Classic,Paper Product,1.06,1,Road,Light,Low Fragility
1461,Hardcover Novel - Thriller,Paper Product,1.08,1,Road,Light,Low Fragility
1462,Hardcover Novel - Fantasy,Paper Product,1.1,1,Road,Light,Low Fragility
1463,Magazine Bundle - Health Weekly,Paper Product,0.84,1,Road,Light,Low Fragility
1464,Magazine Bundle - Sports Weekly,Paper Product,0.86,1,Road,Light,Low Fragility
1465,Magazine Bundle - Kids Monthly,Paper Product,0.89,1,Road,Light,Low Fragility
1466,Perfume Bottle - Summer Breeze,Cosmetics,0.23,4,Road,Very Light,High Fragility
1467,Perfume Bottle - Winter Night,Cosmetics,0.25,4,Road,Very Light,High Fragility
1468,Perfume Bottle - Spring Bloom,Cosmetics,0.22,4,Road,Very Light,High Fragility
1469,Perfume Set - Summer,Cosmetics,0.79,4,Road,Light,High Fragility
1470,Perfume Set - Winter,Cosmetics,0.83,4,Road,Light,High Fragility
1471,Perfume Set - Spring,Cosmetics,0.81,4,Road,Light,High Fragility
1472,Shampoo Bottle - Color Shield,Cosmetics,0.42,3,Road,Very Light,Medium Fragility
1473,Shampoo Bottle - Smooth Max,Cosmetics,0.44,3,Road,Very Light,Medium Fragility
1474,Shampoo Bottle - Volume Max,Cosmetics,0.43,3,Road,Very Light,Medium Fragility
1475,Shampoo Pack - Color Care,Cosmetics,0.76,3,Road,Light,Medium Fragility
1476,Shampoo Pack - Smooth Care,Cosmetics,0.78,3,Road,Light,Medium Fragility
1477,Shampoo Pack - Volume Care,Cosmetics,0.8,3,Road,Light,Medium Fragility
1478,Face Serum Bottle - Night Glow,Cosmetics,0.19,4,Road,Very Light,High Fragility
1479,Face Serum Bottle - Day Protect,Cosmetics,0.18,4,Road,Very Light,High Fragility
1480,Face Serum Bottle - Spot Fix,Cosmetics,0.17,4,Road,Very Light,High Fragility
1481,Lipstick - Classic Red,Cosmetics,0.11,3,Road,Very Light,Medium Fragility
1482,Lipstick - Soft Coral,Cosmetics,0.1,3,Road,Very Light,Medium Fragility
1483,Lipstick - Deep Berry,Cosmetics,0.1,3,Road,Very Light,Medium Fragility
1484,Compact Powder - Light,Cosmetics,0.12,3,Road,Very Light,Medium Fragility
1485,Compact Powder - Medium,Cosmetics,0.13,3,Road,Very Light,Medium Fragility
1486,Compact Powder - Dark,Cosmetics,0.14,3,Road,Very Light,Medium Fragility
1487,Eyeshadow Kit - Nude Basics,Cosmetics,0.25,3,Road,Very Light,Medium Fragility
1488,Eyeshadow Kit - Color Pop,Cosmetics,0.26,3,Road,Very Light,Medium Fragility
1489,Eyeshadow Kit - Festive Glam,Cosmetics,0.27,3,Road,Very Light,Medium Fragility
1490,Nail Polish Set - Daily Wear,Cosmetics,0.3,3,Road,Very Light,Medium Fragility
1491,Nail Polish Set - Glitter Glam,Cosmetics,0.32,3,Road,Very Light,Medium Fragility
1492,Nail Polish Set - Office Ready,Cosmetics,0.29,3,Road,Very Light,Medium Fragility
1493,Sunscreen Lotion SPF20+,Cosmetics,0.29,2,Road,Very Light,Low Fragility
1494,Sunscreen Lotion SPF30+,Cosmetics,0.31,2,Road,Very Light,Low Fragility
1495,Sunscreen Lotion SPF50+,Cosmetics,0.36,2,Road,Very Light,Low Fragility
1496,Beard Oil Bottle - Fresh Mint,Cosmetics,0.16,3,Road,Very Light,Medium Fragility
1497,Beard Oil Bottle - Urban Musk,Cosmetics,0.17,3,Road,Very Light,Medium Fragility
1498,Beard Oil Bottle - Forest Wood,Cosmetics,0.18,3,Road,Very Light,Medium Fragility
1499,Hair Gel Jar - Daily Use,Cosmetics,0.35,2,Road,Very Light,Low Fragility
1500,Hair Gel Jar - Long Hold,Cosmetics,0.39,2,Road,Very Light,Low Fragility
