Material ID,Packaging Type,Material Type,Suitable Product Categories,Recommended Packaging Use Cases,Supplier Region,Recyclability (%),Recyclability Category,Recycled Content (%),Reusability (%),Biodegradation Time (days),End-of-Life Disposal (%),Carbon Footprint (kg CO2/unit),CO2 Emission per kg (estimated),Waste Reduction Impact (%),Sustainability Target Progress (%),Load Handling Score,Moisture Resistance Score,Thermal Resistance Score,Cost per Unit (USD),Annual Usage (units),Total Material Weight (tons),Supplier Sustainability Compliance (%)
0.0,0.2,0.0,0.0,0.4,0.4,0.9555555555555557,0.0,0.7945205479452053,0.4742268041237113,0.00087136537959895,0.12499999999999999,0.13988095238095238,0.08754208754208756,0.5692307692307692,0.7391304347826089,0.5555555555555556,0.4444444444444445,0.25,0.07886557886557888,0.963447056075286,0.13038204972710732,0.5945945945945945
0.0024813895781637717,0.8,0.3333333333333333,0.4,1.0,0.2,1.0,0.0,0.9863013698630136,0.28865979381443296,0.00018870333061378534,0.0,0.0625,0.013468013468013462,0.676923076923077,0.956521739130435,0.2222222222222222,0.2222222222222222,0.125,0.06254856254856256,0.6597773006885658,0.08085708510208207,0.6756756756756757
0.004962779156327543,1.0,1.0,0.6000000000000001,0.6000000000000001,0.0,0.711111111111111,0.0,0.780821917808219,0.9999999999999999,1.0,0.25,0.9999999999999999,1.0,0.9384615384615385,0.5434782608695652,0.7777777777777777,0.8888888888888888,0.875,0.9630924630924632,0.0,0.9771578734586618,0.6756756756756757
0.007444168734491315,0.8,0.3333333333333333,0.4,1.0,1.0,1.0,0.0,0.9315068493150684,0.28865979381443296,0.00018870333061378534,0.04166666666666667,0.05059523809523808,0.010101010101010097,0.6923076923076923,0.7173913043478262,0.0,0.0,0.25,0.08624708624708627,0.6717354305482941,0.10329492621790985,0.4864864864864866
0.009925558312655087,0.8,0.3333333333333333,0.4,1.0,0.8,1.0,0.0,0.9726027397260273,0.25773195876288657,0.0005050589142898373,0.04166666666666667,0.029761904761904753,0.010101010101010097,0.5692307692307692,0.7608695652173914,0.2222222222222222,0.1111111111111111,0.125,0.0574980574980575,0.6069168047877015,0.08166565595310289,0.4864864864864866
0.012406947890818858,0.4,0.6666666666666666,0.2,0.2,0.2,0.6666666666666667,1.0,0.2328767123287671,0.865979381443299,0.29069193071257704,0.4166666666666667,0.20833333333333331,0.38047138047138046,0.8307692307692309,0.5869565217391306,0.7777777777777777,0.7777777777777777,0.5,0.4755244755244756,0.4700156846168393,0.21770770163735595,0.9189189189189191
0.01488833746898263,1.0,1.0,0.6000000000000001,0.6000000000000001,1.0,0.7999999999999998,0.0,0.7397260273972601,0.9278350515463918,0.8176848321372873,0.25,0.9285714285714287,0.9191919191919191,0.9230769230769231,0.6304347826086958,0.7777777777777777,1.0,0.75,0.9817404817404819,0.09765620654749327,0.9846371538306044,0.8378378378378379
0.017369727047146403,1.0,1.0,0.6000000000000001,0.6000000000000001,0.6000000000000001,0.911111111111111,0.0,0.7397260273972601,0.9587628865979382,0.893760024864439,0.20833333333333331,0.9910714285714285,0.9831649831649834,0.9230769230769231,0.3913043478260869,0.7777777777777777,1.0,0.875,0.9867909867909869,0.0757978575480828,0.9676571659591671,0.6756756756756757
0.019851116625310174,1.0,1.0,0.6000000000000001,0.6000000000000001,0.4,0.8666666666666667,0.0,0.6164383561643836,0.9072164948453608,0.6386553222664381,0.25,0.9761904761904762,0.9158249158249159,0.953846153846154,0.4782608695652175,0.7777777777777777,1.0,0.75,0.96969696969697,0.08273913478759023,0.9717000202142713,0.6486486486486485
0.022332506203473945,0.8,0.3333333333333333,0.4,1.0,0.8,0.8666666666666667,0.0,0.9452054794520548,0.31958762886597936,0.0,0.04166666666666667,0.03273809523809523,0.0033670033670033517,0.6000000000000001,0.8260869565217392,0.0,0.0,0.125,0.08080808080808081,0.6384306484087344,0.08166565595310289,0.43243243243243223
0.024813895781637715,0.2,0.0,0.0,0.4,0.8,1.0,0.0,0.8493150684931505,0.48453608247422675,0.0009157661632727817,0.16666666666666669,0.10416666666666666,0.08754208754208756,0.6307692307692307,0.8260869565217392,0.4444444444444445,0.4444444444444445,0.25,0.12703962703962707,0.91158770593012,0.12148777036587831,0.783783783783784
0.02729528535980149,1.0,1.0,0.6000000000000001,0.6000000000000001,0.2,0.711111111111111,0.0,0.6712328767123288,0.9690721649484536,0.42002031335853074,0.20833333333333331,0.9345238095238096,0.9932659932659933,0.9384615384615385,0.4782608695652175,0.7777777777777777,0.8888888888888888,0.75,0.9409479409479411,0.09869072382838137,0.9999999999999999,0.6756756756756757
0.02977667493796526,0.0,0.6666666666666666,1.0,0.8,0.2,0.46666666666666656,1.0,0.1232876712328767,0.04123711340206185,0.3932244404113732,0.9583333333333331,0.5119047619047619,0.4410774410774412,0.015384615384615385,0.04347826086956541,0.6666666666666665,0.8888888888888888,0.5,0.026806526806526808,0.19595759591532533,0.003840711542348902,0.1351351351351351
0.03225806451612903,0.8,0.3333333333333333,0.4,1.0,0.4,1.0,0.0,0.8767123287671232,0.30927835051546393,0.0006327111673521037,0.04166666666666667,0.04464285714285715,0.016835016835016828,0.7076923076923078,0.847826086956522,0.2222222222222222,0.2222222222222222,0.25,0.08275058275058275,0.6688098601733095,0.08146351324034769,0.45945945945945943
0.034739454094292806,0.4,0.6666666666666666,0.2,0.2,0.0,0.711111111111111,1.0,0.27397260273972607,0.8144329896907216,0.4052237521992263,0.4583333333333333,0.2142857142857143,0.4377104377104377,0.8153846153846154,0.5869565217391306,0.7777777777777777,0.8888888888888888,0.5,0.4797979797979799,0.4750325372370602,0.227612694562361,0.7567567567567568
0.03722084367245657,0.2,0.0,0.0,0.4,0.6000000000000001,0.8444444444444446,0.0,0.8630136986301369,0.4536082474226804,0.0017982317387901898,0.12499999999999999,0.1369047619047619,0.07070707070707069,0.5692307692307692,0.7826086956521741,0.4444444444444445,0.4444444444444445,0.125,0.11033411033411034,0.9724907394017598,0.1528198908429351,0.7567567567567568
0.03970223325062035,0.0,0.6666666666666666,1.0,0.8,1.0,0.3555555555555556,1.0,0.1232876712328767,0.061855670103092786,0.4014441354889914,0.9583333333333331,0.49702380952380953,0.3737373737373737,0.06153846153846154,0.0869565217391306,0.7777777777777777,0.6666666666666665,0.75,0.033411033411033415,0.17417711380802472,0.026682838083687082,0.2702702702702702
0.04218362282878412,0.0,0.6666666666666666,1.0,0.8,0.4,0.15555555555555545,1.0,0.0821917808219178,0.09278350515463918,0.21245219978132615,0.9999999999999999,0.47619047619047616,0.39730639730639733,0.12307692307692308,0.26086956521739135,0.6666666666666665,0.8888888888888888,0.75,0.049728049728049735,0.14445420870551853,0.024863553668890235,0.35135135135135154
0.04466501240694789,0.4,0.6666666666666666,0.2,0.2,0.8,0.6888888888888889,1.0,0.27397260273972607,0.9381443298969072,0.3228436481903905,0.4166666666666667,0.19047619047619047,0.4006734006734007,0.7076923076923078,0.5217391304347827,0.7777777777777777,0.8888888888888888,0.5,0.46348096348096357,0.5031202376052594,0.18213058419243985,0.6486486486486485
0.04714640198511166,0.2,0.0,0.0,0.4,0.8,0.8222222222222224,0.0,0.780821917808219,0.5154639175257731,0.0010378683183758194,0.16666666666666669,0.14285714285714285,0.08417508417508418,0.49230769230769234,0.7391304347826089,0.4444444444444445,0.3333333333333333,0.375,0.1254856254856255,0.9379289631467124,0.17101273499090355,0.5405405405405406
0.04962779156327543,0.8,0.3333333333333333,0.4,1.0,0.6000000000000001,1.0,0.0,0.9999999999999998,0.31958762886597936,0.0001720530367360984,0.04166666666666667,0.047619047619047616,0.016835016835016828,0.6923076923076923,1.0,0.2222222222222222,0.0,0.25,0.06021756021756022,0.634748656796111,0.1055184960582171,0.35135135135135154
0.052109181141439205,0.6000000000000001,0.6666666666666666,0.8,0.0,0.2,0.8666666666666667,1.0,0.4794520547945205,0.8969072164948454,0.20194586434450568,0.3333333333333333,0.24999999999999994,0.3636363636363637,0.8153846153846154,0.673913043478261,0.7777777777777777,0.8888888888888888,0.625,0.5497280497280498,0.34566225791739436,0.17869415807560135,0.8108108108108107
0.05459057071960298,0.2,0.0,0.0,0.4,0.0,0.7777777777777777,0.0,0.7397260273972601,0.422680412371134,0.0009990176326612164,0.12499999999999999,0.13392857142857142,0.06397306397306396,0.5846153846153846,0.7608695652173914,0.3333333333333333,0.4444444444444445,0.125,0.13830613830613833,0.9343804576348488,0.12290276935516474,0.8108108108108107
0.05707196029776675,0.4,0.6666666666666666,0.2,0.2,0.4,0.7333333333333334,1.0,0.1780821917808219,0.8865979381443299,0.08552145945375937,0.4583333333333333,0.22619047619047622,0.3602693602693603,0.7692307692307692,0.6521739130434783,0.7777777777777777,0.6666666666666665,0.625,0.4650349650349651,0.5471817746977096,0.1768748736608045,0.7567567567567568
0.05955334987593052,0.0,0.6666666666666666,1.0,0.8,0.0,0.1777777777777778,1.0,0.0410958904109589,0.13402061855670103,0.29607552573302914,0.9166666666666666,0.49702380952380953,0.4478114478114479,0.1076923076923077,0.10869565217391308,0.6666666666666665,0.8888888888888888,0.75,0.033411033411033415,0.18378811306272733,0.0,0.0
0.062034739454094295,0.8,0.3333333333333333,0.4,1.0,0.0,1.0,0.0,0.9315068493150684,0.28865979381443296,0.000277504897961449,0.04166666666666667,0.07738095238095236,0.006734006734006717,0.6461538461538461,0.9782608695652173,0.2222222222222222,0.1111111111111111,0.125,0.09829059829059832,0.6715463252388845,0.09096422073984232,0.6216216216216217
0.06451612903225806,0.2,0.0,0.0,0.4,0.2,1.0,0.0,0.7945205479452053,0.48453608247422675,0.0003607563673498837,0.08333333333333333,0.14583333333333334,0.07070707070707069,0.476923076923077,0.6304347826086958,0.5555555555555556,0.3333333333333333,0.125,0.11383061383061385,0.9345028198938786,0.11663634525975337,0.5945945945945945
0.06699751861042183,0.6000000000000001,0.6666666666666666,0.8,0.0,0.6000000000000001,0.8222222222222224,1.0,0.3698630136986301,0.9896907216494845,0.2384655089162324,0.3333333333333333,0.2708333333333333,0.4175084175084175,0.8615384615384616,0.6086956521739131,0.8888888888888888,0.6666666666666665,0.625,0.5722610722610724,0.3805577494243412,0.1683848797250859,0.6216216216216217
0.06947890818858561,0.6000000000000001,0.6666666666666666,0.8,0.0,0.8,0.7999999999999998,1.0,0.35616438356164376,0.9690721649484536,0.18593383173213007,0.3333333333333333,0.21726190476190477,0.42760942760942766,0.8461538461538463,0.8043478260869565,0.7777777777777777,0.6666666666666665,0.625,0.5512820512820513,0.4062983191875146,0.16454416818273698,0.9189189189189191
0.07196029776674938,1.0,1.0,0.6000000000000001,0.6000000000000001,0.4,1.0,0.0,0.6575342465753424,0.9587628865979382,0.3521537155130788,0.25,0.9464285714285715,0.8181818181818182,0.9384615384615385,0.4130434782608696,0.8888888888888888,0.8888888888888888,1.0,0.9883449883449884,0.11309609886870528,0.9842328684050939,0.6756756756756757
0.07444168734491315,1.0,1.0,0.6000000000000001,0.6000000000000001,0.6000000000000001,0.9555555555555557,0.0,0.6712328767123288,0.9999999999999999,0.7458443641530274,0.2916666666666667,0.9285714285714287,0.9090909090909092,0.9230769230769231,0.3913043478260869,0.7777777777777777,0.8888888888888888,0.875,1.0,0.057821729312435344,0.9704871639377399,0.783783783783784
0.07692307692307693,0.4,0.6666666666666666,0.2,0.2,1.0,0.7777777777777777,1.0,0.27397260273972607,0.8762886597938144,0.22374664912835712,0.4583333333333333,0.16369047619047616,0.37037037037037035,0.7846153846153847,0.5434782608695652,0.6666666666666665,0.8888888888888888,0.625,0.4510489510489511,0.520962879740147,0.2047705680210228,0.9459459459459458
0.0794044665012407,0.2,0.0,0.0,0.4,0.0,0.8666666666666667,0.0,0.780821917808219,0.4329896907216495,0.0012987229224595814,0.12499999999999999,0.14285714285714285,0.07070707070707069,0.6153846153846154,0.8913043478260869,0.5555555555555556,0.2222222222222222,0.125,0.0951825951825952,0.95022080825834,0.12876490802506568,0.7297297297297296
0.08188585607940446,0.2,0.0,0.0,0.4,0.0,0.9777777777777779,0.0,0.8082191780821917,0.4948453608247423,0.0008935657714358657,0.16666666666666669,0.1369047619047619,0.0808080808080808,0.5692307692307692,0.7173913043478262,0.4444444444444445,0.2222222222222222,0.375,0.1017871017871018,0.9130115576715575,0.11481706084495653,0.783783783783784
0.08436724565756824,0.0,0.6666666666666666,1.0,0.8,0.0,0.33333333333333326,1.0,0.0,0.07216494845360824,0.2722711555858961,0.9166666666666666,0.49702380952380953,0.36700336700336705,0.046153846153846156,0.17391304347826098,0.7777777777777777,0.8888888888888888,0.75,0.041181041181041184,0.16944948107278332,0.01596927430766121,0.08108108108108092
0.08684863523573201,0.0,0.6666666666666666,1.0,0.8,1.0,0.24444444444444446,1.0,0.1643835616438356,0.10309278350515463,0.5180128429266777,0.9583333333333331,0.488095238095238,0.45791245791245794,0.12307692307692308,0.0,0.7777777777777777,0.7777777777777777,0.75,0.07653457653457656,0.15940465199061146,0.03315140489185364,0.2432432432432432
0.08933002481389578,0.0,0.6666666666666666,1.0,0.8,0.2,0.0,1.0,0.0684931506849315,0.09278350515463918,0.49872070242039773,0.9583333333333331,0.47619047619047616,0.3939393939393939,0.12307692307692308,0.15217391304347827,0.8888888888888888,0.8888888888888888,0.625,0.038850038850038855,0.16853732605092495,0.0016171417020416426,0.18918918918918926
0.09181141439205956,1.0,1.0,0.6000000000000001,0.6000000000000001,0.6000000000000001,0.9333333333333331,0.0,0.7123287671232876,0.979381443298969,0.39966255404407885,0.25,0.9523809523809522,0.888888888888889,1.0,0.3913043478260869,0.8888888888888888,0.8888888888888888,0.875,0.9374514374514376,0.09548705741014715,0.9781685870224378,0.6216216216216217
0.09429280397022333,0.2,0.0,0.0,0.4,0.0,1.0,0.0,0.7534246575342465,0.4948453608247423,0.0012487720408265205,0.12499999999999999,0.18154761904761907,0.09090909090909091,0.5384615384615385,0.9130434782608696,0.3333333333333333,0.4444444444444445,0.375,0.12043512043512045,0.9777523165400402,0.16413988275722657,0.5405405405405406
0.0967741935483871,0.2,0.0,0.0,0.4,0.6000000000000001,1.0,0.0,0.8082191780821917,0.48453608247422675,0.0017815814449125029,0.12499999999999999,0.1369047619047619,0.07070707070707069,0.6307692307692307,0.8043478260869565,0.3333333333333333,0.4444444444444445,0.125,0.09246309246309246,0.9195078812418657,0.1417020416413988,0.6216216216216217
0.09925558312655086,0.6000000000000001,0.6666666666666666,0.8,0.0,0.2,0.6888888888888889,1.0,0.3835616438356165,0.9484536082474226,0.07474871931489592,0.3333333333333333,0.22619047619047622,0.3737373737373737,0.8769230769230769,0.7391304347826089,0.6666666666666665,0.6666666666666665,0.625,0.5730380730380732,0.39510773440715485,0.17525773195876287,0.9189189189189191
0.10173697270471464,1.0,1.0,0.6000000000000001,0.6000000000000001,0.2,0.8444444444444446,0.0,0.6438356164383561,0.9999999999999999,0.36499664219073463,0.2916666666666667,0.943452380952381,0.8653198653198654,0.9846153846153847,0.5434782608695652,0.8888888888888888,1.0,1.0,0.9502719502719504,0.06155934013370859,0.9696785930867191,0.45945945945945943
0.10421836228287841,0.8,0.3333333333333333,0.4,1.0,0.6000000000000001,1.0,0.0,0.9589041095890409,0.30927835051546393,0.0006993123428628515,0.0,0.09226190476190477,0.010101010101010097,0.6000000000000001,0.8043478260869565,0.0,0.2222222222222222,0.0,0.05982905982905984,0.6364506045807979,0.0818677986658581,0.32432432432432434
0.10669975186104218,1.0,1.0,0.6000000000000001,0.6000000000000001,0.6000000000000001,0.7555555555555555,0.0,0.6712328767123288,0.9690721649484536,0.9416518201546258,0.25,0.994047619047619,0.9057239057239059,0.9076923076923078,0.36956521739130443,0.8888888888888888,0.8888888888888888,1.0,0.9331779331779333,0.04852219762617219,0.9824135839902971,0.5945945945945945
0.10918114143920596,0.8,0.3333333333333333,0.4,1.0,0.4,1.0,0.0,0.8630136986301369,0.29896907216494845,0.00040515715102371557,0.0,0.053571428571428575,0.010101010101010097,0.6923076923076923,0.8913043478260869,0.1111111111111111,0.0,0.125,0.06293706293706294,0.7052738133641834,0.11522134627046694,0.5675675675675673
0.11166253101736973,0.6000000000000001,0.6666666666666666,0.8,0.0,1.0,0.6444444444444444,1.0,0.3972602739726027,0.9484536082474226,0.09046659673543239,0.3333333333333333,0.2767857142857143,0.4107744107744108,0.8307692307692309,0.7826086956521741,0.6666666666666665,0.7777777777777777,0.75,0.5578865578865579,0.4143853521252099,0.19567414594703858,0.8648648648648647
0.1141439205955335,0.4,0.6666666666666666,0.2,0.2,0.4,0.5555555555555556,1.0,0.2876712328767123,0.9072164948453608,0.5491266920861153,0.4166666666666667,0.17261904761904762,0.38047138047138046,0.8153846153846154,0.8043478260869565,0.7777777777777777,0.7777777777777777,0.75,0.4487179487179488,0.5109069268162453,0.2231655548817465,0.8108108108108107
0.11662531017369727,0.2,0.0,0.0,0.4,0.4,1.0,0.0,0.7534246575342465,0.5051546391752577,0.0003274557795945098,0.12499999999999999,0.16369047619047616,0.07070707070707069,0.5230769230769231,0.673913043478261,0.3333333333333333,0.3333333333333333,0.25,0.11732711732711734,0.9082728010945861,0.14594703860925812,0.7027027027027029
0.11910669975186104,0.6000000000000001,0.6666666666666666,0.8,0.0,0.4,0.7333333333333334,1.0,0.41095890410958896,0.9381443298969072,0.3552007192926955,0.3333333333333333,0.26190476190476186,0.39057239057239057,0.7846153846153847,0.6086956521739131,0.8888888888888888,0.8888888888888888,0.625,0.5543900543900545,0.40446288530206786,0.15868202951283605,0.8918918918918919
0.12158808933002481,0.2,0.0,0.0,0.4,1.0,0.8444444444444446,0.0,0.7671232876712328,0.4742268041237113,0.0014818761551141377,0.12499999999999999,0.1875,0.07070707070707069,0.41538461538461546,0.7391304347826089,0.4444444444444445,0.4444444444444445,0.125,0.09595959595959598,0.9488859472507424,0.14251061249241964,0.8108108108108107
0.12406947890818859,0.0,0.6666666666666666,1.0,0.8,0.8,0.5111111111111111,1.0,0.0410958904109589,0.07216494845360824,0.3552784206641247,0.9583333333333331,0.5446428571428572,0.39057239057239057,0.12307692307692308,0.1304347826086958,0.8888888888888888,0.8888888888888888,0.75,0.03768453768453769,0.13800238050213023,0.03436426116838488,0.2432432432432432
0.12655086848635236,0.4,0.6666666666666666,0.2,0.2,0.2,0.5777777777777777,1.0,0.2054794520547945,0.8865979381443299,0.38472724043579365,0.4583333333333333,0.20833333333333331,0.430976430976431,0.8461538461538463,0.6304347826086958,0.8888888888888888,0.8888888888888888,0.625,0.4300699300699301,0.5333214679021546,0.23024054982817865,0.7297297297297296
0.12903225806451613,0.4,0.6666666666666666,0.2,0.2,0.4,0.5333333333333332,1.0,0.27397260273972607,0.8865979381443299,0.39102105152155936,0.4166666666666667,0.18154761904761907,0.4006734006734007,0.7384615384615385,0.7173913043478262,0.8888888888888888,0.7777777777777777,0.75,0.45182595182595187,0.5116855957373438,0.2150798463715383,0.8918918918918919
0.1315136476426799,0.6000000000000001,0.6666666666666666,0.8,0.0,0.2,0.711111111111111,1.0,0.3835616438356165,0.9381443298969072,0.49913140966938063,0.3333333333333333,0.26190476190476186,0.4478114478114479,0.8615384615384616,0.8043478260869565,0.8888888888888888,0.6666666666666665,0.5,0.5804195804195805,0.4167881019388856,0.1609055993531433,0.9999999999999998
0.13399503722084366,0.4,0.6666666666666666,0.2,0.2,1.0,0.5555555555555556,1.0,0.2602739726027397,0.8969072164948454,0.29480455330036576,0.4166666666666667,0.19345238095238093,0.44444444444444453,0.7846153846153847,0.6086956521739131,0.6666666666666665,0.8888888888888888,0.625,0.4658119658119658,0.4570675328431427,0.1888012937133616,0.6756756756756757
0.13647642679900746,0.8,0.3333333333333333,0.4,1.0,0.2,1.0,0.0,0.9041095890410957,0.27835051546391754,0.0008047642040882022,0.08333333333333333,0.047619047619047616,0.0033670033670033517,0.7076923076923078,1.0,0.0,0.1111111111111111,0.0,0.09324009324009325,0.6351713627818503,0.08631493834647261,0.45945945945945943
0.13895781637717122,0.4,0.6666666666666666,0.2,0.2,0.4,0.5555555555555556,1.0,0.2876712328767123,0.9484536082474226,0.36646741814993034,0.4166666666666667,0.20238095238095238,0.39730639730639733,0.7692307692307692,0.4782608695652175,0.7777777777777777,0.7777777777777777,0.75,0.4475524475524476,0.5088490160961989,0.21063270669092377,0.8378378378378379
0.141439205955335,0.2,0.0,0.0,0.4,1.0,1.0,0.0,0.780821917808219,0.48453608247422675,0.0004662082285752344,0.12499999999999999,0.1369047619047619,0.0808080808080808,0.6000000000000001,0.8043478260869565,0.4444444444444445,0.4444444444444445,0.375,0.10062160062160062,0.9236125788402282,0.1681827370123307,0.5405405405405406
0.14392059553349876,0.2,0.0,0.0,0.4,0.2,0.8888888888888888,0.0,0.821917808219178,0.44329896907216493,0.0006493614612297907,0.12499999999999999,0.15773809523809523,0.08417508417508418,0.5076923076923077,0.7608695652173914,0.4444444444444445,0.4444444444444445,0.375,0.10489510489510491,0.9999999999999999,0.10390135435617547,0.5945945945945945
0.14640198511166252,0.2,0.0,0.0,0.4,0.8,1.0,0.0,0.780821917808219,0.48453608247422675,0.0010378683183758194,0.16666666666666669,0.12797619047619047,0.08754208754208756,0.5692307692307692,0.7391304347826089,0.3333333333333333,0.3333333333333333,0.375,0.10644910644910648,0.958597061081015,0.16272488376794014,0.7297297297297296
0.1488833746898263,0.2,0.0,0.0,0.4,0.6000000000000001,0.911111111111111,0.0,0.821917808219178,0.4742268041237113,0.001420825077562619,0.16666666666666669,0.18154761904761907,0.08417508417508418,0.6307692307692307,0.7608695652173914,0.5555555555555556,0.3333333333333333,0.25,0.1324786324786325,0.9646150594569339,0.13139276329088334,0.4864864864864866
0.1513647642679901,0.8,0.3333333333333333,0.4,1.0,0.8,0.8888888888888888,0.0,0.8630136986301369,0.24742268041237114,7.215127346997676e-05,0.04166666666666667,0.0,0.0,0.6923076923076923,1.0,0.1111111111111111,0.1111111111111111,0.25,0.05516705516705517,0.6770526268952245,0.11077420658985244,0.6216216216216217
0.15384615384615385,1.0,1.0,0.6000000000000001,0.6000000000000001,0.2,0.5777777777777777,0.0,0.6712328767123288,0.9278350515463918,0.9995393418693841,0.25,0.9732142857142857,0.888888888888889,1.0,0.36956521739130443,0.8888888888888888,0.8888888888888888,1.0,0.9763014763014765,0.05160350178537659,0.988275722660198,0.783783783783784
0.15632754342431762,0.0,0.6666666666666666,1.0,0.8,0.4,0.3111111111111111,1.0,0.136986301369863,0.07216494845360824,0.09426286373954501,0.9999999999999999,0.5148809523809523,0.43434343434343436,0.1076923076923077,0.19565217391304346,0.7777777777777777,0.6666666666666665,0.75,0.0,0.1575247227382449,0.011117849201536283,0.2432432432432432
0.1588089330024814,0.6000000000000001,0.6666666666666666,0.8,0.0,0.4,0.5555555555555556,1.0,0.41095890410958896,0.9999999999999999,0.22200391836915923,0.3333333333333333,0.23511904761904762,0.43434343434343436,0.8923076923076922,0.6304347826086958,0.8888888888888888,0.6666666666666665,0.75,0.5586635586635588,0.334238072460705,0.1811198706286638,0.9459459459459458
0.16129032258064516,0.2,0.0,0.0,0.4,1.0,1.0,0.0,0.7397260273972601,0.48453608247422675,0.001398624685725703,0.12499999999999999,0.1369047619047619,0.09090909090909091,0.6153846153846154,0.8260869565217392,0.5555555555555556,0.2222222222222222,0.375,0.11732711732711734,0.9801773140371758,0.13402061855670103,0.5405405405405406
0.16377171215880892,0.4,0.6666666666666666,0.2,0.2,1.0,0.6444444444444444,1.0,0.2876712328767123,0.8865979381443299,0.2823889841655705,0.375,0.20238095238095238,0.4242424242424243,0.7846153846153847,0.6086956521739131,0.7777777777777777,0.8888888888888888,0.5,0.43240093240093247,0.512175044773463,0.21811198706286636,0.7297297297297296
0.1662531017369727,0.2,0.0,0.0,0.4,0.4,0.9333333333333331,0.0,0.8630136986301369,0.5257731958762887,0.0007603634204143702,0.12499999999999999,0.16369047619047616,0.06734006734006734,0.6000000000000001,0.9130434782608696,0.5555555555555556,0.4444444444444445,0.375,0.09634809634809637,0.9786088523532487,0.12876490802506568,0.4054054054054055
0.1687344913151365,0.4,0.6666666666666666,0.2,0.2,0.4,0.5999999999999999,1.0,0.24657534246575336,0.8247422680412371,0.12052037718465732,0.4166666666666667,0.17559523809523808,0.42760942760942766,0.8,0.5,0.8888888888888888,0.7777777777777777,0.625,0.48640248640248646,0.4987263201219173,0.20315342631898117,0.5135135135135134
0.17121588089330025,0.0,0.6666666666666666,1.0,0.8,0.0,0.3999999999999999,1.0,0.1506849315068493,0.10309278350515463,0.2930063215615755,0.9583333333333331,0.48511904761904756,0.45117845117845123,0.1692307692307693,0.04347826086956541,0.8888888888888888,0.8888888888888888,0.5,0.07031857031857033,0.14387576893555956,0.04608853850818678,0.16216216216216206
0.17369727047146402,0.0,0.6666666666666666,1.0,0.8,0.2,0.28888888888888875,1.0,0.0958904109589041,0.061855670103092786,0.3394384410884852,0.9999999999999999,0.5029761904761905,0.3838383838383838,0.12307692307692308,0.17391304347826098,0.6666666666666665,0.8888888888888888,0.75,0.04895104895104896,0.14713505456244366,0.02466141095613503,0.29729729729729715
0.1761786600496278,0.0,0.6666666666666666,1.0,0.8,0.4,0.3999999999999999,1.0,0.1506849315068493,0.05154639175257732,0.3926194797338173,0.9583333333333331,0.47916666666666663,0.3636363636363637,0.0,0.15217391304347827,0.6666666666666665,0.7777777777777777,0.5,0.06604506604506605,0.1926093195546014,0.022437841115827774,0.0
0.17866004962779156,0.4,0.6666666666666666,0.2,0.2,1.0,0.8222222222222224,1.0,0.2876712328767123,0.9381443298969072,0.25868451578170354,0.4583333333333333,0.19940476190476192,0.4006734006734007,0.8461538461538463,0.4565217391304348,0.8888888888888888,0.7777777777777777,0.625,0.445998445998446,0.4449647930409246,0.21103699211643417,0.6756756756756757
0.18114143920595532,0.2,0.0,0.0,0.4,0.6000000000000001,1.0,0.0,0.7671232876712328,0.44329896907216493,0.0007659135183735993,0.08333333333333333,0.13095238095238093,0.07744107744107745,0.5076923076923077,0.7173913043478262,0.5555555555555556,0.2222222222222222,0.125,0.1013986013986014,0.9118769258150995,0.1374570446735395,0.7297297297297296
0.18362282878411912,0.0,0.6666666666666666,1.0,0.8,0.4,0.5999999999999999,1.0,0.21917808219178087,0.04123711340206185,0.12158599599282928,0.9166666666666666,0.5,0.4410774410774412,0.15384615384615385,0.17391304347826098,0.8888888888888888,0.8888888888888888,0.75,0.02758352758352759,0.1671802173598674,0.0022235698403072594,0.16216216216216206
0.18610421836228289,0.8,0.3333333333333333,0.4,1.0,0.0,0.9777777777777779,0.0,0.9041095890410957,0.3402061855670103,0.0007770137142920572,0.0,0.023809523809523808,0.006734006734006717,0.6307692307692307,0.8043478260869565,0.1111111111111111,0.1111111111111111,0.125,0.03962703962703963,0.6897449303091315,0.07640994542146756,0.4054054054054055
0.18858560794044665,0.4,0.6666666666666666,0.2,0.2,0.2,0.6444444444444444,1.0,0.3150684931506849,0.9381443298969072,0.4663192305344189,0.375,0.21130952380952378,0.42087542087542096,0.7692307692307692,0.6304347826086958,0.8888888888888888,0.7777777777777777,0.75,0.45532245532245536,0.4989932923234368,0.21871841520113197,0.7027027027027029
0.19106699751861042,0.4,0.6666666666666666,0.2,0.2,0.4,0.7333333333333334,1.0,0.24657534246575336,0.865979381443299,0.4348446250076314,0.375,0.1875,0.3872053872053872,0.8307692307692309,0.5652173913043479,0.8888888888888888,0.8888888888888888,0.75,0.4844599844599845,0.46287417822619215,0.22175055589246007,0.6486486486486485
0.1935483870967742,0.2,0.0,0.0,0.4,1.0,0.9555555555555557,0.0,0.7945205479452053,0.4639175257731959,0.0012154714530711467,0.12499999999999999,0.17559523809523808,0.0808080808080808,0.5846153846153846,0.7826086956521741,0.3333333333333333,0.3333333333333333,0.375,0.12354312354312355,0.9530796355829448,0.12047705680210229,0.6486486486486485
0.19602977667493796,0.4,0.6666666666666666,0.2,0.2,0.6000000000000001,0.8222222222222224,1.0,0.2328767123287671,0.8865979381443299,0.12424449291529996,0.4166666666666667,0.22023809523809523,0.4545454545454545,0.8461538461538463,0.5869565217391306,0.6666666666666665,0.8888888888888888,0.625,0.44289044289044294,0.4987596916471072,0.2152819890842935,0.9459459459459458
0.19851116625310172,0.4,0.6666666666666666,0.2,0.2,0.6000000000000001,0.6888888888888889,1.0,0.2602739726027397,0.8556701030927835,0.4788180511386026,0.375,0.23214285714285715,0.4006734006734007,0.8923076923076922,0.5434782608695652,0.8888888888888888,0.8888888888888888,0.75,0.4728049728049729,0.46717910497569437,0.2205376996159288,0.5945945945945945
0.20099255583126552,0.0,0.6666666666666666,1.0,0.8,0.8,0.3555555555555556,1.0,0.2328767123287671,0.10309278350515463,0.2129017577160237,0.9583333333333331,0.5297619047619047,0.3939393939393939,0.15384615384615385,0.10869565217391308,0.7777777777777777,0.6666666666666665,0.625,0.06604506604506605,0.18708077021480138,0.010309278350515465,0.0
0.20347394540942929,0.2,0.0,0.0,0.4,0.6000000000000001,1.0,0.0,0.821917808219178,0.422680412371134,0.0009435166530689266,0.16666666666666669,0.16369047619047616,0.08754208754208756,0.5230769230769231,0.7608695652173914,0.4444444444444445,0.4444444444444445,0.125,0.09285159285159286,0.9489081949342025,0.11562563169597735,0.5945945945945945
0.20595533498759305,0.0,0.6666666666666666,1.0,0.8,0.8,0.1777777777777778,1.0,0.1506849315068493,0.07216494845360824,0.4421985048036098,0.9583333333333331,0.49404761904761907,0.3602693602693603,0.12307692307692308,0.17391304347826098,0.6666666666666665,0.8888888888888888,0.75,0.0784770784770785,0.1592711658898517,0.014554275318374773,0.0
0.20843672456575682,0.0,0.6666666666666666,1.0,0.8,0.0,0.28888888888888875,1.0,0.1095890410958904,0.061855670103092786,0.3619829389988733,0.9583333333333331,0.488095238095238,0.3602693602693603,0.18461538461538463,0.10869565217391308,0.6666666666666665,0.6666666666666665,0.625,0.02447552447552448,0.16558950799248026,0.016575702445926824,0.1351351351351351
0.2109181141439206,0.2,0.0,0.0,0.4,0.6000000000000001,1.0,0.0,0.821917808219178,0.4639175257731959,0.0015595775265433434,0.12499999999999999,0.18452380952380953,0.0808080808080808,0.6153846153846154,0.6304347826086958,0.4444444444444445,0.3333333333333333,0.375,0.1153846153846154,0.9197414819181952,0.15039417828987264,0.45945945945945943
0.21339950372208435,0.6000000000000001,0.6666666666666666,0.8,0.0,0.8,0.7333333333333334,1.0,0.4246575342465753,0.9690721649484536,0.18248722089944888,0.2916666666666667,0.2738095238095238,0.4107744107744108,0.8923076923076922,0.7826086956521741,0.7777777777777777,0.6666666666666665,0.625,0.5571095571095572,0.34934424953001764,0.173438447543966,0.9999999999999998
0.21588089330024815,0.0,0.6666666666666666,1.0,0.8,0.6000000000000001,0.3111111111111111,1.0,0.1917808219178082,0.0,0.25062577354490306,0.9999999999999999,0.4732142857142857,0.3939393939393939,0.03076923076923077,0.0,0.8888888888888888,0.7777777777777777,0.625,0.02447552447552448,0.1650444397477113,0.00808570851020821,0.08108108108108092
0.21836228287841192,0.8,0.3333333333333333,0.4,1.0,0.8,0.8888888888888888,0.0,0.9726027397260273,0.28865979381443296,0.0001942534285730143,0.0,0.03273809523809523,0.010101010101010097,0.5692307692307692,0.9130434782608696,0.2222222222222222,0.2222222222222222,0.0,0.07964257964257965,0.6555279931477135,0.10208206994137863,0.45945945945945943
0.22084367245657568,0.8,0.3333333333333333,0.4,1.0,0.6000000000000001,1.0,0.0,0.9178082191780821,0.25773195876288657,0.000566109991841356,0.04166666666666667,0.07738095238095236,0.0,0.6615384615384616,0.956521739130435,0.1111111111111111,0.2222222222222222,0.25,0.06021756021756022,0.6738489604769903,0.10470992520719628,0.5135135135135134
0.22332506203473945,0.4,0.6666666666666666,0.2,0.2,0.8,0.8888888888888888,1.0,0.30136986301369856,0.8969072164948454,0.4961898577509893,0.4166666666666667,0.19345238095238093,0.40740740740740744,0.8153846153846154,0.5,0.7777777777777777,0.8888888888888888,0.75,0.46775446775446783,0.5000611811295148,0.19830200121285627,0.7567567567567568
0.22580645161290322,0.8,0.3333333333333333,0.4,1.0,0.8,0.9333333333333331,0.0,0.9178082191780821,0.26804123711340205,0.0005994105795967299,0.04166666666666667,0.047619047619047616,0.013468013468013462,0.6000000000000001,0.7608695652173914,0.0,0.2222222222222222,0.25,0.09090909090909091,0.6920920609141573,0.07519708914493632,0.5675675675675673
0.228287841191067,0.4,0.6666666666666666,0.2,0.2,0.4,0.5999999999999999,1.0,0.2328767123287671,0.9278350515463918,0.2873230212513251,0.375,0.16666666666666669,0.44444444444444453,0.8,0.5217391304347827,0.6666666666666665,0.8888888888888888,0.625,0.4665889665889667,0.4876358499171274,0.2154841317970487,0.6216216216216217
0.23076923076923078,0.6000000000000001,0.6666666666666666,0.8,0.0,0.2,1.0,1.0,0.3698630136986301,0.9587628865979382,0.4533486516037008,0.3333333333333333,0.24702380952380948,0.41414141414141414,0.8923076923076922,0.7826086956521741,0.6666666666666665,0.8888888888888888,0.625,0.5695415695415695,0.3573534155756032,0.19021629270264806,0.7567567567567568
0.23325062034739455,0.2,0.0,0.0,0.4,0.0,1.0,0.0,0.726027397260274,0.4742268041237113,0.0003274557795945098,0.12499999999999999,0.11011904761904762,0.0808080808080808,0.5538461538461539,0.7391304347826089,0.4444444444444445,0.2222222222222222,0.125,0.1328671328671329,0.9880196224568117,0.1449363250454821,0.45945945945945943
0.23573200992555832,0.2,0.0,0.0,0.4,0.0,0.9777777777777779,0.0,0.780821917808219,0.48453608247422675,0.0009213162612320108,0.12499999999999999,0.1369047619047619,0.06397306397306396,0.5384615384615385,0.6304347826086958,0.3333333333333333,0.2222222222222222,0.25,0.1421911421911422,0.912121650333159,0.1208813422276127,0.6486486486486485
0.23821339950372208,0.2,0.0,0.0,0.4,0.0,0.9333333333333331,0.0,0.8356164383561644,0.5154639175257731,0.0014430254693995348,0.12499999999999999,0.13988095238095238,0.08754208754208756,0.5538461538461539,0.847826086956522,0.4444444444444445,0.2222222222222222,0.125,0.10101010101010102,0.9182953824932979,0.14857489387507578,0.5945945945945945
0.24069478908188585,0.8,0.3333333333333333,0.4,1.0,0.2,0.9777777777777779,0.0,0.9999999999999998,0.27835051546391754,0.0004884086204121503,0.08333333333333333,0.07142857142857142,0.010101010101010097,0.6153846153846154,0.8260869565217392,0.2222222222222222,0.2222222222222222,0.125,0.0885780885780886,0.6862520440059179,0.09480493228219122,0.4054054054054055
0.24317617866004962,0.6000000000000001,0.6666666666666666,0.8,0.0,1.0,0.6444444444444444,1.0,0.3972602739726027,0.9278350515463918,0.10601797121719199,0.3333333333333333,0.2648809523809524,0.4242424242424243,0.8769230769230769,0.6521739130434783,0.7777777777777777,0.6666666666666665,0.625,0.6033411033411035,0.4242188282145122,0.18960986456438242,0.8108108108108107
0.2456575682382134,0.8,0.3333333333333333,0.4,1.0,0.0,1.0,0.0,0.9178082191780821,0.26804123711340205,0.0007714636163328283,0.04166666666666667,0.0625,0.0,0.5230769230769231,0.847826086956522,0.2222222222222222,0.1111111111111111,0.125,0.050116550116550126,0.5862375830116688,0.09217707701637357,0.29729729729729715
0.24813895781637718,0.8,0.3333333333333333,0.4,1.0,0.4,1.0,0.0,0.9589041095890409,0.30927835051546393,0.0005050589142898373,0.0,0.04464285714285715,0.010101010101010097,0.676923076923077,0.8043478260869565,0.2222222222222222,0.1111111111111111,0.0,0.07031857031857033,0.6977540963547171,0.08166565595310289,0.5945945945945945
0.2506203473945409,1.0,1.0,0.6000000000000001,0.6000000000000001,0.8,0.8666666666666667,0.0,0.6438356164383561,0.9587628865979382,0.898732912635908,0.25,0.9732142857142857,0.9158249158249159,0.9384615384615385,0.4130434782608696,0.7777777777777777,0.8888888888888888,0.75,0.9887334887334889,0.07268318186368844,0.994137861330099,0.7567567567567568
0.2531017369727047,0.2,0.0,0.0,0.4,0.2,0.9777777777777779,0.0,0.8082191780821917,0.5051546391752577,0.0011710706693973149,0.12499999999999999,0.14285714285714285,0.07744107744107745,0.5538461538461539,0.7826086956521741,0.3333333333333333,0.3333333333333333,0.375,0.11383061383061385,0.9835033427144398,0.12876490802506568,0.6756756756756757
0.2555831265508685,0.2,0.0,0.0,0.4,0.6000000000000001,1.0,0.0,0.7671232876712328,0.44329896907216493,0.0008658152816397209,0.08333333333333333,0.1607142857142857,0.0808080808080808,0.6307692307692307,0.7391304347826089,0.5555555555555556,0.2222222222222222,0.375,0.09673659673659675,0.9472952378833553,0.11602991712148776,0.5405405405405406
0.25806451612903225,0.4,0.6666666666666666,0.2,0.2,0.8,0.6666666666666667,1.0,0.27397260273972607,0.8556701030927835,0.2892655555370552,0.4583333333333333,0.18154761904761907,0.39057239057239057,0.8461538461538463,0.5217391304347827,0.6666666666666665,0.8888888888888888,0.75,0.4860139860139861,0.503832163475978,0.22700626642409538,0.7297297297297296
0.26054590570719605,0.0,0.6666666666666666,1.0,0.8,0.8,0.1333333333333333,1.0,0.0136986301369863,0.09278350515463918,0.39818622798692394,0.9583333333333331,0.4910714285714286,0.3771043771043771,0.12307692307692308,0.1304347826086958,0.6666666666666665,0.7777777777777777,0.5,0.04856254856254857,0.1747333058945237,0.006670709520921771,0.10810810810810811
0.2630272952853598,0.6000000000000001,0.6666666666666666,0.8,0.0,0.6000000000000001,0.6888888888888889,1.0,0.3972602739726027,0.9587628865979382,0.14007892239298025,0.375,0.25595238095238093,0.44444444444444453,0.8,0.6086956521739131,0.6666666666666665,0.7777777777777777,0.625,0.5466200466200467,0.37668665250230815,0.18597129573478874,0.8648648648648647
0.2655086848635236,0.4,0.6666666666666666,0.2,0.2,0.6000000000000001,0.8222222222222224,1.0,0.30136986301369856,0.8865979381443299,0.3436676157334177,0.4166666666666667,0.22619047619047622,0.3838383838383838,0.7846153846153847,0.5652173913043479,0.7777777777777777,0.8888888888888888,0.625,0.4650349650349651,0.5156234357097567,0.21366484738225186,0.7027027027027029
0.2679900744416873,0.4,0.6666666666666666,0.2,0.2,0.6000000000000001,0.8666666666666667,1.0,0.3150684931506849,0.865979381443299,0.19879895880162285,0.4583333333333333,0.22916666666666669,0.40740740740740744,0.7692307692307692,0.5652173913043479,0.7777777777777777,0.6666666666666665,0.625,0.44055944055944063,0.49748044984815953,0.20254699818071556,0.7027027027027029
0.2704714640198511,0.6000000000000001,0.6666666666666666,0.8,0.0,0.8,0.8222222222222224,1.0,0.3698630136986301,0.9690721649484536,0.2381436032345971,0.375,0.244047619047619,0.4175084175084175,0.8615384615384616,0.7826086956521741,0.6666666666666665,0.6666666666666665,0.5,0.5594405594405595,0.3812807991367898,0.17950272892662217,0.9459459459459458
0.2729528535980149,0.2,0.0,0.0,0.4,0.8,1.0,0.0,0.7671232876712328,0.48453608247422675,0.0006715618530667067,0.12499999999999999,0.13392857142857142,0.07744107744107745,0.5538461538461539,0.7391304347826089,0.4444444444444445,0.2222222222222222,0.125,0.09634809634809637,0.9679188404507381,0.13038204972710732,0.5405405405405406
0.27543424317617865,1.0,1.0,0.6000000000000001,0.6000000000000001,0.4,0.8888888888888888,0.0,0.7123287671232876,0.9896907216494845,0.4188214921993373,0.20833333333333331,0.9821428571428571,0.9663299663299663,0.9076923076923078,0.3913043478260869,0.7777777777777777,1.0,0.875,0.9487179487179488,0.08505289386742607,0.9747321609055993,0.7027027027027029
0.27791563275434245,0.6000000000000001,0.6666666666666666,0.8,0.0,0.4,0.7777777777777777,1.0,0.35616438356164376,0.9278350515463918,0.3711184002397642,0.3333333333333333,0.26785714285714285,0.37037037037037035,0.8769230769230769,0.7173913043478262,0.8888888888888888,0.6666666666666665,0.5,0.6021756021756023,0.4097022147568884,0.16979987871437233,0.7027027027027029
0.2803970223325062,0.8,0.3333333333333333,0.4,1.0,0.4,1.0,0.0,0.9726027397260273,0.30927835051546393,0.000588310383678272,0.04166666666666667,0.07440476190476192,0.0033670033670033517,0.6461538461538461,0.8913043478260869,0.1111111111111111,0.1111111111111111,0.25,0.067987567987568,0.6721025173253835,0.09945421467556094,0.43243243243243223
0.28287841191067,0.2,0.0,0.0,0.4,0.2,0.8666666666666667,0.0,0.7945205479452053,0.4639175257731959,0.0006826620489851646,0.12499999999999999,0.17559523809523808,0.09090909090909091,0.5538461538461539,0.7826086956521741,0.4444444444444445,0.2222222222222222,0.25,0.11693861693861696,0.9145021524633746,0.1449363250454821,0.6216216216216217
0.2853598014888337,0.2,0.0,0.0,0.4,0.0,0.8444444444444446,0.0,0.7945205479452053,0.4639175257731959,0.0013375736081741843,0.12499999999999999,0.17559523809523808,0.07407407407407407,0.5230769230769231,0.8260869565217392,0.5555555555555556,0.3333333333333333,0.375,0.1017871017871018,0.9407099235792072,0.12795633717404487,0.783783783783784
0.2878411910669975,0.6000000000000001,0.6666666666666666,0.8,0.0,1.0,0.711111111111111,1.0,0.3972602739726027,0.9484536082474226,0.17138702498099093,0.3333333333333333,0.2648809523809524,0.3737373737373737,0.8923076923076922,0.673913043478261,0.8888888888888888,0.7777777777777777,0.625,0.5621600621600622,0.4172219317663548,0.19567414594703858,0.9189189189189191
0.2903225806451613,0.4,0.6666666666666666,0.2,0.2,0.2,0.711111111111111,1.0,0.30136986301369856,0.8865979381443299,0.37775076730104284,0.4166666666666667,0.2232142857142857,0.40404040404040403,0.8153846153846154,0.5869565217391306,0.7777777777777777,0.8888888888888888,0.75,0.4584304584304585,0.47196235691958577,0.21669698807357993,0.783783783783784
0.29280397022332505,0.6000000000000001,0.6666666666666666,0.8,0.0,0.6000000000000001,0.6888888888888889,1.0,0.4246575342465753,0.9896907216494845,0.1399346198460403,0.3333333333333333,0.2589285714285714,0.3872053872053872,0.8923076923076922,0.6086956521739131,0.6666666666666665,0.7777777777777777,0.625,0.5516705516705518,0.3896014327508148,0.17182130584192437,0.6216216216216217
0.29528535980148884,0.8,0.3333333333333333,0.4,1.0,0.4,1.0,0.0,0.9589041095890409,0.30927835051546393,0.000810314302047431,0.04166666666666667,0.047619047619047616,0.006734006734006717,0.6153846153846154,0.9130434782608696,0.1111111111111111,0.2222222222222222,0.25,0.07731157731157733,0.666240252733684,0.07984637153830604,0.5675675675675673
0.2977667493796526,0.2,0.0,0.0,0.4,0.6000000000000001,1.0,0.0,0.8082191780821917,0.4639175257731959,0.0015484773306248855,0.12499999999999999,0.14583333333333334,0.06397306397306396,0.5692307692307692,0.7826086956521741,0.4444444444444445,0.3333333333333333,0.25,0.12043512043512045,0.9847492129881975,0.12391348291894076,0.8108108108108107
0.3002481389578164,0.0,0.6666666666666666,1.0,0.8,1.0,0.3111111111111111,1.0,0.1232876712328767,0.09278350515463918,0.36605116080298816,0.9583333333333331,0.4910714285714286,0.44444444444444453,0.1076923076923077,0.19565217391304346,0.8888888888888888,0.8888888888888888,0.625,0.06410256410256411,0.17517825956372293,0.03092783505154639,0.16216216216216206
0.3027295285359802,0.2,0.0,0.0,0.4,1.0,0.9333333333333331,0.0,0.7534246575342465,0.48453608247422675,0.001670579485727923,0.12499999999999999,0.125,0.0808080808080808,0.5846153846153846,0.7391304347826089,0.4444444444444445,0.4444444444444445,0.25,0.10606060606060608,0.9741259441360669,0.12027491408934708,0.5675675675675673
0.3052109181141439,1.0,1.0,0.6000000000000001,0.6000000000000001,0.2,0.8666666666666667,0.0,0.6986301369863013,0.9896907216494845,0.5748069953434679,0.20833333333333331,0.9672619047619048,0.9090909090909092,0.8923076923076922,0.4782608695652175,0.8888888888888888,1.0,0.875,0.9483294483294485,0.07846757956327799,0.994137861330099,0.7297297297297296
0.3076923076923077,0.6000000000000001,0.6666666666666666,0.8,0.0,0.6000000000000001,0.5999999999999999,1.0,0.3698630136986301,0.9278350515463918,0.16246801756050996,0.375,0.2410714285714286,0.37037037037037035,0.8461538461538463,0.6304347826086958,0.6666666666666665,0.8888888888888888,0.5,0.5788655788655789,0.4054195356908462,0.16595916717202344,0.8108108108108107
0.31017369727047145,0.4,0.6666666666666666,0.2,0.2,0.2,0.6888888888888889,1.0,0.2054794520547945,0.9175257731958762,0.0605182681474328,0.4583333333333333,0.2232142857142857,0.3838383838383838,0.7846153846153847,0.5869565217391306,0.7777777777777777,0.6666666666666665,0.5,0.480963480963481,0.5278151662458146,0.2233676975945017,0.7567567567567568
0.31265508684863524,0.2,0.0,0.0,0.4,0.4,1.0,0.0,0.7671232876712328,0.5154639175257731,0.0006771119510259355,0.12499999999999999,0.1488095238095238,0.07744107744107745,0.5846153846153846,0.6521739130434783,0.3333333333333333,0.4444444444444445,0.25,0.1017871017871018,0.96688432316985,0.12532848190822718,0.6216216216216217
0.315136476426799,1.0,1.0,0.6000000000000001,0.6000000000000001,0.0,0.8444444444444446,0.0,0.6849315068493149,0.979381443298969,0.5523790494902235,0.20833333333333331,0.9702380952380952,0.9595959595959596,0.9076923076923078,0.4565217391304348,0.7777777777777777,1.0,0.75,0.9895104895104896,0.05626439147023815,0.9690721649484535,0.8378378378378379
0.3176178660049628,0.8,0.3333333333333333,0.4,1.0,0.8,1.0,0.0,0.9178082191780821,0.29896907216494845,0.0008047642040882022,0.0,0.06547619047619047,0.006734006734006717,0.6923076923076923,0.9130434782608696,0.1111111111111111,0.1111111111111111,0.25,0.07031857031857033,0.6591766132351469,0.09136850616535273,0.5405405405405406
0.3200992555831266,0.2,0.0,0.0,0.4,0.0,0.911111111111111,0.0,0.8493150684931505,0.4742268041237113,0.0013542239020518712,0.16666666666666669,0.1607142857142857,0.0808080808080808,0.6307692307692307,0.7608695652173914,0.5555555555555556,0.3333333333333333,0.25,0.1153846153846154,0.9580853643614359,0.13624418839700828,0.783783783783784
0.3225806451612903,0.6000000000000001,0.6666666666666666,0.8,0.0,0.8,0.6444444444444444,1.0,0.3698630136986301,0.9690721649484536,0.22975185512024288,0.2916666666666667,0.2232142857142857,0.40404040404040403,0.8615384615384616,0.7173913043478262,0.7777777777777777,0.6666666666666665,0.625,0.6041181041181042,0.3806244924747211,0.18354558318172629,0.9189189189189191
0.3250620347394541,0.2,0.0,0.0,0.4,0.2,0.9777777777777779,0.0,0.7945205479452053,0.4639175257731959,0.00038850685714602863,0.12499999999999999,0.14583333333333334,0.08417508417508418,0.5846153846153846,0.7173913043478262,0.5555555555555556,0.3333333333333333,0.25,0.1122766122766123,0.983903801016719,0.12290276935516474,0.5405405405405406
0.32754342431761785,0.0,0.6666666666666666,1.0,0.8,0.8,0.3111111111111111,1.0,0.0958904109589041,0.12371134020618557,0.28015229468800124,0.9999999999999999,0.4910714285714286,0.39730639730639733,0.07692307692307693,0.15217391304347827,0.8888888888888888,0.6666666666666665,0.5,0.04351204351204352,0.1580697909830139,0.014958560743885182,0.18918918918918926
0.33002481389578164,0.2,0.0,0.0,0.4,0.4,0.9777777777777779,0.0,0.7945205479452053,0.5051546391752577,0.0011710706693973149,0.12499999999999999,0.1220238095238095,0.07070707070707069,0.5692307692307692,0.847826086956522,0.4444444444444445,0.3333333333333333,0.25,0.10062160062160062,0.96688432316985,0.1372549019607843,0.8108108108108107
0.3325062034739454,0.8,0.3333333333333333,0.4,1.0,0.0,1.0,0.0,0.8630136986301369,0.30927835051546393,0.0007437131265366833,0.04166666666666667,0.06845238095238096,0.010101010101010097,0.6153846153846154,0.8913043478260869,0.2222222222222222,0.0,0.25,0.06449106449106451,0.682825900753084,0.10814635132403476,0.45945945945945943
0.3349875930521092,0.2,0.0,0.0,0.4,1.0,0.9333333333333331,0.0,0.780821917808219,0.4948453608247423,0.0009379665551096977,0.16666666666666669,0.16964285714285715,0.06734006734006734,0.6153846153846154,0.7391304347826089,0.4444444444444445,0.2222222222222222,0.375,0.12043512043512045,0.9665394840762206,0.13563776025874266,0.5675675675675673
0.337468982630273,0.2,0.0,0.0,0.4,0.2,0.9333333333333331,0.0,0.8630136986301369,0.5051546391752577,0.000549459697963669,0.12499999999999999,0.12797619047619047,0.07744107744107745,0.5692307692307692,0.7826086956521741,0.4444444444444445,0.4444444444444445,0.25,0.10606060606060608,0.9281066108991401,0.12876490802506568,0.6756756756756757
0.3399503722084367,0.6000000000000001,0.6666666666666666,0.8,0.0,0.2,0.6444444444444444,1.0,0.41095890410958896,0.9587628865979382,0.1398402681807334,0.375,0.24702380952380948,0.39057239057239057,0.8461538461538463,0.6521739130434783,0.7777777777777777,0.7777777777777777,0.625,0.5609945609945611,0.41169338242655484,0.17485344653325247,0.8648648648648647
0.3424317617866005,0.4,0.6666666666666666,0.2,0.2,0.8,0.6666666666666667,1.0,0.2328767123287671,0.9381443298969072,0.46747920100789775,0.375,0.2232142857142857,0.4175084175084175,0.8307692307692309,0.5434782608695652,0.7777777777777777,0.7777777777777777,0.5,0.4860139860139861,0.45872498526090966,0.21002627855265815,0.6756756756756757
0.34491315136476425,0.2,0.0,0.0,0.4,0.0,0.9777777777777779,0.0,0.8082191780821917,0.4639175257731959,0.0012265716489896045,0.12499999999999999,0.1488095238095238,0.07744107744107745,0.6153846153846154,0.8043478260869565,0.3333333333333333,0.3333333333333333,0.375,0.09984459984459985,0.9566615126199983,0.12876490802506568,0.5945945945945945
0.34739454094292804,1.0,1.0,0.6000000000000001,0.6000000000000001,0.8,0.8666666666666667,0.0,0.6438356164383561,0.9587628865979382,0.8520399385049147,0.20833333333333331,0.9732142857142857,0.9090909090909092,0.8923076923076922,0.4565217391304348,0.8888888888888888,0.8888888888888888,0.875,0.9615384615384617,0.08255002947818058,0.9886800080857084,0.6486486486486485
0.34987593052109184,0.8,0.3333333333333333,0.4,1.0,1.0,1.0,0.0,0.9178082191780821,0.31958762886597936,0.0008214144979658891,0.04166666666666667,0.08035714285714285,0.006734006734006717,0.6153846153846154,0.9130434782608696,0.0,0.1111111111111111,0.125,0.08896658896658897,0.6907127045396397,0.10693349504750353,0.4054054054054055
0.3523573200992556,0.0,0.6666666666666666,1.0,0.8,0.8,0.15555555555555545,1.0,0.0273972602739726,0.09278350515463918,0.41349339815847747,0.9999999999999999,0.4910714285714286,0.37037037037037035,0.12307692307692308,0.1304347826086958,0.6666666666666665,0.7777777777777777,0.5,0.050116550116550126,0.17399913234034506,0.02263998382858298,0.10810810810810811
0.3548387096774194,0.4,0.6666666666666666,0.2,0.2,0.8,0.5999999999999999,1.0,0.27397260273972607,0.865979381443299,0.20538137498126843,0.4166666666666667,0.2232142857142857,0.4242424242424243,0.7384615384615385,0.6304347826086958,0.6666666666666665,0.6666666666666665,0.5,0.4860139860139861,0.4763006551942779,0.20840913685061652,0.8918918918918919
0.3573200992555831,0.6000000000000001,0.6666666666666666,0.8,0.0,0.0,0.8444444444444446,1.0,0.3972602739726027,0.9175257731958762,0.17709807578103753,0.375,0.26785714285714285,0.4107744107744108,0.8307692307692309,0.6956521739130435,0.7777777777777777,0.6666666666666665,0.625,0.5516705516705518,0.36639709890207683,0.16777845158682028,0.7027027027027029
0.3598014888337469,0.4,0.6666666666666666,0.2,0.2,1.0,0.5777777777777777,1.0,0.2054794520547945,0.9175257731958762,0.3464482148109914,0.4166666666666667,0.18154761904761907,0.40740740740740744,0.7692307692307692,0.5,0.7777777777777777,0.8888888888888888,0.75,0.46891996891996895,0.5083929385852698,0.1966848595108146,0.7297297297297296
0.36228287841191065,0.2,0.0,0.0,0.4,0.6000000000000001,1.0,0.0,0.8356164383561644,0.48453608247422675,0.0006826620489851646,0.12499999999999999,0.13392857142857142,0.08417508417508418,0.5384615384615385,0.8043478260869565,0.3333333333333333,0.3333333333333333,0.25,0.10761460761460763,0.9863955415642346,0.11966848595108147,0.5945945945945945
0.36476426799007444,0.6000000000000001,0.6666666666666666,0.8,0.0,0.4,0.7777777777777777,1.0,0.3835616438356165,0.9381443298969072,0.4269856862973631,0.3333333333333333,0.2232142857142857,0.39057239057239057,0.9076923076923078,0.7826086956521741,0.6666666666666665,0.6666666666666665,0.625,0.5609945609945611,0.3896014327508148,0.17242773398018998,0.783783783783784
0.36724565756823824,1.0,1.0,0.6000000000000001,0.6000000000000001,0.0,0.911111111111111,0.0,0.6712328767123288,0.979381443298969,0.5025946707959396,0.25,0.9910714285714285,0.9360269360269362,0.9384615384615385,0.4782608695652175,0.8888888888888888,1.0,0.75,0.9797979797979799,0.07367320377765665,0.9765514453203962,0.8108108108108107
0.369727047146402,0.8,0.3333333333333333,0.4,1.0,0.2,0.8666666666666667,0.0,0.9041095890410957,0.30927835051546393,0.000527259306126753,0.0,0.07440476190476192,0.0,0.6615384615384616,0.8913043478260869,0.2222222222222222,0.2222222222222222,0.125,0.08663558663558664,0.6269285960599352,0.09884778653729533,0.5675675675675673
0.37220843672456577,0.6000000000000001,0.6666666666666666,0.8,0.0,0.2,0.8666666666666667,1.0,0.3972602739726027,0.9587628865979382,0.22210937023038457,0.375,0.24999999999999994,0.4175084175084175,0.8923076923076922,0.7826086956521741,0.6666666666666665,0.6666666666666665,0.625,0.5843045843045844,0.3944180562198961,0.19062057812815847,0.8918918918918919
0.3746898263027295,1.0,1.0,0.6000000000000001,0.6000000000000001,0.2,0.9777777777777779,0.0,0.7123287671232876,0.979381443298969,0.8755779039500048,0.25,0.9732142857142857,0.9393939393939394,0.9384615384615385,0.4130434782608696,1.0,0.8888888888888888,0.875,0.9370629370629371,0.06589763840840074,0.9688700222356983,0.7567567567567568
0.3771712158808933,0.4,0.6666666666666666,0.2,0.2,0.2,0.711111111111111,1.0,0.27397260273972607,0.8865979381443299,0.3790439401255432,0.4166666666666667,0.20535714285714285,0.44444444444444453,0.7538461538461538,0.5869565217391306,0.8888888888888888,0.7777777777777777,0.75,0.4852369852369853,0.5103507347297462,0.1964827167980594,0.6216216216216217
0.37965260545905705,0.2,0.0,0.0,0.4,0.4,1.0,0.0,0.780821917808219,0.4536082474226804,0.0006993123428628515,0.12499999999999999,0.13392857142857142,0.07744107744107745,0.5692307692307692,0.7826086956521741,0.5555555555555556,0.4444444444444445,0.375,0.09945609945609947,0.959119881642324,0.14190418435415403,0.7297297297297296
0.38213399503722084,0.6000000000000001,0.6666666666666666,0.8,0.0,0.8,0.6666666666666667,1.0,0.3972602739726027,0.9690721649484536,0.22975185512024288,0.3333333333333333,0.26785714285714285,0.430976430976431,0.8615384615384616,0.7608695652173914,0.8888888888888888,0.5555555555555556,0.625,0.5621600621600622,0.4172219317663548,0.17060844956539314,0.9189189189189191
0.38461538461538464,0.6000000000000001,0.6666666666666666,0.8,0.0,0.2,0.711111111111111,1.0,0.3835616438356165,0.9484536082474226,0.1570566720502617,0.3333333333333333,0.25297619047619047,0.40404040404040403,0.8769230769230769,0.673913043478261,0.7777777777777777,0.8888888888888888,0.625,0.6037296037296038,0.36124676018109614,0.17889630078835655,0.8648648648648647
0.3870967741935484,0.0,0.6666666666666666,1.0,0.8,0.6000000000000001,0.48888888888888893,1.0,0.1232876712328767,0.09278350515463918,0.17522214267081815,0.9583333333333331,0.5178571428571428,0.40740740740740744,0.09230769230769231,0.04347826086956541,0.7777777777777777,0.7777777777777777,0.75,0.047008547008547015,0.18208616527804042,0.005255710531635333,0.18918918918918926
0.38957816377171217,0.2,0.0,0.0,0.4,0.2,0.9777777777777779,0.0,0.7671232876712328,0.5154639175257731,0.00038850685714602863,0.12499999999999999,0.1369047619047619,0.07744107744107745,0.5692307692307692,0.7173913043478262,0.5555555555555556,0.4444444444444445,0.125,0.10761460761460763,0.983903801016719,0.149787750151607,0.6216216216216217
0.3920595533498759,0.4,0.6666666666666666,0.2,0.2,0.8,0.5777777777777777,1.0,0.2602739726027397,0.9175257731958762,0.33509826448436814,0.4166666666666667,0.20535714285714285,0.40740740740740744,0.7846153846153847,0.5,0.7777777777777777,0.8888888888888888,0.5,0.4584304584304585,0.47196235691958577,0.19041843541540326,0.6756756756756757
0.3945409429280397,0.2,0.0,0.0,0.4,0.8,1.0,0.0,0.821917808219178,0.4742268041237113,0.0009879174367427585,0.12499999999999999,0.125,0.09090909090909091,0.6153846153846154,0.8043478260869565,0.4444444444444445,0.2222222222222222,0.125,0.11072261072261073,0.9469615226314559,0.1212856276531231,0.6216216216216217
0.39702233250620345,0.8,0.3333333333333333,0.4,1.0,0.2,0.9777777777777779,0.0,0.9726027397260273,0.29896907216494845,0.0006715618530667067,0.04166666666666667,0.06547619047619047,0.006734006734006717,0.6153846153846154,0.847826086956522,0.1111111111111111,0.2222222222222222,0.25,0.09052059052059053,0.6454720402238117,0.08530422478269659,0.4054054054054055
0.39950372208436724,1.0,1.0,0.6000000000000001,0.6000000000000001,0.4,0.8888888888888888,0.0,0.6986301369863013,0.9896907216494845,0.4188214921993373,0.25,0.943452380952381,0.9595959595959596,0.9846153846153847,0.43478260869565233,0.8888888888888888,0.8888888888888888,0.875,0.9487179487179488,0.08505289386742607,0.9870628663836668,0.7027027027027029
0.40198511166253104,0.2,0.0,0.0,0.4,0.4,1.0,0.0,0.7945205479452053,0.5154639175257731,0.0007603634204143702,0.12499999999999999,0.1607142857142857,0.07744107744107745,0.5538461538461539,0.8695652173913042,0.4444444444444445,0.3333333333333333,0.375,0.12276612276612278,0.9160928618307619,0.12795633717404487,0.5675675675675673
0.4044665012406948,0.6000000000000001,0.6666666666666666,0.8,0.0,0.8,0.7333333333333334,1.0,0.3698630136986301,0.9278350515463918,0.30919040721068725,0.375,0.24702380952380948,0.38047138047138046,0.8307692307692309,0.7826086956521741,0.6666666666666665,0.7777777777777777,0.5,0.5718725718725719,0.4179227337953435,0.1764705882352941,0.9189189189189191
0.40694789081885857,1.0,1.0,0.6000000000000001,0.6000000000000001,0.6000000000000001,0.6888888888888889,0.0,0.6986301369863013,0.9690721649484536,0.6273386725275701,0.20833333333333331,0.9821428571428571,0.9461279461279462,0.9076923076923078,0.4130434782608696,0.7777777777777777,0.8888888888888888,0.875,0.9327894327894328,0.10238383928273467,0.9834242975540731,0.5675675675675673
0.4094292803970223,0.2,0.0,0.0,0.4,0.0,0.9777777777777779,0.0,0.821917808219178,0.48453608247422675,0.0011044694938865671,0.12499999999999999,0.16369047619047616,0.07744107744107745,0.5846153846153846,0.673913043478261,0.5555555555555556,0.2222222222222222,0.25,0.11111111111111112,0.9359822908439658,0.11865777238730545,0.5405405405405406
0.4119106699751861,0.8,0.3333333333333333,0.4,1.0,0.6000000000000001,0.9555555555555557,0.0,0.9589041095890409,0.27835051546391754,0.0007437131265366833,0.04166666666666667,0.06845238095238096,0.006734006734006717,0.6615384615384616,0.8913043478260869,0.2222222222222222,0.2222222222222222,0.125,0.08508158508158509,0.6398100047832519,0.085708510208207,0.43243243243243223
0.4143920595533499,0.4,0.6666666666666666,0.2,0.2,0.6000000000000001,0.7777777777777777,1.0,0.2328767123287671,0.8762886597938144,0.47825749124472045,0.4166666666666667,0.2232142857142857,0.3838383838383838,0.7846153846153847,0.5869565217391306,0.7777777777777777,0.6666666666666665,0.625,0.45881895881895884,0.5117634626294537,0.22114412775419445,0.8378378378378379
0.41687344913151364,0.0,0.6666666666666666,1.0,0.8,0.2,0.48888888888888893,1.0,0.1095890410958904,0.05154639175257732,0.3360140306476409,0.9999999999999999,0.5089285714285714,0.43434343434343436,0.12307692307692308,0.1304347826086958,0.7777777777777777,0.8888888888888888,0.625,0.0407925407925408,0.1747333058945237,0.01334141904184354,0.18918918918918926
0.41935483870967744,0.6000000000000001,0.6666666666666666,0.8,0.0,0.4,0.8888888888888888,1.0,0.3972602739726027,0.9587628865979382,0.12246846156834669,0.375,0.25595238095238093,0.3939393939393939,0.8615384615384616,0.6956521739130435,0.7777777777777777,0.6666666666666665,0.5,0.5609945609945611,0.3896014327508148,0.17182130584192437,0.6216216216216217
0.4218362282878412,0.8,0.3333333333333333,0.4,1.0,0.8,1.0,0.0,0.9041095890410957,0.28865979381443296,0.0006105107755151877,0.04166666666666667,0.05952380952380951,0.0,0.676923076923077,0.8043478260869565,0.0,0.1111111111111111,0.125,0.054001554001554014,0.6590097556091972,0.07681423084697797,0.5945945945945945
0.42431761786600497,0.2,0.0,0.0,0.4,0.2,0.9333333333333331,0.0,0.7534246575342465,0.4948453608247423,0.001670579485727923,0.12499999999999999,0.14285714285714285,0.07744107744107745,0.5384615384615385,0.6956521739130435,0.3333333333333333,0.4444444444444445,0.25,0.10606060606060608,0.9741259441360669,0.12027491408934708,0.5675675675675673
0.4267990074441687,0.2,0.0,0.0,0.4,0.8,0.911111111111111,0.0,0.7671232876712328,0.4536082474226804,0.0006715618530667067,0.12499999999999999,0.14285714285714285,0.07407407407407407,0.5538461538461539,0.6956521739130435,0.5555555555555556,0.4444444444444445,0.125,0.11072261072261073,0.9469615226314559,0.1212856276531231,0.6216216216216217
0.4292803970223325,0.6000000000000001,0.6666666666666666,0.8,0.0,1.0,0.711111111111111,1.0,0.3698630136986301,0.9587628865979382,0.18589498104641547,0.3333333333333333,0.26785714285714285,0.3771043771043771,0.8769230769230769,0.7173913043478262,0.8888888888888888,0.6666666666666665,0.5,0.6033411033411035,0.4242188282145122,0.18354558318172629,0.9189189189189191
0.4317617866004963,0.2,0.0,0.0,0.4,0.8,0.9777777777777779,0.0,0.821917808219178,0.5051546391752577,0.0011710706693973149,0.12499999999999999,0.14583333333333334,0.0808080808080808,0.6000000000000001,0.847826086956522,0.5555555555555556,0.2222222222222222,0.375,0.11383061383061385,0.9835033427144398,0.12876490802506568,0.6756756756756757
0.43424317617866004,0.4,0.6666666666666666,0.2,0.2,0.0,0.7333333333333334,1.0,0.2054794520547945,0.8762886597938144,0.2301015112916743,0.4166666666666667,0.17559523809523808,0.40404040404040403,0.7692307692307692,0.6521739130434783,0.6666666666666665,0.6666666666666665,0.625,0.4852369852369853,0.5103507347297462,0.1964827167980594,0.6216216216216217
0.43672456575682383,0.6000000000000001,0.6666666666666666,0.8,0.0,1.0,0.8222222222222224,1.0,0.3698630136986301,0.9278350515463918,0.2381436032345971,0.375,0.24702380952380948,0.3771043771043771,0.8153846153846154,0.7391304347826089,0.8888888888888888,0.6666666666666665,0.625,0.5594405594405595,0.3812807991367898,0.17950272892662217,0.9459459459459458
0.4392059553349876,0.2,0.0,0.0,0.4,0.4,0.8888888888888888,0.0,0.7671232876712328,0.4639175257731959,0.0013542239020518712,0.12499999999999999,0.18154761904761907,0.0808080808080808,0.6307692307692307,0.7391304347826089,0.5555555555555556,0.3333333333333333,0.375,0.1153846153846154,0.9580853643614359,0.13624418839700828,0.783783783783784
0.44168734491315137,1.0,1.0,0.6000000000000001,0.6000000000000001,0.2,0.8666666666666667,0.0,0.6849315068493149,0.9690721649484536,0.5523790494902235,0.25,0.9732142857142857,0.9595959595959596,0.9076923076923078,0.4130434782608696,0.8888888888888888,0.8888888888888888,0.875,0.9895104895104896,0.05626439147023815,0.994137861330099,0.8378378378378379
0.4441687344913151,0.0,0.6666666666666666,1.0,0.8,0.2,0.5111111111111111,1.0,0.1232876712328767,0.05154639175257732,0.3552784206641247,0.9999999999999999,0.5238095238095237,0.44444444444444453,0.1384615384615384,0.1304347826086958,0.6666666666666665,0.7777777777777777,0.5,0.0407925407925408,0.1747333058945237,0.01334141904184354,0.18918918918918926
0.4466501240694789,0.2,0.0,0.0,0.4,0.6000000000000001,0.9555555555555557,0.0,0.7671232876712328,0.5154639175257731,0.0006771119510259355,0.12499999999999999,0.14583333333333334,0.07744107744107745,0.5846153846153846,0.6521739130434783,0.4444444444444445,0.4444444444444445,0.25,0.1017871017871018,0.96688432316985,0.12532848190822718,0.6216216216216217
0.4491315136476427,0.6000000000000001,0.6666666666666666,0.8,0.0,0.0,0.7555555555555555,1.0,0.3972602739726027,0.9587628865979382,0.1570566720502617,0.3333333333333333,0.2648809523809524,0.36700336700336705,0.8461538461538463,0.673913043478261,0.8888888888888888,0.8888888888888888,0.625,0.6037296037296038,0.36124676018109614,0.17889630078835655,0.8648648648648647
0.45161290322580644,0.6000000000000001,0.6666666666666666,0.8,0.0,0.0,0.8444444444444446,1.0,0.3972602739726027,0.9484536082474226,0.17138702498099093,0.3333333333333333,0.22619047619047622,0.40404040404040403,0.8769230769230769,0.6956521739130435,0.6666666666666665,0.6666666666666665,0.5,0.5621600621600622,0.4172219317663548,0.17485344653325247,0.8648648648648647
0.45409429280397023,0.4,0.6666666666666666,0.2,0.2,0.2,0.6666666666666667,1.0,0.2054794520547945,0.9381443298969072,0.22321938982223039,0.4166666666666667,0.19345238095238093,0.40404040404040403,0.7692307692307692,0.5217391304347827,0.8888888888888888,0.8888888888888888,0.5,0.45182595182595187,0.5116855957373438,0.1966848595108146,0.8918918918918919
0.456575682382134,0.8,0.3333333333333333,0.4,1.0,0.2,0.9777777777777779,0.0,0.9315068493150684,0.28865979381443296,0.00040515715102371557,0.04166666666666667,0.0625,0.0033670033670033517,0.6461538461538461,0.8043478260869565,0.1111111111111111,0.1111111111111111,0.125,0.067987567987568,0.6721025173253835,0.09945421467556094,0.43243243243243223
0.45905707196029777,0.2,0.0,0.0,0.4,1.0,0.9333333333333331,0.0,0.821917808219178,0.4742268041237113,0.0009879174367427585,0.12499999999999999,0.1607142857142857,0.08417508417508418,0.5692307692307692,0.7826086956521741,0.4444444444444445,0.2222222222222222,0.125,0.11072261072261073,0.9469615226314559,0.1212856276531231,0.6216216216216217
0.46153846153846156,0.6000000000000001,0.6666666666666666,0.8,0.0,0.0,0.7777777777777777,1.0,0.3698630136986301,0.9278350515463918,0.18589498104641547,0.375,0.24999999999999994,0.42087542087542096,0.8923076923076922,0.7826086956521741,0.6666666666666665,0.7777777777777777,0.5,0.6033411033411035,0.4242188282145122,0.18960986456438242,0.8108108108108107
0.4640198511166253,0.4,0.6666666666666666,0.2,0.2,0.2,0.6666666666666667,1.0,0.3150684931506849,0.865979381443299,0.19879895880162285,0.4583333333333333,0.22916666666666669,0.40404040404040403,0.8461538461538463,0.6304347826086958,0.8888888888888888,0.7777777777777777,0.75,0.44055944055944063,0.49748044984815953,0.20254699818071556,0.7027027027027029
0.4665012406947891,1.0,1.0,0.6000000000000001,0.6000000000000001,1.0,0.8666666666666667,0.0,0.6986301369863013,0.9896907216494845,0.5748069953434679,0.25,0.943452380952381,0.8585858585858587,0.9384615384615385,0.4782608695652175,0.7777777777777777,0.8888888888888888,0.875,0.9483294483294485,0.07846757956327799,0.994137861330099,0.7297297297297296
0.46898263027295284,0.6000000000000001,0.6666666666666666,0.8,0.0,0.4,0.8888888888888888,1.0,0.3835616438356165,0.9381443298969072,0.4269856862973631,0.3333333333333333,0.26785714285714285,0.3939393939393939,0.8307692307692309,0.6086956521739131,0.7777777777777777,0.8888888888888888,0.5,0.5609945609945611,0.3896014327508148,0.17242773398018998,0.783783783783784
0.47146401985111663,0.6000000000000001,0.6666666666666666,0.8,0.0,0.4,0.7999999999999998,1.0,0.3972602739726027,0.9587628865979382,0.22210937023038457,0.3333333333333333,0.22916666666666669,0.40404040404040403,0.8769230769230769,0.7826086956521741,0.6666666666666665,0.6666666666666665,0.5,0.5843045843045844,0.3944180562198961,0.19062057812815847,0.8918918918918919
0.4739454094292804,0.0,0.6666666666666666,1.0,0.8,0.2,0.15555555555555545,1.0,0.0273972602739726,0.09278350515463918,0.41349339815847747,0.9583333333333331,0.488095238095238,0.4175084175084175,0.06153846153846154,0.10869565217391308,0.7777777777777777,0.6666666666666665,0.625,0.050116550116550126,0.17399913234034506,0.02263998382858298,0.10810810810810811
0.47642679900744417,0.2,0.0,0.0,0.4,0.6000000000000001,0.9555555555555557,0.0,0.7671232876712328,0.4639175257731959,0.0012265716489896045,0.12499999999999999,0.16964285714285715,0.08754208754208756,0.6153846153846154,0.8043478260869565,0.5555555555555556,0.3333333333333333,0.25,0.09984459984459985,0.9566615126199983,0.12876490802506568,0.5945945945945945
0.47890818858560796,0.4,0.6666666666666666,0.2,0.2,0.2,0.6888888888888889,1.0,0.27397260273972607,0.8556701030927835,0.2892655555370552,0.4583333333333333,0.22619047619047622,0.39730639730639733,0.8461538461538463,0.6304347826086958,0.7777777777777777,0.8888888888888888,0.5,0.4860139860139861,0.503832163475978,0.22700626642409538,0.7297297297297296
0.4813895781637717,1.0,1.0,0.6000000000000001,0.6000000000000001,0.0,0.7333333333333334,0.0,0.7123287671232876,0.979381443298969,0.8755779039500048,0.20833333333333331,0.9999999999999999,0.9595959595959596,0.9076923076923078,0.3913043478260869,0.7777777777777777,1.0,0.875,0.9370629370629371,0.06589763840840074,0.9688700222356983,0.7567567567567568
0.4838709677419355,0.2,0.0,0.0,0.4,1.0,0.9333333333333331,0.0,0.780821917808219,0.4948453608247423,0.001670579485727923,0.16666666666666669,0.1607142857142857,0.0808080808080808,0.6307692307692307,0.6956521739130435,0.3333333333333333,0.2222222222222222,0.125,0.10606060606060608,0.9741259441360669,0.12027491408934708,0.5675675675675673
0.48635235732009924,0.8,0.3333333333333333,0.4,1.0,1.0,1.0,0.0,0.9178082191780821,0.31958762886597936,0.0008214144979658891,0.04166666666666667,0.07440476190476192,0.006734006734006717,0.6923076923076923,0.9130434782608696,0.1111111111111111,0.2222222222222222,0.25,0.08896658896658897,0.6907127045396397,0.10693349504750353,0.4054054054054055
0.48883374689826303,0.6000000000000001,0.6666666666666666,0.8,0.0,0.4,0.8666666666666667,1.0,0.35616438356164376,0.9278350515463918,0.18593383173213007,0.3333333333333333,0.24999999999999994,0.4006734006734007,0.8615384615384616,0.8043478260869565,0.8888888888888888,0.6666666666666665,0.5,0.5512820512820513,0.4062983191875146,0.16454416818273698,0.9189189189189191
0.4913151364764268,0.2,0.0,0.0,0.4,0.8,0.911111111111111,0.0,0.8630136986301369,0.4536082474226804,0.0017982317387901898,0.12499999999999999,0.1220238095238095,0.06397306397306396,0.5384615384615385,0.7826086956521741,0.4444444444444445,0.2222222222222222,0.125,0.11033411033411034,0.9724907394017598,0.1528198908429351,0.7567567567567568
0.49379652605459057,0.6000000000000001,0.6666666666666666,0.8,0.0,1.0,0.711111111111111,1.0,0.3972602739726027,0.9484536082474226,0.17709807578103753,0.375,0.24999999999999994,0.43434343434343436,0.8615384615384616,0.6956521739130435,0.8888888888888888,0.7777777777777777,0.625,0.5516705516705518,0.36639709890207683,0.16777845158682028,0.7027027027027029
0.49627791563275436,0.4,0.6666666666666666,0.2,0.2,0.0,0.5999999999999999,1.0,0.27397260273972607,0.8865979381443299,0.38472724043579365,0.4166666666666667,0.20833333333333331,0.4175084175084175,0.8307692307692309,0.6304347826086958,0.7777777777777777,0.7777777777777777,0.625,0.4300699300699301,0.5333214679021546,0.23024054982817865,0.7297297297297296
0.4987593052109181,0.2,0.0,0.0,0.4,0.0,0.9777777777777779,0.0,0.8082191780821917,0.4948453608247423,0.0011044694938865671,0.12499999999999999,0.125,0.07407407407407407,0.5846153846153846,0.673913043478261,0.3333333333333333,0.3333333333333333,0.25,0.11111111111111112,0.9359822908439658,0.11865777238730545,0.5405405405405406
0.5012406947890818,0.2,0.0,0.0,0.4,0.8,1.0,0.0,0.780821917808219,0.4536082474226804,0.0006993123428628515,0.12499999999999999,0.18154761904761907,0.08417508417508418,0.5230769230769231,0.7826086956521741,0.3333333333333333,0.2222222222222222,0.125,0.09945609945609947,0.959119881642324,0.14190418435415403,0.7297297297297296
0.5037220843672456,0.6000000000000001,0.6666666666666666,0.8,0.0,0.8,0.8666666666666667,1.0,0.41095890410958896,0.9587628865979382,0.22200391836915923,0.3333333333333333,0.244047619047619,0.39057239057239057,0.8461538461538463,0.6304347826086958,0.8888888888888888,0.8888888888888888,0.625,0.5586635586635588,0.334238072460705,0.1811198706286638,0.9459459459459458
0.5062034739454094,0.4,0.6666666666666666,0.2,0.2,0.6000000000000001,0.8666666666666667,1.0,0.2876712328767123,0.9381443298969072,0.25868451578170354,0.4166666666666667,0.2232142857142857,0.39730639730639733,0.7846153846153847,0.4565217391304348,0.7777777777777777,0.7777777777777777,0.75,0.445998445998446,0.4449647930409246,0.21103699211643417,0.6756756756756757
0.5086848635235732,0.6000000000000001,0.6666666666666666,0.8,0.0,0.2,0.7777777777777777,1.0,0.35616438356164376,0.9690721649484536,0.22975185512024288,0.3333333333333333,0.2589285714285714,0.3939393939393939,0.8923076923076922,0.7173913043478262,0.8888888888888888,0.6666666666666665,0.5,0.6041181041181042,0.3806244924747211,0.18354558318172629,0.9189189189189191
0.511166253101737,0.0,0.6666666666666666,1.0,0.8,1.0,0.28888888888888875,1.0,0.1232876712328767,0.09278350515463918,0.36605116080298816,0.9583333333333331,0.5178571428571428,0.43434343434343436,0.12307692307692308,0.19565217391304346,0.7777777777777777,0.8888888888888888,0.5,0.06410256410256411,0.17517825956372293,0.03092783505154639,0.16216216216216206
0.5136476426799007,0.4,0.6666666666666666,0.2,0.2,0.8,0.6444444444444444,1.0,0.2602739726027397,0.9175257731958762,0.33509826448436814,0.4166666666666667,0.2232142857142857,0.3872053872053872,0.8,0.5,0.8888888888888888,0.7777777777777777,0.625,0.4584304584304585,0.47196235691958577,0.19041843541540326,0.6756756756756757
0.5161290322580645,1.0,1.0,0.6000000000000001,0.6000000000000001,0.2,0.9333333333333331,0.0,0.6712328767123288,0.979381443298969,0.5025946707959396,0.25,0.9732142857142857,0.9595959595959596,0.9076923076923078,0.4782608695652175,0.7777777777777777,1.0,1.0,0.9797979797979799,0.07367320377765665,0.9765514453203962,0.8108108108108107
0.5186104218362283,0.6000000000000001,0.6666666666666666,0.8,0.0,0.2,0.7777777777777777,1.0,0.4246575342465753,0.9896907216494845,0.14007892239298025,0.3333333333333333,0.2589285714285714,0.3838383838383838,0.8615384615384616,0.6086956521739131,0.6666666666666665,0.6666666666666665,0.625,0.5466200466200467,0.37668665250230815,0.18597129573478874,0.8648648648648647
0.5210918114143921,0.2,0.0,0.0,0.4,0.4,1.0,0.0,0.7671232876712328,0.4639175257731959,0.0006826620489851646,0.12499999999999999,0.13392857142857142,0.07744107744107745,0.5538461538461539,0.8043478260869565,0.4444444444444445,0.3333333333333333,0.25,0.10761460761460763,0.9863955415642346,0.11966848595108147,0.5945945945945945
0.5235732009925558,0.8,0.3333333333333333,0.4,1.0,0.0,1.0,0.0,0.8767123287671232,0.29896907216494845,0.00040515715102371557,0.0,0.047619047619047616,0.006734006734006717,0.6153846153846154,0.8913043478260869,0.2222222222222222,0.1111111111111111,0.125,0.06293706293706294,0.7052738133641834,0.11522134627046694,0.5675675675675673
0.5260545905707196,0.2,0.0,0.0,0.4,1.0,0.911111111111111,0.0,0.821917808219178,0.48453608247422675,0.0009435166530689266,0.12499999999999999,0.12797619047619047,0.07744107744107745,0.5692307692307692,0.7826086956521741,0.4444444444444445,0.3333333333333333,0.25,0.09285159285159286,0.9489081949342025,0.11562563169597735,0.5945945945945945
0.5285359801488834,0.4,0.6666666666666666,0.2,0.2,0.2,0.6444444444444444,1.0,0.2876712328767123,0.8865979381443299,0.2823889841655705,0.375,0.18154761904761907,0.37037037037037035,0.8153846153846154,0.6086956521739131,0.6666666666666665,0.7777777777777777,0.75,0.43240093240093247,0.512175044773463,0.21811198706286636,0.7297297297297296
0.5310173697270472,0.6000000000000001,0.6666666666666666,0.8,0.0,0.8,0.5999999999999999,1.0,0.3698630136986301,0.9278350515463918,0.16246801756050996,0.375,0.2589285714285714,0.4175084175084175,0.8461538461538463,0.6304347826086958,0.6666666666666665,0.8888888888888888,0.625,0.5788655788655789,0.4054195356908462,0.16595916717202344,0.8108108108108107
0.533498759305211,0.2,0.0,0.0,0.4,0.2,0.9333333333333331,0.0,0.7397260273972601,0.422680412371134,0.0009990176326612164,0.12499999999999999,0.1607142857142857,0.07407407407407407,0.5692307692307692,0.7608695652173914,0.4444444444444445,0.3333333333333333,0.25,0.13830613830613833,0.9343804576348488,0.12290276935516474,0.8108108108108107
0.5359801488833746,0.6000000000000001,0.6666666666666666,0.8,0.0,0.8,0.8444444444444446,1.0,0.3972602739726027,0.9690721649484536,0.18248722089944888,0.3333333333333333,0.2648809523809524,0.4175084175084175,0.8615384615384616,0.7826086956521741,0.7777777777777777,0.6666666666666665,0.625,0.5571095571095572,0.34934424953001764,0.173438447543966,0.9999999999999998
0.5384615384615384,0.8,0.3333333333333333,0.4,1.0,0.8,1.0,0.0,0.9726027397260273,0.27835051546391754,0.0006105107755151877,0.04166666666666667,0.05654761904761904,0.006734006734006717,0.6307692307692307,0.847826086956522,0.1111111111111111,0.1111111111111111,0.125,0.054001554001554014,0.6590097556091972,0.07681423084697797,0.5945945945945945
0.5409429280397022,0.6000000000000001,0.6666666666666666,0.8,0.0,0.4,0.8888888888888888,1.0,0.3972602739726027,0.9587628865979382,0.1399346198460403,0.375,0.2589285714285714,0.39730639730639733,0.8307692307692309,0.6086956521739131,0.7777777777777777,0.6666666666666665,0.625,0.5516705516705518,0.3896014327508148,0.17182130584192437,0.6216216216216217
0.543424317617866,0.2,0.0,0.0,0.4,0.0,0.9777777777777779,0.0,0.780821917808219,0.48453608247422675,0.0009213162612320108,0.12499999999999999,0.1369047619047619,0.06734006734006734,0.5384615384615385,0.6304347826086958,0.4444444444444445,0.3333333333333333,0.25,0.1421911421911422,0.912121650333159,0.1208813422276127,0.6486486486486485
0.5459057071960298,0.2,0.0,0.0,0.4,0.4,1.0,0.0,0.8082191780821917,0.4639175257731959,0.0012265716489896045,0.16666666666666669,0.13392857142857142,0.07407407407407407,0.6153846153846154,0.8043478260869565,0.3333333333333333,0.3333333333333333,0.25,0.09984459984459985,0.9566615126199983,0.12876490802506568,0.5945945945945945
0.5483870967741935,0.4,0.6666666666666666,0.2,0.2,0.6000000000000001,0.8888888888888888,1.0,0.2876712328767123,0.865979381443299,0.20538137498126843,0.4583333333333333,0.18154761904761907,0.4006734006734007,0.7384615384615385,0.6304347826086958,0.8888888888888888,0.8888888888888888,0.625,0.4860139860139861,0.4763006551942779,0.20840913685061652,0.8918918918918919
0.5508684863523573,0.8,0.3333333333333333,0.4,1.0,0.8,1.0,0.0,0.9589041095890409,0.30927835051546393,0.0005050589142898373,0.0,0.05654761904761904,0.0033670033670033517,0.676923076923077,0.8043478260869565,0.0,0.1111111111111111,0.125,0.07031857031857033,0.6977540963547171,0.08166565595310289,0.5945945945945945
0.5533498759305211,0.2,0.0,0.0,0.4,0.2,0.911111111111111,0.0,0.8356164383561644,0.48453608247422675,0.0006826620489851646,0.12499999999999999,0.1607142857142857,0.07407407407407407,0.5538461538461539,0.7826086956521741,0.4444444444444445,0.2222222222222222,0.25,0.11693861693861696,0.9145021524633746,0.1449363250454821,0.6216216216216217
0.5558312655086849,0.0,0.6666666666666666,1.0,0.8,0.8,0.3999999999999999,1.0,0.1232876712328767,0.09278350515463918,0.17522214267081815,0.9999999999999999,0.4910714285714286,0.3771043771043771,0.09230769230769231,0.04347826086956541,0.8888888888888888,0.6666666666666665,0.5,0.047008547008547015,0.18208616527804042,0.005255710531635333,0.18918918918918926
0.5583126550868487,0.4,0.6666666666666666,0.2,0.2,0.2,0.6666666666666667,1.0,0.2328767123287671,0.865979381443299,0.29069193071257704,0.4166666666666667,0.18154761904761907,0.4006734006734007,0.7846153846153847,0.5869565217391306,0.8888888888888888,0.8888888888888888,0.625,0.4755244755244756,0.4700156846168393,0.21770770163735595,0.9189189189189191
0.5607940446650124,0.2,0.0,0.0,0.4,0.2,0.9777777777777779,0.0,0.8493150684931505,0.4742268041237113,0.0013542239020518712,0.16666666666666669,0.1488095238095238,0.07407407407407407,0.6307692307692307,0.7608695652173914,0.4444444444444445,0.2222222222222222,0.375,0.1153846153846154,0.9580853643614359,0.13624418839700828,0.783783783783784
0.5632754342431762,0.2,0.0,0.0,0.4,0.6000000000000001,1.0,0.0,0.8082191780821917,0.48453608247422675,0.0011044694938865671,0.12499999999999999,0.125,0.07070707070707069,0.5538461538461539,0.673913043478261,0.4444444444444445,0.4444444444444445,0.25,0.11111111111111112,0.9359822908439658,0.11865777238730545,0.5405405405405406
0.56575682382134,0.6000000000000001,0.6666666666666666,0.8,0.0,0.8,0.7777777777777777,1.0,0.3698630136986301,0.9896907216494845,0.2384655089162324,0.3333333333333333,0.26785714285714285,0.4175084175084175,0.8,0.6086956521739131,0.8888888888888888,0.6666666666666665,0.625,0.5722610722610724,0.3805577494243412,0.1683848797250859,0.6216216216216217
0.5682382133995038,1.0,1.0,0.6000000000000001,0.6000000000000001,0.0,0.7333333333333334,0.0,0.6849315068493149,0.9690721649484536,0.5523790494902235,0.25,0.9791666666666666,0.9225589225589226,0.9076923076923078,0.4130434782608696,0.8888888888888888,0.8888888888888888,1.0,0.9895104895104896,0.05626439147023815,0.994137861330099,0.8378378378378379
0.5707196029776674,0.2,0.0,0.0,0.4,0.0,0.9333333333333331,0.0,0.7671232876712328,0.4639175257731959,0.0012154714530711467,0.12499999999999999,0.1220238095238095,0.07407407407407407,0.5692307692307692,0.7826086956521741,0.4444444444444445,0.3333333333333333,0.25,0.12354312354312355,0.9530796355829448,0.12047705680210229,0.6486486486486485
0.5732009925558312,0.8,0.3333333333333333,0.4,1.0,0.8,1.0,0.0,0.9178082191780821,0.26804123711340205,0.000566109991841356,0.04166666666666667,0.0625,0.0033670033670033517,0.6461538461538461,0.956521739130435,0.1111111111111111,0.1111111111111111,0.125,0.06021756021756022,0.6738489604769903,0.10470992520719628,0.5135135135135134
0.575682382133995,0.4,0.6666666666666666,0.2,0.2,0.8,0.6444444444444444,1.0,0.27397260273972607,0.8556701030927835,0.2892655555370552,0.4583333333333333,0.2232142857142857,0.40404040404040403,0.8153846153846154,0.5217391304347827,0.6666666666666665,0.8888888888888888,0.75,0.4860139860139861,0.503832163475978,0.22700626642409538,0.7297297297297296
0.5781637717121588,0.0,0.6666666666666666,1.0,0.8,0.2,0.15555555555555545,1.0,0.0273972602739726,0.09278350515463918,0.41349339815847747,0.9583333333333331,0.5,0.4175084175084175,0.12307692307692308,0.1304347826086958,0.6666666666666665,0.7777777777777777,0.5,0.050116550116550126,0.17399913234034506,0.02263998382858298,0.10810810810810811
0.5806451612903226,0.2,0.0,0.0,0.4,0.4,1.0,0.0,0.821917808219178,0.48453608247422675,0.0009435166530689266,0.12499999999999999,0.1607142857142857,0.08417508417508418,0.5538461538461539,0.7608695652173914,0.5555555555555556,0.2222222222222222,0.25,0.09285159285159286,0.9489081949342025,0.11562563169597735,0.5945945945945945
0.5831265508684863,0.6000000000000001,0.6666666666666666,0.8,0.0,0.0,0.6888888888888889,1.0,0.3972602739726027,0.9587628865979382,0.14007892239298025,0.375,0.24999999999999994,0.430976430976431,0.8,0.6086956521739131,0.7777777777777777,0.7777777777777777,0.625,0.5466200466200467,0.37668665250230815,0.18597129573478874,0.8648648648648647
0.5856079404466501,0.2,0.0,0.0,0.4,0.8,0.9555555555555557,0.0,0.7671232876712328,0.44329896907216493,0.0007659135183735993,0.12499999999999999,0.13988095238095238,0.07407407407407407,0.5230769230769231,0.7173913043478262,0.5555555555555556,0.3333333333333333,0.375,0.1013986013986014,0.9118769258150995,0.1374570446735395,0.7297297297297296
0.5880893300248139,0.2,0.0,0.0,0.4,0.0,0.9777777777777779,0.0,0.821917808219178,0.5051546391752577,0.0011710706693973149,0.12499999999999999,0.14285714285714285,0.08417508417508418,0.5538461538461539,0.7826086956521741,0.4444444444444445,0.3333333333333333,0.25,0.11383061383061385,0.9835033427144398,0.12876490802506568,0.6756756756756757
0.5905707196029777,0.4,0.6666666666666666,0.2,0.2,0.8,0.6444444444444444,1.0,0.2054794520547945,0.9381443298969072,0.22321938982223039,0.4583333333333333,0.18154761904761907,0.4175084175084175,0.8461538461538463,0.5217391304347827,0.8888888888888888,0.8888888888888888,0.5,0.45182595182595187,0.5116855957373438,0.1966848595108146,0.8918918918918919
0.5930521091811415,0.6000000000000001,0.6666666666666666,0.8,0.0,0.6000000000000001,0.6888888888888889,1.0,0.3972602739726027,0.9484536082474226,0.17709807578103753,0.3333333333333333,0.25595238095238093,0.39730639730639733,0.9076923076923078,0.6956521739130435,0.6666666666666665,0.6666666666666665,0.625,0.5516705516705518,0.36639709890207683,0.16777845158682028,0.7027027027027029
0.5955334987593052,0.6000000000000001,0.6666666666666666,0.8,0.0,0.2,0.7777777777777777,1.0,0.3698630136986301,0.9278350515463918,0.18589498104641547,0.375,0.2589285714285714,0.3872053872053872,0.8615384615384616,0.7826086956521741,0.7777777777777777,0.6666666666666665,0.625,0.6033411033411035,0.4242188282145122,0.18354558318172629,0.9189189189189191
0.598014888337469,0.2,0.0,0.0,0.4,0.6000000000000001,1.0,0.0,0.8356164383561644,0.5154639175257731,0.0014430254693995348,0.12499999999999999,0.13988095238095238,0.07407407407407407,0.5384615384615385,0.847826086956522,0.4444444444444445,0.3333333333333333,0.25,0.10101010101010102,0.9182953824932979,0.14857489387507578,0.5945945945945945
0.6004962779156328,0.2,0.0,0.0,0.4,0.8,0.9333333333333331,0.0,0.7534246575342465,0.4948453608247423,0.001670579485727923,0.16666666666666669,0.14285714285714285,0.08417508417508418,0.5538461538461539,0.6956521739130435,0.4444444444444445,0.2222222222222222,0.25,0.10606060606060608,0.9741259441360669,0.12027491408934708,0.5675675675675673
0.6029776674937966,1.0,1.0,0.6000000000000001,0.6000000000000001,0.0,0.8888888888888888,0.0,0.6849315068493149,0.9690721649484536,0.5025946707959396,0.25,0.9732142857142857,0.9663299663299663,0.9076923076923078,0.4782608695652175,0.7777777777777777,0.8888888888888888,0.75,0.9797979797979799,0.07367320377765665,0.9765514453203962,0.8108108108108107
0.6054590570719603,0.8,0.3333333333333333,0.4,1.0,0.2,0.8666666666666667,0.0,0.9041095890410957,0.3402061855670103,0.0007770137142920572,0.0,0.047619047619047616,0.0033670033670033517,0.6615384615384616,0.8043478260869565,0.2222222222222222,0.2222222222222222,0.125,0.03962703962703963,0.6897449303091315,0.07640994542146756,0.4054054054054055
0.607940446650124,0.6000000000000001,0.6666666666666666,0.8,0.0,0.4,0.7777777777777777,1.0,0.3698630136986301,0.9381443298969072,0.4269856862973631,0.3333333333333333,0.24999999999999994,0.4175084175084175,0.7846153846153847,0.6086956521739131,0.8888888888888888,0.6666666666666665,0.5,0.5609945609945611,0.3896014327508148,0.17242773398018998,0.783783783783784
0.6104218362282878,0.4,0.6666666666666666,0.2,0.2,0.8,0.711111111111111,1.0,0.3150684931506849,0.865979381443299,0.19879895880162285,0.4583333333333333,0.2232142857142857,0.38047138047138046,0.7692307692307692,0.6304347826086958,0.8888888888888888,0.7777777777777777,0.75,0.44055944055944063,0.49748044984815953,0.20254699818071556,0.7027027027027029
0.6129032258064516,0.0,0.6666666666666666,1.0,0.8,0.4,0.3999999999999999,1.0,0.1232876712328767,0.09278350515463918,0.17522214267081815,0.9583333333333331,0.5178571428571428,0.40404040404040403,0.1076923076923077,0.04347826086956541,0.7777777777777777,0.6666666666666665,0.625,0.047008547008547015,0.18208616527804042,0.005255710531635333,0.18918918918918926
0.6153846153846154,0.6000000000000001,0.6666666666666666,0.8,0.0,1.0,0.8666666666666667,1.0,0.3972602739726027,0.9587628865979382,0.22210937023038457,0.3333333333333333,0.26785714285714285,0.42087542087542096,0.8461538461538463,0.7826086956521741,0.7777777777777777,0.6666666666666665,0.5,0.5843045843045844,0.3944180562198961,0.19062057812815847,0.8918918918918919
0.6178660049627791,1.0,1.0,0.6000000000000001,0.6000000000000001,0.2,0.9333333333333331,0.0,0.7123287671232876,0.979381443298969,0.8755779039500048,0.25,0.943452380952381,0.8484848484848485,0.9384615384615385,0.4130434782608696,0.8888888888888888,1.0,1.0,0.9370629370629371,0.06589763840840074,0.9688700222356983,0.7567567567567568
0.6203473945409429,0.2,0.0,0.0,0.4,0.6000000000000001,0.9555555555555557,0.0,0.7671232876712328,0.4639175257731959,0.0012154714530711467,0.16666666666666669,0.1220238095238095,0.06734006734006734,0.5692307692307692,0.7826086956521741,0.3333333333333333,0.3333333333333333,0.375,0.12354312354312355,0.9530796355829448,0.12047705680210229,0.6486486486486485
0.6228287841191067,0.8,0.3333333333333333,0.4,1.0,0.0,1.0,0.0,0.9178082191780821,0.26804123711340205,0.000566109991841356,0.0,0.05654761904761904,0.006734006734006717,0.6461538461538461,0.956521739130435,0.0,0.2222222222222222,0.0,0.06021756021756022,0.6738489604769903,0.10470992520719628,0.5135135135135134
0.6253101736972705,0.6000000000000001,0.6666666666666666,0.8,0.0,0.0,0.8222222222222224,1.0,0.3698630136986301,0.9896907216494845,0.2384655089162324,0.3333333333333333,0.24999999999999994,0.37037037037037035,0.8615384615384616,0.6086956521739131,0.7777777777777777,0.7777777777777777,0.625,0.5722610722610724,0.3805577494243412,0.1683848797250859,0.6216216216216217
0.6277915632754343,0.2,0.0,0.0,0.4,1.0,1.0,0.0,0.780821917808219,0.4536082474226804,0.0006993123428628515,0.12499999999999999,0.13392857142857142,0.07070707070707069,0.5692307692307692,0.7826086956521741,0.5555555555555556,0.2222222222222222,0.25,0.09945609945609947,0.959119881642324,0.14190418435415403,0.7297297297297296
0.630272952853598,0.6000000000000001,0.6666666666666666,0.8,0.0,0.6000000000000001,0.7333333333333334,1.0,0.35616438356164376,0.9690721649484536,0.18593383173213007,0.3333333333333333,0.2232142857142857,0.39057239057239057,0.8461538461538463,0.8043478260869565,0.6666666666666665,0.7777777777777777,0.5,0.5512820512820513,0.4062983191875146,0.16454416818273698,0.9189189189189191
0.6327543424317618,0.4,0.6666666666666666,0.2,0.2,1.0,0.711111111111111,1.0,0.2054794520547945,0.9175257731958762,0.0605182681474328,0.4583333333333333,0.19047619047619047,0.430976430976431,0.8,0.5869565217391306,0.7777777777777777,0.6666666666666665,0.625,0.480963480963481,0.5278151662458146,0.2233676975945017,0.7567567567567568
0.6352357320099256,0.2,0.0,0.0,0.4,0.2,0.9333333333333331,0.0,0.7534246575342465,0.4948453608247423,0.001670579485727923,0.16666666666666669,0.125,0.07407407407407407,0.5538461538461539,0.6956521739130435,0.4444444444444445,0.3333333333333333,0.25,0.10606060606060608,0.9741259441360669,0.12027491408934708,0.5675675675675673
0.6377171215880894,0.6000000000000001,0.6666666666666666,0.8,0.0,1.0,0.7777777777777777,1.0,0.3972602739726027,0.9484536082474226,0.17138702498099093,0.3333333333333333,0.26785714285714285,0.4107744107744108,0.8769230769230769,0.673913043478261,0.8888888888888888,0.6666666666666665,0.5,0.5621600621600622,0.4172219317663548,0.17485344653325247,0.8648648648648647
0.6401985111662531,0.8,0.3333333333333333,0.4,1.0,0.0,0.9777777777777779,0.0,0.9315068493150684,0.28865979381443296,0.00040515715102371557,0.0,0.0625,0.010101010101010097,0.6461538461538461,0.8043478260869565,0.1111111111111111,0.2222222222222222,0.0,0.067987567987568,0.6721025173253835,0.09945421467556094,0.43243243243243223
0.6426799007444168,0.2,0.0,0.0,0.4,0.4,0.8666666666666667,0.0,0.7945205479452053,0.4639175257731959,0.0006826620489851646,0.12499999999999999,0.18154761904761907,0.08417508417508418,0.5384615384615385,0.7826086956521741,0.4444444444444445,0.4444444444444445,0.25,0.11693861693861696,0.9145021524633746,0.1449363250454821,0.6216216216216217
0.6451612903225806,0.0,0.6666666666666666,1.0,0.8,0.6000000000000001,0.46666666666666656,1.0,0.1232876712328767,0.05154639175257732,0.3552784206641247,0.9583333333333331,0.5446428571428572,0.39057239057239057,0.12307692307692308,0.1304347826086958,0.8888888888888888,0.6666666666666665,0.625,0.03768453768453769,0.13800238050213023,0.03436426116838488,0.2432432432432432
0.6476426799007444,0.6000000000000001,0.6666666666666666,0.8,0.0,1.0,0.8888888888888888,1.0,0.3972602739726027,0.9587628865979382,0.1399346198460403,0.375,0.24702380952380948,0.3838383838383838,0.8615384615384616,0.6086956521739131,0.7777777777777777,0.6666666666666665,0.625,0.5516705516705518,0.3896014327508148,0.17182130584192437,0.6216216216216217
0.6501240694789082,0.2,0.0,0.0,0.4,0.4,1.0,0.0,0.821917808219178,0.5051546391752577,0.0011710706693973149,0.12499999999999999,0.14285714285714285,0.08417508417508418,0.6000000000000001,0.847826086956522,0.5555555555555556,0.2222222222222222,0.375,0.11383061383061385,0.9835033427144398,0.12876490802506568,0.6756756756756757
0.652605459057072,0.4,0.6666666666666666,0.2,0.2,0.2,0.6444444444444444,1.0,0.27397260273972607,0.8865979381443299,0.38472724043579365,0.4583333333333333,0.2232142857142857,0.39730639730639733,0.7384615384615385,0.6304347826086958,0.6666666666666665,0.8888888888888888,0.75,0.4300699300699301,0.5333214679021546,0.23024054982817865,0.7297297297297296
0.6550868486352357,0.8,0.3333333333333333,0.4,1.0,0.4,1.0,0.0,0.9726027397260273,0.27835051546391754,0.0006105107755151877,0.04166666666666667,0.05654761904761904,0.006734006734006717,0.6307692307692307,0.847826086956522,0.2222222222222222,0.2222222222222222,0.125,0.054001554001554014,0.6590097556091972,0.07681423084697797,0.5945945945945945
0.6575682382133995,0.2,0.0,0.0,0.4,0.8,0.8666666666666667,0.0,0.7945205479452053,0.4639175257731959,0.0006826620489851646,0.12499999999999999,0.18154761904761907,0.07744107744107745,0.5538461538461539,0.7826086956521741,0.5555555555555556,0.2222222222222222,0.25,0.11693861693861696,0.9145021524633746,0.1449363250454821,0.6216216216216217
0.6600496277915633,0.4,0.6666666666666666,0.2,0.2,0.4,0.5999999999999999,1.0,0.27397260273972607,0.8556701030927835,0.2892655555370552,0.4583333333333333,0.18154761904761907,0.3838383838383838,0.8,0.5217391304347827,0.8888888888888888,0.7777777777777777,0.75,0.4860139860139861,0.503832163475978,0.22700626642409538,0.7297297297297296
0.6625310173697271,0.6000000000000001,0.6666666666666666,0.8,0.0,0.0,0.7777777777777777,1.0,0.3698630136986301,0.9278350515463918,0.18589498104641547,0.3333333333333333,0.26785714285714285,0.4175084175084175,0.8461538461538463,0.7826086956521741,0.7777777777777777,0.6666666666666665,0.625,0.6033411033411035,0.4242188282145122,0.18354558318172629,0.9189189189189191
0.6650124069478908,1.0,1.0,0.6000000000000001,0.6000000000000001,0.0,0.9333333333333331,0.0,0.6986301369863013,0.9896907216494845,0.5748069953434679,0.25,0.9672619047619048,0.9057239057239059,0.9384615384615385,0.4782608695652175,0.8888888888888888,0.8888888888888888,0.875,0.9483294483294485,0.07846757956327799,0.994137861330099,0.7297297297297296
0.6674937965260546,0.2,0.0,0.0,0.4,0.6000000000000001,0.9777777777777779,0.0,0.780821917808219,0.48453608247422675,0.0009213162612320108,0.12499999999999999,0.1607142857142857,0.07744107744107745,0.5692307692307692,0.6304347826086958,0.5555555555555556,0.3333333333333333,0.375,0.1421911421911422,0.912121650333159,0.1208813422276127,0.6486486486486485
0.6699751861042184,0.4,0.6666666666666666,0.2,0.2,0.0,0.8888888888888888,1.0,0.2876712328767123,0.9381443298969072,0.25868451578170354,0.4166666666666667,0.19940476190476192,0.4107744107744108,0.7692307692307692,0.4565217391304348,0.8888888888888888,0.8888888888888888,0.625,0.445998445998446,0.4449647930409246,0.21103699211643417,0.6756756756756757
0.6724565756823822,0.6000000000000001,0.6666666666666666,0.8,0.0,1.0,0.8222222222222224,1.0,0.3698630136986301,0.9896907216494845,0.2384655089162324,0.3333333333333333,0.24999999999999994,0.4175084175084175,0.8307692307692309,0.6086956521739131,0.6666666666666665,0.6666666666666665,0.5,0.5722610722610724,0.3805577494243412,0.1683848797250859,0.6216216216216217
0.674937965260546,0.2,0.0,0.0,0.4,0.0,0.9555555555555557,0.0,0.7671232876712328,0.44329896907216493,0.0007659135183735993,0.08333333333333333,0.1220238095238095,0.0808080808080808,0.5692307692307692,0.7173913043478262,0.4444444444444445,0.2222222222222222,0.25,0.1013986013986014,0.9118769258150995,0.1374570446735395,0.7297297297297296
0.6774193548387096,0.2,0.0,0.0,0.4,0.8,1.0,0.0,0.7671232876712328,0.5154639175257731,0.0006771119510259355,0.12499999999999999,0.1607142857142857,0.07407407407407407,0.5538461538461539,0.6521739130434783,0.4444444444444445,0.3333333333333333,0.25,0.1017871017871018,0.96688432316985,0.12532848190822718,0.6216216216216217
0.6799007444168734,0.4,0.6666666666666666,0.2,0.2,1.0,0.711111111111111,1.0,0.3150684931506849,0.865979381443299,0.19879895880162285,0.4583333333333333,0.2232142857142857,0.40404040404040403,0.8461538461538463,0.6304347826086958,0.7777777777777777,0.7777777777777777,0.625,0.44055944055944063,0.49748044984815953,0.20254699818071556,0.7027027027027029
0.6823821339950372,0.6000000000000001,0.6666666666666666,0.8,0.0,0.0,0.7333333333333334,1.0,0.3972602739726027,0.9587628865979382,0.22210937023038457,0.3333333333333333,0.2589285714285714,0.4175084175084175,0.8461538461538463,0.7826086956521741,0.6666666666666665,0.7777777777777777,0.625,0.5843045843045844,0.3944180562198961,0.19062057812815847,0.8918918918918919
0.684863523573201,0.2,0.0,0.0,0.4,0.6000000000000001,1.0,0.0,0.821917808219178,0.48453608247422675,0.0009879174367427585,0.12499999999999999,0.125,0.07744107744107745,0.6153846153846154,0.8043478260869565,0.4444444444444445,0.3333333333333333,0.25,0.11072261072261073,0.9469615226314559,0.1212856276531231,0.6216216216216217
0.6873449131513648,0.4,0.6666666666666666,0.2,0.2,0.2,0.711111111111111,1.0,0.2602739726027397,0.9175257731958762,0.33509826448436814,0.4166666666666667,0.2232142857142857,0.42760942760942766,0.7846153846153847,0.5,0.7777777777777777,0.6666666666666665,0.625,0.4584304584304585,0.47196235691958577,0.19041843541540326,0.6756756756756757
0.6898263027295285,0.6000000000000001,0.6666666666666666,0.8,0.0,0.8,0.8666666666666667,1.0,0.3972602739726027,0.9587628865979382,0.1399346198460403,0.375,0.2589285714285714,0.38047138047138046,0.8307692307692309,0.6086956521739131,0.8888888888888888,0.6666666666666665,0.5,0.5516705516705518,0.3896014327508148,0.17182130584192437,0.6216216216216217
0.6923076923076923,1.0,1.0,0.6000000000000001,0.6000000000000001,0.8,0.911111111111111,0.0,0.7123287671232876,0.979381443298969,0.8755779039500048,0.20833333333333331,0.9999999999999999,0.9225589225589226,0.9076923076923078,0.3913043478260869,0.7777777777777777,1.0,0.875,0.9370629370629371,0.06589763840840074,0.9688700222356983,0.7567567567567568
0.6947890818858561,0.2,0.0,0.0,0.4,0.0,0.911111111111111,0.0,0.780821917808219,0.48453608247422675,0.0009213162612320108,0.16666666666666669,0.1607142857142857,0.07407407407407407,0.5384615384615385,0.6304347826086958,0.3333333333333333,0.3333333333333333,0.375,0.1421911421911422,0.912121650333159,0.1208813422276127,0.6486486486486485
0.6972704714640199,0.6000000000000001,0.6666666666666666,0.8,0.0,0.4,0.7777777777777777,1.0,0.3972602739726027,0.9484536082474226,0.17138702498099093,0.3333333333333333,0.2648809523809524,0.42760942760942766,0.8769230769230769,0.673913043478261,0.6666666666666665,0.6666666666666665,0.5,0.5621600621600622,0.4172219317663548,0.17485344653325247,0.8648648648648647
0.6997518610421837,0.2,0.0,0.0,0.4,0.2,0.9777777777777779,0.0,0.8356164383561644,0.5154639175257731,0.0014430254693995348,0.12499999999999999,0.125,0.07744107744107745,0.5538461538461539,0.847826086956522,0.5555555555555556,0.3333333333333333,0.25,0.10101010101010102,0.9182953824932979,0.14857489387507578,0.5945945945945945
0.7022332506203474,0.4,0.6666666666666666,0.2,0.2,0.0,0.6666666666666667,1.0,0.2328767123287671,0.865979381443299,0.29069193071257704,0.4166666666666667,0.18154761904761907,0.4175084175084175,0.8307692307692309,0.5869565217391306,0.7777777777777777,0.8888888888888888,0.75,0.4755244755244756,0.4700156846168393,0.21770770163735595,0.9189189189189191
0.7047146401985112,0.2,0.0,0.0,0.4,0.8,0.9555555555555557,0.0,0.7945205479452053,0.4639175257731959,0.0006826620489851646,0.12499999999999999,0.1607142857142857,0.08417508417508418,0.5384615384615385,0.7826086956521741,0.4444444444444445,0.2222222222222222,0.125,0.11693861693861696,0.9145021524633746,0.1449363250454821,0.6216216216216217
0.707196029776675,0.6000000000000001,0.6666666666666666,0.8,0.0,1.0,0.8222222222222224,1.0,0.3698630136986301,0.9278350515463918,0.16246801756050996,0.3333333333333333,0.2410714285714286,0.4175084175084175,0.8461538461538463,0.6304347826086958,0.7777777777777777,0.6666666666666665,0.625,0.5788655788655789,0.4054195356908462,0.16595916717202344,0.8108108108108107
0.7096774193548387,0.2,0.0,0.0,0.4,0.6000000000000001,0.9555555555555557,0.0,0.7671232876712328,0.4639175257731959,0.0012154714530711467,0.12499999999999999,0.1220238095238095,0.06397306397306396,0.5846153846153846,0.7826086956521741,0.4444444444444445,0.4444444444444445,0.25,0.12354312354312355,0.9530796355829448,0.12047705680210229,0.6486486486486485
0.7121588089330024,0.4,0.6666666666666666,0.2,0.2,1.0,0.7333333333333334,1.0,0.27397260273972607,0.8865979381443299,0.38472724043579365,0.4583333333333333,0.20833333333333331,0.43434343434343436,0.7846153846153847,0.6304347826086958,0.8888888888888888,0.7777777777777777,0.75,0.4300699300699301,0.5333214679021546,0.23024054982817865,0.7297297297297296
0.7146401985111662,0.2,0.0,0.0,0.4,0.0,1.0,0.0,0.780821917808219,0.4536082474226804,0.0006993123428628515,0.12499999999999999,0.18154761904761907,0.0808080808080808,0.5692307692307692,0.7826086956521741,0.3333333333333333,0.2222222222222222,0.125,0.09945609945609947,0.959119881642324,0.14190418435415403,0.7297297297297296
0.71712158808933,0.6000000000000001,0.6666666666666666,0.8,0.0,0.8,0.711111111111111,1.0,0.35616438356164376,0.9278350515463918,0.18593383173213007,0.375,0.24999999999999994,0.4107744107744108,0.8923076923076922,0.8043478260869565,0.6666666666666665,0.7777777777777777,0.5,0.5512820512820513,0.4062983191875146,0.16454416818273698,0.9189189189189191
0.7196029776674938,0.4,0.6666666666666666,0.2,0.2,0.2,0.5999999999999999,1.0,0.27397260273972607,0.8556701030927835,0.2892655555370552,0.4166666666666667,0.22619047619047622,0.40404040404040403,0.8,0.5217391304347827,0.6666666666666665,0.8888888888888888,0.75,0.4860139860139861,0.503832163475978,0.22700626642409538,0.7297297297297296
0.7220843672456576,0.2,0.0,0.0,0.4,0.8,1.0,0.0,0.821917808219178,0.48453608247422675,0.0009435166530689266,0.16666666666666669,0.125,0.08417508417508418,0.5538461538461539,0.7608695652173914,0.4444444444444445,0.2222222222222222,0.125,0.09285159285159286,0.9489081949342025,0.11562563169597735,0.5945945945945945
0.7245657568238213,0.6000000000000001,0.6666666666666666,0.8,0.0,1.0,0.7333333333333334,1.0,0.3835616438356165,0.9381443298969072,0.4269856862973631,0.3333333333333333,0.26190476190476186,0.3771043771043771,0.7846153846153847,0.6086956521739131,0.7777777777777777,0.6666666666666665,0.5,0.5609945609945611,0.3896014327508148,0.17242773398018998,0.783783783783784
0.7270471464019851,0.2,0.0,0.0,0.4,0.4,0.9333333333333331,0.0,0.7534246575342465,0.4948453608247423,0.001670579485727923,0.12499999999999999,0.14285714285714285,0.07407407407407407,0.5538461538461539,0.6956521739130435,0.5555555555555556,0.3333333333333333,0.375,0.10606060606060608,0.9741259441360669,0.12027491408934708,0.5675675675675673
0.7295285359801489,0.4,0.6666666666666666,0.2,0.2,1.0,0.711111111111111,1.0,0.3150684931506849,0.865979381443299,0.19879895880162285,0.4583333333333333,0.22916666666666669,0.40404040404040403,0.8461538461538463,0.6304347826086958,0.8888888888888888,0.7777777777777777,0.75,0.44055944055944063,0.49748044984815953,0.20254699818071556,0.7027027027027029
0.7320099255583127,0.6000000000000001,0.6666666666666666,0.8,0.0,0.6000000000000001,0.6666666666666667,1.0,0.3698630136986301,0.9278350515463918,0.16246801756050996,0.375,0.2410714285714286,0.4107744107744108,0.8769230769230769,0.6304347826086958,0.6666666666666665,0.6666666666666665,0.625,0.5788655788655789,0.4054195356908462,0.16595916717202344,0.8108108108108107
0.7344913151364765,0.2,0.0,0.0,0.4,0.2,0.9777777777777779,0.0,0.8356164383561644,0.5154639175257731,0.0014430254693995348,0.12499999999999999,0.125,0.08417508417508418,0.5538461538461539,0.847826086956522,0.3333333333333333,0.3333333333333333,0.25,0.10101010101010102,0.9182953824932979,0.14857489387507578,0.5945945945945945
0.7369727047146402,0.4,0.6666666666666666,0.2,0.2,0.8,0.8888888888888888,1.0,0.2876712328767123,0.9381443298969072,0.25868451578170354,0.4166666666666667,0.18154761904761907,0.4107744107744108,0.7692307692307692,0.4565217391304348,0.7777777777777777,0.7777777777777777,0.75,0.445998445998446,0.4449647930409246,0.21103699211643417,0.6756756756756757
0.739454094292804,0.6000000000000001,0.6666666666666666,0.8,0.0,0.2,0.6666666666666667,1.0,0.3972602739726027,0.9587628865979382,0.22210937023038457,0.3333333333333333,0.26785714285714285,0.39057239057239057,0.8461538461538463,0.7826086956521741,0.8888888888888888,0.6666666666666665,0.5,0.5843045843045844,0.3944180562198961,0.19062057812815847,0.8918918918918919
0.7419354838709677,0.2,0.0,0.0,0.4,0.8,0.9777777777777779,0.0,0.780821917808219,0.48453608247422675,0.0009213162612320108,0.12499999999999999,0.1369047619047619,0.07070707070707069,0.5692307692307692,0.6304347826086958,0.5555555555555556,0.2222222222222222,0.25,0.1421911421911422,0.912121650333159,0.1208813422276127,0.6486486486486485
0.7444168734491315,0.4,0.6666666666666666,0.2,0.2,0.4,0.6666666666666667,1.0,0.2328767123287671,0.865979381443299,0.29069193071257704,0.4166666666666667,0.20833333333333331,0.3872053872053872,0.7846153846153847,0.5869565217391306,0.8888888888888888,0.7777777777777777,0.625,0.4755244755244756,0.4700156846168393,0.21770770163735595,0.9189189189189191
0.7468982630272953,0.6000000000000001,0.6666666666666666,0.8,0.0,1.0,0.8888888888888888,1.0,0.3698630136986301,0.9896907216494845,0.2384655089162324,0.375,0.2708333333333333,0.4175084175084175,0.8615384615384616,0.6086956521739131,0.6666666666666665,0.7777777777777777,0.5,0.5722610722610724,0.3805577494243412,0.1683848797250859,0.6216216216216217
0.749379652605459,0.2,0.0,0.0,0.4,0.4,1.0,0.0,0.7671232876712328,0.44329896907216493,0.0007659135183735993,0.12499999999999999,0.1607142857142857,0.0808080808080808,0.6307692307692307,0.7173913043478262,0.3333333333333333,0.3333333333333333,0.375,0.1013986013986014,0.9118769258150995,0.1374570446735395,0.7297297297297296
0.7518610421836228,0.4,0.6666666666666666,0.2,0.2,0.0,0.5999999999999999,1.0,0.2602739726027397,0.9175257731958762,0.33509826448436814,0.4166666666666667,0.20535714285714285,0.42087542087542096,0.7692307692307692,0.5,0.8888888888888888,0.7777777777777777,0.75,0.4584304584304585,0.47196235691958577,0.19041843541540326,0.6756756756756757
0.7543424317617866,0.6000000000000001,0.6666666666666666,0.8,0.0,0.6000000000000001,0.7777777777777777,1.0,0.3972602739726027,0.9484536082474226,0.17138702498099093,0.375,0.24999999999999994,0.4107744107744108,0.8923076923076922,0.673913043478261,0.7777777777777777,0.6666666666666665,0.625,0.5621600621600622,0.4172219317663548,0.17485344653325247,0.8648648648648647
0.7568238213399504,0.2,0.0,0.0,0.4,1.0,1.0,0.0,0.780821917808219,0.4536082474226804,0.0006993123428628515,0.12499999999999999,0.1220238095238095,0.07744107744107745,0.5692307692307692,0.7826086956521741,0.4444444444444445,0.2222222222222222,0.125,0.09945609945609947,0.959119881642324,0.14190418435415403,0.7297297297297296
0.7593052109181141,0.4,0.6666666666666666,0.2,0.2,0.2,0.7333333333333334,1.0,0.2054794520547945,0.9381443298969072,0.22321938982223039,0.4166666666666667,0.19345238095238093,0.3939393939393939,0.8153846153846154,0.5217391304347827,0.8888888888888888,0.8888888888888888,0.5,0.45182595182595187,0.5116855957373438,0.1966848595108146,0.8918918918918919
0.7617866004962779,0.6000000000000001,0.6666666666666666,0.8,0.0,0.8,0.711111111111111,1.0,0.3835616438356165,0.9381443298969072,0.4269856862973631,0.3333333333333333,0.26190476190476186,0.40404040404040403,0.7846153846153847,0.6086956521739131,0.7777777777777777,0.8888888888888888,0.625,0.5609945609945611,0.3896014327508148,0.17242773398018998,0.783783783783784
0.7642679900744417,0.2,0.0,0.0,0.4,0.0,1.0,0.0,0.821917808219178,0.48453608247422675,0.0009879174367427585,0.16666666666666669,0.14285714285714285,0.07744107744107745,0.5538461538461539,0.8043478260869565,0.3333333333333333,0.3333333333333333,0.25,0.11072261072261073,0.9469615226314559,0.1212856276531231,0.6216216216216217
0.7667493796526055,0.6000000000000001,0.6666666666666666,0.8,0.0,1.0,0.7777777777777777,1.0,0.35616438356164376,0.9690721649484536,0.18593383173213007,0.375,0.2232142857142857,0.4006734006734007,0.8769230769230769,0.8043478260869565,0.8888888888888888,0.7777777777777777,0.625,0.5512820512820513,0.4062983191875146,0.16454416818273698,0.9189189189189191
0.7692307692307693,0.2,0.0,0.0,0.4,0.6000000000000001,0.9777777777777779,0.0,0.7945205479452053,0.4639175257731959,0.0006826620489851646,0.12499999999999999,0.1607142857142857,0.07744107744107745,0.5538461538461539,0.7826086956521741,0.5555555555555556,0.2222222222222222,0.375,0.11693861693861696,0.9145021524633746,0.1449363250454821,0.6216216216216217
0.771712158808933,0.6000000000000001,0.6666666666666666,0.8,0.0,0.2,0.6666666666666667,1.0,0.3698630136986301,0.9278350515463918,0.16246801756050996,0.375,0.2589285714285714,0.3636363636363637,0.8769230769230769,0.6304347826086958,0.8888888888888888,0.7777777777777777,0.5,0.5788655788655789,0.4054195356908462,0.16595916717202344,0.8108108108108107
0.7741935483870968,0.2,0.0,0.0,0.4,0.8,1.0,0.0,0.8356164383561644,0.5154639175257731,0.0014430254693995348,0.12499999999999999,0.13988095238095238,0.07407407407407407,0.5538461538461539,0.847826086956522,0.4444444444444445,0.2222222222222222,0.125,0.10101010101010102,0.9182953824932979,0.14857489387507578,0.5945945945945945
0.7766749379652605,0.6000000000000001,0.6666666666666666,0.8,0.0,0.0,0.8888888888888888,1.0,0.3698630136986301,0.9587628865979382,0.1399346198460403,0.375,0.2589285714285714,0.40740740740740744,0.8461538461538463,0.6086956521739131,0.6666666666666665,0.7777777777777777,0.625,0.5516705516705518,0.3896014327508148,0.17182130584192437,0.6216216216216217
0.7791563275434243,0.2,0.0,0.0,0.4,0.6000000000000001,0.9333333333333331,0.0,0.7534246575342465,0.4948453608247423,0.001670579485727923,0.16666666666666669,0.125,0.0808080808080808,0.5846153846153846,0.6956521739130435,0.4444444444444445,0.4444444444444445,0.25,0.10606060606060608,0.9741259441360669,0.12027491408934708,0.5675675675675673
0.7816377171215881,0.6000000000000001,0.6666666666666666,0.8,0.0,0.8,0.7333333333333334,1.0,0.3972602739726027,0.9587628865979382,0.22210937023038457,0.375,0.26785714285714285,0.4006734006734007,0.8615384615384616,0.7826086956521741,0.7777777777777777,0.6666666666666665,0.5,0.5843045843045844,0.3944180562198961,0.19062057812815847,0.8918918918918919
0.7841191066997518,0.2,0.0,0.0,0.4,0.0,0.9777777777777779,0.0,0.821917808219178,0.5051546391752577,0.0011710706693973149,0.12499999999999999,0.14285714285714285,0.07407407407407407,0.5538461538461539,0.7826086956521741,0.4444444444444445,0.2222222222222222,0.25,0.11383061383061385,0.9835033427144398,0.12876490802506568,0.6756756756756757
0.7866004962779156,0.6000000000000001,0.6666666666666666,0.8,0.0,0.6000000000000001,0.6666666666666667,1.0,0.3972602739726027,0.9690721649484536,0.18248722089944888,0.3333333333333333,0.2648809523809524,0.42760942760942766,0.8769230769230769,0.7826086956521741,0.8888888888888888,0.7777777777777777,0.625,0.5571095571095572,0.34934424953001764,0.173438447543966,0.9999999999999998
0.7890818858560794,0.2,0.0,0.0,0.4,1.0,0.9555555555555557,0.0,0.7671232876712328,0.44329896907216493,0.0007659135183735993,0.08333333333333333,0.13988095238095238,0.07744107744107745,0.5538461538461539,0.7173913043478262,0.5555555555555556,0.2222222222222222,0.125,0.1013986013986014,0.9118769258150995,0.1374570446735395,0.7297297297297296
0.7915632754342432,0.6000000000000001,0.6666666666666666,0.8,0.0,0.2,0.7777777777777777,1.0,0.3972602739726027,0.9484536082474226,0.17138702498099093,0.3333333333333333,0.24999999999999994,0.39730639730639733,0.8461538461538463,0.673913043478261,0.7777777777777777,0.7777777777777777,0.625,0.5621600621600622,0.4172219317663548,0.17485344653325247,0.8648648648648647
0.7940446650124069,0.2,0.0,0.0,0.4,0.0,0.911111111111111,0.0,0.780821917808219,0.48453608247422675,0.0009213162612320108,0.12499999999999999,0.1607142857142857,0.07070707070707069,0.5538461538461539,0.6304347826086958,0.4444444444444445,0.3333333333333333,0.25,0.1421911421911422,0.912121650333159,0.1208813422276127,0.6486486486486485
0.7965260545905707,0.6000000000000001,0.6666666666666666,0.8,0.0,1.0,0.8222222222222224,1.0,0.3698630136986301,0.9896907216494845,0.2384655089162324,0.375,0.24999999999999994,0.39730639730639733,0.8307692307692309,0.6086956521739131,0.7777777777777777,0.7777777777777777,0.625,0.5722610722610724,0.3805577494243412,0.1683848797250859,0.6216216216216217
0.7990074441687345,0.2,0.0,0.0,0.4,0.6000000000000001,1.0,0.0,0.780821917808219,0.4536082474226804,0.0006993123428628515,0.12499999999999999,0.18154761904761907,0.07407407407407407,0.5692307692307692,0.7826086956521741,0.4444444444444445,0.2222222222222222,0.375,0.09945609945609947,0.959119881642324,0.14190418435415403,0.7297297297297296
0.8014888337468983,0.6000000000000001,0.6666666666666666,0.8,0.0,0.0,0.7333333333333334,1.0,0.35616438356164376,0.9278350515463918,0.18593383173213007,0.3333333333333333,0.2232142857142857,0.3771043771043771,0.8769230769230769,0.8043478260869565,0.6666666666666665,0.7777777777777777,0.5,0.5512820512820513,0.4062983191875146,0.16454416818273698,0.9189189189189191
0.8039702233250621,0.2,0.0,0.0,0.4,1.0,0.9777777777777779,0.0,0.821917808219178,0.48453608247422675,0.0009879174367427585,0.16666666666666669,0.14285714285714285,0.08417508417508418,0.5538461538461539,0.8043478260869565,0.4444444444444445,0.3333333333333333,0.25,0.11072261072261073,0.9469615226314559,0.1212856276531231,0.6216216216216217
0.8064516129032258,0.6000000000000001,0.6666666666666666,0.8,0.0,0.4,0.7777777777777777,1.0,0.3835616438356165,0.9381443298969072,0.4269856862973631,0.3333333333333333,0.26785714285714285,0.4175084175084175,0.7846153846153847,0.6086956521739131,0.6666666666666665,0.7777777777777777,0.625,0.5609945609945611,0.3896014327508148,0.17242773398018998,0.783783783783784
0.8089330024813896,0.2,0.0,0.0,0.4,0.2,0.8666666666666667,0.0,0.7945205479452053,0.4639175257731959,0.0006826620489851646,0.12499999999999999,0.18154761904761907,0.07407407407407407,0.5384615384615385,0.7826086956521741,0.5555555555555556,0.2222222222222222,0.25,0.11693861693861696,0.9145021524633746,0.1449363250454821,0.6216216216216217
0.8114143920595533,0.6000000000000001,0.6666666666666666,0.8,0.0,0.8,0.6666666666666667,1.0,0.3698630136986301,0.9278350515463918,0.16246801756050996,0.375,0.2410714285714286,0.42760942760942766,0.8769230769230769,0.6304347826086958,0.7777777777777777,0.6666666666666665,0.625,0.5788655788655789,0.4054195356908462,0.16595916717202344,0.8108108108108107
0.8138957816377171,0.2,0.0,0.0,0.4,0.0,0.9333333333333331,0.0,0.7534246575342465,0.4948453608247423,0.001670579485727923,0.16666666666666669,0.14285714285714285,0.07744107744107745,0.5846153846153846,0.6956521739130435,0.4444444444444445,0.2222222222222222,0.25,0.10606060606060608,0.9741259441360669,0.12027491408934708,0.5675675675675673
0.8163771712158809,0.6000000000000001,0.6666666666666666,0.8,0.0,0.6000000000000001,0.7333333333333334,1.0,0.3972602739726027,0.9587628865979382,0.22210937023038457,0.375,0.24999999999999994,0.42087542087542096,0.8615384615384616,0.7826086956521741,0.7777777777777777,0.6666666666666665,0.625,0.5843045843045844,0.3944180562198961,0.19062057812815847,0.8918918918918919
0.8188585607940446,0.2,0.0,0.0,0.4,1.0,0.9777777777777779,0.0,0.8356164383561644,0.5154639175257731,0.0014430254693995348,0.12499999999999999,0.125,0.07407407407407407,0.5538461538461539,0.847826086956522,0.4444444444444445,0.3333333333333333,0.25,0.10101010101010102,0.9182953824932979,0.14857489387507578,0.5945945945945945
0.8213399503722084,0.6000000000000001,0.6666666666666666,0.8,0.0,0.2,0.8888888888888888,1.0,0.3698630136986301,0.9587628865979382,0.1399346198460403,0.375,0.26785714285714285,0.4107744107744108,0.8307692307692309,0.6086956521739131,0.6666666666666665,0.7777777777777777,0.5,0.5516705516705518,0.3896014327508148,0.17182130584192437,0.6216216216216217
0.8238213399503722,0.2,0.0,0.0,0.4,0.8,0.9555555555555557,0.0,0.7671232876712328,0.44329896907216493,0.0007659135183735993,0.08333333333333333,0.1220238095238095,0.08417508417508418,0.5538461538461539,0.7173913043478262,0.5555555555555556,0.2222222222222222,0.375,0.1013986013986014,0.9118769258150995,0.1374570446735395,0.7297297297297296
0.826302729528536,0.6000000000000001,0.6666666666666666,0.8,0.0,0.0,0.7333333333333334,1.0,0.35616438356164376,0.9690721649484536,0.18593383173213007,0.3333333333333333,0.24999999999999994,0.40404040404040403,0.8923076923076922,0.8043478260869565,0.8888888888888888,0.6666666666666665,0.5,0.5512820512820513,0.4062983191875146,0.16454416818273698,0.9189189189189191
0.8287841191066998,0.2,0.0,0.0,0.4,0.6000000000000001,0.911111111111111,0.0,0.780821917808219,0.48453608247422675,0.0009213162612320108,0.12499999999999999,0.1369047619047619,0.06397306397306396,0.5538461538461539,0.6304347826086958,0.4444444444444445,0.4444444444444445,0.125,0.1421911421911422,0.912121650333159,0.1208813422276127,0.6486486486486485
0.8312655086848635,0.6000000000000001,0.6666666666666666,0.8,0.0,1.0,0.7777777777777777,1.0,0.3972602739726027,0.9484536082474226,0.17138702498099093,0.375,0.2648809523809524,0.36700336700336705,0.8769230769230769,0.673913043478261,0.8888888888888888,0.8888888888888888,0.625,0.5621600621600622,0.4172219317663548,0.17485344653325247,0.8648648648648647
0.8337468982630273,0.2,0.0,0.0,0.4,0.0,1.0,0.0,0.780821917808219,0.4536082474226804,0.0006993123428628515,0.12499999999999999,0.13392857142857142,0.07407407407407407,0.5538461538461539,0.7826086956521741,0.4444444444444445,0.2222222222222222,0.25,0.09945609945609947,0.959119881642324,0.14190418435415403,0.7297297297297296
0.8362282878411911,0.6000000000000001,0.6666666666666666,0.8,0.0,0.6000000000000001,0.8666666666666667,1.0,0.3972602739726027,0.9587628865979382,0.22210937023038457,0.375,0.2589285714285714,0.3838383838383838,0.8461538461538463,0.7826086956521741,0.6666666666666665,0.6666666666666665,0.625,0.5843045843045844,0.3944180562198961,0.19062057812815847,0.8918918918918919
0.8387096774193549,0.2,0.0,0.0,0.4,1.0,0.8666666666666667,0.0,0.7945205479452053,0.4639175257731959,0.0006826620489851646,0.12499999999999999,0.1607142857142857,0.08417508417508418,0.5384615384615385,0.7826086956521741,0.4444444444444445,0.2222222222222222,0.125,0.11693861693861696,0.9145021524633746,0.1449363250454821,0.6216216216216217
0.8411910669975186,0.6000000000000001,0.6666666666666666,0.8,0.0,0.0,0.6666666666666667,1.0,0.3698630136986301,0.9278350515463918,0.16246801756050996,0.375,0.2589285714285714,0.4175084175084175,0.8769230769230769,0.6304347826086958,0.6666666666666665,0.8888888888888888,0.5,0.5788655788655789,0.4054195356908462,0.16595916717202344,0.8108108108108107
0.8436724565756824,0.2,0.0,0.0,0.4,0.6000000000000001,0.9333333333333331,0.0,0.7534246575342465,0.4948453608247423,0.001670579485727923,0.16666666666666669,0.14285714285714285,0.07407407407407407,0.5538461538461539,0.6956521739130435,0.4444444444444445,0.3333333333333333,0.25,0.10606060606060608,0.9741259441360669,0.12027491408934708,0.5675675675675673
0.8461538461538461,0.6000000000000001,0.6666666666666666,0.8,0.0,1.0,0.8222222222222224,1.0,0.3698630136986301,0.9896907216494845,0.2384655089162324,0.3333333333333333,0.26785714285714285,0.40404040404040403,0.8,0.6086956521739131,0.7777777777777777,0.6666666666666665,0.625,0.5722610722610724,0.3805577494243412,0.1683848797250859,0.6216216216216217
0.8486352357320099,0.2,0.0,0.0,0.4,0.0,0.9777777777777779,0.0,0.8356164383561644,0.5154639175257731,0.0014430254693995348,0.12499999999999999,0.13988095238095238,0.07744107744107745,0.5538461538461539,0.847826086956522,0.4444444444444445,0.3333333333333333,0.25,0.10101010101010102,0.9182953824932979,0.14857489387507578,0.5945945945945945
0.8511166253101737,0.6000000000000001,0.6666666666666666,0.8,0.0,0.6000000000000001,0.7333333333333334,1.0,0.35616438356164376,0.9690721649484536,0.18593383173213007,0.3333333333333333,0.24999999999999994,0.4107744107744108,0.8923076923076922,0.8043478260869565,0.8888888888888888,0.6666666666666665,0.5,0.5512820512820513,0.4062983191875146,0.16454416818273698,0.9189189189189191
0.8535980148883374,0.2,0.0,0.0,0.4,1.0,0.911111111111111,0.0,0.780821917808219,0.48453608247422675,0.0009213162612320108,0.12499999999999999,0.1369047619047619,0.06734006734006734,0.5692307692307692,0.6304347826086958,0.5555555555555556,0.2222222222222222,0.375,0.1421911421911422,0.912121650333159,0.1208813422276127,0.6486486486486485
0.8560794044665012,0.6000000000000001,0.6666666666666666,0.8,0.0,0.0,0.7777777777777777,1.0,0.3835616438356165,0.9381443298969072,0.4269856862973631,0.3333333333333333,0.26190476190476186,0.39730639730639733,0.7846153846153847,0.6086956521739131,0.7777777777777777,0.7777777777777777,0.625,0.5609945609945611,0.3896014327508148,0.17242773398018998,0.783783783783784
0.858560794044665,0.2,0.0,0.0,0.4,0.6000000000000001,1.0,0.0,0.7671232876712328,0.44329896907216493,0.0007659135183735993,0.08333333333333333,0.1220238095238095,0.07744107744107745,0.5846153846153846,0.7173913043478262,0.4444444444444445,0.2222222222222222,0.125,0.1013986013986014,0.9118769258150995,0.1374570446735395,0.7297297297297296
0.8610421836228288,0.6000000000000001,0.6666666666666666,0.8,0.0,1.0,0.8888888888888888,1.0,0.3698630136986301,0.9587628865979382,0.1399346198460403,0.375,0.24702380952380948,0.3872053872053872,0.8615384615384616,0.6086956521739131,0.7777777777777777,0.7777777777777777,0.625,0.5516705516705518,0.3896014327508148,0.17182130584192437,0.6216216216216217
0.8635235732009926,0.2,0.0,0.0,0.4,0.0,0.9555555555555557,0.0,0.7945205479452053,0.4639175257731959,0.0006826620489851646,0.12499999999999999,0.1607142857142857,0.07407407407407407,0.5384615384615385,0.7826086956521741,0.4444444444444445,0.2222222222222222,0.25,0.11693861693861696,0.9145021524633746,0.1449363250454821,0.6216216216216217
0.8660049627791563,0.6000000000000001,0.6666666666666666,0.8,0.0,0.6000000000000001,0.7777777777777777,1.0,0.3972602739726027,0.9484536082474226,0.17138702498099093,0.3333333333333333,0.24999999999999994,0.39730639730639733,0.8461538461538463,0.673913043478261,0.8888888888888888,0.6666666666666665,0.5,0.5621600621600622,0.4172219317663548,0.17485344653325247,0.8648648648648647
0.8684863523573201,0.2,0.0,0.0,0.4,1.0,1.0,0.0,0.780821917808219,0.4536082474226804,0.0006993123428628515,0.12499999999999999,0.18154761904761907,0.07407407407407407,0.5538461538461539,0.7826086956521741,0.4444444444444445,0.3333333333333333,0.25,0.09945609945609947,0.959119881642324,0.14190418435415403,0.7297297297297296
0.8709677419354839,0.6000000000000001,0.6666666666666666,0.8,0.0,0.0,0.7333333333333334,1.0,0.3972602739726027,0.9587628865979382,0.22210937023038457,0.375,0.26785714285714285,0.3838383838383838,0.8461538461538463,0.7826086956521741,0.7777777777777777,0.7777777777777777,0.625,0.5843045843045844,0.3944180562198961,0.19062057812815847,0.8918918918918919
0.8734491315136477,0.2,0.0,0.0,0.4,0.6000000000000001,0.9777777777777779,0.0,0.821917808219178,0.5051546391752577,0.0011710706693973149,0.12499999999999999,0.125,0.08417508417508418,0.5538461538461539,0.7826086956521741,0.3333333333333333,0.3333333333333333,0.375,0.11383061383061385,0.9835033427144398,0.12876490802506568,0.6756756756756757
0.8759305210918115,0.6000000000000001,0.6666666666666666,0.8,0.0,1.0,0.6666666666666667,1.0,0.3698630136986301,0.9278350515463918,0.16246801756050996,0.375,0.2589285714285714,0.3771043771043771,0.8769230769230769,0.6304347826086958,0.6666666666666665,0.8888888888888888,0.5,0.5788655788655789,0.4054195356908462,0.16595916717202344,0.8108108108108107
0.8784119106699751,0.2,0.0,0.0,0.4,0.0,1.0,0.0,0.8356164383561644,0.5154639175257731,0.0014430254693995348,0.12499999999999999,0.125,0.0808080808080808,0.5384615384615385,0.847826086956522,0.4444444444444445,0.3333333333333333,0.25,0.10101010101010102,0.9182953824932979,0.14857489387507578,0.5945945945945945
0.8808933002481389,0.6000000000000001,0.6666666666666666,0.8,0.0,0.6000000000000001,0.711111111111111,1.0,0.35616438356164376,0.9690721649484536,0.18593383173213007,0.3333333333333333,0.2232142857142857,0.4006734006734007,0.8769230769230769,0.8043478260869565,0.8888888888888888,0.6666666666666665,0.625,0.5512820512820513,0.4062983191875146,0.16454416818273698,0.9189189189189191
0.8833746898263027,0.2,0.0,0.0,0.4,1.0,0.9333333333333331,0.0,0.7534246575342465,0.4948453608247423,0.001670579485727923,0.16666666666666669,0.1220238095238095,0.07407407407407407,0.5538461538461539,0.6956521739130435,0.4444444444444445,0.2222222222222222,0.125,0.10606060606060608,0.9741259441360669,0.12027491408934708,0.5675675675675673
0.8858560794044665,0.6000000000000001,0.6666666666666666,0.8,0.0,0.0,0.8222222222222224,1.0,0.3698630136986301,0.9896907216494845,0.2384655089162324,0.375,0.2708333333333333,0.4175084175084175,0.8307692307692309,0.6086956521739131,0.6666666666666665,0.6666666666666665,0.625,0.5722610722610724,0.3805577494243412,0.1683848797250859,0.6216216216216217
0.8883374689826302,0.2,0.0,0.0,0.4,0.6000000000000001,0.911111111111111,0.0,0.780821917808219,0.48453608247422675,0.0009213162612320108,0.12499999999999999,0.1607142857142857,0.07070707070707069,0.5692307692307692,0.6304347826086958,0.3333333333333333,0.3333333333333333,0.375,0.1421911421911422,0.912121650333159,0.1208813422276127,0.6486486486486485
0.890818858560794,0.6000000000000001,0.6666666666666666,0.8,0.0,1.0,0.7777777777777777,1.0,0.3835616438356165,0.9381443298969072,0.4269856862973631,0.3333333333333333,0.24999999999999994,0.39057239057239057,0.9076923076923078,0.6086956521739131,0.7777777777777777,0.6666666666666665,0.625,0.5609945609945611,0.3896014327508148,0.17242773398018998,0.783783783783784
0.8933002481389578,0.2,0.0,0.0,0.4,0.0,1.0,0.0,0.7671232876712328,0.44329896907216493,0.0007659135183735993,0.08333333333333333,0.13988095238095238,0.0808080808080808,0.5692307692307692,0.7173913043478262,0.4444444444444445,0.2222222222222222,0.125,0.1013986013986014,0.9118769258150995,0.1374570446735395,0.7297297297297296
0.8957816377171216,0.6000000000000001,0.6666666666666666,0.8,0.0,0.6000000000000001,0.8888888888888888,1.0,0.3698630136986301,0.9587628865979382,0.1399346198460403,0.375,0.26785714285714285,0.4107744107744108,0.8615384615384616,0.6086956521739131,0.7777777777777777,0.7777777777777777,0.625,0.5516705516705518,0.3896014327508148,0.17182130584192437,0.6216216216216217
0.8982630272952854,0.2,0.0,0.0,0.4,1.0,0.9555555555555557,0.0,0.7945205479452053,0.4639175257731959,0.0006826620489851646,0.12499999999999999,0.18154761904761907,0.07744107744107745,0.5538461538461539,0.7826086956521741,0.5555555555555556,0.2222222222222222,0.25,0.11693861693861696,0.9145021524633746,0.1449363250454821,0.6216216216216217
0.9007444168734491,0.6000000000000001,0.6666666666666666,0.8,0.0,0.0,0.7777777777777777,1.0,0.3972602739726027,0.9484536082474226,0.17138702498099093,0.3333333333333333,0.2648809523809524,0.4242424242424243,0.8461538461538463,0.673913043478261,0.8888888888888888,0.6666666666666665,0.5,0.5621600621600622,0.4172219317663548,0.17485344653325247,0.8648648648648647
0.9032258064516129,0.2,0.0,0.0,0.4,0.6000000000000001,1.0,0.0,0.780821917808219,0.4536082474226804,0.0006993123428628515,0.12499999999999999,0.13392857142857142,0.08417508417508418,0.5538461538461539,0.7826086956521741,0.4444444444444445,0.3333333333333333,0.25,0.09945609945609947,0.959119881642324,0.14190418435415403,0.7297297297297296
0.9057071960297767,0.6000000000000001,0.6666666666666666,0.8,0.0,1.0,0.7333333333333334,1.0,0.3972602739726027,0.9587628865979382,0.22210937023038457,0.375,0.244047619047619,0.3939393939393939,0.8461538461538463,0.7826086956521741,0.6666666666666665,0.6666666666666665,0.5,0.5843045843045844,0.3944180562198961,0.19062057812815847,0.8918918918918919
0.9081885856079405,0.2,0.0,0.0,0.4,0.0,0.9777777777777779,0.0,0.821917808219178,0.5051546391752577,0.0011710706693973149,0.12499999999999999,0.14583333333333334,0.07744107744107745,0.6000000000000001,0.7826086956521741,0.5555555555555556,0.2222222222222222,0.375,0.11383061383061385,0.9835033427144398,0.12876490802506568,0.6756756756756757
0.9106699751861043,0.6000000000000001,0.6666666666666666,0.8,0.0,0.6000000000000001,0.6666666666666667,1.0,0.3698630136986301,0.9278350515463918,0.16246801756050996,0.375,0.2410714285714286,0.39730639730639733,0.8769230769230769,0.6304347826086958,0.6666666666666665,0.8888888888888888,0.625,0.5788655788655789,0.4054195356908462,0.16595916717202344,0.8108108108108107
0.913151364764268,0.2,0.0,0.0,0.4,1.0,1.0,0.0,0.8356164383561644,0.5154639175257731,0.0014430254693995348,0.12499999999999999,0.125,0.07744107744107745,0.5538461538461539,0.847826086956522,0.3333333333333333,0.3333333333333333,0.25,0.10101010101010102,0.9182953824932979,0.14857489387507578,0.5945945945945945
0.9156327543424317,0.6000000000000001,0.6666666666666666,0.8,0.0,0.0,0.711111111111111,1.0,0.35616438356164376,0.9690721649484536,0.18593383173213007,0.3333333333333333,0.24999999999999994,0.42087542087542096,0.8923076923076922,0.8043478260869565,0.8888888888888888,0.6666666666666665,0.5,0.5512820512820513,0.4062983191875146,0.16454416818273698,0.9189189189189191
0.9181141439205955,0.2,0.0,0.0,0.4,0.6000000000000001,0.9333333333333331,0.0,0.7534246575342465,0.4948453608247423,0.001670579485727923,0.16666666666666669,0.14285714285714285,0.0808080808080808,0.5538461538461539,0.6956521739130435,0.4444444444444445,0.3333333333333333,0.25,0.10606060606060608,0.9741259441360669,0.12027491408934708,0.5675675675675673
0.9205955334987593,0.6000000000000001,0.6666666666666666,0.8,0.0,1.0,0.8222222222222224,1.0,0.3698630136986301,0.9896907216494845,0.2384655089162324,0.375,0.24999999999999994,0.40740740740740744,0.8307692307692309,0.6086956521739131,0.7777777777777777,0.7777777777777777,0.625,0.5722610722610724,0.3805577494243412,0.1683848797250859,0.6216216216216217
0.9230769230769231,0.2,0.0,0.0,0.4,0.0,0.911111111111111,0.0,0.780821917808219,0.48453608247422675,0.0009213162612320108,0.12499999999999999,0.1369047619047619,0.06734006734006734,0.5692307692307692,0.6304347826086958,0.4444444444444445,0.4444444444444445,0.125,0.1421911421911422,0.912121650333159,0.1208813422276127,0.6486486486486485
0.9255583126550868,0.6000000000000001,0.6666666666666666,0.8,0.0,0.6000000000000001,0.7777777777777777,1.0,0.3835616438356165,0.9381443298969072,0.4269856862973631,0.3333333333333333,0.26190476190476186,0.38047138047138046,0.7846153846153847,0.6086956521739131,0.6666666666666665,0.7777777777777777,0.5,0.5609945609945611,0.3896014327508148,0.17242773398018998,0.783783783783784
0.9280397022332506,0.2,0.0,0.0,0.4,1.0,0.9555555555555557,0.0,0.7671232876712328,0.44329896907216493,0.0007659135183735993,0.08333333333333333,0.1220238095238095,0.08417508417508418,0.5538461538461539,0.7173913043478262,0.5555555555555556,0.2222222222222222,0.375,0.1013986013986014,0.9118769258150995,0.1374570446735395,0.7297297297297296
0.9305210918114144,0.6000000000000001,0.6666666666666666,0.8,0.0,0.0,0.8888888888888888,1.0,0.3698630136986301,0.9587628865979382,0.1399346198460403,0.375,0.26785714285714285,0.4107744107744108,0.8615384615384616,0.6086956521739131,0.7777777777777777,0.6666666666666665,0.625,0.5516705516705518,0.3896014327508148,0.17182130584192437,0.6216216216216217
0.9330024813895782,0.2,0.0,0.0,0.4,0.6000000000000001,0.8666666666666667,0.0,0.7945205479452053,0.4639175257731959,0.0006826620489851646,0.12499999999999999,0.18154761904761907,0.07407407407407407,0.5538461538461539,0.7826086956521741,0.5555555555555556,0.2222222222222222,0.25,0.11693861693861696,0.9145021524633746,0.1449363250454821,0.6216216216216217
0.9354838709677419,0.6000000000000001,0.6666666666666666,0.8,0.0,1.0,0.7777777777777777,1.0,0.3972602739726027,0.9484536082474226,0.17138702498099093,0.3333333333333333,0.2648809523809524,0.39730639730639733,0.8461538461538463,0.673913043478261,0.6666666666666665,0.6666666666666665,0.5,0.5621600621600622,0.4172219317663548,0.17485344653325247,0.8648648648648647
0.9379652605459057,0.2,0.0,0.0,0.4,0.0,1.0,0.0,0.780821917808219,0.4536082474226804,0.0006993123428628515,0.12499999999999999,0.13392857142857142,0.07744107744107745,0.5692307692307692,0.7826086956521741,0.4444444444444445,0.3333333333333333,0.25,0.09945609945609947,0.959119881642324,0.14190418435415403,0.7297297297297296
0.9404466501240695,0.6000000000000001,0.6666666666666666,0.8,0.0,0.6000000000000001,0.7333333333333334,1.0,0.3972602739726027,0.9587628865979382,0.22210937023038457,0.375,0.244047619047619,0.39730639730639733,0.8461538461538463,0.7826086956521741,0.7777777777777777,0.7777777777777777,0.625,0.5843045843045844,0.3944180562198961,0.19062057812815847,0.8918918918918919
0.9429280397022333,0.2,0.0,0.0,0.4,1.0,0.9777777777777779,0.0,0.821917808219178,0.5051546391752577,0.0011710706693973149,0.12499999999999999,0.14583333333333334,0.0808080808080808,0.6000000000000001,0.7826086956521741,0.5555555555555556,0.2222222222222222,0.375,0.11383061383061385,0.9835033427144398,0.12876490802506568,0.6756756756756757
0.9454094292803971,0.6000000000000001,0.6666666666666666,0.8,0.0,0.0,0.6666666666666667,1.0,0.3698630136986301,0.9278350515463918,0.16246801756050996,0.375,0.2410714285714286,0.42087542087542096,0.8769230769230769,0.6304347826086958,0.6666666666666665,0.8888888888888888,0.625,0.5788655788655789,0.4054195356908462,0.16595916717202344,0.8108108108108107
0.9478908188585607,0.2,0.0,0.0,0.4,0.6000000000000001,1.0,0.0,0.8356164383561644,0.5154639175257731,0.0014430254693995348,0.12499999999999999,0.125,0.0808080808080808,0.5538461538461539,0.847826086956522,0.3333333333333333,0.3333333333333333,0.25,0.10101010101010102,0.9182953824932979,0.14857489387507578,0.5945945945945945
0.9503722084367245,0.6000000000000001,0.6666666666666666,0.8,0.0,1.0,0.711111111111111,1.0,0.35616438356164376,0.9690721649484536,0.18593383173213007,0.3333333333333333,0.2232142857142857,0.40404040404040403,0.8769230769230769,0.8043478260869565,0.8888888888888888,0.6666666666666665,0.5,0.5512820512820513,0.4062983191875146,0.16454416818273698,0.9189189189189191
0.9528535980148883,0.2,0.0,0.0,0.4,0.0,0.9333333333333331,0.0,0.7534246575342465,0.4948453608247423,0.001670579485727923,0.16666666666666669,0.1220238095238095,0.07744107744107745,0.5538461538461539,0.6956521739130435,0.4444444444444445,0.2222222222222222,0.125,0.10606060606060608,0.9741259441360669,0.12027491408934708,0.5675675675675673
0.9553349875930521,0.6000000000000001,0.6666666666666666,0.8,0.0,0.6000000000000001,0.8222222222222224,1.0,0.3698630136986301,0.9896907216494845,0.2384655089162324,0.375,0.2708333333333333,0.4107744107744108,0.8307692307692309,0.6086956521739131,0.6666666666666665,0.7777777777777777,0.625,0.5722610722610724,0.3805577494243412,0.1683848797250859,0.6216216216216217
0.9578163771712159,0.2,0.0,0.0,0.4,1.0,0.911111111111111,0.0,0.780821917808219,0.48453608247422675,0.0009213162612320108,0.12499999999999999,0.1607142857142857,0.06734006734006734,0.5692307692307692,0.6304347826086958,0.4444444444444445,0.4444444444444445,0.25,0.1421911421911422,0.912121650333159,0.1208813422276127,0.6486486486486485
0.9602977667493796,0.6000000000000001,0.6666666666666666,0.8,0.0,0.0,0.7777777777777777,1.0,0.3835616438356165,0.9381443298969072,0.4269856862973631,0.3333333333333333,0.24999999999999994,0.3939393939393939,0.9076923076923078,0.6086956521739131,0.6666666666666665,0.6666666666666665,0.5,0.5609945609945611,0.3896014327508148,0.17242773398018998,0.783783783783784
0.9627791563275434,0.2,0.0,0.0,0.4,0.6000000000000001,0.9555555555555557,0.0,0.7671232876712328,0.44329896907216493,0.0007659135183735993,0.08333333333333333,0.13988095238095238,0.08417508417508418,0.5538461538461539,0.7173913043478262,0.5555555555555556,0.2222222222222222,0.375,0.1013986013986014,0.9118769258150995,0.1374570446735395,0.7297297297297296
0.9652605459057072,0.6000000000000001,0.6666666666666666,0.8,0.0,1.0,0.8888888888888888,1.0,0.3698630136986301,0.9587628865979382,0.1399346198460403,0.375,0.24702380952380948,0.38047138047138046,0.8307692307692309,0.6086956521739131,0.7777777777777777,0.6666666666666665,0.625,0.5516705516705518,0.3896014327508148,0.17182130584192437,0.6216216216216217
0.967741935483871,0.2,0.0,0.0,0.4,0.0,0.8666666666666667,0.0,0.7945205479452053,0.4639175257731959,0.0006826620489851646,0.12499999999999999,0.18154761904761907,0.07744107744107745,0.5538461538461539,0.7826086956521741,0.4444444444444445,0.2222222222222222,0.125,0.11693861693861696,0.9145021524633746,0.1449363250454821,0.6216216216216217
0.9702233250620348,0.6000000000000001,0.6666666666666666,0.8,0.0,0.6000000000000001,0.7777777777777777,1.0,0.3972602739726027,0.9484536082474226,0.17138702498099093,0.3333333333333333,0.2648809523809524,0.4175084175084175,0.8769230769230769,0.673913043478261,0.8888888888888888,0.6666666666666665,0.5,0.5621600621600622,0.4172219317663548,0.17485344653325247,0.8648648648648647
0.9727047146401985,0.2,0.0,0.0,0.4,1.0,1.0,0.0,0.780821917808219,0.4536082474226804,0.0006993123428628515,0.12499999999999999,0.13392857142857142,0.07744107744107745,0.5692307692307692,0.7826086956521741,0.4444444444444445,0.3333333333333333,0.25,0.09945609945609947,0.959119881642324,0.14190418435415403,0.7297297297297296
0.9751861042183623,0.6000000000000001,0.6666666666666666,0.8,0.0,0.0,0.7333333333333334,1.0,0.3972602739726027,0.9587628865979382,0.22210937023038457,0.375,0.244047619047619,0.42087542087542096,0.8615384615384616,0.7826086956521741,0.6666666666666665,0.7777777777777777,0.625,0.5843045843045844,0.3944180562198961,0.19062057812815847,0.8918918918918919
0.9776674937965261,0.2,0.0,0.0,0.4,0.6000000000000001,0.9777777777777779,0.0,0.821917808219178,0.5051546391752577,0.0011710706693973149,0.12499999999999999,0.14285714285714285,0.07744107744107745,0.5538461538461539,0.7826086956521741,0.4444444444444445,0.3333333333333333,0.25,0.11383061383061385,0.9835033427144398,0.12876490802506568,0.6756756756756757
0.9801488833746899,0.6000000000000001,0.6666666666666666,0.8,0.0,1.0,0.6666666666666667,1.0,0.3698630136986301,0.9278350515463918,0.16246801756050996,0.375,0.2589285714285714,0.37037037037037035,0.8769230769230769,0.6304347826086958,0.8888888888888888,0.6666666666666665,0.5,0.5788655788655789,0.4054195356908462,0.16595916717202344,0.8108108108108107
0.9826302729528535,0.2,0.0,0.0,0.4,0.0,1.0,0.0,0.8356164383561644,0.5154639175257731,0.0014430254693995348,0.12499999999999999,0.125,0.07407407407407407,0.5538461538461539,0.847826086956522,0.4444444444444445,0.3333333333333333,0.25,0.10101010101010102,0.9182953824932979,0.14857489387507578,0.5945945945945945
0.9851116625310173,0.6000000000000001,0.6666666666666666,0.8,0.0,0.6000000000000001,0.711111111111111,1.0,0.35616438356164376,0.9690721649484536,0.18593383173213007,0.3333333333333333,0.24999999999999994,0.4175084175084175,0.8923076923076922,0.8043478260869565,0.6666666666666665,0.7777777777777777,0.625,0.5512820512820513,0.4062983191875146,0.16454416818273698,0.9189189189189191
0.9875930521091811,0.2,0.0,0.0,0.4,1.0,0.9333333333333331,0.0,0.7534246575342465,0.4948453608247423,0.001670579485727923,0.16666666666666669,0.14285714285714285,0.08417508417508418,0.5538461538461539,0.6956521739130435,0.4444444444444445,0.2222222222222222,0.25,0.10606060606060608,0.9741259441360669,0.12027491408934708,0.5675675675675673
0.9900744416873449,0.6000000000000001,0.6666666666666666,0.8,0.0,0.0,0.8222222222222224,1.0,0.3698630136986301,0.9896907216494845,0.2384655089162324,0.375,0.24999999999999994,0.40404040404040403,0.8307692307692309,0.6086956521739131,0.6666666666666665,0.6666666666666665,0.5,0.5722610722610724,0.3805577494243412,0.1683848797250859,0.6216216216216217
0.9925558312655087,0.2,0.0,0.0,0.4,0.6000000000000001,0.911111111111111,0.0,0.780821917808219,0.48453608247422675,0.0009213162612320108,0.12499999999999999,0.1369047619047619,0.06397306397306396,0.5692307692307692,0.6304347826086958,0.4444444444444445,0.3333333333333333,0.25,0.1421911421911422,0.912121650333159,0.1208813422276127,0.6486486486486485
0.9950372208436724,0.6000000000000001,0.6666666666666666,0.8,0.0,1.0,0.7777777777777777,1.0,0.3835616438356165,0.9381443298969072,0.4269856862973631,0.3333333333333333,0.26190476190476186,0.39730639730639733,0.7846153846153847,0.6086956521739131,0.8888888888888888,0.6666666666666665,0.625,0.5609945609945611,0.3896014327508148,0.17242773398018998,0.783783783783784
0.9975186104218362,0.2,0.0,0.0,0.4,0.0,0.9555555555555557,0.0,0.7671232876712328,0.44329896907216493,0.0007659135183735993,0.08333333333333333,0.1220238095238095,0.07407407407407407,0.5846153846153846,0.7173913043478262,0.4444444444444445,0.2222222222222222,0.125,0.1013986013986014,0.9118769258150995,0.1374570446735395,0.7297297297297296
1.0,0.6000000000000001,0.6666666666666666,0.8,0.0,0.6000000000000001,0.8888888888888888,1.0,0.6438356164383561,0.5154639175257731,0.1570566720502617,0.25,0.20238095238095238,0.3771043771043771,0.6923076923076923,0.6956521739130435,0.6666666666666665,0.6666666666666665,0.5,0.1421911421911422,0.503832163475978,0.1528198908429351,0.6756756756756757
