material_id,material_type,strength_mpa,weight_capacity_kg,biodegradability_percent,co2_emission_kg_per_kg,recyclability_percent,cost_per_kg,industry_use_case,source_type,confidence_level
0.0,0.8948948948948949,0.12371134020618557,0.008678237650200267,0.0510204081632653,0.05778382053025153,0.9183673469387754,0.09574468085106384,0.4501510574018127,1.0,0.0
0.001001001001001001,0.6306306306306306,0.12371134020618557,0.008678237650200267,0.0510204081632653,0.03602991162474507,0.9693877551020408,0.07801418439716311,0.4501510574018127,1.0,0.0
0.002002002002002002,0.955955955955956,0.020618556701030924,0.0020026702269692926,0.0510204081632653,0.04214819850441877,0.8673469387755102,0.060283687943262415,0.595166163141994,1.0,0.0
0.003003003003003003,0.7587587587587588,0.020618556701030924,0.0020026702269692926,0.0510204081632653,0.022433718558803536,0.9183673469387754,0.04255319148936171,0.595166163141994,1.0,0.0
0.004004004004004004,0.36436436436436437,0.48453608247422675,0.0053404539385847796,0.8163265306122448,0.014276002719238616,0.7142857142857142,0.3617021276595745,0.38368580060422963,1.0,0.0
0.005005005005005005,0.14714714714714713,0.38144329896907214,0.004005340453938584,0.8673469387755102,0.021074099252209384,0.7142857142857142,0.3262411347517731,0.3595166163141994,1.0,0.0
0.006006006006006006,0.17017017017017017,0.5876288659793815,0.008678237650200267,0.01020408163265306,0.18422841604350781,0.5102040816326531,0.21985815602836878,0.4501510574018127,1.0,0.0
0.007007007007007007,0.16916916916916916,0.6391752577319587,0.010680907877169559,0.01020408163265306,0.1910265125764786,0.5612244897959183,0.2375886524822695,0.3867069486404834,1.0,0.0
0.008008008008008008,0.7377377377377378,0.5876288659793815,0.008678237650200267,0.01020408163265306,0.1026512576478586,0.7653061224489796,0.25531914893617025,0.4501510574018127,1.0,0.0
0.009009009009009009,0.8768768768768769,0.09278350515463918,0.003337783711615487,0.9183673469387754,0.007477906186267848,0.8163265306122448,0.11347517730496455,0.3595166163141994,1.0,0.0
0.01001001001001001,0.983983983983984,0.07216494845360824,0.0026702269692923893,0.8673469387755102,0.014276002719238616,0.7653061224489796,0.13120567375886527,0.31722054380664655,1.0,0.0
0.011011011011011011,0.1931931931931932,0.13402061855670103,0.012016021361815754,0.0510204081632653,0.061862678450033994,0.9387755102040816,0.10638297872340426,0.31722054380664655,1.0,0.0
0.012012012012012012,0.20520520520520522,0.17525773195876287,0.004005340453938584,0.9183673469387754,0.021074099252209384,0.7142857142857142,0.29078014184397166,0.3867069486404834,1.0,1.0
0.013013013013013013,0.2772772772772773,0.22680412371134018,0.006675567423230973,0.9693877551020408,0.014276002719238616,0.8673469387755102,0.25531914893617025,0.3867069486404834,1.0,1.0
0.014014014014014014,0.4024024024024024,0.48453608247422675,0.006675567423230973,0.8163265306122448,0.017675050985724,0.7142857142857142,0.37943262411347517,0.3595166163141994,1.0,0.0
0.015015015015015015,0.6036036036036035,0.4329896907216495,0.0053404539385847796,0.8163265306122448,0.014276002719238616,0.7142857142857142,0.3546099290780142,0.38368580060422963,1.0,0.0
0.016016016016016016,0.08308308308308308,0.27835051546391754,0.004005340453938584,0.8673469387755102,0.021074099252209384,0.6632653061224489,0.30851063829787234,0.3595166163141994,1.0,0.0
0.017017017017017015,0.01001001001001001,0.6907216494845361,0.012016021361815754,0.01020408163265306,0.5241332426920462,0.9183673469387754,0.46808510638297873,0.3595166163141994,1.0,0.0
0.01801801801801802,0.23123123123123124,0.8969072164948454,0.01535380507343124,0.0,0.15023793337865396,0.9693877551020408,0.3617021276595745,0.2598187311178248,1.0,0.0
0.01901901901901902,0.8628628628628628,0.7938144329896907,0.013351134846461948,0.0,0.3881713120326309,0.9183673469387754,0.29078014184397166,0.38972809667673713,1.0,0.0
0.02002002002002002,0.3133133133133133,0.5876288659793815,0.008678237650200267,0.01020408163265306,0.21821889870836167,0.6122448979591836,0.25531914893617025,0.4501510574018127,0.0,1.0
0.02102102102102102,0.7207207207207207,0.5876288659793815,0.008678237650200267,0.01020408163265306,0.11624745071380013,0.7142857142857142,0.2375886524822695,0.4501510574018127,0.0,1.0
0.022022022022022025,0.3863863863863864,0.48453608247422675,0.0053404539385847796,0.8673469387755102,0.017675050985724,0.7142857142857142,0.34397163120567376,0.3867069486404834,1.0,0.0
0.023023023023023025,0.45545545545545546,0.11340206185567009,0.0053404539385847796,0.8163265306122448,0.04146838885112169,0.8979591836734693,0.11347517730496455,0.3595166163141994,0.0,1.0
0.024024024024024024,0.0990990990990991,0.13402061855670103,0.006675567423230973,0.0510204081632653,0.055064581917063225,0.9387755102040816,0.0851063829787234,0.31722054380664655,0.0,1.0
0.025025025025025023,0.37537537537537535,0.4639175257731959,0.004672897196261683,0.8163265306122448,0.01563562202583277,0.7142857142857142,0.3617021276595745,0.3595166163141994,1.0,0.0
0.02602602602602603,0.6886886886886887,0.12371134020618557,0.008678237650200267,0.0510204081632653,0.036709721278042146,0.9693877551020408,0.08156028368794326,0.4501510574018127,1.0,0.0
0.02702702702702703,0.924924924924925,0.15463917525773196,0.012016021361815754,0.0510204081632653,0.061862678450033994,0.9183673469387754,0.10638297872340426,0.31722054380664655,0.0,1.0
0.028028028028028028,0.9279279279279279,0.09278350515463918,0.0053404539385847796,0.0510204081632653,0.055064581917063225,0.9183673469387754,0.0851063829787234,0.595166163141994,0.0,1.0
0.029029029029029027,0.6606606606606606,0.15463917525773196,0.012016021361815754,0.0510204081632653,0.038069340584636305,0.9693877551020408,0.08865248226950355,0.31722054380664655,0.0,1.0
0.030030030030030033,0.6636636636636637,0.09278350515463918,0.0053404539385847796,0.0510204081632653,0.03467029231815092,0.9693877551020408,0.07092198581560284,0.595166163141994,0.0,1.0
0.031031031031031032,0.91991991991992,0.13402061855670103,0.008678237650200267,0.0510204081632653,0.0584636301835486,0.9183673469387754,0.10283687943262411,0.3595166163141994,0.0,1.0
0.03203203203203203,0.6556556556556556,0.13402061855670103,0.008678237650200267,0.0510204081632653,0.037389530931339225,0.9693877551020408,0.08156028368794326,0.3595166163141994,0.0,1.0
0.03303303303303303,0.95995995995996,0.030927835051546393,0.0026702269692923893,0.0510204081632653,0.044867437117607066,0.8163265306122448,0.0673758865248227,0.5770392749244713,0.0,1.0
0.03403403403403404,0.970970970970971,0.020618556701030924,0.0020026702269692926,0.0510204081632653,0.04146838885112169,0.8673469387755102,0.05673758865248227,0.595166163141994,1.0,0.0
0.035035035035035036,0.7627627627627628,0.030927835051546393,0.0026702269692923893,0.0510204081632653,0.02447314751869477,0.8979591836734693,0.04964539007092199,0.5770392749244713,0.0,1.0
0.036036036036036036,0.7667667667667668,0.020618556701030924,0.0020026702269692926,0.0510204081632653,0.021074099252209384,0.9387755102040816,0.03900709219858156,0.595166163141994,1.0,0.0
0.03703703703703704,0.964964964964965,0.04123711340206185,0.003337783711615487,0.0510204081632653,0.04350781781101292,0.8673469387755102,0.06382978723404255,0.6163141993957704,1.0,0.0
0.03803803803803804,0.7687687687687688,0.04123711340206185,0.003337783711615487,0.0510204081632653,0.023793337865397696,0.9183673469387754,0.04609929078014184,0.6163141993957704,1.0,0.0
0.03903903903903904,0.3733733733733734,0.5051546391752577,0.006008010680907876,0.8163265306122448,0.01563562202583277,0.7142857142857142,0.3687943262411348,0.3595166163141994,1.0,0.0
0.04004004004004004,0.3683683683683684,0.4639175257731959,0.004672897196261683,0.8163265306122448,0.012916383412644464,0.7142857142857142,0.3546099290780142,0.38368580060422963,1.0,0.0
0.04104104104104104,0.3743743743743744,0.48453608247422675,0.0053404539385847796,0.8163265306122448,0.014955812372535696,0.7142857142857142,0.36524822695035464,0.38368580060422963,0.0,1.0
0.042042042042042045,0.3713713713713714,0.5360824742268041,0.006675567423230973,0.7653061224489796,0.021074099252209384,0.6632653061224489,0.3971631205673759,0.31722054380664655,0.0,1.0
0.043043043043043044,0.37037037037037035,0.4329896907216495,0.004672897196261683,0.8673469387755102,0.012916383412644464,0.7142857142857142,0.35815602836879434,0.3595166163141994,1.0,0.0
0.044044044044044044,0.15615615615615616,0.36082474226804123,0.003337783711615487,0.8979591836734693,0.019714479945615225,0.6938775510204082,0.3191489361702128,0.3595166163141994,1.0,0.0
0.04504504504504505,0.15115115115115116,0.4020618556701031,0.004005340453938584,0.836734693877551,0.022433718558803536,0.7142857142857142,0.33333333333333337,0.3595166163141994,0.0,1.0
0.04604604604604605,0.15015015015015015,0.32989690721649484,0.0026702269692923893,0.9183673469387754,0.017675050985724,0.7142857142857142,0.3120567375886525,0.8882175226586103,0.0,1.0
0.04704704704704705,0.15515515515515516,0.38144329896907214,0.004005340453938584,0.8673469387755102,0.021074099252209384,0.7142857142857142,0.3297872340425532,0.7885196374622356,0.0,1.0
0.04804804804804805,0.14914914914914915,0.35051546391752575,0.003337783711615487,0.8979591836734693,0.019034670292318152,0.7142857142857142,0.32269503546099293,0.8368580060422961,0.0,1.0
0.04904904904904905,0.18118118118118118,0.6082474226804123,0.010680907877169559,0.01020408163265306,0.1910265125764786,0.5102040816326531,0.22695035460992907,0.03323262839879154,1.0,0.0
0.05005005005005005,0.1881881881881882,0.5670103092783505,0.008678237650200267,0.01020408163265306,0.17743031951053703,0.5102040816326531,0.21276595744680854,0.054380664652567974,1.0,0.0
0.05105105105105105,0.18218218218218218,0.5360824742268041,0.008010680907877168,0.01020408163265306,0.17063222297756628,0.5102040816326531,0.20567375886524825,0.3413897280966767,0.0,1.0
0.05205205205205205,0.1841841841841842,0.5876288659793815,0.009345794392523364,0.01020408163265306,0.18422841604350781,0.5102040816326531,0.22340425531914893,0.23564954682779457,1.0,0.0
0.05305305305305306,0.1871871871871872,0.6185567010309279,0.010680907877169559,0.01020408163265306,0.19782460910944935,0.5102040816326531,0.23049645390070922,0.08459214501510574,0.0,1.0
0.05405405405405406,0.17217217217217218,0.6701030927835051,0.012016021361815754,0.01020408163265306,0.19782460910944935,0.5612244897959183,0.24822695035460995,0.09365558912386707,1.0,0.0
0.055055055055055056,0.1781781781781782,0.6082474226804123,0.01001335113484646,0.01020408163265306,0.18422841604350781,0.5612244897959183,0.23404255319148937,0.13897280966767372,1.0,0.0
0.056056056056056056,0.17317317317317318,0.5670103092783505,0.009345794392523364,0.01020408163265306,0.17743031951053703,0.5612244897959183,0.22695035460992907,0.00906344410876133,0.0,1.0
0.057057057057057055,0.17717717717717718,0.6907216494845361,0.012683578104138851,0.01020408163265306,0.2046227056424201,0.5612244897959183,0.2517730496453901,0.5498489425981873,0.0,1.0
0.05805805805805806,0.17517517517517517,0.6391752577319587,0.010680907877169559,0.01020408163265306,0.1910265125764786,0.5612244897959183,0.24113475177304966,0.35347432024169184,1.0,0.0
0.05905905905905906,0.7397397397397397,0.5876288659793815,0.008678237650200267,0.01020408163265306,0.10944935418082935,0.7653061224489796,0.2624113475177305,0.08761329305135952,0.0,1.0
0.06006006006006006,0.7407407407407407,0.5670103092783505,0.008010680907877168,0.01020408163265306,0.09585316111488784,0.7142857142857142,0.24822695035460995,0.9214501510574018,0.0,1.0
0.061061061061061066,0.7467467467467468,0.5773195876288659,0.008678237650200267,0.01020408163265306,0.1026512576478586,0.7653061224489796,0.25531914893617025,0.054380664652567974,1.0,0.0
0.06206206206206206,0.7427427427427428,0.5567010309278351,0.008010680907877168,0.01020408163265306,0.09925220938137322,0.7142857142857142,0.2517730496453901,0.3413897280966767,0.0,1.0
0.06306306306306306,0.7447447447447447,0.5876288659793815,0.008678237650200267,0.01020408163265306,0.08905506458191706,0.8163265306122448,0.26595744680851063,0.09667673716012085,0.0,1.0
0.06406406406406406,0.8848848848848849,0.09278350515463918,0.003337783711615487,0.9183673469387754,0.008837525492862,0.8163265306122448,0.12056737588652482,0.3716012084592145,1.0,0.0
0.06506506506506506,0.8778778778778779,0.08247422680412371,0.0026702269692923893,0.9387755102040816,0.006798096532970772,0.8163265306122448,0.1099290780141844,0.3716012084592145,1.0,0.0
0.06606606606606606,0.8788788788788788,0.10309278350515463,0.004005340453938584,0.8979591836734693,0.009517335146159076,0.7959183673469387,0.12411347517730496,0.9425981873111783,0.0,1.0
0.06706706706706705,0.8858858858858859,0.11340206185567009,0.004672897196261683,0.8673469387755102,0.010876954452753232,0.7959183673469387,0.13120567375886527,0.7885196374622356,0.0,1.0
0.06806806806806806,0.8868868868868869,0.07216494845360824,0.0020026702269692926,0.9387755102040816,0.0061182868796736956,0.836734693877551,0.10638297872340426,0.9063444108761329,0.0,1.0
0.06906906906906907,0.985985985985986,0.08247422680412371,0.004005340453938584,0.8673469387755102,0.01563562202583277,0.7653061224489796,0.1382978723404255,0.31722054380664655,1.0,0.0
0.07007007007007006,0.9879879879879879,0.061855670103092786,0.0020026702269692926,0.8979591836734693,0.012916383412644464,0.7653061224489796,0.12765957446808512,0.31722054380664655,1.0,0.0
0.07107107107107107,0.993993993993994,0.07216494845360824,0.0026702269692923893,0.8775510204081632,0.014276002719238616,0.7653061224489796,0.13475177304964542,0.4350453172205438,0.0,1.0
0.07207207207207207,0.991991991991992,0.09278350515463918,0.004005340453938584,0.836734693877551,0.017675050985724,0.7142857142857142,0.1453900709219858,0.4954682779456193,0.0,1.0
0.07307307307307306,0.992992992992993,0.05154639175257732,0.0013351134846461949,0.9183673469387754,0.012236573759347384,0.7959183673469387,0.12056737588652482,0.1903323262839879,0.0,1.0
0.07407407407407407,0.2022022022022022,0.13402061855670103,0.012016021361815754,0.0510204081632653,0.061862678450033994,0.9387755102040816,0.10638297872340426,0.8549848942598187,1.0,0.0
0.07507507507507508,0.19519519519519518,0.15463917525773196,0.01535380507343124,0.0510204081632653,0.06526172671651936,0.9387755102040816,0.11347517730496455,0.49244712990936557,1.0,0.0
0.07607607607607607,0.2032032032032032,0.17525773195876287,0.01869158878504673,0.0510204081632653,0.06866077498300477,0.9387755102040816,0.13120567375886527,0.1299093655589124,0.0,1.0
0.07707707707707707,0.1991991991991992,0.11340206185567009,0.008678237650200267,0.0510204081632653,0.055064581917063225,0.9387755102040816,0.09574468085106384,0.27492447129909364,0.0,1.0
0.07807807807807807,0.2012012012012012,0.13402061855670103,0.012016021361815754,0.0510204081632653,0.04826648538409246,0.9591836734693877,0.09929078014184396,0.4501510574018127,0.0,1.0
0.07907907907907907,0.21521521521521522,0.15463917525773196,0.003337783711615487,0.9183673469387754,0.019714479945615225,0.7142857142857142,0.2730496453900709,0.46827794561933533,0.0,1.0
0.08008008008008008,0.2062062062062062,0.1958762886597938,0.004672897196261683,0.8979591836734693,0.022433718558803536,0.7142857142857142,0.30851063829787234,0.824773413897281,0.0,1.0
0.08108108108108107,0.2122122122122122,0.17525773195876287,0.004005340453938584,0.9183673469387754,0.021074099252209384,0.6938775510204082,0.2978723404255319,0.10876132930513595,0.0,1.0
0.08208208208208208,0.2112112112112112,0.16494845360824742,0.004005340453938584,0.9387755102040816,0.017675050985724,0.7346938775510203,0.3262411347517731,0.7462235649546828,0.0,1.0
0.08308308308308307,0.2092092092092092,0.21649484536082475,0.0053404539385847796,0.8673469387755102,0.02447314751869477,0.7142857142857142,0.34397163120567376,0.1419939577039275,0.0,1.0
0.08408408408408408,0.2822822822822823,0.1958762886597938,0.0053404539385847796,0.9693877551020408,0.012916383412644464,0.8673469387755102,0.2375886524822695,0.4833836858006042,1.0,0.0
0.08508508508508508,0.2832832832832833,0.22680412371134018,0.006675567423230973,0.9693877551020408,0.014276002719238616,0.8673469387755102,0.25531914893617025,0.1419939577039275,1.0,0.0
0.08608608608608607,0.27927927927927926,0.25773195876288657,0.008678237650200267,0.9489795918367346,0.01563562202583277,0.8673469387755102,0.2730496453900709,0.6404833836858006,0.0,1.0
0.08708708708708708,0.28128128128128127,0.24742268041237114,0.008010680907877168,0.8163265306122448,0.027872195785180152,0.7653061224489796,0.28368794326241137,0.5438066465256798,0.0,1.0
0.08808808808808809,0.28428428428428426,0.23711340206185566,0.007343124165554072,0.9795918367346939,0.013596193065941536,0.8979591836734693,0.29078014184397166,0.7522658610271903,0.0,1.0
0.08908908908908908,0.4124124124124124,0.4639175257731959,0.0053404539385847796,0.8163265306122448,0.016995241332426927,0.7142857142857142,0.3617021276595745,0.01812688821752266,0.0,1.0
0.09009009009009009,0.4084084084084084,0.48453608247422675,0.006675567423230973,0.8163265306122448,0.017675050985724,0.7142857142857142,0.37943262411347517,0.3776435045317221,1.0,0.0
0.09109109109109109,0.4114114114114114,0.5051546391752577,0.008010680907877168,0.7959183673469387,0.021074099252209384,0.6938775510204082,0.3971631205673759,0.16314199395770393,0.0,1.0
0.09209209209209208,0.4034034034034034,0.4742268041237113,0.006008010680907876,0.8163265306122448,0.01835486063902108,0.7142857142857142,0.3900709219858156,0.3987915407854985,0.0,1.0
0.09309309309309309,0.4064064064064064,0.4948453608247423,0.006675567423230973,0.8163265306122448,0.017675050985724,0.7142857142857142,0.38652482269503546,0.23867069486404835,0.0,1.0
0.09409409409409408,0.6066066066066066,0.4020618556701031,0.004672897196261683,0.836734693877551,0.013596193065941536,0.7142857142857142,0.3475177304964539,0.8338368580060423,0.0,1.0
0.09509509509509509,0.6116116116116116,0.4536082474226804,0.006008010680907876,0.7959183673469387,0.01563562202583277,0.7142857142857142,0.3617021276595745,0.9758308157099698,0.0,1.0
0.0960960960960961,0.6086086086086087,0.48453608247422675,0.006675567423230973,0.7653061224489796,0.019714479945615225,0.6938775510204082,0.375886524822695,0.311178247734139,0.0,1.0
0.09709709709709709,0.6136136136136137,0.4329896907216495,0.0053404539385847796,0.8163265306122448,0.014276002719238616,0.7142857142857142,0.3546099290780142,0.2326283987915408,1.0,0.0
0.0980980980980981,0.6096096096096096,0.38144329896907214,0.004005340453938584,0.8673469387755102,0.012916383412644464,0.7346938775510203,0.34397163120567376,0.38368580060422963,0.0,1.0
0.09909909909909909,0.09309309309309309,0.25773195876288657,0.003337783711615487,0.8979591836734693,0.019714479945615225,0.6632653061224489,0.2978723404255319,0.9003021148036254,1.0,0.0
0.10010010010010009,0.08608608608608609,0.29896907216494845,0.004005340453938584,0.836734693877551,0.022433718558803536,0.7142857142857142,0.3191489361702128,0.6586102719033232,0.0,1.0
0.1011011011011011,0.08508508508508508,0.27835051546391754,0.004005340453938584,0.8673469387755102,0.021074099252209384,0.6632653061224489,0.30851063829787234,0.8882175226586103,1.0,0.0
0.10210210210210209,0.08708708708708708,0.23711340206185566,0.0026702269692923893,0.9183673469387754,0.017675050985724,0.6938775510204082,0.29078014184397166,0.3806646525679758,0.0,1.0
0.1031031031031031,0.0890890890890891,0.31958762886597936,0.004672897196261683,0.8163265306122448,0.02447314751869477,0.6122448979591836,0.3262411347517731,0.4078549848942598,0.0,1.0
0.1041041041041041,0.02002002002002002,0.5876288659793815,0.006675567423230973,0.01020408163265306,0.4901427600271924,0.9183673469387754,0.3971631205673759,0.3806646525679758,1.0,0.0
0.1051051051051051,0.01901901901901902,0.7422680412371134,0.013351134846461948,0.01020408163265306,0.5377294357579877,0.9183673469387754,0.4858156028368794,0.3776435045317221,1.0,0.0
0.1061061061061061,0.017017017017017015,0.6907216494845361,0.012016021361815754,0.01020408163265306,0.5581237253569,0.8673469387755102,0.5035460992907801,0.8972809667673716,0.0,1.0
0.10710710710710711,0.018018018018018018,0.711340206185567,0.010680907877169559,0.01020408163265306,0.5445275322909585,0.9387755102040816,0.5212765957446809,0.054380664652567974,0.0,1.0
0.1081081081081081,0.015015015015015015,0.7938144329896907,0.01535380507343124,0.01020408163265306,0.5785180149558123,0.9183673469387754,0.5390070921985816,0.56797583081571,0.0,1.0
0.1091091091091091,0.23523523523523523,0.845360824742268,0.010680907877169559,0.0,0.13664174031271242,0.9693877551020408,0.34397163120567376,0.030211480362537763,0.0,1.0
0.1101101101101101,0.23823823823823823,0.9484536082474226,0.017356475300400534,0.0,0.16383412644459552,0.9999999999999999,0.37943262411347517,0.04229607250755287,1.0,0.0
0.1111111111111111,0.23223223223223222,0.8969072164948454,0.01535380507343124,0.0,0.15703602991162474,0.9693877551020408,0.3687943262411348,0.0513595166163142,1.0,0.0
0.11211211211211211,0.23423423423423423,0.9175257731958762,0.01602136181575434,0.0,0.15023793337865396,0.9693877551020408,0.375886524822695,0.7401812688821753,0.0,1.0
0.1131131131131131,0.24124124124124124,0.9999999999999999,0.01869158878504673,0.0,0.17063222297756628,0.9693877551020408,0.3971631205673759,0.9123867069486404,0.0,1.0
0.11411411411411411,0.8728728728728729,0.7422680412371134,0.010680907877169559,0.0,0.3745751189666893,0.9183673469387754,0.2730496453900709,0.39274924471299094,1.0,0.0
0.1151151151151151,0.8708708708708709,0.845360824742268,0.014686248331108142,0.0,0.40176750509857245,0.9183673469387754,0.30851063829787234,0.12084592145015105,1.0,0.0
0.11611611611611611,0.8638638638638638,0.7938144329896907,0.012016021361815754,0.0,0.39496940856560164,0.8979591836734693,0.2978723404255319,0.7099697885196374,0.0,1.0
0.11711711711711711,0.8678678678678678,0.7731958762886598,0.011348464619492656,0.0,0.3881713120326309,0.9183673469387754,0.29078014184397166,0.7854984894259819,0.0,1.0
0.1181181181181181,0.8658658658658659,0.7938144329896907,0.013351134846461948,0.0,0.40176750509857245,0.9183673469387754,0.3191489361702128,0.743202416918429,0.0,1.0
0.11911911911911911,0.3213213213213213,0.6082474226804123,0.009345794392523364,0.01020408163265306,0.22501699524133242,0.6122448979591836,0.2624113475177305,0.9697885196374623,0.0,1.0
0.12012012012012012,0.3173173173173173,0.5670103092783505,0.008010680907877168,0.01020408163265306,0.2114208021753909,0.6122448979591836,0.24822695035460995,0.6435045317220544,0.0,1.0
0.12112112112112111,0.31931931931931934,0.5876288659793815,0.008678237650200267,0.01020408163265306,0.21821889870836167,0.5612244897959183,0.25531914893617025,0.8912386706948641,0.0,1.0
0.12212212212212212,0.3183183183183183,0.5360824742268041,0.006675567423230973,0.01020408163265306,0.2046227056424201,0.5102040816326531,0.24113475177304966,0.21148036253776434,0.0,1.0
0.12312312312312312,0.3233233233233233,0.5567010309278351,0.007343124165554072,0.01020408163265306,0.2114208021753909,0.6122448979591836,0.2517730496453901,0.06948640483383686,0.0,1.0
0.12412412412412413,0.7287287287287287,0.5876288659793815,0.008678237650200267,0.01020408163265306,0.11624745071380013,0.7142857142857142,0.2446808510638298,0.6948640483383686,0.0,1.0
0.1251251251251251,0.7237237237237237,0.5360824742268041,0.007343124165554072,0.01020408163265306,0.10944935418082935,0.7346938775510203,0.22695035460992907,0.44410876132930516,0.0,1.0
0.12612612612612611,0.7297297297297297,0.5670103092783505,0.008010680907877168,0.01020408163265306,0.12304554724677091,0.6938775510204082,0.23404255319148937,0.18731117824773413,0.0,1.0
0.12712712712712712,0.7277277277277278,0.6082474226804123,0.009345794392523364,0.01020408163265306,0.12984364377974167,0.6632653061224489,0.24822695035460995,0.6555891238670695,0.0,1.0
0.12812812812812813,0.7257257257257257,0.48453608247422675,0.006008010680907876,0.01020408163265306,0.1026512576478586,0.7142857142857142,0.21985815602836878,0.21148036253776434,0.0,1.0
0.12912912912912913,0.3963963963963964,0.4639175257731959,0.004672897196261683,0.8979591836734693,0.016995241332426927,0.7142857142857142,0.33333333333333337,0.8942598187311178,0.0,1.0
0.1301301301301301,0.39539539539539537,0.5051546391752577,0.006008010680907876,0.836734693877551,0.019034670292318152,0.6938775510204082,0.3546099290780142,0.6193353474320241,0.0,1.0
0.13113113113113112,0.38738738738738737,0.48453608247422675,0.0053404539385847796,0.8673469387755102,0.017675050985724,0.7142857142857142,0.34397163120567376,0.3987915407854985,1.0,0.0
0.13213213213213212,0.3913913913913914,0.4742268041237113,0.0053404539385847796,0.8673469387755102,0.01835486063902108,0.7142857142857142,0.3404255319148936,0.7492447129909365,0.0,1.0
0.13313313313313313,0.3923923923923924,0.5154639175257731,0.006008010680907876,0.8163265306122448,0.019714479945615225,0.6938775510204082,0.3617021276595745,0.3867069486404834,0.0,1.0
0.13413413413413414,0.46446446446446443,0.10309278350515463,0.004672897196261683,0.8163265306122448,0.04010876954452754,0.8979591836734693,0.1099290780141844,0.4169184290030212,0.0,1.0
0.13513513513513511,0.45845845845845845,0.12371134020618557,0.006008010680907876,0.7959183673469387,0.04282800815771585,0.8775510204081632,0.12056737588652482,0.7885196374622356,0.0,1.0
0.13613613613613612,0.45645645645645644,0.11340206185567009,0.0053404539385847796,0.7653061224489796,0.044867437117607066,0.8673469387755102,0.13120567375886527,0.9879154078549849,0.0,1.0
0.13713713713713713,0.46546546546546547,0.11340206185567009,0.0053404539385847796,0.836734693877551,0.04146838885112169,0.8979591836734693,0.11347517730496455,0.2628398791540785,0.0,1.0
0.13813813813813813,0.46146146146146144,0.13402061855670103,0.006675567423230973,0.7653061224489796,0.04826648538409246,0.8673469387755102,0.14184397163120566,0.6283987915407855,0.0,1.0
0.13913913913913914,0.1061061061061061,0.12371134020618557,0.0053404539385847796,0.0510204081632653,0.05166553365057785,0.9387755102040816,0.07801418439716311,0.37462235649546827,0.0,1.0
0.14014014014014015,0.1041041041041041,0.14432989690721648,0.008010680907877168,0.0510204081632653,0.0584636301835486,0.9387755102040816,0.0921985815602837,0.3202416918429003,0.0,1.0
0.14114114114114112,0.10710710710710711,0.13402061855670103,0.006675567423230973,0.0510204081632653,0.056424201223657384,0.9183673469387754,0.09574468085106384,0.10876132930513595,0.0,1.0
0.14214214214214213,0.1091091091091091,0.13402061855670103,0.006675567423230973,0.0510204081632653,0.04146838885112169,0.9693877551020408,0.08156028368794326,0.45317220543806647,0.0,1.0
0.14314314314314314,0.10510510510510511,0.13402061855670103,0.006675567423230973,0.0510204081632653,0.05370496261046908,0.9387755102040816,0.08865248226950355,0.2809667673716012,0.0,1.0
0.14414414414414414,0.38038038038038036,0.44329896907216493,0.004005340453938584,0.8163265306122448,0.014276002719238616,0.7142857142857142,0.3546099290780142,0.40181268882175225,1.0,0.0
0.14514514514514515,0.3763763763763764,0.4639175257731959,0.004672897196261683,0.8163265306122448,0.01563562202583277,0.7142857142857142,0.3617021276595745,0.015105740181268881,1.0,0.0
0.14614614614614613,0.3793793793793794,0.4742268041237113,0.004672897196261683,0.8163265306122448,0.016315431679129848,0.7142857142857142,0.36524822695035464,0.027190332326283987,0.0,1.0
0.14714714714714713,0.3783783783783784,0.4536082474226804,0.004005340453938584,0.836734693877551,0.014955812372535696,0.7142857142857142,0.35815602836879434,0.22054380664652568,0.0,1.0
0.14814814814814814,0.3833833833833834,0.48453608247422675,0.0053404539385847796,0.7959183673469387,0.01835486063902108,0.6938775510204082,0.3723404255319149,0.622356495468278,0.0,1.0
0.14914914914914915,0.6976976976976977,0.12371134020618557,0.006675567423230973,0.0510204081632653,0.03467029231815092,0.9693877551020408,0.07446808510638299,0.2719033232628399,0.0,1.0
0.15015015015015015,0.6966966966966966,0.13402061855670103,0.008678237650200267,0.0510204081632653,0.03602991162474507,0.9693877551020408,0.08156028368794326,0.2719033232628399,1.0,0.0
0.15115115115115116,0.6956956956956957,0.14432989690721648,0.010680907877169559,0.0510204081632653,0.038069340584636305,0.9693877551020408,0.08865248226950355,0.2719033232628399,0.0,1.0
0.15215215215215214,0.6936936936936937,0.15463917525773196,0.013351134846461948,0.0510204081632653,0.04146838885112169,0.9489795918367346,0.09574468085106384,0.0030211480362537764,0.0,1.0
0.15315315315315314,0.6906906906906907,0.11340206185567009,0.006675567423230973,0.0510204081632653,0.03331067301155677,0.9795918367346939,0.07092198581560284,0.24773413897280966,0.0,1.0
0.15415415415415415,0.03403403403403403,0.13402061855670103,0.0053404539385847796,0.9183673469387754,0.007477906186267848,0.8163265306122448,0.14893617021276595,0.3595166163141994,1.0,0.0
0.15515515515515516,0.029029029029029027,0.15463917525773196,0.006675567423230973,0.8979591836734693,0.008837525492862,0.7959183673469387,0.16666666666666669,0.9395770392749244,0.0,1.0
0.15615615615615616,0.03803803803803804,0.11340206185567009,0.004005340453938584,0.8673469387755102,0.010876954452753232,0.8163265306122448,0.14184397163120566,0.525679758308157,0.0,1.0
0.15715715715715714,0.037037037037037035,0.12371134020618557,0.004672897196261683,0.8979591836734693,0.009517335146159076,0.7959183673469387,0.15602836879432624,0.31722054380664655,0.0,1.0
0.15815815815815815,0.031031031031031032,0.10309278350515463,0.003337783711615487,0.9387755102040816,0.006798096532970772,0.836734693877551,0.1382978723404255,0.24471299093655588,0.0,1.0
0.15915915915915915,0.2602602602602603,0.15463917525773196,0.006008010680907876,0.9387755102040816,0.0061182868796736956,0.8163265306122448,0.18439716312056736,0.7462235649546828,0.0,1.0
0.16016016016016016,0.2652652652652653,0.17525773195876287,0.008010680907877168,0.9183673469387754,0.007477906186267848,0.836734693877551,0.2021276595744681,0.10574018126888217,0.0,1.0
0.16116116116116116,0.25725725725725723,0.22680412371134018,0.006675567423230973,0.9693877551020408,0.008837525492862,0.8673469387755102,0.25531914893617025,0.8187311178247734,0.0,1.0
0.16216216216216214,0.26226226226226224,0.14432989690721648,0.0053404539385847796,0.9183673469387754,0.008157715839564924,0.8163265306122448,0.19148936170212766,0.31419939577039274,0.0,1.0
0.16316316316316315,0.26626626626626626,0.13402061855670103,0.004672897196261683,0.9387755102040816,0.006798096532970772,0.836734693877551,0.17730496453900707,0.3595166163141994,0.0,1.0
0.16416416416416416,0.35235235235235235,0.05154639175257732,0.0020026702269692926,0.9999999999999999,0.0006798096532970796,0.6122448979591836,0.21985815602836878,0.21148036253776434,1.0,0.0
0.16516516516516516,0.35435435435435436,0.07216494845360824,0.003337783711615487,0.9999999999999999,0.0020394289598912353,0.6122448979591836,0.2375886524822695,0.7764350453172205,1.0,0.0
0.16616616616616617,0.35035035035035034,0.061855670103092786,0.0026702269692923893,0.9999999999999999,0.0013596193065941557,0.6122448979591836,0.22695035460992907,0.31722054380664655,0.0,1.0
0.16716716716716715,0.3533533533533533,0.04123711340206185,0.0013351134846461949,0.9999999999999999,0.0,0.6122448979591836,0.21276595744680854,0.8761329305135952,0.0,1.0
0.16816816816816815,0.34734734734734735,0.08247422680412371,0.004005340453938584,0.9693877551020408,0.004078857919782464,0.6122448979591836,0.24822695035460995,0.6978851963746223,0.0,1.0
0.16916916916916916,0.8558558558558559,0.22680412371134018,0.0026702269692923893,0.9183673469387754,0.007477906186267848,0.6632653061224489,0.29078014184397166,0.29607250755287007,1.0,0.0
0.17017017017017017,0.8578578578578578,0.25773195876288657,0.003337783711615487,0.8979591836734693,0.008837525492862,0.6632653061224489,0.30851063829787234,0.2628398791540785,0.0,1.0
0.17117117117117117,0.8548548548548548,0.1958762886597938,0.0020026702269692926,0.9387755102040816,0.0061182868796736956,0.6632653061224489,0.2730496453900709,0.3293051359516616,0.0,1.0
0.17217217217217218,0.8568568568568569,0.27835051546391754,0.004005340453938584,0.8673469387755102,0.010876954452753232,0.6122448979591836,0.3262411347517731,0.8912386706948641,0.0,1.0
0.17317317317317316,0.8588588588588588,0.29896907216494845,0.004672897196261683,0.8163265306122448,0.014276002719238616,0.6122448979591836,0.34397163120567376,0.9667673716012084,0.0,1.0
0.17417417417417416,0.4364364364364364,0.15463917525773196,0.01535380507343124,0.8163265306122448,0.055064581917063225,0.8673469387755102,0.18439716312056736,0.44108761329305135,1.0,0.0
0.17517517517517517,0.4444444444444444,0.17525773195876287,0.017356475300400534,0.8163265306122448,0.0584636301835486,0.8673469387755102,0.2021276595744681,0.6888217522658611,0.0,1.0
0.17617617617617617,0.43843843843843844,0.13402061855670103,0.012016021361815754,0.836734693877551,0.05166553365057785,0.8979591836734693,0.16666666666666669,0.9818731117824774,0.0,1.0
0.17717717717717718,0.44144144144144143,0.16494845360824742,0.014686248331108142,0.8163265306122448,0.056424201223657384,0.8673469387755102,0.19148936170212766,0.283987915407855,0.0,1.0
0.17817817817817816,0.44244244244244246,0.1958762886597938,0.01869158878504673,0.7959183673469387,0.061862678450033994,0.836734693877551,0.21985815602836878,0.5981873111782477,0.0,1.0
0.17917917917917917,0.7747747747747747,0.15463917525773196,0.01535380507343124,0.836734693877551,0.044867437117607066,0.9183673469387754,0.17730496453900707,0.44108761329305135,0.0,1.0
0.18018018018018017,0.04004004004004004,0.5360824742268041,0.008678237650200267,0.1530612244897959,0.0822569680489463,0.7653061224489796,0.4326241134751773,0.09063444108761329,1.0,0.0
0.18118118118118118,0.044044044044044044,0.48453608247422675,0.007343124165554072,0.2040816326530612,0.07545887151597552,0.7653061224489796,0.4148936170212766,0.3413897280966767,0.0,1.0
0.18218218218218218,0.04704704704704705,0.5670103092783505,0.01001335113484646,0.1020408163265306,0.08905506458191706,0.7142857142857142,0.45035460992907805,0.1933534743202417,0.0,1.0
0.1831831831831832,0.04804804804804805,0.5051546391752577,0.008010680907877168,0.2040816326530612,0.0788579197824609,0.7653061224489796,0.425531914893617,0.8731117824773413,0.0,1.0
0.18418418418418417,0.043043043043043044,0.4639175257731959,0.006675567423230973,0.25510204081632654,0.07205982324949015,0.7959183673469387,0.4042553191489362,0.7039274924471299,0.0,1.0
0.18518518518518517,0.4844844844844845,0.15463917525773196,0.006675567423230973,0.6122448979591836,0.04826648538409246,0.7653061224489796,0.3617021276595745,0.525679758308157,1.0,0.0
0.18618618618618618,0.48148148148148145,0.17525773195876287,0.008678237650200267,0.0510204081632653,0.15023793337865396,0.6632653061224489,0.25531914893617025,0.03625377643504532,1.0,0.0
0.1871871871871872,0.47347347347347346,0.16494845360824742,0.008010680907877168,0.3061224489795918,0.1026512576478586,0.7142857142857142,0.3262411347517731,0.03625377643504532,0.0,1.0
0.1881881881881882,0.1111111111111111,0.18556701030927836,0.010680907877169559,0.5612244897959183,0.061862678450033994,0.7653061224489796,0.37943262411347517,0.4078549848942598,0.0,1.0
0.18918918918918917,0.11011011011011011,0.17525773195876287,0.01001335113484646,0.6122448979591836,0.05166553365057785,0.7959183673469387,0.3546099290780142,0.8912386706948641,0.0,1.0
0.19019019019019018,0.7807807807807807,0.14432989690721648,0.006675567423230973,0.6632653061224489,0.04146838885112169,0.8163265306122448,0.34397163120567376,0.3685800604229607,0.0,1.0
0.19119119119119118,0.22822822822822822,0.05154639175257732,0.0013351134846461949,0.8163265306122448,0.027872195785180152,0.8673469387755102,0.07801418439716311,0.18429003021148035,1.0,0.0
0.1921921921921922,0.2272272272272272,0.07216494845360824,0.0020026702269692926,0.836734693877551,0.03127124405166554,0.8979591836734693,0.0851063829787234,0.021148036253776436,0.0,1.0
0.1931931931931932,0.24924924924924924,0.030927835051546393,0.0013351134846461949,0.7653061224489796,0.03467029231815092,0.8163265306122448,0.09574468085106384,0.6525679758308157,0.0,1.0
0.19419419419419418,0.25125125125125125,0.04123711340206185,0.0013351134846461949,0.7959183673469387,0.03331067301155677,0.8163265306122448,0.09929078014184396,0.021148036253776436,1.0,0.0
0.19519519519519518,0.978978978978979,0.030927835051546393,0.0006675567423230972,0.7142857142857142,0.038069340584636305,0.5102040816326531,0.11347517730496455,0.1540785498489426,0.0,1.0
0.1961961961961962,0.7057057057057057,0.05154639175257732,0.0013351134846461949,0.836734693877551,0.021074099252209384,0.9183673469387754,0.07092198581560284,0.18429003021148035,0.0,1.0
0.1971971971971972,0.45045045045045046,0.11340206185567009,0.004005340453938584,0.7653061224489796,0.04146838885112169,0.8673469387755102,0.11347517730496455,0.27794561933534745,1.0,0.0
0.1981981981981982,0.45245245245245247,0.13402061855670103,0.0053404539385847796,0.7653061224489796,0.044867437117607066,0.8673469387755102,0.13120567375886527,0.25075528700906347,0.0,1.0
0.19919919919919918,0.4494494494494494,0.09278350515463918,0.0026702269692923893,0.8163265306122448,0.038069340584636305,0.9183673469387754,0.09574468085106384,0.0,0.0,1.0
0.20020020020020018,0.45145145145145144,0.11340206185567009,0.004005340453938584,0.8163265306122448,0.027872195785180152,0.9387755102040816,0.10638297872340426,0.2719033232628399,0.0,1.0
0.2012012012012012,0.44844844844844844,0.15463917525773196,0.0053404539385847796,0.7959183673469387,0.0469068660774983,0.8673469387755102,0.14893617021276595,0.3957703927492447,0.0,1.0
0.2022022022022022,0.8128128128128128,0.48453608247422675,0.0053404539385847796,0.01020408163265306,0.12304554724677091,0.7142857142857142,0.18439716312056736,0.2719033232628399,0.0,1.0
0.2032032032032032,0.06506506506506507,0.4329896907216495,0.004672897196261683,0.4081632653061224,0.07545887151597552,0.6632653061224489,0.2730496453900709,0.2719033232628399,0.0,1.0
0.2042042042042042,0.13813813813813813,0.32989690721649484,0.003337783711615487,0.8673469387755102,0.027872195785180152,0.6122448979591836,0.30851063829787234,0.2719033232628399,1.0,0.0
0.2052052052052052,0.4874874874874875,0.17525773195876287,0.004672897196261683,0.8163265306122448,0.038069340584636305,0.7142857142857142,0.25531914893617025,0.2719033232628399,0.0,1.0
0.2062062062062062,0.0980980980980981,0.12371134020618557,0.003337783711615487,0.0510204081632653,0.04826648538409246,0.9183673469387754,0.07801418439716311,0.25075528700906347,0.0,1.0
0.2072072072072072,0.953953953953954,0.5876288659793815,0.008678237650200267,0.01020408163265306,0.18422841604350781,0.5102040816326531,0.21985815602836878,0.3776435045317221,1.0,0.0
0.2082082082082082,0.7507507507507507,0.5876288659793815,0.008678237650200267,0.01020408163265306,0.1026512576478586,0.7653061224489796,0.24822695035460995,0.3776435045317221,1.0,0.0
0.2092092092092092,0.4244244244244244,0.5360824742268041,0.008010680907877168,0.01020408163265306,0.15023793337865396,0.4081632653061224,0.18439716312056736,0.35347432024169184,1.0,0.0
0.2102102102102102,0.4214214214214214,0.4329896907216495,0.0053404539385847796,0.01020408163265306,0.13664174031271242,0.4081632653061224,0.17730496453900707,0.8882175226586103,1.0,0.0
0.2112112112112112,0.4224224224224224,0.27835051546391754,0.004005340453938584,0.01020408163265306,0.12304554724677091,0.4081632653061224,0.16666666666666669,0.8670694864048338,0.0,1.0
0.2122122122122122,0.7547547547547547,0.5360824742268041,0.008010680907877168,0.01020408163265306,0.10944935418082935,0.5612244897959183,0.19148936170212766,0.1933534743202417,0.0,1.0
0.2132132132132132,0.7527527527527528,0.4329896907216495,0.0053404539385847796,0.01020408163265306,0.1026512576478586,0.5612244897959183,0.18439716312056736,0.6646525679758308,0.0,1.0
0.21421421421421422,0.2902902902902903,0.27835051546391754,0.004005340453938584,0.01020408163265306,0.1434398368456832,0.3061224489795918,0.16666666666666669,0.9244712990936556,1.0,0.0
0.21521521521521522,0.7167167167167167,0.27835051546391754,0.004005340453938584,0.01020408163265306,0.09585316111488784,0.4591836734693877,0.14893617021276595,0.44410876132930516,0.0,1.0
0.2162162162162162,0.055055055055055056,0.29896907216494845,0.004672897196261683,0.1020408163265306,0.06866077498300477,0.5612244897959183,0.21985815602836878,0.9244712990936556,0.0,1.0
0.2172172172172172,0.4344344344344344,0.030927835051546393,0.0013351134846461949,0.8673469387755102,0.027872195785180152,0.9183673469387754,0.060283687943262415,0.9818731117824774,1.0,0.0
0.2182182182182182,0.43243243243243246,0.04123711340206185,0.0013351134846461949,0.8673469387755102,0.03127124405166554,0.9183673469387754,0.0673758865248227,0.46827794561933533,0.0,1.0
0.21921921921921922,0.43343343343343343,0.061855670103092786,0.0020026702269692926,0.8163265306122448,0.03467029231815092,0.8979591836734693,0.07801418439716311,0.3957703927492447,0.0,1.0
0.22022022022022023,0.002002002002002002,0.32989690721649484,0.0053404539385847796,0.01020408163265306,0.18422841604350781,0.5102040816326531,0.14893617021276595,0.9818731117824774,1.0,0.0
0.2212212212212212,0.001001001001001001,0.32989690721649484,0.0053404539385847796,0.01020408163265306,0.11624745071380013,0.7142857142857142,0.16666666666666669,0.9818731117824774,0.0,1.0
0.2222222222222222,0.0,0.27835051546391754,0.004672897196261683,0.2040816326530612,0.07545887151597552,0.6122448979591836,0.2021276595744681,0.9818731117824774,0.0,1.0
0.22322322322322322,0.42842842842842843,0.07216494845360824,0.0026702269692923893,0.8163265306122448,0.03467029231815092,0.8979591836734693,0.11347517730496455,0.9818731117824774,0.0,1.0
0.22422422422422422,0.2732732732732733,0.22680412371134018,0.004672897196261683,0.6122448979591836,0.08905506458191706,0.7142857142857142,0.18439716312056736,0.9818731117824774,0.0,1.0
0.22522522522522523,0.2172172172172172,0.12371134020618557,0.006675567423230973,0.0,0.3201903467029232,0.1020408163265306,0.07801418439716311,0.31722054380664655,1.0,0.0
0.2262262262262262,0.32432432432432434,0.13402061855670103,0.007343124165554072,0.0,0.33378653976886474,0.1020408163265306,0.0851063829787234,0.9335347432024169,0.0,1.0
0.2272272272272272,0.7037037037037037,0.12371134020618557,0.006675567423230973,0.0,0.21821889870836167,0.3061224489795918,0.07092198581560284,0.56797583081571,0.0,1.0
0.22822822822822822,0.21621621621621623,0.15463917525773196,0.008010680907877168,0.0,0.2522093813732155,0.2040816326530612,0.13120567375886527,0.8157099697885196,0.0,1.0
0.22922922922922923,0.05205205205205205,0.11340206185567009,0.0053404539385847796,0.4081632653061224,0.11624745071380013,0.4081632653061224,0.18439716312056736,0.7764350453172205,0.0,1.0
0.23023023023023023,0.43543543543543545,0.07216494845360824,0.004005340453938584,0.8163265306122448,0.061862678450033994,0.7142857142857142,0.14893617021276595,0.7764350453172205,0.0,1.0
0.2312312312312312,0.3333333333333333,0.08247422680412371,0.003337783711615487,0.8673469387755102,0.014276002719238616,0.8163265306122448,0.12056737588652482,0.30513595166163143,1.0,0.0
0.23223223223223222,0.33433433433433435,0.09278350515463918,0.004005340453938584,0.8163265306122448,0.021074099252209384,0.7653061224489796,0.13120567375886527,0.0030211480362537764,0.0,1.0
0.23323323323323322,0.12212212212212212,0.061855670103092786,0.0026702269692923893,0.9693877551020408,0.007477906186267848,0.6122448979591836,0.11347517730496455,0.7643504531722054,0.0,1.0
0.23423423423423423,0.12112112112112113,0.08247422680412371,0.003337783711615487,0.9693877551020408,0.008837525492862,0.6122448979591836,0.13120567375886527,0.42900302114803623,0.0,1.0
0.23523523523523523,0.8468468468468469,0.17525773195876287,0.006675567423230973,0.8673469387755102,0.0822569680489463,0.6122448979591836,0.21985815602836878,0.8217522658610272,0.0,1.0
0.23623623623623624,0.8478478478478478,0.13402061855670103,0.0053404539385847796,0.8979591836734693,0.06866077498300477,0.6122448979591836,0.18439716312056736,0.4078549848942598,0.0,1.0
0.23723723723723722,0.9819819819819819,0.11340206185567009,0.0053404539385847796,0.9183673469387754,0.010876954452753232,0.7653061224489796,0.13120567375886527,0.3776435045317221,0.0,1.0
0.23823823823823823,0.97997997997998,0.09278350515463918,0.004005340453938584,0.9387755102040816,0.008837525492862,0.7653061224489796,0.12056737588652482,0.7643504531722054,0.0,1.0
0.23923923923923923,0.28928928928928926,0.1958762886597938,0.008010680907877168,0.8673469387755102,0.061862678450033994,0.7142857142857142,0.25531914893617025,0.23564954682779457,0.0,1.0
0.24024024024024024,0.02702702702702703,0.15463917525773196,0.006675567423230973,0.8979591836734693,0.04826648538409246,0.7346938775510203,0.21985815602836878,0.3504531722054381,0.0,1.0
0.24124124124124124,0.057057057057057055,0.6907216494845361,0.008678237650200267,0.1020408163265306,0.2522093813732155,0.6122448979591836,0.574468085106383,0.5105740181268882,0.0,1.0
0.24224224224224222,0.058058058058058054,0.711340206185567,0.009345794392523364,0.1020408163265306,0.2590074779061863,0.6122448979591836,0.6099290780141844,0.8096676737160121,0.0,1.0
0.24324324324324323,0.47847847847847846,0.22680412371134018,0.010680907877169559,0.0510204081632653,0.21821889870836167,0.5612244897959183,0.46808510638297873,0.513595166163142,0.0,1.0
0.24424424424424424,0.6266266266266266,0.6907216494845361,0.012016021361815754,0.01020408163265306,0.2522093813732155,0.9999999999999999,0.3971631205673759,0.4501510574018127,0.0,1.0
0.24524524524524524,0.023023023023023025,0.38144329896907214,0.010680907877169559,0.0510204081632653,0.3201903467029232,0.7142857142857142,0.4326241134751773,0.6042296072507553,0.0,1.0
0.24624624624624625,0.024024024024024024,0.5360824742268041,0.012016021361815754,0.01020408163265306,0.3881713120326309,0.3061224489795918,0.46808510638297873,0.8912386706948641,1.0,0.0
0.24724724724724725,0.6276276276276276,0.5360824742268041,0.012016021361815754,0.01020408163265306,0.28619986403806935,0.5102040816326531,0.45035460992907805,0.8912386706948641,0.0,1.0
0.24824824824824823,0.34034034034034033,0.4329896907216495,0.006675567423230973,0.01020408163265306,0.15023793337865396,0.5102040816326531,0.21985815602836878,0.7915407854984894,1.0,0.0
0.24924924924924927,0.3433433433433433,0.4639175257731959,0.007343124165554072,0.01020408163265306,0.1434398368456832,0.5612244897959183,0.22695035460992907,0.7915407854984894,0.0,1.0
0.2502502502502503,0.34234234234234234,0.5051546391752577,0.008010680907877168,0.01020408163265306,0.19782460910944935,0.6122448979591836,0.25531914893617025,0.7915407854984894,0.0,1.0
0.25125125125125125,0.5225225225225225,0.17525773195876287,0.0053404539385847796,0.6122448979591836,0.055064581917063225,0.7653061224489796,0.2730496453900709,0.9033232628398792,0.0,1.0
0.2522522522522523,0.5215215215215215,0.15463917525773196,0.004672897196261683,0.6632653061224489,0.04826648538409246,0.7959183673469387,0.28368794326241137,0.9033232628398792,0.0,1.0
0.25325325325325326,0.7867867867867868,0.14432989690721648,0.004672897196261683,0.7142857142857142,0.04146838885112169,0.8673469387755102,0.2624113475177305,0.2628398791540785,0.0,1.0
0.2542542542542543,0.11311311311311312,0.27835051546391754,0.003337783711615487,0.8673469387755102,0.027872195785180152,0.7142857142857142,0.3262411347517731,0.18126888217522658,1.0,0.0
0.2552552552552553,0.8438438438438438,0.29896907216494845,0.004005340453938584,0.8163265306122448,0.03127124405166554,0.7142857142857142,0.34397163120567376,0.18126888217522658,0.0,1.0
0.25625625625625625,0.11411411411411411,0.32989690721649484,0.004672897196261683,0.6122448979591836,0.061862678450033994,0.6938775510204082,0.3617021276595745,0.9033232628398792,0.0,1.0
0.2572572572572573,0.27127127127127126,0.25773195876288657,0.0026702269692923893,0.9183673469387754,0.02447314751869477,0.7346938775510203,0.30851063829787234,0.3595166163141994,0.0,1.0
0.25825825825825827,0.4134134134134134,0.38144329896907214,0.004672897196261683,0.8673469387755102,0.021074099252209384,0.7142857142857142,0.3546099290780142,0.3595166163141994,0.0,1.0
0.2592592592592593,0.25625625625625625,0.17525773195876287,0.006675567423230973,0.01020408163265306,0.18422841604350781,0.4081632653061224,0.18439716312056736,0.4229607250755287,1.0,0.0
0.2602602602602603,0.7117117117117117,0.17525773195876287,0.006675567423230973,0.01020408163265306,0.12304554724677091,0.6122448979591836,0.2021276595744681,0.4229607250755287,0.0,1.0
0.26126126126126126,0.2882882882882883,0.25773195876288657,0.009345794392523364,0.7142857142857142,0.11624745071380013,0.4591836734693877,0.2375886524822695,0.8308157099697885,0.0,1.0
0.2622622622622623,0.48648648648648646,0.22680412371134018,0.008010680907877168,0.5102040816326531,0.12304554724677091,0.5102040816326531,0.21985815602836878,0.8277945619335347,0.0,1.0
0.26326326326326327,0.34534534534534533,0.15463917525773196,0.009345794392523364,0.7142857142857142,0.061862678450033994,0.8673469387755102,0.14893617021276595,0.552870090634441,1.0,0.0
0.2642642642642643,0.7337337337337337,0.15463917525773196,0.009345794392523364,0.7653061224489796,0.04826648538409246,0.9183673469387754,0.13120567375886527,0.552870090634441,0.0,1.0
0.2652652652652653,0.35935935935935936,0.17525773195876287,0.010680907877169559,0.0510204081632653,0.15703602991162474,0.6632653061224489,0.18439716312056736,0.14803625377643503,0.0,1.0
0.26626626626626626,0.08208208208208208,0.17525773195876287,0.010680907877169559,0.2040816326530612,0.10944935418082935,0.7142857142857142,0.2375886524822695,0.14803625377643503,0.0,1.0
0.2672672672672673,0.4174174174174174,0.15463917525773196,0.009345794392523364,0.6122448979591836,0.061862678450033994,0.7346938775510203,0.25531914893617025,0.2628398791540785,0.0,1.0
0.2682682682682683,0.24524524524524524,0.845360824742268,0.012016021361815754,0.0,0.1434398368456832,0.9693877551020408,0.34397163120567376,0.3867069486404834,1.0,0.0
0.2692692692692693,0.7077077077077077,0.845360824742268,0.012016021361815754,0.0,0.11624745071380013,0.9999999999999999,0.3262411347517731,0.3867069486404834,0.0,1.0
0.2702702702702703,0.2912912912912913,0.7938144329896907,0.009345794392523364,0.0,0.12984364377974167,0.9693877551020408,0.3262411347517731,0.9154078549848943,0.0,1.0
0.27127127127127126,0.8888888888888888,0.9484536082474226,0.013351134846461948,0.0,0.15703602991162474,0.9693877551020408,0.37943262411347517,0.743202416918429,0.0,1.0
0.2722722722722723,0.23023023023023023,0.6907216494845361,0.004005340453938584,0.0,0.13664174031271242,0.9693877551020408,0.3971631205673759,0.716012084592145,0.0,1.0
0.2732732732732733,0.8458458458458459,0.5876288659793815,0.01535380507343124,0.0,0.18422841604350781,0.9183673469387754,0.29078014184397166,0.03927492447129909,0.0,1.0
0.2742742742742743,0.996996996996997,0.22680412371134018,0.01869158878504673,0.6122448979591836,0.15023793337865396,0.6122448979591836,0.25531914893617025,0.4199395770392749,1.0,0.0
0.2752752752752753,0.8418418418418419,0.22680412371134018,0.01869158878504673,0.6122448979591836,0.1026512576478586,0.7142857142857142,0.2375886524822695,0.4199395770392749,0.0,1.0
0.2762762762762763,0.6016016016016016,0.27835051546391754,0.022029372496662217,0.5102040816326531,0.18422841604350781,0.5102040816326531,0.2730496453900709,0.4984894259818731,0.0,1.0
0.2772772772772773,0.3563563563563564,0.25773195876288657,0.020026702269692925,0.5612244897959183,0.17063222297756628,0.5612244897959183,0.2624113475177305,0.4471299093655589,0.0,1.0
0.2782782782782783,0.06006006006006006,0.13402061855670103,0.006008010680907876,0.3061224489795918,0.18422841604350781,0.4081632653061224,0.25531914893617025,0.7764350453172205,0.0,1.0
0.2792792792792793,0.7577577577577578,0.13402061855670103,0.006008010680907876,0.0,0.15023793337865396,0.5102040816326531,0.18439716312056736,0.4380664652567976,0.0,1.0
0.2802802802802803,0.19119119119119118,0.17525773195876287,0.0053404539385847796,0.9693877551020408,0.03467029231815092,0.7142857142857142,0.2375886524822695,0.7734138972809668,0.0,1.0
0.2812812812812813,0.1921921921921922,0.15463917525773196,0.004672897196261683,0.9693877551020408,0.03127124405166554,0.7142857142857142,0.21985815602836878,0.0755287009063444,0.0,1.0
0.2822822822822823,0.8348348348348348,0.15463917525773196,0.006675567423230973,0.0,0.11624745071380013,0.5102040816326531,0.14893617021276595,0.8610271903323263,0.0,1.0
0.2832832832832833,0.973973973973974,0.17525773195876287,0.008010680907877168,0.0,0.15023793337865396,0.4081632653061224,0.18439716312056736,0.8610271903323263,0.0,1.0
0.2842842842842843,0.4894894894894895,0.12371134020618557,0.0053404539385847796,0.5102040816326531,0.0822569680489463,0.5612244897959183,0.16666666666666669,0.8580060422960725,0.0,1.0
0.2852852852852853,0.35735735735735735,0.15463917525773196,0.003337783711615487,0.9693877551020408,0.014276002719238616,0.7653061224489796,0.3262411347517731,0.879154078549849,0.0,1.0
0.28628628628628633,0.7017017017017017,0.14432989690721648,0.003337783711615487,0.9183673469387754,0.010876954452753232,0.8163265306122448,0.2730496453900709,0.879154078549849,0.0,1.0
0.2872872872872873,0.2922922922922923,0.1958762886597938,0.0053404539385847796,0.9693877551020408,0.017675050985724,0.7959183673469387,0.30851063829787234,0.32628398791540786,0.0,1.0
0.2882882882882883,0.06906906906906907,0.22680412371134018,0.006675567423230973,0.2040816326530612,0.11624745071380013,0.5102040816326531,0.3617021276595745,0.9516616314199395,0.0,1.0
0.2892892892892893,0.8328328328328328,0.22680412371134018,0.006675567423230973,0.01020408163265306,0.1026512576478586,0.7142857142857142,0.29078014184397166,0.9516616314199395,0.0,1.0
0.2902902902902903,0.4694694694694695,0.11340206185567009,0.004005340453938584,0.7653061224489796,0.04146838885112169,0.9183673469387754,0.11347517730496455,0.20241691842900303,0.0,1.0
0.29129129129129133,0.46846846846846846,0.15463917525773196,0.006675567423230973,0.7142857142857142,0.04826648538409246,0.8979591836734693,0.14893617021276595,0.7371601208459214,0.0,1.0
0.2922922922922923,0.7787787787787788,0.13402061855670103,0.0053404539385847796,0.8163265306122448,0.03467029231815092,0.9387755102040816,0.13120567375886527,0.47129909365558914,0.0,1.0
0.2932932932932933,0.4144144144144144,0.14432989690721648,0.0053404539385847796,0.6122448979591836,0.044867437117607066,0.8163265306122448,0.18439716312056736,0.2084592145015106,0.0,1.0
0.2942942942942943,0.08108108108108109,0.15463917525773196,0.006008010680907876,0.25510204081632654,0.061862678450033994,0.7959183673469387,0.2021276595744681,0.2084592145015106,0.0,1.0
0.2952952952952953,0.35835835835835833,0.15463917525773196,0.006675567423230973,0.01020408163265306,0.18422841604350781,0.3061224489795918,0.14893617021276595,0.9305135951661632,1.0,0.0
0.29629629629629634,0.7357357357357357,0.15463917525773196,0.006675567423230973,0.01020408163265306,0.12984364377974167,0.5102040816326531,0.1595744680851064,0.9305135951661632,0.0,1.0
0.2972972972972973,0.05905905905905906,0.13402061855670103,0.006008010680907876,0.1530612244897959,0.1026512576478586,0.5612244897959183,0.2021276595744681,0.7764350453172205,0.0,1.0
0.2982982982982983,0.36336336336336333,0.17525773195876287,0.007343124165554072,0.01020408163265306,0.21821889870836167,0.4081632653061224,0.21985815602836878,0.5166163141993958,0.0,1.0
0.2992992992992993,0.22022022022022023,0.15463917525773196,0.006675567423230973,0.01020408163265306,0.19782460910944935,0.3061224489795918,0.16666666666666669,0.7764350453172205,0.0,1.0
0.3003003003003003,0.3983983983983984,0.11340206185567009,0.004672897196261683,0.8163265306122448,0.04826648538409246,0.6122448979591836,0.25531914893617025,0.7764350453172205,0.0,1.0
0.30130130130130134,0.8618618618618619,0.07216494845360824,0.003337783711615487,0.9693877551020408,0.014276002719238616,0.6122448979591836,0.18439716312056736,0.9818731117824774,1.0,0.0
0.3023023023023023,0.44544544544544545,0.05154639175257732,0.0026702269692923893,0.9183673469387754,0.027872195785180152,0.8979591836734693,0.11347517730496455,0.9818731117824774,0.0,1.0
0.30330330330330335,0.7767767767767768,0.05154639175257732,0.0026702269692923893,0.9387755102040816,0.021074099252209384,0.9387755102040816,0.10638297872340426,0.9818731117824774,0.0,1.0
0.30430430430430433,0.40040040040040037,0.09278350515463918,0.004005340453938584,0.8673469387755102,0.03467029231815092,0.6122448979591836,0.21985815602836878,0.9818731117824774,0.0,1.0
0.3053053053053053,0.33933933933933935,0.11340206185567009,0.004672897196261683,0.9183673469387754,0.04146838885112169,0.5612244897959183,0.2375886524822695,0.7764350453172205,0.0,1.0
0.30630630630630634,0.12012012012012012,0.15463917525773196,0.009345794392523364,0.6122448979591836,0.06866077498300477,0.7653061224489796,0.16666666666666669,0.5468277945619335,0.0,1.0
0.3073073073073073,0.7157157157157157,0.13402061855670103,0.008010680907877168,0.7142857142857142,0.04826648538409246,0.8673469387755102,0.14893617021276595,0.5468277945619335,0.0,1.0
0.30830830830830835,0.08008008008008008,0.14432989690721648,0.008678237650200267,0.6632653061224489,0.055064581917063225,0.7959183673469387,0.19148936170212766,0.36555891238670696,0.0,1.0
0.30930930930930933,0.4744744744744745,0.17525773195876287,0.009345794392523364,0.8163265306122448,0.07545887151597552,0.7142857142857142,0.2375886524822695,0.22658610271903323,0.0,1.0
0.3103103103103103,0.4774774774774775,0.1958762886597938,0.010680907877169559,0.7653061224489796,0.08905506458191706,0.6632653061224489,0.25531914893617025,0.7583081570996979,0.0,1.0
0.31131131131131135,0.7797797797797797,0.17525773195876287,0.01001335113484646,0.7959183673469387,0.06866077498300477,0.7346938775510203,0.22695035460992907,0.7583081570996979,0.0,1.0
0.3123123123123123,0.25325325325325326,0.6391752577319587,0.010680907877169559,0.01020408163265306,0.1910265125764786,0.5612244897959183,0.2375886524822695,0.3867069486404834,1.0,0.0
0.31331331331331336,0.25225225225225223,0.6391752577319587,0.010680907877169559,0.01020408163265306,0.11624745071380013,0.7142857142857142,0.22695035460992907,0.3867069486404834,0.0,1.0
0.31431431431431434,0.4194194194194194,0.5360824742268041,0.009345794392523364,0.01020408163265306,0.15703602991162474,0.4591836734693877,0.21985815602836878,0.7099697885196374,1.0,0.0
0.3153153153153153,0.4184184184184184,0.5360824742268041,0.009345794392523364,0.01020408163265306,0.10944935418082935,0.6122448979591836,0.20567375886524825,0.7099697885196374,0.0,1.0
0.31631631631631635,0.3613613613613614,0.5876288659793815,0.010680907877169559,0.01020408163265306,0.18422841604350781,0.5102040816326531,0.21985815602836878,0.04833836858006042,1.0,0.0
0.3173173173173173,0.36036036036036034,0.5876288659793815,0.010680907877169559,0.01020408163265306,0.11624745071380013,0.7142857142857142,0.22695035460992907,0.04833836858006042,0.0,1.0
0.31831831831831836,0.24324324324324323,0.6907216494845361,0.0053404539385847796,0.0,0.1434398368456832,0.9693877551020408,0.3971631205673759,0.2084592145015106,0.0,1.0
0.31931931931931934,0.009009009009009009,0.6391752577319587,0.004672897196261683,0.01020408163265306,0.4561522773623386,0.9183673469387754,0.4326241134751773,0.2084592145015106,0.0,1.0
0.3203203203203203,0.8738738738738738,0.845360824742268,0.025367156208277706,0.0,0.5241332426920462,0.9183673469387754,0.3617021276595745,0.12386706948640483,1.0,0.0
0.32132132132132135,0.6146146146146146,0.845360824742268,0.025367156208277706,0.0,0.3201903467029232,0.9693877551020408,0.3262411347517731,0.12386706948640483,0.0,1.0
0.32232232232232233,0.2552552552552553,0.6907216494845361,0.022029372496662217,0.01020408163265306,0.2522093813732155,0.5102040816326531,0.29078014184397166,0.12386706948640483,0.0,1.0
0.32332332332332336,0.7107107107107107,0.6907216494845361,0.022029372496662217,0.01020408163265306,0.18422841604350781,0.6632653061224489,0.2730496453900709,0.12386706948640483,0.0,1.0
0.32432432432432434,0.27227227227227224,0.7938144329896907,0.06542056074766354,0.01020408163265306,0.6600951733514615,0.6122448979591836,0.6453900709219859,0.12386706948640483,0.0,1.0
0.3253253253253253,0.998998998998999,0.27835051546391754,0.6662216288384513,0.6122448979591836,0.18422841604350781,0.6122448979591836,0.21985815602836878,0.6072507552870091,1.0,0.0
0.32632632632632635,1.0,0.27835051546391754,0.6662216288384513,0.6122448979591836,0.11624745071380013,0.7653061224489796,0.18439716312056736,0.6072507552870091,0.0,1.0
0.32732732732732733,0.5775775775775776,0.38144329896907214,0.7997329773030707,0.01020408163265306,0.3201903467029232,0.5102040816326531,0.3617021276595745,0.6072507552870091,0.0,1.0
0.32832832832832837,0.8178178178178178,0.38144329896907214,0.7997329773030707,0.01020408163265306,0.21821889870836167,0.6632653061224489,0.3262411347517731,0.6072507552870091,0.0,1.0
0.32932932932932935,0.45345345345345345,0.22680412371134018,0.5327102803738317,0.7653061224489796,0.0822569680489463,0.7142857142857142,0.25531914893617025,0.6072507552870091,0.0,1.0
0.3303303303303303,0.06606606606606606,0.36082474226804123,0.732977303070761,0.2040816326530612,0.21821889870836167,0.5612244897959183,0.3971631205673759,0.6072507552870091,0.0,1.0
0.33133133133133136,0.02102102102102102,0.4329896907216495,1.0,0.01020408163265306,0.7960571040108769,0.8673469387755102,0.7872340425531915,0.6072507552870091,0.0,1.0
0.33233233233233234,0.34134134134134136,0.38144329896907214,0.006675567423230973,0.01020408163265306,0.1434398368456832,0.5102040816326531,0.18439716312056736,0.8700906344410876,1.0,0.0
0.33333333333333337,0.7367367367367368,0.38144329896907214,0.006675567423230973,0.01020408163265306,0.1026512576478586,0.6632653061224489,0.17730496453900707,0.8700906344410876,0.0,1.0
0.33433433433433435,0.34434434434434436,0.4020618556701031,0.007343124165554072,0.01020408163265306,0.13664174031271242,0.5612244897959183,0.19148936170212766,0.8700906344410876,0.0,1.0
0.3353353353353353,0.07407407407407407,0.32989690721649484,0.006008010680907876,0.2040816326530612,0.08905506458191706,0.5612244897959183,0.25531914893617025,0.8700906344410876,0.0,1.0
0.33633633633633636,0.5405405405405406,0.17525773195876287,0.008678237650200267,0.8163265306122448,0.04146838885112169,0.8673469387755102,0.14893617021276595,0.13293051359516617,0.0,1.0
0.33733733733733734,0.4264264264264264,0.5360824742268041,0.012016021361815754,0.01020408163265306,0.15023793337865396,0.3061224489795918,0.11347517730496455,0.13293051359516617,1.0,0.0
0.3383383383383384,0.7567567567567568,0.5360824742268041,0.012016021361815754,0.01020408163265306,0.1026512576478586,0.5102040816326531,0.10638297872340426,0.13293051359516617,0.0,1.0
0.33933933933933935,0.6026026026026026,0.6391752577319587,0.01535380507343124,0.01020408163265306,0.18422841604350781,0.4081632653061224,0.18439716312056736,0.5045317220543807,0.0,1.0
0.3403403403403404,0.7497497497497497,0.6391752577319587,0.01535380507343124,0.01020408163265306,0.11624745071380013,0.6122448979591836,0.17730496453900707,0.5045317220543807,0.0,1.0
0.34134134134134136,0.8758758758758759,0.7938144329896907,0.01869158878504673,0.0,0.3881713120326309,0.9183673469387754,0.25531914893617025,0.5045317220543807,1.0,0.0
0.34234234234234234,0.07507507507507508,0.38144329896907214,0.006675567423230973,0.3061224489795918,0.09585316111488784,0.6122448979591836,0.21985815602836878,0.5891238670694864,0.0,1.0
0.3433433433433434,0.4674674674674675,0.09278350515463918,0.0020026702269692926,0.8163265306122448,0.03467029231815092,0.8673469387755102,0.07801418439716311,0.1027190332326284,1.0,0.0
0.34434434434434436,0.46646646646646645,0.09278350515463918,0.0020026702269692926,0.836734693877551,0.021074099252209384,0.9183673469387754,0.07092198581560284,0.1027190332326284,0.0,1.0
0.3453453453453454,0.5905905905905906,0.22680412371134018,0.0026702269692923893,0.01020408163265306,0.13664174031271242,0.3061224489795918,0.060283687943262415,0.1027190332326284,1.0,0.0
0.34634634634634637,0.5915915915915916,0.22680412371134018,0.0026702269692923893,0.01020408163265306,0.09585316111488784,0.5102040816326531,0.05673758865248227,0.1027190332326284,0.0,1.0
0.34734734734734735,0.06706706706706707,0.1958762886597938,0.0026702269692923893,0.3061224489795918,0.0822569680489463,0.4591836734693877,0.09574468085106384,0.1027190332326284,0.0,1.0
0.3483483483483484,0.9779779779779779,0.11340206185567009,0.0026702269692923893,0.8163265306122448,0.04146838885112169,0.8979591836734693,0.0851063829787234,0.1027190332326284,0.0,1.0
0.34934934934934936,0.16216216216216217,0.15463917525773196,0.0026702269692923893,0.8673469387755102,0.027872195785180152,0.6122448979591836,0.13120567375886527,0.1027190332326284,0.0,1.0
0.3503503503503504,0.914914914914915,0.11340206185567009,0.006675567423230973,0.0510204081632653,0.056424201223657384,0.9183673469387754,0.0921985815602837,0.2719033232628399,0.0,1.0
0.35135135135135137,0.9139139139139139,0.15463917525773196,0.012016021361815754,0.0510204081632653,0.061862678450033994,0.9183673469387754,0.10638297872340426,0.2719033232628399,0.0,1.0
0.35235235235235235,0.6506506506506506,0.11340206185567009,0.006675567423230973,0.0510204081632653,0.03331067301155677,0.9693877551020408,0.07446808510638299,0.2719033232628399,0.0,1.0
0.3533533533533534,0.6496496496496497,0.15463917525773196,0.012016021361815754,0.0510204081632653,0.038069340584636305,0.9693877551020408,0.0921985815602837,0.2719033232628399,0.0,1.0
0.35435435435435436,0.950950950950951,0.13402061855670103,0.008678237650200267,0.0510204081632653,0.059143439836845675,0.8979591836734693,0.10283687943262411,0.229607250755287,0.0,1.0
0.3553553553553554,0.6866866866866866,0.13402061855670103,0.008678237650200267,0.0510204081632653,0.03874915023793338,0.9387755102040816,0.0851063829787234,0.229607250755287,0.0,1.0
0.3563563563563564,0.2702702702702703,0.17525773195876287,0.01535380507343124,0.0510204081632653,0.06526172671651936,0.8979591836734693,0.12056737588652482,0.540785498489426,0.0,1.0
0.35735735735735735,0.26926926926926925,0.17525773195876287,0.01535380507343124,0.0510204081632653,0.04146838885112169,0.9489795918367346,0.10638297872340426,0.540785498489426,0.0,1.0
0.3583583583583584,0.3023023023023023,0.09278350515463918,0.0053404539385847796,0.0510204081632653,0.05166553365057785,0.9387755102040816,0.07801418439716311,0.5921450151057401,0.0,1.0
0.35935935935935936,0.3013013013013013,0.09278350515463918,0.0053404539385847796,0.0510204081632653,0.031951053704962616,0.9795918367346939,0.06382978723404255,0.5921450151057401,0.0,1.0
0.3603603603603604,0.7707707707707707,0.010309278350515462,0.0013351134846461949,0.0510204081632653,0.017675050985724,0.9183673469387754,0.024822695035461,0.9848942598187311,0.0,1.0
0.3613613613613614,0.7657657657657657,0.020618556701030924,0.0020026702269692926,0.0510204081632653,0.021074099252209384,0.8979591836734693,0.04964539007092199,0.7552870090634441,0.0,1.0
0.36236236236236236,0.9629629629629629,0.030927835051546393,0.0020026702269692926,0.0510204081632653,0.044867437117607066,0.8163265306122448,0.07092198581560284,0.7552870090634441,0.0,1.0
0.3633633633633634,0.7737737737737738,0.0,0.0006675567423230972,0.0510204081632653,0.014276002719238616,0.9387755102040816,0.00709219858156028,0.7824773413897281,0.0,1.0
0.36436436436436437,0.96996996996997,0.0,0.0006675567423230972,0.0510204081632653,0.038069340584636305,0.8673469387755102,0.014184397163120574,0.7824773413897281,0.0,1.0
0.3653653653653654,0.9579579579579579,0.07216494845360824,0.004005340453938584,0.0510204081632653,0.055064581917063225,0.836734693877551,0.07801418439716311,0.14501510574018128,0.0,1.0
0.3663663663663664,0.7607607607607607,0.07216494845360824,0.004005340453938584,0.0510204081632653,0.03467029231815092,0.9183673469387754,0.060283687943262415,0.14501510574018128,0.0,1.0
0.3673673673673674,0.9569569569569569,0.09278350515463918,0.0053404539385847796,0.0510204081632653,0.061862678450033994,0.8163265306122448,0.09574468085106384,0.6465256797583081,0.0,1.0
0.3683683683683684,0.7597597597597597,0.09278350515463918,0.0053404539385847796,0.0510204081632653,0.04146838885112169,0.8979591836734693,0.07801418439716311,0.6465256797583081,0.0,1.0
0.36936936936936937,0.9669669669669669,0.11340206185567009,0.006675567423230973,0.0510204081632653,0.06866077498300477,0.7959183673469387,0.13120567375886527,0.14501510574018128,0.0,1.0
0.3703703703703704,0.36936936936936937,0.5360824742268041,0.006008010680907876,0.7142857142857142,0.027872195785180152,0.6122448979591836,0.4148936170212766,0.5317220543806647,0.0,1.0
0.3713713713713714,0.36536536536536535,0.48453608247422675,0.0053404539385847796,0.8673469387755102,0.014276002719238616,0.7142857142857142,0.37943262411347517,0.1782477341389728,0.0,1.0
0.3723723723723724,0.3663663663663664,0.5876288659793815,0.006675567423230973,0.7653061224489796,0.03467029231815092,0.6632653061224489,0.4326241134751773,0.2688821752265861,0.0,1.0
0.3733733733733734,0.37237237237237236,0.6391752577319587,0.008010680907877168,0.7142857142857142,0.04146838885112169,0.6122448979591836,0.45035460992907805,0.2688821752265861,0.0,1.0
0.3743743743743744,0.36736736736736736,0.5051546391752577,0.006008010680907876,0.8163265306122448,0.021074099252209384,0.6938775510204082,0.3971631205673759,0.4501510574018127,0.0,1.0
0.3753753753753754,0.15215215215215216,0.32989690721649484,0.003337783711615487,0.9183673469387754,0.017675050985724,0.6938775510204082,0.3191489361702128,0.3806646525679758,0.0,1.0
0.3763763763763764,0.15315315315315314,0.4329896907216495,0.004672897196261683,0.8163265306122448,0.02447314751869477,0.7142857142857142,0.34397163120567376,0.36253776435045315,0.0,1.0
0.3773773773773774,0.15715715715715717,0.29896907216494845,0.003337783711615487,0.8673469387755102,0.021074099252209384,0.6632653061224489,0.3049645390070922,0.9939577039274925,0.0,1.0
0.3783783783783784,0.15415415415415415,0.31958762886597936,0.004005340453938584,0.8673469387755102,0.022433718558803536,0.6632653061224489,0.3120567375886525,0.4561933534743202,0.0,1.0
0.3793793793793794,0.14814814814814814,0.27835051546391754,0.004005340453938584,0.8163265306122448,0.027872195785180152,0.7142857142857142,0.3262411347517731,0.8912386706948641,0.0,1.0
0.3803803803803804,0.1831831831831832,0.6391752577319587,0.009345794392523364,0.01020408163265306,0.2046227056424201,0.4591836734693877,0.25531914893617025,0.8066465256797583,0.0,1.0
0.3813813813813814,0.18518518518518517,0.5876288659793815,0.008678237650200267,0.01020408163265306,0.21821889870836167,0.4081632653061224,0.2730496453900709,0.8912386706948641,0.0,1.0
0.3823823823823824,0.1891891891891892,0.6082474226804123,0.009345794392523364,0.01020408163265306,0.2114208021753909,0.4591836734693877,0.29078014184397166,0.5075528700906344,0.0,1.0
0.3833833833833834,0.18618618618618618,0.6288659793814433,0.010680907877169559,0.01020408163265306,0.19782460910944935,0.5102040816326531,0.2375886524822695,0.08459214501510574,0.0,1.0
0.3843843843843844,0.19019019019019018,0.6907216494845361,0.012016021361815754,0.01020408163265306,0.22501699524133242,0.4591836734693877,0.3262411347517731,0.9577039274924471,0.0,1.0
0.3853853853853854,0.18018018018018017,0.7938144329896907,0.01535380507343124,0.01020408163265306,0.2114208021753909,0.5102040816326531,0.2730496453900709,0.7250755287009063,0.0,1.0
0.3863863863863864,0.17117117117117117,0.6701030927835051,0.012016021361815754,0.01020408163265306,0.1910265125764786,0.5612244897959183,0.2446808510638298,0.060422960725075525,0.0,1.0
0.3873873873873874,0.17617617617617617,0.5876288659793815,0.009345794392523364,0.01020408163265306,0.18422841604350781,0.5612244897959183,0.23049645390070922,0.9607250755287009,0.0,1.0
0.3883883883883884,0.17917917917917917,0.6907216494845361,0.013351134846461948,0.01020408163265306,0.2046227056424201,0.5102040816326531,0.25531914893617025,0.48942598187311176,0.0,1.0
0.3893893893893894,0.17417417417417416,0.5670103092783505,0.009345794392523364,0.01020408163265306,0.17743031951053703,0.5102040816326531,0.21985815602836878,0.8670694864048338,0.0,1.0
0.3903903903903904,0.7437437437437437,0.5876288659793815,0.008678237650200267,0.01020408163265306,0.10944935418082935,0.8163265306122448,0.2730496453900709,0.36253776435045315,0.0,1.0
0.3913913913913914,0.7457457457457457,0.5876288659793815,0.008678237650200267,0.01020408163265306,0.09585316111488784,0.7653061224489796,0.2375886524822695,0.3323262839879154,0.0,1.0
0.39239239239239243,0.7417417417417418,0.5670103092783505,0.008010680907877168,0.01020408163265306,0.08905506458191706,0.7142857142857142,0.22695035460992907,0.9546827794561934,0.0,1.0
0.3933933933933934,0.7477477477477478,0.5876288659793815,0.008678237650200267,0.01020408163265306,0.08905506458191706,0.8163265306122448,0.2624113475177305,0.9667673716012084,0.0,1.0
0.3943943943943944,0.7387387387387387,0.5876288659793815,0.008678237650200267,0.01020408163265306,0.0822569680489463,0.8673469387755102,0.28368794326241137,0.08761329305135952,0.0,1.0
0.3953953953953954,0.8828828828828829,0.07216494845360824,0.0026702269692923893,0.8979591836734693,0.008837525492862,0.7653061224489796,0.13120567375886527,0.5287009063444109,0.0,1.0
0.3963963963963964,0.8798798798798799,0.07216494845360824,0.0026702269692923893,0.9183673469387754,0.007477906186267848,0.7959183673469387,0.12056737588652482,0.17522658610271905,0.0,1.0
0.39739739739739743,0.8818818818818819,0.12371134020618557,0.004672897196261683,0.8673469387755102,0.010876954452753232,0.7959183673469387,0.14184397163120566,0.3685800604229607,0.0,1.0
0.3983983983983984,0.8808808808808809,0.11340206185567009,0.0053404539385847796,0.8979591836734693,0.009517335146159076,0.8163265306122448,0.1382978723404255,0.6193353474320241,0.0,1.0
0.3993993993993994,0.8838838838838838,0.08247422680412371,0.003337783711615487,0.9183673469387754,0.008157715839564924,0.8163265306122448,0.12411347517730496,0.3776435045317221,0.0,1.0
0.4004004004004004,0.98998998998999,0.061855670103092786,0.0020026702269692926,0.8979591836734693,0.012916383412644464,0.7653061224489796,0.12765957446808512,0.30513595166163143,1.0,0.0
0.4014014014014014,0.988988988988989,0.08247422680412371,0.003337783711615487,0.8673469387755102,0.01563562202583277,0.7448979591836734,0.14184397163120566,0.30513595166163143,0.0,1.0
0.40240240240240244,0.990990990990991,0.09278350515463918,0.004005340453938584,0.836734693877551,0.017675050985724,0.7142857142857142,0.14893617021276595,0.30513595166163143,0.0,1.0
0.4034034034034034,0.984984984984985,0.07216494845360824,0.0026702269692923893,0.8775510204081632,0.014276002719238616,0.7653061224489796,0.13475177304964542,0.030211480362537763,0.0,1.0
0.40440440440440445,0.986986986986987,0.05154639175257732,0.0013351134846461949,0.9183673469387754,0.012236573759347384,0.7959183673469387,0.12056737588652482,0.2084592145015106,0.0,1.0
0.40540540540540543,0.1941941941941942,0.15463917525773196,0.01535380507343124,0.0510204081632653,0.06526172671651936,0.9183673469387754,0.11347517730496455,0.851963746223565,1.0,0.0
0.4064064064064064,0.1971971971971972,0.14432989690721648,0.013351134846461948,0.0510204081632653,0.06322229775662813,0.9387755102040816,0.1099290780141844,0.22658610271903323,0.0,1.0
0.40740740740740744,0.1961961961961962,0.12371134020618557,0.010680907877169559,0.0510204081632653,0.0584636301835486,0.9387755102040816,0.09929078014184396,0.8851963746223565,0.0,1.0
0.4084084084084084,0.1981981981981982,0.11340206185567009,0.009345794392523364,0.0510204081632653,0.056424201223657384,0.9387755102040816,0.0921985815602837,0.6374622356495468,0.0,1.0
0.40940940940940945,0.20020020020020018,0.13402061855670103,0.012016021361815754,0.0510204081632653,0.061862678450033994,0.9387755102040816,0.10638297872340426,0.7945619335347432,0.0,1.0
0.41041041041041043,0.2082082082082082,0.16494845360824742,0.004005340453938584,0.9183673469387754,0.021074099252209384,0.7142857142857142,0.29078014184397166,0.4743202416918429,0.0,1.0
0.4114114114114114,0.21021021021021022,0.1958762886597938,0.0053404539385847796,0.8979591836734693,0.02447314751869477,0.6632653061224489,0.2730496453900709,0.5558912386706949,0.0,1.0
0.41241241241241244,0.2132132132132132,0.17525773195876287,0.004005340453938584,0.8979591836734693,0.022433718558803536,0.6938775510204082,0.3262411347517731,0.7462235649546828,0.0,1.0
0.4134134134134134,0.2072072072072072,0.18556701030927836,0.004672897196261683,0.8979591836734693,0.023113528212100616,0.6938775510204082,0.30851063829787234,0.1148036253776435,0.0,1.0
0.41441441441441446,0.21421421421421422,0.15463917525773196,0.003337783711615487,0.9387755102040816,0.017675050985724,0.7653061224489796,0.25531914893617025,0.4561933534743202,0.0,1.0
0.41541541541541543,0.2862862862862863,0.21649484536082475,0.006008010680907876,0.9693877551020408,0.014276002719238616,0.8673469387755102,0.24822695035460995,0.8006042296072508,0.0,1.0
0.4164164164164164,0.2872872872872873,0.23711340206185566,0.007343124165554072,0.9693877551020408,0.01563562202583277,0.8673469387755102,0.2624113475177305,0.8670694864048338,0.0,1.0
0.41741741741741745,0.2852852852852853,0.20618556701030927,0.0053404539385847796,0.9693877551020408,0.013596193065941536,0.8877551020408162,0.24113475177304966,0.7673716012084593,0.0,1.0
0.4184184184184184,0.2802802802802803,0.26804123711340205,0.009345794392523364,0.9489795918367346,0.017675050985724,0.846938775510204,0.28368794326241137,0.5015105740181269,0.0,1.0
0.41941941941941946,0.2782782782782783,0.18556701030927836,0.004672897196261683,0.9693877551020408,0.012916383412644464,0.8979591836734693,0.23404255319148937,0.459214501510574,0.0,1.0
0.42042042042042044,0.41041041041041043,0.48453608247422675,0.006675567423230973,0.8163265306122448,0.017675050985724,0.7142857142857142,0.37943262411347517,0.36253776435045315,1.0,0.0
0.4214214214214214,0.4074074074074074,0.5051546391752577,0.007343124165554072,0.7959183673469387,0.021074099252209384,0.6938775510204082,0.3971631205673759,0.30513595166163143,0.0,1.0
0.42242242242242245,0.40540540540540543,0.5360824742268041,0.008010680907877168,0.7653061224489796,0.02447314751869477,0.6632653061224489,0.4148936170212766,0.2688821752265861,0.0,1.0
0.42342342342342343,0.4094094094094094,0.4742268041237113,0.006008010680907876,0.8163265306122448,0.01835486063902108,0.7142857142857142,0.3687943262411348,0.7583081570996979,0.0,1.0
0.42442442442442446,0.4044044044044044,0.4948453608247423,0.006675567423230973,0.7959183673469387,0.021074099252209384,0.6938775510204082,0.3900709219858156,0.9033232628398792,0.0,1.0
0.42542542542542544,0.6046046046046046,0.4639175257731959,0.006008010680907876,0.8163265306122448,0.014276002719238616,0.7142857142857142,0.3617021276595745,0.08761329305135952,0.0,1.0
0.4264264264264264,0.6126126126126126,0.4536082474226804,0.006008010680907876,0.7959183673469387,0.017675050985724,0.6938775510204082,0.3723404255319149,0.9033232628398792,0.0,1.0
0.42742742742742745,0.6056056056056056,0.4329896907216495,0.0053404539385847796,0.8163265306122448,0.014276002719238616,0.7142857142857142,0.3546099290780142,0.9939577039274925,0.0,1.0
0.42842842842842843,0.6076076076076076,0.4020618556701031,0.004672897196261683,0.8163265306122448,0.021074099252209384,0.6632653061224489,0.34397163120567376,0.34441087613293053,0.0,1.0
0.42942942942942947,0.6106106106106106,0.48453608247422675,0.006675567423230973,0.7959183673469387,0.019714479945615225,0.6938775510204082,0.37943262411347517,0.1661631419939577,0.0,1.0
0.43043043043043044,0.08808808808808809,0.28865979381443296,0.004005340453938584,0.8673469387755102,0.021074099252209384,0.6632653061224489,0.3120567375886525,0.18126888217522658,0.0,1.0
0.4314314314314315,0.09009009009009009,0.26804123711340205,0.003337783711615487,0.8877551020408162,0.020394289598912305,0.6836734693877551,0.3049645390070922,0.9033232628398792,0.0,1.0
0.43243243243243246,0.09109109109109109,0.30927835051546393,0.004005340453938584,0.8163265306122448,0.027872195785180152,0.6122448979591836,0.33333333333333337,0.9033232628398792,0.0,1.0
0.43343343343343343,0.0920920920920921,0.27835051546391754,0.004005340453938584,0.8673469387755102,0.022433718558803536,0.6632653061224489,0.3191489361702128,0.11178247734138973,0.0,1.0
0.43443443443443447,0.08408408408408408,0.28865979381443296,0.004005340453938584,0.8673469387755102,0.021753908905506457,0.6632653061224489,0.32269503546099293,0.3987915407854985,0.0,1.0
0.43543543543543545,0.014014014014014014,0.6391752577319587,0.008678237650200267,0.01020408163265306,0.5105370496261047,0.9183673469387754,0.4326241134751773,0.5377643504531722,0.0,1.0
0.4364364364364365,0.012012012012012012,0.6701030927835051,0.010680907877169559,0.01020408163265306,0.5309313392250169,0.9183673469387754,0.46808510638297873,0.19637462235649547,0.0,1.0
0.43743743743743746,0.011011011011011011,0.711340206185567,0.010680907877169559,0.01020408163265306,0.5445275322909585,0.9387755102040816,0.5035460992907801,0.716012084592145,1.0,0.0
0.43843843843843844,0.016016016016016016,0.7319587628865979,0.011348464619492656,0.01020408163265306,0.5513256288239293,0.9183673469387754,0.5212765957446809,0.716012084592145,0.0,1.0
0.43943943943943947,0.013013013013013013,0.6907216494845361,0.012016021361815754,0.01020408163265306,0.5581237253569,0.8673469387755102,0.4858156028368794,0.8912386706948641,0.0,1.0
0.44044044044044045,0.23323323323323322,0.7938144329896907,0.008678237650200267,0.0,0.1434398368456832,0.9693877551020408,0.3617021276595745,0.2084592145015106,1.0,0.0
0.4414414414414415,0.23723723723723725,0.845360824742268,0.010680907877169559,0.0,0.15023793337865396,0.9693877551020408,0.3546099290780142,0.716012084592145,0.0,1.0
0.44244244244244246,0.23623623623623624,0.8762886597938144,0.012016021361815754,0.0,0.15703602991162474,0.9693877551020408,0.3687943262411348,0.2930513595166163,0.0,1.0
0.44344344344344344,0.23923923923923923,0.8247422680412371,0.01001335113484646,0.0,0.1434398368456832,0.9693877551020408,0.3546099290780142,0.8459214501510574,0.0,1.0
0.4444444444444445,0.24024024024024024,0.9175257731958762,0.013351134846461948,0.0,0.16383412644459552,0.9693877551020408,0.3971631205673759,0.9123867069486404,0.0,1.0
0.44544544544544545,0.8668668668668669,0.7731958762886598,0.011348464619492656,0.0,0.3881713120326309,0.9183673469387754,0.29078014184397166,0.04833836858006042,1.0,0.0
0.4464464464464465,0.8698698698698699,0.7938144329896907,0.013351134846461948,0.0,0.39496940856560164,0.9183673469387754,0.2978723404255319,0.13595166163141995,0.0,1.0
0.44744744744744747,0.8688688688688688,0.8144329896907216,0.014018691588785047,0.0,0.40176750509857245,0.9183673469387754,0.3049645390070922,0.13595166163141995,0.0,1.0
0.44844844844844844,0.8718718718718719,0.845360824742268,0.014686248331108142,0.0,0.4085656016315432,0.9183673469387754,0.3191489361702128,0.6706948640483383,0.0,1.0
0.4494494494494495,0.8648648648648649,0.7731958762886598,0.011348464619492656,0.0,0.39496940856560164,0.8979591836734693,0.3120567375886525,0.29003021148036257,0.0,1.0
0.45045045045045046,0.31431431431431434,0.6082474226804123,0.009345794392523364,0.01020408163265306,0.22501699524133242,0.6122448979591836,0.2624113475177305,0.08761329305135952,0.0,1.0
0.4514514514514515,0.3153153153153153,0.5876288659793815,0.008678237650200267,0.01020408163265306,0.21821889870836167,0.6122448979591836,0.25531914893617025,0.972809667673716,0.0,1.0
0.45245245245245247,0.32232232232232233,0.5670103092783505,0.008010680907877168,0.01020408163265306,0.2114208021753909,0.6122448979591836,0.24822695035460995,0.9667673716012084,0.0,1.0
0.45345345345345345,0.3203203203203203,0.6391752577319587,0.010680907877169559,0.01020408163265306,0.23181509177430318,0.5612244897959183,0.2730496453900709,0.6827794561933535,0.0,1.0
0.4544544544544545,0.3163163163163163,0.5876288659793815,0.008678237650200267,0.01020408163265306,0.21821889870836167,0.5918367346938775,0.2624113475177305,0.28700906344410876,0.0,1.0
0.45545545545545546,0.7217217217217217,0.5876288659793815,0.008678237650200267,0.01020408163265306,0.11624745071380013,0.7142857142857142,0.2446808510638298,0.649546827794562,0.0,1.0
0.4564564564564565,0.7227227227227228,0.5670103092783505,0.008010680907877168,0.01020408163265306,0.10944935418082935,0.7142857142857142,0.2375886524822695,0.972809667673716,0.0,1.0
0.4574574574574575,0.7307307307307307,0.6082474226804123,0.009345794392523364,0.01020408163265306,0.12984364377974167,0.6632653061224489,0.25531914893617025,0.0634441087613293,0.0,1.0
0.45845845845845845,0.7247247247247247,0.5051546391752577,0.007343124165554072,0.01020408163265306,0.1026512576478586,0.7346938775510203,0.22695035460992907,0.338368580060423,0.0,1.0
0.4594594594594595,0.7267267267267267,0.4639175257731959,0.006008010680907876,0.01020408163265306,0.09585316111488784,0.7142857142857142,0.21985815602836878,0.34441087613293053,0.0,1.0
0.46046046046046046,0.3933933933933934,0.48453608247422675,0.0053404539385847796,0.8673469387755102,0.017675050985724,0.7142857142857142,0.3546099290780142,0.8398791540785498,0.0,1.0
0.4614614614614615,0.3943943943943944,0.5051546391752577,0.006008010680907876,0.8163265306122448,0.021074099252209384,0.6938775510204082,0.3617021276595745,0.9093655589123867,0.0,1.0
0.4624624624624625,0.3883883883883884,0.4639175257731959,0.004672897196261683,0.8979591836734693,0.016995241332426927,0.7142857142857142,0.3475177304964539,0.9667673716012084,0.0,1.0
0.46346346346346345,0.3893893893893894,0.4742268041237113,0.004672897196261683,0.8775510204081632,0.017675050985724,0.7142857142857142,0.35106382978723405,0.16314199395770393,0.0,1.0
0.4644644644644645,0.39039039039039036,0.4536082474226804,0.004005340453938584,0.8979591836734693,0.01563562202583277,0.7142857142857142,0.3404255319148936,0.5861027190332326,0.0,1.0
0.46546546546546547,0.46046046046046046,0.10309278350515463,0.004672897196261683,0.8163265306122448,0.04010876954452754,0.8979591836734693,0.11347517730496455,0.4259818731117825,0.0,1.0
0.4664664664664665,0.46346346346346345,0.12371134020618557,0.006008010680907876,0.7959183673469387,0.044867437117607066,0.8673469387755102,0.13120567375886527,0.6314199395770392,0.0,1.0
0.4674674674674675,0.45945945945945943,0.09278350515463918,0.0053404539385847796,0.8571428571428571,0.04146838885112169,0.8979591836734693,0.10638297872340426,0.2990936555891239,1.0,0.0
0.4684684684684685,0.4624624624624625,0.13402061855670103,0.006675567423230973,0.7653061224489796,0.04826648538409246,0.8673469387755102,0.14893617021276595,0.7069486404833837,0.0,1.0
0.4694694694694695,0.4574574574574575,0.08247422680412371,0.004005340453938584,0.8673469387755102,0.03942895989123046,0.9183673469387754,0.12056737588652482,0.2084592145015106,0.0,1.0
0.47047047047047047,0.10010010010010009,0.14432989690721648,0.008010680907877168,0.0510204081632653,0.0584636301835486,0.9183673469387754,0.09574468085106384,0.256797583081571,0.0,1.0
0.4714714714714715,0.1021021021021021,0.12371134020618557,0.0053404539385847796,0.0510204081632653,0.05166553365057785,0.9387755102040816,0.0851063829787234,0.02416918429003021,0.0,1.0
0.4724724724724725,0.1011011011011011,0.11340206185567009,0.004672897196261683,0.0510204081632653,0.049626104690686616,0.9387755102040816,0.07801418439716311,0.16012084592145015,0.0,1.0
0.4734734734734735,0.1031031031031031,0.13402061855670103,0.006675567423230973,0.0510204081632653,0.055064581917063225,0.9183673469387754,0.0921985815602837,0.4108761329305136,0.0,1.0
0.4744744744744745,0.10810810810810811,0.13402061855670103,0.006675567423230973,0.0510204081632653,0.055064581917063225,0.9183673469387754,0.0921985815602837,0.7885196374622356,0.0,1.0
0.4754754754754755,0.38538538538538536,0.48453608247422675,0.0053404539385847796,0.7959183673469387,0.01835486063902108,0.6938775510204082,0.3723404255319149,0.622356495468278,0.0,1.0
0.4764764764764765,0.3843843843843844,0.5051546391752577,0.006008010680907876,0.7959183673469387,0.019714479945615225,0.6938775510204082,0.37943262411347517,0.622356495468278,0.0,1.0
0.4774774774774775,0.38238238238238237,0.4639175257731959,0.004672897196261683,0.836734693877551,0.016995241332426927,0.7142857142857142,0.3546099290780142,0.9033232628398792,0.0,1.0
0.4784784784784785,0.37737737737737737,0.4742268041237113,0.004672897196261683,0.8163265306122448,0.016315431679129848,0.7142857142857142,0.3617021276595745,0.012084592145015106,0.0,1.0
0.4794794794794795,0.3813813813813814,0.4536082474226804,0.004005340453938584,0.8673469387755102,0.014955812372535696,0.7142857142857142,0.3475177304964539,0.8821752265861027,0.0,1.0
0.4804804804804805,0.6986986986986987,0.15463917525773196,0.012016021361815754,0.0510204081632653,0.038069340584636305,0.9693877551020408,0.09574468085106384,1.0,0.0,1.0
0.4814814814814815,0.6916916916916916,0.12371134020618557,0.008678237650200267,0.0510204081632653,0.03467029231815092,0.9693877551020408,0.07801418439716311,0.06646525679758308,0.0,1.0
0.4824824824824825,0.6896896896896897,0.11340206185567009,0.006675567423230973,0.0510204081632653,0.03331067301155677,0.9693877551020408,0.07446808510638299,0.0,0.0,1.0
0.4834834834834835,0.6926926926926927,0.14432989690721648,0.010680907877169559,0.0510204081632653,0.036709721278042146,0.9693877551020408,0.0921985815602837,0.30513595166163143,0.0,1.0
0.4844844844844845,0.6946946946946947,0.13402061855670103,0.009345794392523364,0.0510204081632653,0.03602991162474507,0.9693877551020408,0.0851063829787234,0.48036253776435045,0.0,1.0
0.4854854854854855,0.03003003003003003,0.11340206185567009,0.004672897196261683,0.9183673469387754,0.010876954452753232,0.7959183673469387,0.16666666666666669,0.5347432024169184,0.0,1.0
0.4864864864864865,0.028028028028028028,0.12371134020618557,0.0053404539385847796,0.8979591836734693,0.011556764106050312,0.7959183673469387,0.17730496453900707,0.09969788519637462,0.0,1.0
0.4874874874874875,0.03203203203203203,0.13402061855670103,0.0053404539385847796,0.8979591836734693,0.012236573759347384,0.7959183673469387,0.18439716312056736,0.7311178247734139,0.0,1.0
0.4884884884884885,0.03303303303303303,0.11340206185567009,0.004005340453938584,0.9183673469387754,0.010197144799456156,0.8163265306122448,0.1595744680851064,0.7311178247734139,0.0,1.0
0.4894894894894895,0.035035035035035036,0.14432989690721648,0.006008010680907876,0.8979591836734693,0.012916383412644464,0.7653061224489796,0.19148936170212766,0.9667673716012084,0.0,1.0
0.4904904904904905,0.26126126126126126,0.1958762886597938,0.008010680907877168,0.9183673469387754,0.007477906186267848,0.8163265306122448,0.2375886524822695,0.1268882175226586,0.0,1.0
0.4914914914914915,0.25825825825825827,0.21649484536082475,0.008678237650200267,0.8673469387755102,0.055064581917063225,0.7142857142857142,0.2730496453900709,0.0634441087613293,0.0,1.0
0.4924924924924925,0.25925925925925924,0.18556701030927836,0.007343124165554072,0.8979591836734693,0.04826648538409246,0.7653061224489796,0.2624113475177305,0.7794561933534743,0.0,1.0
0.49349349349349353,0.26426426426426425,0.04123711340206185,0.0020026702269692926,0.9183673469387754,0.0061182868796736956,0.8163265306122448,0.14893617021276595,0.7613293051359517,0.0,1.0
0.4944944944944945,0.26326326326326327,0.09278350515463918,0.004005340453938584,0.9183673469387754,0.007477906186267848,0.836734693877551,0.17730496453900707,0.14501510574018128,0.0,1.0
0.49549549549549554,0.35535535535535534,0.061855670103092786,0.0026702269692923893,0.9999999999999999,0.0020394289598912353,0.6122448979591836,0.22695035460992907,0.9667673716012084,0.0,1.0
0.4964964964964965,0.3483483483483483,0.07216494845360824,0.003337783711615487,0.9999999999999999,0.0027192386131883114,0.6122448979591836,0.2375886524822695,0.08157099697885196,0.0,1.0
0.4974974974974975,0.35135135135135137,0.08247422680412371,0.004005340453938584,0.9999999999999999,0.0033990482664853876,0.6122448979591836,0.24822695035460995,0.30513595166163143,0.0,1.0
0.49849849849849853,0.34934934934934936,0.05154639175257732,0.0020026702269692926,0.9999999999999999,0.0013596193065941557,0.6122448979591836,0.21985815602836878,0.4501510574018127,0.0,1.0
0.49949949949949957,0.34634634634634637,0.09278350515463918,0.004672897196261683,0.9795918367346939,0.00475866757307954,0.6122448979591836,0.25531914893617025,0.4954682779456193,0.0,1.0
0.5005005005005005,0.8528528528528528,0.24742268041237114,0.003337783711615487,0.8979591836734693,0.008157715839564924,0.6632653061224489,0.2978723404255319,0.9033232628398792,0.0,1.0
0.5015015015015015,0.8538538538538538,0.26804123711340205,0.004005340453938584,0.8673469387755102,0.009517335146159076,0.6632653061224489,0.3191489361702128,0.9033232628398792,0.0,1.0
0.5025025025025025,0.8518518518518519,0.21649484536082475,0.0026702269692923893,0.9183673469387754,0.007477906186267848,0.6632653061224489,0.28368794326241137,0.07854984894259819,0.0,1.0
0.5035035035035035,0.8508508508508509,0.28865979381443296,0.004672897196261683,0.836734693877551,0.011556764106050312,0.6122448979591836,0.33333333333333337,0.05740181268882175,0.0,1.0
0.5045045045045046,0.8498498498498498,0.23711340206185566,0.003337783711615487,0.8979591836734693,0.008837525492862,0.6632653061224489,0.3049645390070922,0.5740181268882175,0.0,1.0
0.5055055055055055,0.4394394394394394,0.18556701030927836,0.01869158878504673,0.8163265306122448,0.061862678450033994,0.8163265306122448,0.2375886524822695,0.5709969788519638,0.0,1.0
0.5065065065065065,0.44044044044044045,0.16494845360824742,0.014686248331108142,0.8163265306122448,0.055064581917063225,0.8163265306122448,0.21276595744680854,0.43202416918429004,0.0,1.0
0.5075075075075075,0.44344344344344344,0.1958762886597938,0.017356475300400534,0.7959183673469387,0.06526172671651936,0.7959183673469387,0.24822695035460995,0.6858006042296072,0.0,1.0
0.5085085085085085,0.43743743743743746,0.20618556701030927,0.020026702269692925,0.7959183673469387,0.06866077498300477,0.7653061224489796,0.25531914893617025,0.8429003021148036,0.0,1.0
0.5095095095095096,0.7757757757757757,0.17525773195876287,0.01602136181575434,0.8163265306122448,0.04826648538409246,0.8673469387755102,0.22695035460992907,0.6737160120845922,0.0,1.0
0.5105105105105106,0.04204204204204204,0.5876288659793815,0.008010680907877168,0.1020408163265306,0.08905506458191706,0.7653061224489796,0.45035460992907805,0.07250755287009064,0.0,1.0
0.5115115115115115,0.04104104104104104,0.5360824742268041,0.008678237650200267,0.1530612244897959,0.0822569680489463,0.7653061224489796,0.4326241134751773,0.08761329305135952,0.0,1.0
0.5125125125125125,0.04604604604604605,0.4639175257731959,0.007343124165554072,0.2040816326530612,0.07545887151597552,0.7653061224489796,0.4148936170212766,0.7341389728096677,0.0,1.0
0.5135135135135135,0.04904904904904905,0.48453608247422675,0.008010680907877168,0.2040816326530612,0.0788579197824609,0.7653061224489796,0.425531914893617,0.6797583081570997,0.0,1.0
0.5145145145145146,0.04504504504504504,0.4329896907216495,0.006675567423230973,0.25510204081632654,0.07205982324949015,0.7959183673469387,0.4042553191489362,0.6012084592145015,0.0,1.0
0.5155155155155156,0.48348348348348347,0.15463917525773196,0.0053404539385847796,0.6122448979591836,0.04826648538409246,0.7653061224489796,0.3617021276595745,0.525679758308157,1.0,0.0
0.5165165165165165,0.4824824824824825,0.16494845360824742,0.006008010680907876,0.6122448979591836,0.05166553365057785,0.7653061224489796,0.3687943262411348,0.09969788519637462,0.0,1.0
0.5175175175175175,0.4794794794794795,0.17525773195876287,0.006675567423230973,0.0510204081632653,0.1434398368456832,0.6632653061224489,0.25531914893617025,0.525679758308157,1.0,0.0
0.5185185185185185,0.47147147147147145,0.16494845360824742,0.006008010680907876,0.3061224489795918,0.09585316111488784,0.7142857142857142,0.3262411347517731,0.525679758308157,0.0,1.0
0.5195195195195196,0.4854854854854855,0.14432989690721648,0.004672897196261683,0.6122448979591836,0.044867437117607066,0.7653061224489796,0.34397163120567376,0.5861027190332326,0.0,1.0
0.5205205205205206,0.22522522522522523,0.13402061855670103,0.008678237650200267,0.0510204081632653,0.05778382053025153,0.9387755102040816,0.09929078014184396,0.4501510574018127,1.0,0.0
0.5215215215215215,0.22322322322322322,0.13402061855670103,0.008678237650200267,0.0510204081632653,0.03602991162474507,0.9795918367346939,0.08156028368794326,0.4501510574018127,1.0,0.0
0.5225225225225225,0.22622622622622623,0.020618556701030924,0.0020026702269692926,0.0510204081632653,0.04146838885112169,0.8877551020408162,0.06382978723404255,0.595166163141994,1.0,0.0
0.5235235235235235,0.22422422422422422,0.020618556701030924,0.0020026702269692926,0.0510204081632653,0.021074099252209384,0.9387755102040816,0.04609929078014184,0.595166163141994,1.0,0.0
0.5245245245245246,0.22122122122122123,0.13402061855670103,0.012016021361815754,0.0510204081632653,0.060503059143439834,0.9591836734693877,0.1099290780141844,0.851963746223565,1.0,0.0
0.5255255255255256,0.2222222222222222,0.07216494845360824,0.0026702269692923893,0.8673469387755102,0.014276002719238616,0.8163265306122448,0.13475177304964542,0.30513595166163143,1.0,0.0
0.5265265265265265,0.2982982982982983,0.12371134020618557,0.008678237650200267,0.0510204081632653,0.04146838885112169,0.9183673469387754,0.10638297872340426,0.4501510574018127,0.0,1.0
0.5275275275275275,0.2962962962962963,0.12371134020618557,0.008678237650200267,0.0510204081632653,0.027872195785180152,0.9693877551020408,0.08865248226950355,0.4501510574018127,0.0,1.0
0.5285285285285285,0.29929929929929927,0.020618556701030924,0.0020026702269692926,0.0510204081632653,0.03127124405166554,0.8673469387755102,0.07092198581560284,0.595166163141994,0.0,1.0
0.5295295295295296,0.2972972972972973,0.020618556701030924,0.0020026702269692926,0.0510204081632653,0.014276002719238616,0.9387755102040816,0.053191489361702135,0.595166163141994,0.0,1.0
0.5305305305305306,0.0970970970970971,0.48453608247422675,0.0053404539385847796,0.8163265306122448,0.007477906186267848,0.7142857142857142,0.3971631205673759,0.3595166163141994,0.0,1.0
0.5315315315315315,0.0960960960960961,0.32989690721649484,0.004005340453938584,0.8673469387755102,0.010876954452753232,0.7142857142857142,0.3617021276595745,0.3595166163141994,0.0,1.0
0.5325325325325325,0.7147147147147147,0.6391752577319587,0.009345794392523364,0.01020408163265306,0.09585316111488784,0.8163265306122448,0.2730496453900709,0.5196374622356495,0.0,1.0
0.5335335335335335,0.7137137137137137,0.15463917525773196,0.012016021361815754,0.0510204081632653,0.038069340584636305,0.9693877551020408,0.10283687943262411,0.486404833836858,0.0,1.0
0.5345345345345346,0.2682682682682683,0.13402061855670103,0.012016021361815754,0.0510204081632653,0.04146838885112169,0.9999999999999999,0.09929078014184396,0.851963746223565,0.0,1.0
0.5355355355355356,0.6296296296296297,0.11340206185567009,0.004672897196261683,0.8979591836734693,0.0061182868796736956,0.836734693877551,0.12056737588652482,0.3776435045317221,0.0,1.0
0.5365365365365365,0.7317317317317317,0.07216494845360824,0.0026702269692923893,0.8979591836734693,0.010876954452753232,0.8163265306122448,0.12411347517730496,0.21148036253776434,0.0,1.0
0.5375375375375375,0.7067067067067067,0.8969072164948454,0.01535380507343124,0.0,0.11624745071380013,0.9999999999999999,0.34397163120567376,0.2537764350453172,0.0,1.0
0.5385385385385385,0.8358358358358359,0.7938144329896907,0.013351134846461948,0.0,0.2522093813732155,0.9693877551020408,0.2730496453900709,0.39274924471299094,0.0,1.0
0.5395395395395396,0.11711711711711711,0.5876288659793815,0.010680907877169559,0.01020408163265306,0.0822569680489463,0.9183673469387754,0.29078014184397166,0.04833836858006042,0.0,1.0
0.5405405405405406,0.11511511511511512,0.13402061855670103,0.009345794392523364,0.0510204081632653,0.027872195785180152,0.9999999999999999,0.09574468085106384,0.2719033232628399,0.0,1.0
0.5415415415415415,0.11911911911911911,0.11340206185567009,0.004005340453938584,0.8163265306122448,0.021074099252209384,0.9999999999999999,0.07801418439716311,0.6163141993957704,0.0,1.0
0.5425425425425425,0.11611611611611611,0.6391752577319587,0.010680907877169559,0.01020408163265306,0.11624745071380013,0.8163265306122448,0.24822695035460995,0.7099697885196374,0.0,1.0
0.5435435435435435,0.11811811811811812,0.5360824742268041,0.009345794392523364,0.01020408163265306,0.10944935418082935,0.7142857142857142,0.21276595744680854,0.36253776435045315,0.0,1.0
0.5445445445445446,0.4754754754754755,0.13402061855670103,0.004672897196261683,0.8163265306122448,0.061862678450033994,0.7142857142857142,0.2021276595744681,0.525679758308157,0.0,1.0
0.5455455455455456,0.47047047047047047,0.14432989690721648,0.0053404539385847796,0.8673469387755102,0.04826648538409246,0.7653061224489796,0.18439716312056736,0.14501510574018128,0.0,1.0
0.5465465465465466,0.4904904904904905,0.13402061855670103,0.004672897196261683,0.8877551020408162,0.044867437117607066,0.7959183673469387,0.17730496453900707,0.14501510574018128,0.0,1.0
0.5475475475475475,0.48848848848848847,0.14432989690721648,0.0053404539385847796,0.8673469387755102,0.04826648538409246,0.7653061224489796,0.19148936170212766,0.14501510574018128,0.0,1.0
0.5485485485485486,0.47647647647647645,0.15463917525773196,0.006008010680907876,0.846938775510204,0.05166553365057785,0.7346938775510203,0.19858156028368795,0.14501510574018128,0.0,1.0
0.5495495495495496,0.003003003003003003,0.38144329896907214,0.004672897196261683,0.8673469387755102,0.010876954452753232,0.6632653061224489,0.3262411347517731,0.36253776435045315,0.0,1.0
0.5505505505505506,0.005005005005005005,0.32989690721649484,0.004005340453938584,0.8979591836734693,0.008837525492862,0.6938775510204082,0.30851063829787234,0.9033232628398792,0.0,1.0
0.5515515515515516,0.007007007007007007,0.4020618556701031,0.0053404539385847796,0.8163265306122448,0.012916383412644464,0.6632653061224489,0.34397163120567376,0.9667673716012084,0.0,1.0
0.5525525525525525,0.004004004004004004,0.27835051546391754,0.003337783711615487,0.9183673469387754,0.007477906186267848,0.7142857142857142,0.29078014184397166,0.7009063444108762,0.0,1.0
0.5535535535535536,0.006006006006006006,0.36082474226804123,0.004672897196261683,0.836734693877551,0.011556764106050312,0.6632653061224489,0.33333333333333337,0.9033232628398792,0.0,1.0
0.5545545545545546,0.8378378378378378,0.09278350515463918,0.004005340453938584,0.8673469387755102,0.021074099252209384,0.7142857142857142,0.11347517730496455,0.6676737160120846,0.0,1.0
0.5555555555555556,0.7027027027027027,0.11340206185567009,0.004672897196261683,0.8979591836734693,0.02447314751869477,0.6938775510204082,0.13120567375886527,0.6676737160120846,0.0,1.0
0.5565565565565566,0.8428428428428428,0.13402061855670103,0.0053404539385847796,0.9183673469387754,0.027872195785180152,0.7346938775510203,0.14893617021276595,0.5649546827794562,0.0,1.0
0.5575575575575575,0.07007007007007007,0.12371134020618557,0.004672897196261683,0.3061224489795918,0.1026512576478586,0.5102040816326531,0.2021276595744681,0.5649546827794562,0.0,1.0
0.5585585585585586,0.11211211211211211,0.07216494845360824,0.003337783711615487,0.9183673469387754,0.03467029231815092,0.8163265306122448,0.13120567375886527,0.6676737160120846,0.0,1.0
0.5595595595595596,0.7487487487487487,0.13402061855670103,0.0053404539385847796,0.01020408163265306,0.08905506458191706,0.7142857142857142,0.16666666666666669,0.6676737160120846,0.0,1.0
0.5605605605605606,0.3003003003003003,0.07216494845360824,0.004005340453938584,0.0,0.28619986403806935,0.1020408163265306,0.060283687943262415,0.770392749244713,0.0,1.0
0.5615615615615616,0.26726726726726724,0.17525773195876287,0.008010680907877168,0.0,0.35418082936777706,0.1020408163265306,0.09574468085106384,0.770392749244713,0.0,1.0
0.5625625625625625,0.2502502502502503,0.1958762886597938,0.008678237650200267,0.0,0.3881713120326309,0.1020408163265306,0.11347517730496455,0.5619335347432024,0.0,1.0
0.5635635635635636,0.41541541541541543,0.15463917525773196,0.006675567423230973,0.4081632653061224,0.18422841604350781,0.3061224489795918,0.18439716312056736,0.770392749244713,0.0,1.0
0.5645645645645646,0.13113113113113112,0.12371134020618557,0.0053404539385847796,0.8163265306122448,0.0822569680489463,0.5102040816326531,0.21985815602836878,0.770392749244713,0.0,1.0
0.5655655655655656,0.5385385385385385,0.061855670103092786,0.003337783711615487,0.9183673469387754,0.03467029231815092,0.7653061224489796,0.14893617021276595,0.6102719033232629,0.0,1.0
0.5665665665665666,0.06106106106106106,0.15463917525773196,0.006675567423230973,0.3061224489795918,0.2046227056424201,0.4081632653061224,0.2730496453900709,0.770392749244713,0.0,1.0
0.5675675675675675,0.9769769769769769,0.061855670103092786,0.0026702269692923893,0.8673469387755102,0.027872195785180152,0.8673469387755102,0.09574468085106384,0.5589123867069486,0.0,1.0
0.5685685685685686,0.7347347347347347,0.05154639175257732,0.0020026702269692926,0.8673469387755102,0.021074099252209384,0.9183673469387754,0.07801418439716311,0.5589123867069486,0.0,1.0
0.5695695695695696,0.8928928928928929,0.48453608247422675,0.006675567423230973,0.0,0.1026512576478586,0.9999999999999999,0.3971631205673759,0.22658610271903323,0.0,1.0
0.5705705705705706,0.8918918918918919,0.6907216494845361,0.010680907877169559,0.0,0.12984364377974167,0.9999999999999999,0.45035460992907805,0.22658610271903323,0.0,1.0
0.5715715715715716,0.7087087087087087,0.5876288659793815,0.0053404539385847796,0.0,0.0822569680489463,0.9999999999999999,0.3617021276595745,0.33534743202416917,0.0,1.0
0.5725725725725725,0.24824824824824826,0.6391752577319587,0.009345794392523364,0.01020408163265306,0.18422841604350781,0.4081632653061224,0.25531914893617025,0.2688821752265861,0.0,1.0
0.5735735735735736,0.24724724724724725,0.5876288659793815,0.008010680907877168,0.7142857142857142,0.061862678450033994,0.6122448979591836,0.3971631205673759,0.2688821752265861,0.0,1.0
0.5745745745745746,0.995995995995996,0.48453608247422675,0.012016021361815754,0.1020408163265306,0.15023793337865396,0.4081632653061224,0.21985815602836878,0.676737160120846,0.0,1.0
0.5755755755755756,0.8398398398398398,0.48453608247422675,0.012016021361815754,0.1020408163265306,0.11624745071380013,0.5102040816326531,0.2021276595744681,0.676737160120846,0.0,1.0
0.5765765765765766,0.5055055055055055,0.15463917525773196,0.008010680907877168,0.8163265306122448,0.04826648538409246,0.8673469387755102,0.14893617021276595,0.283987915407855,0.0,1.0
0.5775775775775776,0.7837837837837838,0.15463917525773196,0.008010680907877168,0.836734693877551,0.04146838885112169,0.9183673469387754,0.13120567375886527,0.283987915407855,0.0,1.0
0.5785785785785786,0.9729729729729729,0.5360824742268041,0.012016021361815754,0.01020408163265306,0.15023793337865396,0.3061224489795918,0.11347517730496455,0.283987915407855,0.0,1.0
0.5795795795795796,0.8008008008008007,0.5360824742268041,0.012016021361815754,0.01020408163265306,0.10944935418082935,0.5102040816326531,0.10638297872340426,0.283987915407855,0.0,1.0
0.5805805805805806,0.4994994994994995,0.13402061855670103,0.006675567423230973,0.8163265306122448,0.044867437117607066,0.8979591836734693,0.13120567375886527,0.19939577039274925,0.0,1.0
0.5815815815815816,0.7817817817817818,0.13402061855670103,0.006675567423230973,0.836734693877551,0.038069340584636305,0.9387755102040816,0.11347517730496455,0.19939577039274925,0.0,1.0
0.5825825825825826,0.05105105105105105,0.17525773195876287,0.008010680907877168,0.3571428571428571,0.09585316111488784,0.6122448979591836,0.21985815602836878,0.19939577039274925,0.0,1.0
0.5835835835835836,0.5365365365365365,0.15463917525773196,0.007343124165554072,0.8673469387755102,0.04826648538409246,0.7653061224489796,0.18439716312056736,0.0634441087613293,0.0,1.0
0.5845845845845846,0.7897897897897898,0.15463917525773196,0.007343124165554072,0.8979591836734693,0.04146838885112169,0.8163265306122448,0.16666666666666669,0.0634441087613293,0.0,1.0
0.5855855855855856,0.9359359359359359,0.12371134020618557,0.006675567423230973,0.0510204081632653,0.055064581917063225,0.9183673469387754,0.09574468085106384,0.716012084592145,0.0,1.0
0.5865865865865866,0.6716716716716716,0.12371134020618557,0.006675567423230973,0.0510204081632653,0.03467029231815092,0.9693877551020408,0.07801418439716311,0.716012084592145,0.0,1.0
0.5875875875875876,0.9679679679679679,0.020618556701030924,0.0013351134846461949,0.0510204081632653,0.04146838885112169,0.8673469387755102,0.060283687943262415,0.7190332326283988,0.0,1.0
0.5885885885885886,0.7717717717717718,0.020618556701030924,0.0013351134846461949,0.0510204081632653,0.021074099252209384,0.9183673469387754,0.04255319148936171,0.7190332326283988,0.0,1.0
0.5895895895895896,0.0940940940940941,0.6391752577319587,0.010680907877169559,0.01020408163265306,0.4561522773623386,0.3061224489795918,0.5035460992907801,0.716012084592145,1.0,0.0
0.5905905905905906,0.09509509509509509,0.5876288659793815,0.009345794392523364,0.01020408163265306,0.5241332426920462,0.1020408163265306,0.3617021276595745,0.716012084592145,1.0,0.0
0.5915915915915916,0.6166166166166166,0.6391752577319587,0.010680907877169559,0.01020408163265306,0.18422841604350781,0.4081632653061224,0.46808510638297873,0.716012084592145,0.0,1.0
0.5925925925925926,0.43043043043043044,0.27835051546391754,0.006675567423230973,0.7142857142857142,0.061862678450033994,0.7142857142857142,0.4326241134751773,0.716012084592145,0.0,1.0
0.5935935935935936,0.4294294294294294,0.25773195876288657,0.006008010680907876,0.8163265306122448,0.04826648538409246,0.7346938775510203,0.4148936170212766,0.716012084592145,0.0,1.0
0.5945945945945946,0.5395395395395395,0.12371134020618557,0.004005340453938584,0.7653061224489796,0.04146838885112169,0.8673469387755102,0.11347517730496455,0.918429003021148,0.0,1.0
0.5955955955955956,0.6006006006006006,0.48453608247422675,0.006675567423230973,0.01020408163265306,0.18422841604350781,0.3061224489795918,0.18439716312056736,0.918429003021148,0.0,1.0
0.5965965965965966,0.07807807807807808,0.38144329896907214,0.0053404539385847796,0.4081632653061224,0.1026512576478586,0.5102040816326531,0.25531914893617025,0.918429003021148,0.0,1.0
0.5975975975975976,0.6246246246246246,0.4329896907216495,0.006008010680907876,0.01020408163265306,0.15023793337865396,0.5102040816326531,0.2375886524822695,0.918429003021148,0.0,1.0
0.5985985985985987,0.7327327327327328,0.4329896907216495,0.006008010680907876,0.01020408163265306,0.10944935418082935,0.6632653061224489,0.21985815602836878,0.918429003021148,0.0,1.0
0.5995995995995996,0.954954954954955,0.48453608247422675,0.007343124165554072,0.01020408163265306,0.15703602991162474,0.4081632653061224,0.2021276595744681,0.3564954682779456,1.0,0.0
0.6006006006006006,0.7557557557557557,0.48453608247422675,0.007343124165554072,0.01020408163265306,0.10944935418082935,0.5612244897959183,0.19148936170212766,0.3564954682779456,0.0,1.0
0.6016016016016016,0.9529529529529529,0.4329896907216495,0.006675567423230973,0.01020408163265306,0.18422841604350781,0.1020408163265306,0.16666666666666669,0.2175226586102719,1.0,0.0
0.6026026026026026,0.7127127127127127,0.4329896907216495,0.006675567423230973,0.01020408163265306,0.12304554724677091,0.3061224489795918,0.14893617021276595,0.2175226586102719,0.0,1.0
0.6036036036036037,0.4014014014014014,0.48453608247422675,0.0053404539385847796,0.8163265306122448,0.021074099252209384,0.7142857142857142,0.3617021276595745,0.2175226586102719,0.0,1.0
0.6046046046046046,0.4314314314314314,0.15463917525773196,0.004672897196261683,0.6122448979591836,0.055064581917063225,0.7653061224489796,0.34397163120567376,0.2175226586102719,0.0,1.0
0.6056056056056056,0.5375375375375375,0.020618556701030924,0.0006675567423230972,0.9693877551020408,0.014276002719238616,0.8163265306122448,0.21985815602836878,0.4652567975830816,0.0,1.0
0.6066066066066066,0.8608608608608609,0.010309278350515462,0.0,0.9693877551020408,0.010876954452753232,0.8163265306122448,0.2021276595744681,0.9365558912386707,0.0,1.0
0.6076076076076077,0.8598598598598598,0.07216494845360824,0.0026702269692923893,0.9183673469387754,0.03467029231815092,0.8163265306122448,0.2375886524822695,0.4622356495468278,0.0,1.0
0.6086086086086087,0.994994994994995,0.22680412371134018,0.0020026702269692926,0.6122448979591836,0.0822569680489463,0.6122448979591836,0.18439716312056736,0.9365558912386707,0.0,1.0
0.6096096096096096,0.03903903903903904,0.1958762886597938,0.0013351134846461949,0.8673469387755102,0.04146838885112169,0.7142857142857142,0.21985815602836878,0.9365558912386707,0.0,1.0
0.6106106106106106,0.9099099099099099,0.15463917525773196,0.010680907877169559,0.0510204081632653,0.061862678450033994,0.9183673469387754,0.12056737588652482,0.17220543806646527,1.0,0.0
0.6116116116116116,0.6456456456456456,0.15463917525773196,0.010680907877169559,0.0510204081632653,0.03602991162474507,0.9693877551020408,0.10638297872340426,0.17220543806646527,0.0,1.0
0.6126126126126127,0.4274274274274274,0.27835051546391754,0.025367156208277706,0.0,0.2522093813732155,0.3061224489795918,0.46808510638297873,0.17220543806646527,0.0,1.0
0.6136136136136137,0.2182182182182182,0.17525773195876287,0.01869158878504673,0.0,0.3201903467029232,0.1020408163265306,0.18439716312056736,0.17220543806646527,1.0,0.0
0.6146146146146146,0.8938938938938938,0.48453608247422675,0.032042723631508674,0.0,1.0,0.8163265306122448,1.0,0.17220543806646527,0.0,1.0
0.6156156156156156,0.22922922922922923,0.020618556701030924,0.0020026702269692926,0.0,0.2522093813732155,0.0,0.6453900709219859,0.17220543806646527,0.0,1.0
0.6166166166166166,0.5105105105105106,0.030927835051546393,0.0020026702269692926,0.8163265306122448,0.04826648538409246,0.8163265306122448,0.21985815602836878,0.17220543806646527,0.0,1.0
0.6176176176176177,0.07907907907907907,0.020618556701030924,0.0020026702269692926,0.5102040816326531,0.18422841604350781,0.0,0.574468085106383,0.17220543806646527,0.0,1.0
0.6186186186186187,0.8078078078078078,0.030927835051546393,0.0020026702269692926,0.01020408163265306,0.11624745071380013,0.6122448979591836,0.18439716312056736,0.17220543806646527,0.0,1.0
0.6196196196196196,0.13313313313313313,0.030927835051546393,0.0020026702269692926,0.8673469387755102,0.03467029231815092,0.6632653061224489,0.25531914893617025,0.17220543806646527,0.0,1.0
0.6206206206206206,0.9419419419419419,0.15463917525773196,0.009345794392523364,0.0510204081632653,0.05778382053025153,0.8979591836734693,0.11347517730496455,0.8126888217522659,0.0,1.0
0.6216216216216216,0.6776776776776777,0.15463917525773196,0.009345794392523364,0.0510204081632653,0.03467029231815092,0.9489795918367346,0.09929078014184396,0.8126888217522659,0.0,1.0
0.6226226226226227,0.42342342342342343,0.5876288659793815,0.012016021361815754,0.01020408163265306,0.15023793337865396,0.4081632653061224,0.21985815602836878,0.8126888217522659,0.0,1.0
0.6236236236236237,0.7537537537537538,0.5876288659793815,0.012016021361815754,0.01020408163265306,0.10944935418082935,0.5612244897959183,0.20567375886524825,0.8126888217522659,0.0,1.0
0.6246246246246246,0.25425425425425424,0.6907216494845361,0.01535380507343124,0.01020408163265306,0.18422841604350781,0.5102040816326531,0.25531914893617025,0.8126888217522659,1.0,0.0
0.6256256256256256,0.7097097097097097,0.6907216494845361,0.01535380507343124,0.01020408163265306,0.12984364377974167,0.6632653061224489,0.2375886524822695,0.8126888217522659,0.0,1.0
0.6266266266266266,0.8748748748748749,0.7938144329896907,0.01869158878504673,0.0,0.4561522773623386,0.9183673469387754,0.46808510638297873,0.8126888217522659,0.0,1.0
0.6276276276276277,0.022022022022022022,0.7422680412371134,0.017356475300400534,0.01020408163265306,0.6600951733514615,0.9183673469387754,0.574468085106383,0.8126888217522659,0.0,1.0
0.6286286286286287,0.5035035035035035,0.09278350515463918,0.004005340453938584,0.8673469387755102,0.03467029231815092,0.9183673469387754,0.11347517730496455,0.26586102719033233,0.0,1.0
0.6296296296296297,0.7827827827827828,0.09278350515463918,0.004005340453938584,0.8979591836734693,0.021074099252209384,0.9387755102040816,0.10638297872340426,0.26586102719033233,0.0,1.0
0.6306306306306306,0.8898898898898899,0.17525773195876287,0.0053404539385847796,0.6122448979591836,0.0822569680489463,0.5102040816326531,0.18439716312056736,0.26586102719033233,0.0,1.0
0.6316316316316316,0.5995995995995996,0.48453608247422675,0.008678237650200267,0.01020408163265306,0.18422841604350781,0.3061224489795918,0.14893617021276595,0.26586102719033233,0.0,1.0
0.6326326326326327,0.8318318318318318,0.48453608247422675,0.008678237650200267,0.01020408163265306,0.11624745071380013,0.5102040816326531,0.14184397163120566,0.26586102719033233,0.0,1.0
0.6336336336336337,0.4164164164164164,0.38144329896907214,0.006675567423230973,0.8163265306122448,0.03467029231815092,0.6122448979591836,0.25531914893617025,0.26586102719033233,0.0,1.0
0.6346346346346347,0.2042042042042042,0.48453608247422675,0.010680907877169559,0.01020408163265306,0.15023793337865396,0.3061224489795918,0.16666666666666669,0.5800604229607251,0.0,1.0
0.6356356356356356,0.7007007007007007,0.48453608247422675,0.010680907877169559,0.01020408163265306,0.10944935418082935,0.5102040816326531,0.15602836879432624,0.5800604229607251,0.0,1.0
0.6366366366366366,0.5135135135135135,0.17525773195876287,0.009345794392523364,0.8163265306122448,0.055064581917063225,0.8673469387755102,0.13120567375886527,0.5800604229607251,0.0,1.0
0.6376376376376377,0.7847847847847848,0.17525773195876287,0.009345794392523364,0.836734693877551,0.04146838885112169,0.9183673469387754,0.11347517730496455,0.5800604229607251,0.0,1.0
0.6386386386386387,0.5805805805805806,0.32989690721649484,0.006675567423230973,0.01020408163265306,0.15023793337865396,0.3061224489795918,0.13120567375886527,0.6858006042296072,0.0,1.0
0.6396396396396397,0.8208208208208209,0.32989690721649484,0.006675567423230973,0.01020408163265306,0.1026512576478586,0.5102040816326531,0.12056737588652482,0.6858006042296072,0.0,1.0
0.6406406406406406,0.4544544544544544,0.12371134020618557,0.0053404539385847796,0.8163265306122448,0.03467029231815092,0.9183673469387754,0.09574468085106384,0.6858006042296072,0.0,1.0
0.6416416416416416,0.7777777777777778,0.12371134020618557,0.0053404539385847796,0.836734693877551,0.021074099252209384,0.9387755102040816,0.07801418439716311,0.6858006042296072,0.0,1.0
0.6426426426426427,0.93993993993994,0.13402061855670103,0.008010680907877168,0.0510204081632653,0.055064581917063225,0.9183673469387754,0.09929078014184396,0.8036253776435045,0.0,1.0
0.6436436436436437,0.6756756756756757,0.13402061855670103,0.008010680907877168,0.0510204081632653,0.03467029231815092,0.9693877551020408,0.0851063829787234,0.8036253776435045,0.0,1.0
0.6446446446446447,0.9129129129129129,0.12371134020618557,0.007343124165554072,0.0510204081632653,0.055064581917063225,0.8979591836734693,0.09574468085106384,0.2416918429003021,0.0,1.0
0.6456456456456456,0.6486486486486487,0.12371134020618557,0.007343124165554072,0.0510204081632653,0.03331067301155677,0.9489795918367346,0.07801418439716311,0.2416918429003021,0.0,1.0
0.6466466466466466,0.5855855855855856,0.5876288659793815,0.008678237650200267,0.01020408163265306,0.18422841604350781,0.4081632653061224,0.21985815602836878,0.8036253776435045,0.0,1.0
0.6476476476476477,0.8248248248248248,0.5876288659793815,0.008678237650200267,0.01020408163265306,0.10944935418082935,0.6122448979591836,0.22695035460992907,0.8036253776435045,0.0,1.0
0.6486486486486487,0.5275275275275275,0.15463917525773196,0.008010680907877168,0.8163265306122448,0.04826648538409246,0.8673469387755102,0.13120567375886527,0.8036253776435045,0.0,1.0
0.6496496496496497,0.7887887887887888,0.15463917525773196,0.008010680907877168,0.836734693877551,0.03467029231815092,0.9183673469387754,0.11347517730496455,0.8036253776435045,0.0,1.0
0.6506506506506506,0.9289289289289289,0.15463917525773196,0.008678237650200267,0.0510204081632653,0.061862678450033994,0.8673469387755102,0.14893617021276595,0.6132930513595166,0.0,1.0
0.6516516516516516,0.6646646646646647,0.15463917525773196,0.008678237650200267,0.0510204081632653,0.04146838885112169,0.9183673469387754,0.13120567375886527,0.6132930513595166,0.0,1.0
0.6526526526526527,0.8488488488488488,0.1958762886597938,0.010680907877169559,0.0510204081632653,0.07545887151597552,0.8163265306122448,0.21985815602836878,0.6132930513595166,0.0,1.0
0.6536536536536537,0.8338338338338338,0.1958762886597938,0.010680907877169559,0.0510204081632653,0.055064581917063225,0.8673469387755102,0.2021276595744681,0.6132930513595166,0.0,1.0
0.6546546546546547,0.8908908908908909,0.21649484536082475,0.010680907877169559,0.6122448979591836,0.08905506458191706,0.7142857142857142,0.2730496453900709,0.6132930513595166,0.0,1.0
0.6556556556556556,0.997997997997998,0.25773195876288657,0.012016021361815754,0.6122448979591836,0.17063222297756628,0.6122448979591836,0.3262411347517731,0.6132930513595166,0.0,1.0
0.6566566566566566,0.036036036036036036,0.23711340206185566,0.010680907877169559,0.8163265306122448,0.0822569680489463,0.7142857142857142,0.30851063829787234,0.6132930513595166,0.0,1.0
0.6576576576576577,0.3103103103103103,0.38144329896907214,0.012016021361815754,0.01020408163265306,0.3881713120326309,0.9183673469387754,0.3617021276595745,0.6132930513595166,0.0,1.0
0.6586586586586587,0.7197197197197197,0.38144329896907214,0.012016021361815754,0.01020408163265306,0.2522093813732155,0.9693877551020408,0.3262411347517731,0.6132930513595166,0.0,1.0
0.6596596596596597,0.24424424424424424,0.7938144329896907,0.010680907877169559,0.0,0.1434398368456832,0.9693877551020408,0.34397163120567376,0.6132930513595166,0.0,1.0
0.6606606606606606,0.16716716716716717,0.15463917525773196,0.006675567423230973,0.8163265306122448,0.04146838885112169,0.7142857142857142,0.2730496453900709,0.9909365558912386,0.0,1.0
0.6616616616616616,0.16616616616616617,0.14432989690721648,0.006008010680907876,0.8673469387755102,0.038069340584636305,0.7346938775510203,0.2624113475177305,0.9909365558912386,0.0,1.0
0.6626626626626627,0.8408408408408409,0.15463917525773196,0.006675567423230973,0.01020408163265306,0.11624745071380013,0.7142857142857142,0.2375886524822695,0.9909365558912386,0.0,1.0
0.6636636636636637,0.5425425425425425,0.13402061855670103,0.006008010680907876,0.8163265306122448,0.04826648538409246,0.8673469387755102,0.21985815602836878,0.9909365558912386,0.0,1.0
0.6646646646646647,0.9179179179179179,0.14432989690721648,0.008010680907877168,0.0510204081632653,0.059143439836845675,0.9183673469387754,0.10638297872340426,0.30513595166163143,1.0,0.0
0.6656656656656657,0.6536536536536537,0.14432989690721648,0.008010680907877168,0.0510204081632653,0.037389530931339225,0.9693877551020408,0.0921985815602837,0.30513595166163143,0.0,1.0
0.6666666666666666,0.32732732732732733,0.08247422680412371,0.003337783711615487,0.8673469387755102,0.014276002719238616,0.8163265306122448,0.13120567375886527,0.30513595166163143,0.0,1.0
0.6676676676676677,0.025025025025025023,0.48453608247422675,0.008678237650200267,0.01020408163265306,0.21821889870836167,0.1020408163265306,0.2021276595744681,0.30513595166163143,1.0,0.0
0.6686686686686687,0.6286286286286287,0.48453608247422675,0.008678237650200267,0.01020408163265306,0.15023793337865396,0.3061224489795918,0.18439716312056736,0.30513595166163143,0.0,1.0
0.6696696696696697,0.21921921921921922,0.15463917525773196,0.006675567423230973,0.0,0.2522093813732155,0.2040816326530612,0.25531914893617025,0.30513595166163143,1.0,0.0
0.6706706706706707,0.7047047047047047,0.15463917525773196,0.006675567423230973,0.0,0.18422841604350781,0.4081632653061224,0.2375886524822695,0.30513595166163143,0.0,1.0
0.6716716716716716,0.5045045045045045,0.11340206185567009,0.004672897196261683,0.8163265306122448,0.04826648538409246,0.7142857142857142,0.16666666666666669,0.30513595166163143,0.0,1.0
0.6726726726726727,0.16816816816816815,0.4329896907216495,0.0053404539385847796,0.01020408163265306,0.18422841604350781,0.3061224489795918,0.14893617021276595,0.30513595166163143,0.0,1.0
0.6736736736736737,0.6996996996996997,0.4329896907216495,0.0053404539385847796,0.01020408163265306,0.12984364377974167,0.5102040816326531,0.14184397163120566,0.30513595166163143,0.0,1.0
0.6746746746746747,0.4984984984984985,0.12371134020618557,0.003337783711615487,0.7653061224489796,0.055064581917063225,0.7142857142857142,0.18439716312056736,0.30513595166163143,0.0,1.0
0.6756756756756757,0.9209209209209209,0.12371134020618557,0.0053404539385847796,0.0510204081632653,0.055064581917063225,0.9183673469387754,0.0921985815602837,0.3474320241691843,0.0,1.0
0.6766766766766767,0.6566566566566566,0.12371134020618557,0.0053404539385847796,0.0510204081632653,0.03467029231815092,0.9693877551020408,0.07801418439716311,0.3474320241691843,0.0,1.0
0.6776776776776777,0.8978978978978979,0.13402061855670103,0.006675567423230973,0.0510204081632653,0.056424201223657384,0.9183673469387754,0.09929078014184396,0.012084592145015106,0.0,1.0
0.6786786786786787,0.6336336336336337,0.13402061855670103,0.006675567423230973,0.0510204081632653,0.03602991162474507,0.9693877551020408,0.0851063829787234,0.012084592145015106,0.0,1.0
0.6796796796796797,0.938938938938939,0.14432989690721648,0.008010680907877168,0.0510204081632653,0.0584636301835486,0.9183673469387754,0.10638297872340426,0.7280966767371602,0.0,1.0
0.6806806806806807,0.6746746746746747,0.14432989690721648,0.008010680907877168,0.0510204081632653,0.038069340584636305,0.9693877551020408,0.0921985815602837,0.7280966767371602,0.0,1.0
0.6816816816816818,0.026026026026026026,0.12371134020618557,0.006675567423230973,0.8979591836734693,0.010876954452753232,0.7959183673469387,0.14893617021276595,0.7280966767371602,0.0,1.0
0.6826826826826827,0.980980980980981,0.13402061855670103,0.007343124165554072,0.9183673469387754,0.012916383412644464,0.7959183673469387,0.15602836879432624,0.7280966767371602,0.0,1.0
0.6836836836836837,0.5205205205205206,0.14432989690721648,0.008010680907877168,0.8163265306122448,0.04826648538409246,0.8673469387755102,0.12056737588652482,0.7280966767371602,0.0,1.0
0.6846846846846847,0.9219219219219219,0.13402061855670103,0.006675567423230973,0.0510204081632653,0.055064581917063225,0.9183673469387754,0.09929078014184396,0.40483383685800606,0.0,1.0
0.6856856856856857,0.6576576576576576,0.13402061855670103,0.006675567423230973,0.0510204081632653,0.03467029231815092,0.9693877551020408,0.0851063829787234,0.40483383685800606,0.0,1.0
0.6866866866866868,0.5615615615615616,0.27835051546391754,0.004005340453938584,0.01020408163265306,0.15023793337865396,0.3061224489795918,0.14893617021276595,0.40483383685800606,1.0,0.0
0.6876876876876877,0.8058058058058059,0.27835051546391754,0.004005340453938584,0.01020408163265306,0.1026512576478586,0.5102040816326531,0.14184397163120566,0.40483383685800606,0.0,1.0
0.6886886886886887,0.4804804804804805,0.17525773195876287,0.0053404539385847796,0.0510204081632653,0.16383412644459552,0.6122448979591836,0.21985815602836878,0.40483383685800606,0.0,1.0
0.6896896896896897,0.4724724724724725,0.16494845360824742,0.0053404539385847796,0.2040816326530612,0.10944935418082935,0.7142857142857142,0.2730496453900709,0.40483383685800606,0.0,1.0
0.6906906906906907,0.3993993993993994,0.32989690721649484,0.004672897196261683,0.8163265306122448,0.027872195785180152,0.6632653061224489,0.3262411347517731,0.40483383685800606,0.0,1.0
0.6916916916916918,0.8988988988988988,0.14432989690721648,0.008010680907877168,0.0510204081632653,0.061862678450033994,0.8979591836734693,0.10638297872340426,0.030211480362537763,0.0,1.0
0.6926926926926927,0.6346346346346347,0.14432989690721648,0.008010680907877168,0.0510204081632653,0.038069340584636305,0.9489795918367346,0.0921985815602837,0.030211480362537763,0.0,1.0
0.6936936936936937,0.8998998998998999,0.15463917525773196,0.009345794392523364,0.0510204081632653,0.06526172671651936,0.8979591836734693,0.11347517730496455,0.030211480362537763,0.0,1.0
0.6946946946946947,0.6356356356356356,0.15463917525773196,0.009345794392523364,0.0510204081632653,0.04146838885112169,0.9489795918367346,0.09929078014184396,0.030211480362537763,0.0,1.0
0.6956956956956957,0.9009009009009009,0.16494845360824742,0.010680907877169559,0.0510204081632653,0.06866077498300477,0.8979591836734693,0.12056737588652482,0.030211480362537763,0.0,1.0
0.6966966966966968,0.6366366366366366,0.16494845360824742,0.010680907877169559,0.0510204081632653,0.044867437117607066,0.9489795918367346,0.10638297872340426,0.030211480362537763,0.0,1.0
0.6976976976976977,0.42542542542542544,0.5360824742268041,0.010680907877169559,0.01020408163265306,0.15023793337865396,0.2040816326530612,0.07801418439716311,0.030211480362537763,1.0,0.0
0.6986986986986987,0.07207207207207207,0.4329896907216495,0.009345794392523364,0.4081632653061224,0.1026512576478586,0.3061224489795918,0.18439716312056736,0.030211480362537763,0.0,1.0
0.6996996996996997,0.5265265265265265,0.17525773195876287,0.008010680907877168,0.8163265306122448,0.04826648538409246,0.8673469387755102,0.13120567375886527,0.030211480362537763,0.0,1.0
0.7007007007007007,0.965965965965966,0.030927835051546393,0.0006675567423230972,0.0510204081632653,0.04146838885112169,0.8163265306122448,0.04255319148936171,0.5740181268882175,1.0,0.0
0.7017017017017018,0.7697697697697697,0.030927835051546393,0.0006675567423230972,0.0510204081632653,0.021074099252209384,0.9183673469387754,0.024822695035461,0.5740181268882175,0.0,1.0
0.7027027027027027,0.5695695695695696,0.22680412371134018,0.0013351134846461949,0.01020408163265306,0.13664174031271242,0.3061224489795918,0.07801418439716311,0.5740181268882175,1.0,0.0
0.7037037037037037,0.5685685685685685,0.27835051546391754,0.0020026702269692926,0.01020408163265306,0.18422841604350781,0.4081632653061224,0.11347517730496455,0.5740181268882175,0.0,1.0
0.7047047047047047,0.06406406406406406,0.1958762886597938,0.0013351134846461949,0.3061224489795918,0.0822569680489463,0.5102040816326531,0.14893617021276595,0.5740181268882175,0.0,1.0
0.7057057057057057,0.8448448448448448,0.030927835051546393,0.0006675567423230972,0.0510204081632653,0.04146838885112169,0.8163265306122448,0.04964539007092199,0.5740181268882175,0.0,1.0
0.7067067067067068,0.975975975975976,0.22680412371134018,0.0013351134846461949,0.01020408163265306,0.11624745071380013,0.4081632653061224,0.09574468085106384,0.5740181268882175,0.0,1.0
0.7077077077077077,0.13713713713713713,0.17525773195876287,0.0013351134846461949,0.8673469387755102,0.027872195785180152,0.6122448979591836,0.13120567375886527,0.5740181268882175,0.0,1.0
0.7087087087087087,0.968968968968969,0.07216494845360824,0.0013351134846461949,0.0510204081632653,0.04146838885112169,0.8673469387755102,0.04255319148936171,0.945619335347432,0.0,1.0
0.7097097097097097,0.7727727727727728,0.07216494845360824,0.0013351134846461949,0.0510204081632653,0.021074099252209384,0.9387755102040816,0.03546099290780143,0.945619335347432,0.0,1.0
0.7107107107107107,0.5935935935935935,0.27835051546391754,0.0026702269692923893,0.01020408163265306,0.21821889870836167,0.1020408163265306,0.07801418439716311,0.945619335347432,1.0,0.0
0.7117117117117118,0.5925925925925926,0.22680412371134018,0.0020026702269692926,0.01020408163265306,0.13664174031271242,0.3061224489795918,0.060283687943262415,0.945619335347432,0.0,1.0
0.7127127127127127,0.06806806806806806,0.1958762886597938,0.0020026702269692926,0.3061224489795918,0.0822569680489463,0.4591836734693877,0.09574468085106384,0.945619335347432,0.0,1.0
0.7137137137137137,0.9619619619619619,0.020618556701030924,0.0006675567423230972,0.0510204081632653,0.04146838885112169,0.8163265306122448,0.03546099290780143,0.4743202416918429,0.0,1.0
0.7147147147147147,0.7647647647647647,0.020618556701030924,0.0006675567423230972,0.0510204081632653,0.021074099252209384,0.9183673469387754,0.021276595744680854,0.4743202416918429,0.0,1.0
0.7157157157157157,0.974974974974975,0.0,0.0,0.0510204081632653,0.038069340584636305,0.8673469387755102,0.00709219858156028,0.4743202416918429,0.0,1.0
0.7167167167167168,0.8388388388388388,0.0,0.0,0.0510204081632653,0.014276002719238616,0.9387755102040816,0.0,0.4743202416918429,0.0,1.0
0.7177177177177178,0.3113113113113113,0.27835051546391754,0.0013351134846461949,0.01020408163265306,0.2522093813732155,0.2040816326530612,0.14893617021276595,0.4743202416918429,0.0,1.0
0.7187187187187187,0.13513513513513514,0.22680412371134018,0.0013351134846461949,0.8673469387755102,0.027872195785180152,0.6632653061224489,0.13120567375886527,0.4743202416918429,0.0,1.0
0.7197197197197197,0.948948948948949,0.13402061855670103,0.008010680907877168,0.0510204081632653,0.055064581917063225,0.9183673469387754,0.10283687943262411,0.9637462235649547,0.0,1.0
0.7207207207207207,0.6846846846846847,0.13402061855670103,0.008010680907877168,0.0510204081632653,0.03467029231815092,0.9693877551020408,0.0851063829787234,0.9637462235649547,0.0,1.0
0.7217217217217218,0.3313313313313313,0.07216494845360824,0.0026702269692923893,0.8673469387755102,0.014276002719238616,0.8163265306122448,0.12056737588652482,0.9637462235649547,0.0,1.0
0.7227227227227228,0.5955955955955956,0.5876288659793815,0.008678237650200267,0.01020408163265306,0.18422841604350781,0.4081632653061224,0.21985815602836878,0.9637462235649547,1.0,0.0
0.7237237237237237,0.8278278278278278,0.5876288659793815,0.008678237650200267,0.01020408163265306,0.1026512576478586,0.6122448979591836,0.22695035460992907,0.9637462235649547,0.0,1.0
0.7247247247247247,0.5345345345345345,0.22680412371134018,0.006675567423230973,0.7142857142857142,0.055064581917063225,0.8163265306122448,0.25531914893617025,0.9637462235649547,0.0,1.0
0.7257257257257257,0.963963963963964,0.020618556701030924,0.0013351134846461949,0.0510204081632653,0.04146838885112169,0.8673469387755102,0.060283687943262415,0.5830815709969789,0.0,1.0
0.7267267267267268,0.7677677677677678,0.020618556701030924,0.0013351134846461949,0.0510204081632653,0.021074099252209384,0.9183673469387754,0.04255319148936171,0.5830815709969789,0.0,1.0
0.7277277277277278,0.9719719719719719,0.13402061855670103,0.006675567423230973,0.0510204081632653,0.055064581917063225,0.8979591836734693,0.11347517730496455,0.2084592145015106,0.0,1.0
0.7287287287287287,0.7907907907907907,0.13402061855670103,0.006675567423230973,0.0510204081632653,0.03467029231815092,0.9387755102040816,0.09574468085106384,0.2084592145015106,0.0,1.0
0.7297297297297297,0.3253253253253253,0.061855670103092786,0.0020026702269692926,0.8673469387755102,0.014276002719238616,0.8163265306122448,0.11347517730496455,0.2084592145015106,0.0,1.0
0.7307307307307307,0.5555555555555556,0.5876288659793815,0.008678237650200267,0.01020408163265306,0.18422841604350781,0.4081632653061224,0.21985815602836878,0.2084592145015106,1.0,0.0
0.7317317317317318,0.7987987987987988,0.5876288659793815,0.008678237650200267,0.01020408163265306,0.1026512576478586,0.6122448979591836,0.22695035460992907,0.2084592145015106,0.0,1.0
0.7327327327327328,0.24224224224224225,0.7938144329896907,0.010680907877169559,0.0,0.1434398368456832,0.9693877551020408,0.3617021276595745,0.2084592145015106,0.0,1.0
0.7337337337337337,0.008008008008008008,0.6907216494845361,0.009345794392523364,0.01020408163265306,0.4901427600271924,0.9183673469387754,0.3971631205673759,0.2084592145015106,0.0,1.0
0.7347347347347347,0.5005005005005005,0.17525773195876287,0.006675567423230973,0.8163265306122448,0.04826648538409246,0.8673469387755102,0.25531914893617025,0.2084592145015106,0.0,1.0
0.7357357357357358,0.5835835835835835,0.5360824742268041,0.0053404539385847796,0.01020408163265306,0.15703602991162474,0.3061224489795918,0.14893617021276595,0.22356495468277945,0.0,1.0
0.7367367367367368,0.8228228228228228,0.5360824742268041,0.0053404539385847796,0.01020408163265306,0.10944935418082935,0.5102040816326531,0.14184397163120566,0.22356495468277945,0.0,1.0
0.7377377377377378,0.30930930930930933,0.6391752577319587,0.006675567423230973,0.01020408163265306,0.3881713120326309,0.9183673469387754,0.25531914893617025,0.22356495468277945,0.0,1.0
0.7387387387387387,0.5245245245245245,0.22680412371134018,0.004005340453938584,0.7653061224489796,0.07545887151597552,0.8163265306122448,0.21985815602836878,0.22356495468277945,0.0,1.0
0.7397397397397397,0.07107107107107107,0.48453608247422675,0.004672897196261683,0.4081632653061224,0.11624745071380013,0.5102040816326531,0.2021276595744681,0.22356495468277945,0.0,1.0
0.7407407407407408,0.9379379379379379,0.15463917525773196,0.009345794392523364,0.0510204081632653,0.060503059143439834,0.9183673469387754,0.11347517730496455,0.7220543806646526,0.0,1.0
0.7417417417417418,0.6736736736736737,0.15463917525773196,0.009345794392523364,0.0510204081632653,0.03602991162474507,0.9693877551020408,0.09929078014184396,0.7220543806646526,0.0,1.0
0.7427427427427428,0.27427427427427425,0.17525773195876287,0.01869158878504673,0.0,0.3201903467029232,0.1020408163265306,0.21985815602836878,0.716012084592145,0.0,1.0
0.7437437437437437,0.2752752752752753,0.27835051546391754,0.025367156208277706,0.0,0.2522093813732155,0.3061224489795918,0.46808510638297873,0.716012084592145,0.0,1.0
0.7447447447447447,0.27627627627627627,0.1958762886597938,0.017356475300400534,0.8163265306122448,0.0822569680489463,0.7142857142857142,0.29078014184397166,0.716012084592145,0.0,1.0
0.7457457457457458,0.5435435435435435,0.020618556701030924,0.0020026702269692926,0.0,0.2522093813732155,0.0,0.6453900709219859,0.716012084592145,0.0,1.0
0.7467467467467468,0.5445445445445445,0.020618556701030924,0.0020026702269692926,0.0,0.18422841604350781,0.0,0.46808510638297873,0.716012084592145,0.0,1.0
0.7477477477477478,0.5175175175175175,0.17525773195876287,0.012016021361815754,0.8163265306122448,0.061862678450033994,0.8673469387755102,0.18439716312056736,0.6918429003021148,0.0,1.0
0.7487487487487487,0.7857857857857857,0.17525773195876287,0.012016021361815754,0.836734693877551,0.04826648538409246,0.9183673469387754,0.16666666666666669,0.6918429003021148,0.0,1.0
0.7497497497497497,0.5795795795795796,0.48453608247422675,0.01535380507343124,0.01020408163265306,0.21821889870836167,0.3061224489795918,0.21985815602836878,0.6918429003021148,0.0,1.0
0.7507507507507508,0.8198198198198198,0.48453608247422675,0.01535380507343124,0.01020408163265306,0.15023793337865396,0.5102040816326531,0.2021276595744681,0.6918429003021148,0.0,1.0
0.7517517517517518,0.9829829829829829,0.32989690721649484,0.01869158878504673,0.6122448979591836,0.15023793337865396,0.6122448979591836,0.25531914893617025,0.6918429003021148,0.0,1.0
0.7527527527527528,0.06306306306306306,0.38144329896907214,0.013351134846461948,0.3061224489795918,0.11624745071380013,0.5102040816326531,0.2730496453900709,0.6918429003021148,0.0,1.0
0.7537537537537538,0.9039039039039038,0.17525773195876287,0.01535380507343124,0.0510204081632653,0.06866077498300477,0.8979591836734693,0.13120567375886527,0.11782477341389729,0.0,1.0
0.7547547547547547,0.6396396396396397,0.17525773195876287,0.01535380507343124,0.0510204081632653,0.04146838885112169,0.9489795918367346,0.11347517730496455,0.11782477341389729,0.0,1.0
0.7557557557557558,0.5505505505505506,0.6907216494845361,0.01869158878504673,0.01020408163265306,0.2522093813732155,0.5102040816326531,0.3262411347517731,0.11782477341389729,0.0,1.0
0.7567567567567568,0.7947947947947948,0.6907216494845361,0.01869158878504673,0.01020408163265306,0.17063222297756628,0.6632653061224489,0.30851063829787234,0.11782477341389729,0.0,1.0
0.7577577577577578,0.3033033033033033,0.7938144329896907,0.022029372496662217,0.0,0.4561522773623386,0.9183673469387754,0.4326241134751773,0.11782477341389729,0.0,1.0
0.7587587587587588,0.050050050050050046,0.48453608247422675,0.01535380507343124,0.3061224489795918,0.15023793337865396,0.5612244897959183,0.3617021276595745,0.11782477341389729,0.0,1.0
0.7597597597597597,0.8968968968968969,0.11340206185567009,0.0053404539385847796,0.0510204081632653,0.05166553365057785,0.9183673469387754,0.07801418439716311,0.006042296072507553,1.0,0.0
0.7607607607607608,0.6326326326326326,0.11340206185567009,0.0053404539385847796,0.0510204081632653,0.03331067301155677,0.9693877551020408,0.06382978723404255,0.006042296072507553,0.0,1.0
0.7617617617617618,0.49149149149149146,0.09278350515463918,0.004005340453938584,0.8163265306122448,0.04146838885112169,0.9183673469387754,0.060283687943262415,0.006042296072507553,0.0,1.0
0.7627627627627628,0.5455455455455456,0.4329896907216495,0.010680907877169559,0.01020408163265306,0.18422841604350781,0.3061224489795918,0.14893617021276595,0.006042296072507553,0.0,1.0
0.7637637637637638,0.7917917917917918,0.4329896907216495,0.010680907877169559,0.01020408163265306,0.11624745071380013,0.5102040816326531,0.14184397163120566,0.006042296072507553,0.0,1.0
0.7647647647647647,0.960960960960961,0.030927835051546393,0.0013351134846461949,0.0510204081632653,0.04146838885112169,0.8673469387755102,0.04255319148936171,0.32326283987915405,1.0,0.0
0.7657657657657658,0.7637637637637638,0.030927835051546393,0.0013351134846461949,0.0510204081632653,0.021074099252209384,0.9183673469387754,0.028368794326241134,0.32326283987915405,0.0,1.0
0.7667667667667668,0.5605605605605606,0.22680412371134018,0.004005340453938584,0.01020408163265306,0.15023793337865396,0.3061224489795918,0.07801418439716311,0.32326283987915405,0.0,1.0
0.7677677677677678,0.8048048048048048,0.22680412371134018,0.004005340453938584,0.01020408163265306,0.1026512576478586,0.5102040816326531,0.07092198581560284,0.32326283987915405,0.0,1.0
0.7687687687687688,0.13013013013013014,0.15463917525773196,0.0026702269692923893,0.8673469387755102,0.027872195785180152,0.6122448979591836,0.13120567375886527,0.32326283987915405,0.0,1.0
0.7697697697697697,0.5415415415415415,0.13402061855670103,0.0053404539385847796,0.8163265306122448,0.04826648538409246,0.8673469387755102,0.09574468085106384,0.32326283987915405,0.0,1.0
0.7707707707707708,0.944944944944945,0.13402061855670103,0.008010680907877168,0.0510204081632653,0.055064581917063225,0.9183673469387754,0.09929078014184396,0.8640483383685801,0.0,1.0
0.7717717717717718,0.6806806806806807,0.13402061855670103,0.008010680907877168,0.0510204081632653,0.03467029231815092,0.9693877551020408,0.0851063829787234,0.8640483383685801,0.0,1.0
0.7727727727727728,0.5295295295295295,0.07216494845360824,0.0026702269692923893,0.8163265306122448,0.03467029231815092,0.9183673469387754,0.060283687943262415,0.8640483383685801,0.0,1.0
0.7737737737737738,0.5875875875875876,0.38144329896907214,0.009345794392523364,0.01020408163265306,0.18422841604350781,0.3061224489795918,0.14893617021276595,0.8640483383685801,0.0,1.0
0.7747747747747747,0.07307307307307308,0.17525773195876287,0.008010680907877168,0.4081632653061224,0.0822569680489463,0.6122448979591836,0.21985815602836878,0.8640483383685801,0.0,1.0
0.7757757757757758,0.8958958958958959,0.13402061855670103,0.006675567423230973,0.0510204081632653,0.055064581917063225,0.9183673469387754,0.09574468085106384,0.0,0.0,1.0
0.7767767767767768,0.6316316316316316,0.13402061855670103,0.006675567423230973,0.0510204081632653,0.03467029231815092,0.9693877551020408,0.08156028368794326,0.0,0.0,1.0
0.7777777777777778,0.44644644644644643,0.11340206185567009,0.004005340453938584,0.8163265306122448,0.04146838885112169,0.9183673469387754,0.07801418439716311,0.0,0.0,1.0
0.7787787787787788,0.5705705705705706,0.27835051546391754,0.0053404539385847796,0.01020408163265306,0.15023793337865396,0.3061224489795918,0.11347517730496455,0.0,0.0,1.0
0.7797797797797797,0.8138138138138138,0.27835051546391754,0.0053404539385847796,0.01020408163265306,0.1026512576478586,0.5102040816326531,0.10638297872340426,0.0,0.0,1.0
0.7807807807807808,0.056056056056056056,0.22680412371134018,0.004672897196261683,0.4081632653061224,0.09585316111488784,0.5102040816326531,0.18439716312056736,0.0,0.0,1.0
0.7817817817817818,0.13913913913913914,0.17525773195876287,0.004005340453938584,0.8673469387755102,0.027872195785180152,0.6122448979591836,0.25531914893617025,0.0,0.0,1.0
0.7827827827827828,0.958958958958959,0.13402061855670103,0.008010680907877168,0.0510204081632653,0.055064581917063225,0.8979591836734693,0.10638297872340426,0.2719033232628399,0.0,1.0
0.7837837837837838,0.7617617617617618,0.13402061855670103,0.008010680907877168,0.0510204081632653,0.03467029231815092,0.9387755102040816,0.0921985815602837,0.2719033232628399,0.0,1.0
0.7847847847847848,0.5235235235235235,0.09278350515463918,0.004005340453938584,0.8163265306122448,0.03467029231815092,0.9183673469387754,0.07801418439716311,0.2719033232628399,0.0,1.0
0.7857857857857858,0.7877877877877878,0.09278350515463918,0.004005340453938584,0.836734693877551,0.021074099252209384,0.9387755102040816,0.07092198581560284,0.2719033232628399,0.0,1.0
0.7867867867867868,0.5495495495495496,0.27835051546391754,0.0053404539385847796,0.01020408163265306,0.15023793337865396,0.3061224489795918,0.11347517730496455,0.2719033232628399,1.0,0.0
0.7877877877877878,0.7937937937937938,0.27835051546391754,0.0053404539385847796,0.01020408163265306,0.1026512576478586,0.5102040816326531,0.10638297872340426,0.2719033232628399,0.0,1.0
0.7887887887887888,0.4944944944944945,0.12371134020618557,0.004005340453938584,0.8163265306122448,0.04146838885112169,0.8673469387755102,0.09574468085106384,0.2719033232628399,0.0,1.0
0.7897897897897898,0.12512512512512514,0.17525773195876287,0.004005340453938584,0.8673469387755102,0.027872195785180152,0.6122448979591836,0.21985815602836878,0.2719033232628399,0.0,1.0
0.7907907907907908,0.9029029029029029,0.12371134020618557,0.0053404539385847796,0.0510204081632653,0.055064581917063225,0.9183673469387754,0.0851063829787234,0.06646525679758308,0.0,1.0
0.7917917917917918,0.6386386386386387,0.12371134020618557,0.0053404539385847796,0.0510204081632653,0.03467029231815092,0.9693877551020408,0.07092198581560284,0.06646525679758308,0.0,1.0
0.7927927927927928,0.44744744744744747,0.11340206185567009,0.004005340453938584,0.8163265306122448,0.04146838885112169,0.9183673469387754,0.07801418439716311,0.06646525679758308,0.0,1.0
0.7937937937937938,0.5715715715715716,0.27835051546391754,0.0053404539385847796,0.01020408163265306,0.15023793337865396,0.3061224489795918,0.11347517730496455,0.06646525679758308,0.0,1.0
0.7947947947947948,0.14014014014014015,0.17525773195876287,0.004005340453938584,0.8673469387755102,0.027872195785180152,0.6122448979591836,0.21985815602836878,0.06646525679758308,0.0,1.0
0.7957957957957958,0.9519519519519519,0.15463917525773196,0.009345794392523364,0.0510204081632653,0.061862678450033994,0.8979591836734693,0.11347517730496455,0.9969788519637462,0.0,1.0
0.7967967967967968,0.6876876876876877,0.15463917525773196,0.009345794392523364,0.0510204081632653,0.04146838885112169,0.9489795918367346,0.09929078014184396,0.9969788519637462,0.0,1.0
0.7977977977977978,0.3383383383383383,0.09278350515463918,0.004672897196261683,0.8673469387755102,0.014276002719238616,0.8163265306122448,0.13120567375886527,0.9969788519637462,0.0,1.0
0.7987987987987988,0.5985985985985985,0.6391752577319587,0.010680907877169559,0.01020408163265306,0.18422841604350781,0.4081632653061224,0.2375886524822695,0.9969788519637462,0.0,1.0
0.7997997997997998,0.8308308308308309,0.6391752577319587,0.010680907877169559,0.01020408163265306,0.1026512576478586,0.6122448979591836,0.22695035460992907,0.9969788519637462,0.0,1.0
0.8008008008008008,0.9229229229229229,0.15463917525773196,0.009345794392523364,0.0510204081632653,0.061862678450033994,0.9183673469387754,0.10638297872340426,0.41389728096676737,0.0,1.0
0.8018018018018018,0.6586586586586587,0.15463917525773196,0.009345794392523364,0.0510204081632653,0.03602991162474507,0.9693877551020408,0.0921985815602837,0.41389728096676737,0.0,1.0
0.8028028028028028,0.5625625625625625,0.6907216494845361,0.01535380507343124,0.01020408163265306,0.18422841604350781,0.5102040816326531,0.25531914893617025,0.41389728096676737,1.0,0.0
0.8038038038038038,0.8068068068068068,0.6907216494845361,0.01535380507343124,0.01020408163265306,0.12984364377974167,0.6632653061224489,0.2375886524822695,0.41389728096676737,0.0,1.0
0.8048048048048049,0.3363363363363363,0.09278350515463918,0.004672897196261683,0.8673469387755102,0.014276002719238616,0.8163265306122448,0.13120567375886527,0.41389728096676737,0.0,1.0
0.8058058058058059,0.5095095095095095,0.04123711340206185,0.0013351134846461949,0.8163265306122448,0.027872195785180152,0.9183673469387754,0.060283687943262415,0.41389728096676737,0.0,1.0
0.8068068068068068,0.05305305305305305,0.22680412371134018,0.004005340453938584,0.4081632653061224,0.0822569680489463,0.5102040816326531,0.18439716312056736,0.41389728096676737,0.0,1.0
0.8078078078078078,0.13213213213213212,0.17525773195876287,0.003337783711615487,0.8673469387755102,0.027872195785180152,0.6122448979591836,0.21985815602836878,0.41389728096676737,0.0,1.0
0.8088088088088088,0.94994994994995,0.15463917525773196,0.009345794392523364,0.0510204081632653,0.061862678450033994,0.9183673469387754,0.10638297872340426,0.9788519637462235,0.0,1.0
0.8098098098098099,0.6856856856856857,0.15463917525773196,0.009345794392523364,0.0510204081632653,0.03602991162474507,0.9693877551020408,0.0921985815602837,0.9788519637462235,0.0,1.0
0.8108108108108109,0.5965965965965966,0.6907216494845361,0.01535380507343124,0.01020408163265306,0.18422841604350781,0.5102040816326531,0.25531914893617025,0.9788519637462235,0.0,1.0
0.8118118118118118,0.8288288288288288,0.6907216494845361,0.01535380507343124,0.01020408163265306,0.12984364377974167,0.6632653061224489,0.2375886524822695,0.9788519637462235,0.0,1.0
0.8128128128128128,0.33733733733733734,0.09278350515463918,0.004672897196261683,0.8673469387755102,0.014276002719238616,0.8163265306122448,0.13120567375886527,0.9788519637462235,0.0,1.0
0.8138138138138138,0.5355355355355356,0.04123711340206185,0.0013351134846461949,0.8163265306122448,0.027872195785180152,0.9183673469387754,0.060283687943262415,0.9788519637462235,0.0,1.0
0.8148148148148149,0.07707707707707707,0.22680412371134018,0.004005340453938584,0.4081632653061224,0.0822569680489463,0.5102040816326531,0.18439716312056736,0.9788519637462235,0.0,1.0
0.8158158158158159,0.16516516516516516,0.17525773195876287,0.003337783711615487,0.8673469387755102,0.027872195785180152,0.6122448979591836,0.21985815602836878,0.9788519637462235,0.0,1.0
0.8168168168168168,0.92992992992993,0.15463917525773196,0.009345794392523364,0.0510204081632653,0.061862678450033994,0.8979591836734693,0.11347517730496455,0.6253776435045317,0.0,1.0
0.8178178178178178,0.6656656656656657,0.15463917525773196,0.009345794392523364,0.0510204081632653,0.04146838885112169,0.9489795918367346,0.09929078014184396,0.6253776435045317,0.0,1.0
0.8188188188188188,0.5725725725725725,0.6391752577319587,0.010680907877169559,0.01020408163265306,0.18422841604350781,0.3061224489795918,0.21985815602836878,0.6253776435045317,1.0,0.0
0.8198198198198199,0.8148148148148148,0.6391752577319587,0.010680907877169559,0.01020408163265306,0.11624745071380013,0.5102040816326531,0.21276595744680854,0.6253776435045317,0.0,1.0
0.8208208208208209,0.5145145145145145,0.14432989690721648,0.006675567423230973,0.8163265306122448,0.055064581917063225,0.8673469387755102,0.14893617021276595,0.6253776435045317,0.0,1.0
0.8218218218218218,0.14214214214214213,0.12371134020618557,0.006008010680907876,0.8979591836734693,0.010876954452753232,0.7959183673469387,0.14893617021276595,0.6253776435045317,0.0,1.0
0.8228228228228228,0.5735735735735735,0.6907216494845361,0.012016021361815754,0.01020408163265306,0.2522093813732155,0.2040816326530612,0.2375886524822695,0.6253776435045317,1.0,0.0
0.8238238238238238,0.6206206206206206,0.48453608247422675,0.009345794392523364,0.01020408163265306,0.15023793337865396,0.5102040816326531,0.21985815602836878,0.6253776435045317,0.0,1.0
0.8248248248248249,0.14114114114114115,0.38144329896907214,0.008010680907877168,0.8673469387755102,0.03467029231815092,0.6122448979591836,0.29078014184397166,0.6253776435045317,0.0,1.0
0.8258258258258259,0.9119119119119119,0.13402061855670103,0.006675567423230973,0.0510204081632653,0.055064581917063225,0.8979591836734693,0.10638297872340426,0.21450151057401812,1.0,0.0
0.8268268268268268,0.6476476476476476,0.13402061855670103,0.006675567423230973,0.0510204081632653,0.03467029231815092,0.9387755102040816,0.0921985815602837,0.21450151057401812,0.0,1.0
0.8278278278278278,0.29429429429429427,0.22680412371134018,0.008678237650200267,0.0510204081632653,0.18422841604350781,0.6122448979591836,0.29078014184397166,0.21450151057401812,1.0,0.0
0.8288288288288288,0.2932932932932933,0.22680412371134018,0.008678237650200267,0.2040816326530612,0.11624745071380013,0.7142857142857142,0.3617021276595745,0.21450151057401812,0.0,1.0
0.8298298298298299,0.2952952952952953,0.27835051546391754,0.010680907877169559,0.0510204081632653,0.3881713120326309,0.3061224489795918,0.46808510638297873,0.21450151057401812,1.0,0.0
0.8308308308308309,0.7177177177177178,0.23711340206185566,0.009345794392523364,0.0510204081632653,0.15023793337865396,0.7653061224489796,0.3262411347517731,0.21450151057401812,0.0,1.0
0.8318318318318318,0.3973973973973974,0.48453608247422675,0.0053404539385847796,0.8163265306122448,0.021074099252209384,0.7142857142857142,0.3617021276595745,0.21450151057401812,0.0,1.0
0.8328328328328328,0.36236236236236236,0.5360824742268041,0.006008010680907876,0.01020408163265306,0.18422841604350781,0.4081632653061224,0.21985815602836878,0.21450151057401812,1.0,0.0
0.8338338338338338,0.42042042042042044,0.48453608247422675,0.0053404539385847796,0.01020408163265306,0.15703602991162474,0.4081632653061224,0.2021276595744681,0.21450151057401812,1.0,0.0
0.8348348348348349,0.7517517517517518,0.48453608247422675,0.0053404539385847796,0.01020408163265306,0.10944935418082935,0.5612244897959183,0.19148936170212766,0.21450151057401812,0.0,1.0
0.8358358358358359,0.5025025025025025,0.17525773195876287,0.006675567423230973,0.8163265306122448,0.055064581917063225,0.8673469387755102,0.25531914893617025,0.21450151057401812,0.0,1.0
0.8368368368368369,0.9159159159159159,0.12371134020618557,0.0053404539385847796,0.0510204081632653,0.055064581917063225,0.9183673469387754,0.07801418439716311,0.3021148036253776,1.0,0.0
0.8378378378378378,0.6516516516516516,0.12371134020618557,0.0053404539385847796,0.0510204081632653,0.03467029231815092,0.9693877551020408,0.06382978723404255,0.3021148036253776,0.0,1.0
0.8388388388388388,0.3353353353353353,0.09278350515463918,0.004672897196261683,0.8673469387755102,0.014276002719238616,0.8163265306122448,0.09574468085106384,0.3021148036253776,1.0,0.0
0.8398398398398399,0.5575575575575575,0.6391752577319587,0.008678237650200267,0.01020408163265306,0.18422841604350781,0.4081632653061224,0.18439716312056736,0.3021148036253776,1.0,0.0
0.8408408408408409,0.8018018018018018,0.6391752577319587,0.008678237650200267,0.01020408163265306,0.1026512576478586,0.6122448979591836,0.17730496453900707,0.3021148036253776,0.0,1.0
0.8418418418418419,0.5065065065065065,0.09278350515463918,0.004672897196261683,0.8673469387755102,0.014276002719238616,0.8673469387755102,0.0851063829787234,0.3021148036253776,0.0,1.0
0.8428428428428428,0.9059059059059059,0.13402061855670103,0.006675567423230973,0.0510204081632653,0.055064581917063225,0.9183673469387754,0.09574468085106384,0.1510574018126888,1.0,0.0
0.8438438438438438,0.6416416416416416,0.13402061855670103,0.006675567423230973,0.0510204081632653,0.03467029231815092,0.9693877551020408,0.08156028368794326,0.1510574018126888,1.0,0.0
0.8448448448448449,0.5515515515515516,0.22680412371134018,0.004005340453938584,0.01020408163265306,0.15023793337865396,0.3061224489795918,0.07801418439716311,0.1510574018126888,1.0,0.0
0.8458458458458459,0.7957957957957957,0.22680412371134018,0.004005340453938584,0.01020408163265306,0.1026512576478586,0.5102040816326531,0.07092198581560284,0.1510574018126888,0.0,1.0
0.8468468468468469,0.4954954954954955,0.09278350515463918,0.0026702269692923893,0.8163265306122448,0.04146838885112169,0.9183673469387754,0.060283687943262415,0.1510574018126888,0.0,1.0
0.8478478478478478,0.12612612612612611,0.17525773195876287,0.003337783711615487,0.8673469387755102,0.027872195785180152,0.6122448979591836,0.14893617021276595,0.1510574018126888,0.0,1.0
0.8488488488488488,0.9459459459459459,0.13402061855670103,0.006675567423230973,0.0510204081632653,0.055064581917063225,0.9183673469387754,0.09574468085106384,0.9033232628398792,0.0,1.0
0.8498498498498499,0.6816816816816816,0.13402061855670103,0.006675567423230973,0.0510204081632653,0.03467029231815092,0.9693877551020408,0.08156028368794326,0.9033232628398792,0.0,1.0
0.8508508508508509,0.5885885885885885,0.48453608247422675,0.006675567423230973,0.01020408163265306,0.18422841604350781,0.3061224489795918,0.18439716312056736,0.9033232628398792,1.0,0.0
0.8518518518518519,0.6236236236236237,0.4329896907216495,0.006008010680907876,0.01020408163265306,0.15023793337865396,0.5102040816326531,0.2021276595744681,0.9033232628398792,0.0,1.0
0.8528528528528528,0.5305305305305306,0.15463917525773196,0.0053404539385847796,0.7142857142857142,0.055064581917063225,0.8673469387755102,0.21985815602836878,0.9033232628398792,0.0,1.0
0.8538538538538538,0.16016016016016016,0.32989690721649484,0.004672897196261683,0.8673469387755102,0.027872195785180152,0.6122448979591836,0.25531914893617025,0.9033232628398792,0.0,1.0
0.8548548548548549,0.3123123123123123,0.5876288659793815,0.008678237650200267,0.01020408163265306,0.3881713120326309,0.2040816326530612,0.25531914893617025,0.9033232628398792,1.0,0.0
0.8558558558558559,0.5315315315315315,0.17525773195876287,0.0053404539385847796,0.6632653061224489,0.061862678450033994,0.7653061224489796,0.2730496453900709,0.9033232628398792,0.0,1.0
0.8568568568568569,0.9079079079079079,0.13402061855670103,0.006675567423230973,0.0510204081632653,0.055064581917063225,0.9183673469387754,0.11347517730496455,0.18126888217522658,0.0,1.0
0.8578578578578578,0.6436436436436437,0.13402061855670103,0.006675567423230973,0.0510204081632653,0.03467029231815092,0.9693877551020408,0.09574468085106384,0.18126888217522658,0.0,1.0
0.8588588588588588,0.5535535535535535,0.6391752577319587,0.008678237650200267,0.01020408163265306,0.18422841604350781,0.4081632653061224,0.21985815602836878,0.18126888217522658,1.0,0.0
0.8598598598598599,0.7977977977977978,0.6391752577319587,0.008678237650200267,0.01020408163265306,0.1026512576478586,0.6122448979591836,0.21276595744680854,0.18126888217522658,0.0,1.0
0.8608608608608609,0.4964964964964965,0.11340206185567009,0.0053404539385847796,0.8163265306122448,0.04826648538409246,0.8673469387755102,0.14893617021276595,0.18126888217522658,0.0,1.0
0.8618618618618619,0.12712712712712712,0.12371134020618557,0.006008010680907876,0.8979591836734693,0.010876954452753232,0.7959183673469387,0.14893617021276595,0.18126888217522658,0.0,1.0
0.8628628628628628,0.9089089089089089,0.13402061855670103,0.006675567423230973,0.0510204081632653,0.055064581917063225,0.9183673469387754,0.09574468085106384,0.1691842900302115,1.0,0.0
0.8638638638638639,0.6446446446446447,0.13402061855670103,0.006675567423230973,0.0510204081632653,0.03467029231815092,0.9693877551020408,0.08156028368794326,0.1691842900302115,1.0,0.0
0.8648648648648649,0.5545545545545546,0.5876288659793815,0.008678237650200267,0.01020408163265306,0.3881713120326309,0.2040816326530612,0.25531914893617025,0.1691842900302115,1.0,0.0
0.8658658658658659,0.6176176176176176,0.4329896907216495,0.006008010680907876,0.01020408163265306,0.15023793337865396,0.5102040816326531,0.2021276595744681,0.1691842900302115,0.0,1.0
0.8668668668668669,0.4974974974974975,0.15463917525773196,0.0053404539385847796,0.7142857142857142,0.055064581917063225,0.8673469387755102,0.21985815602836878,0.1691842900302115,0.0,1.0
0.8678678678678678,0.12812812812812813,0.32989690721649484,0.004672897196261683,0.8673469387755102,0.027872195785180152,0.6122448979591836,0.25531914893617025,0.1691842900302115,0.0,1.0
0.8688688688688689,0.9479479479479479,0.13402061855670103,0.006675567423230973,0.0510204081632653,0.055064581917063225,0.9183673469387754,0.09574468085106384,0.9486404833836858,1.0,0.0
0.8698698698698699,0.6836836836836837,0.13402061855670103,0.006675567423230973,0.0510204081632653,0.03467029231815092,0.9693877551020408,0.08156028368794326,0.9486404833836858,1.0,0.0
0.8708708708708709,0.5945945945945946,0.48453608247422675,0.006675567423230973,0.01020408163265306,0.18422841604350781,0.3061224489795918,0.18439716312056736,0.9486404833836858,1.0,0.0
0.8718718718718719,0.6256256256256256,0.4329896907216495,0.006008010680907876,0.01020408163265306,0.15023793337865396,0.5102040816326531,0.2021276595744681,0.9486404833836858,0.0,1.0
0.8728728728728729,0.5335335335335335,0.15463917525773196,0.0053404539385847796,0.7142857142857142,0.055064581917063225,0.8673469387755102,0.21985815602836878,0.9486404833836858,0.0,1.0
0.8738738738738739,0.16416416416416416,0.32989690721649484,0.004672897196261683,0.8673469387755102,0.027872195785180152,0.6122448979591836,0.25531914893617025,0.9486404833836858,0.0,1.0
0.8748748748748749,0.8878878878878879,0.020618556701030924,0.0006675567423230972,0.9183673469387754,0.027872195785180152,0.8163265306122448,0.07801418439716311,0.9486404833836858,1.0,0.0
0.8758758758758759,0.07607607607607608,0.32989690721649484,0.004005340453938584,0.8163265306122448,0.021074099252209384,0.6122448979591836,0.25531914893617025,0.9486404833836858,1.0,0.0
0.8768768768768769,0.16316316316316315,0.27835051546391754,0.003337783711615487,0.8673469387755102,0.021074099252209384,0.6632653061224489,0.2375886524822695,0.9486404833836858,0.0,1.0
0.8778778778778779,0.8368368368368369,0.020618556701030924,0.0006675567423230972,0.9183673469387754,0.017675050985724,0.8673469387755102,0.060283687943262415,0.9486404833836858,0.0,1.0
0.8788788788788789,0.934934934934935,0.13402061855670103,0.006675567423230973,0.0510204081632653,0.055064581917063225,0.9183673469387754,0.09574468085106384,0.7129909365558912,0.0,1.0
0.8798798798798799,0.6706706706706707,0.13402061855670103,0.006675567423230973,0.0510204081632653,0.03467029231815092,0.9693877551020408,0.08156028368794326,0.7129909365558912,0.0,1.0
0.8808808808808809,0.5825825825825826,0.48453608247422675,0.006675567423230973,0.01020408163265306,0.18422841604350781,0.3061224489795918,0.18439716312056736,0.7129909365558912,1.0,0.0
0.8818818818818819,0.6226226226226226,0.4329896907216495,0.006008010680907876,0.01020408163265306,0.15023793337865396,0.5102040816326531,0.2021276595744681,0.7129909365558912,0.0,1.0
0.8828828828828829,0.5195195195195195,0.15463917525773196,0.0053404539385847796,0.7142857142857142,0.055064581917063225,0.8673469387755102,0.21985815602836878,0.7129909365558912,0.0,1.0
0.883883883883884,0.14614614614614616,0.32989690721649484,0.004672897196261683,0.8673469387755102,0.027872195785180152,0.6122448979591836,0.25531914893617025,0.7129909365558912,0.0,1.0
0.8848848848848849,0.3083083083083083,0.7938144329896907,0.013351134846461948,0.0,0.3881713120326309,0.9183673469387754,0.29078014184397166,0.7129909365558912,1.0,0.0
0.8858858858858859,0.7187187187187187,0.7938144329896907,0.013351134846461948,0.0,0.2522093813732155,0.9693877551020408,0.2730496453900709,0.7129909365558912,0.0,1.0
0.8868868868868869,0.9259259259259259,0.13402061855670103,0.006675567423230973,0.0510204081632653,0.055064581917063225,0.9183673469387754,0.09574468085106384,0.5226586102719033,0.0,1.0
0.8878878878878879,0.6616616616616616,0.13402061855670103,0.006675567423230973,0.0510204081632653,0.03467029231815092,0.9693877551020408,0.08156028368794326,0.5226586102719033,0.0,1.0
0.888888888888889,0.5645645645645646,0.6391752577319587,0.010680907877169559,0.01020408163265306,0.1910265125764786,0.5102040816326531,0.21985815602836878,0.5226586102719033,1.0,0.0
0.8898898898898899,0.8098098098098098,0.6391752577319587,0.010680907877169559,0.01020408163265306,0.11624745071380013,0.7142857142857142,0.21276595744680854,0.5226586102719033,0.0,1.0
0.8908908908908909,0.5655655655655656,0.27835051546391754,0.0053404539385847796,0.01020408163265306,0.15023793337865396,0.3061224489795918,0.11347517730496455,0.5226586102719033,0.0,1.0
0.8918918918918919,0.6196196196196196,0.27835051546391754,0.0053404539385847796,0.01020408163265306,0.13664174031271242,0.5102040816326531,0.13120567375886527,0.5226586102719033,0.0,1.0
0.8928928928928929,0.13613613613613612,0.22680412371134018,0.004672897196261683,0.8673469387755102,0.027872195785180152,0.6122448979591836,0.21985815602836878,0.5226586102719033,0.0,1.0
0.893893893893894,0.5125125125125125,0.15463917525773196,0.006675567423230973,0.6122448979591836,0.055064581917063225,0.7653061224489796,0.25531914893617025,0.5226586102719033,0.0,1.0
0.8948948948948949,0.933933933933934,0.13402061855670103,0.006675567423230973,0.0510204081632653,0.055064581917063225,0.9183673469387754,0.09574468085106384,0.7099697885196374,0.0,1.0
0.8958958958958959,0.6696696696696697,0.13402061855670103,0.006675567423230973,0.0510204081632653,0.03467029231815092,0.9693877551020408,0.08156028368794326,0.7099697885196374,0.0,1.0
0.8968968968968969,0.5815815815815816,0.5876288659793815,0.008678237650200267,0.01020408163265306,0.18422841604350781,0.4081632653061224,0.21985815602836878,0.7099697885196374,1.0,0.0
0.8978978978978979,0.8218218218218218,0.5876288659793815,0.008678237650200267,0.01020408163265306,0.1026512576478586,0.6122448979591836,0.21276595744680854,0.7099697885196374,0.0,1.0
0.898898898898899,0.5185185185185185,0.15463917525773196,0.0053404539385847796,0.7142857142857142,0.055064581917063225,0.8673469387755102,0.21985815602836878,0.7099697885196374,0.0,1.0
0.8998998998998999,0.14514514514514515,0.32989690721649484,0.004672897196261683,0.8673469387755102,0.027872195785180152,0.6122448979591836,0.25531914893617025,0.7099697885196374,0.0,1.0
0.9009009009009009,0.9189189189189189,0.15463917525773196,0.010680907877169559,0.0510204081632653,0.061862678450033994,0.9183673469387754,0.11347517730496455,0.30513595166163143,1.0,0.0
0.9019019019019019,0.6546546546546547,0.15463917525773196,0.010680907877169559,0.0510204081632653,0.03602991162474507,0.9693877551020408,0.09929078014184396,0.30513595166163143,1.0,0.0
0.9029029029029029,0.3283283283283283,0.09278350515463918,0.004005340453938584,0.8673469387755102,0.014276002719238616,0.8163265306122448,0.13475177304964542,0.30513595166163143,0.0,1.0
0.903903903903904,0.5595595595595596,0.6907216494845361,0.012016021361815754,0.01020408163265306,0.2522093813732155,0.2040816326530612,0.25531914893617025,0.30513595166163143,1.0,0.0
0.9049049049049049,0.8038038038038038,0.6907216494845361,0.012016021361815754,0.01020408163265306,0.18422841604350781,0.4081632653061224,0.2375886524822695,0.30513595166163143,0.0,1.0
0.9059059059059059,0.5085085085085085,0.13402061855670103,0.008010680907877168,0.8163265306122448,0.055064581917063225,0.7653061224489796,0.14893617021276595,0.30513595166163143,0.0,1.0
0.9069069069069069,0.9369369369369369,0.12371134020618557,0.006008010680907876,0.0510204081632653,0.055064581917063225,0.9183673469387754,0.0921985815602837,0.716012084592145,0.0,1.0
0.9079079079079079,0.6726726726726726,0.12371134020618557,0.006008010680907876,0.0510204081632653,0.03467029231815092,0.9693877551020408,0.07801418439716311,0.716012084592145,0.0,1.0
0.908908908908909,0.3303303303303303,0.061855670103092786,0.0020026702269692926,0.8673469387755102,0.014276002719238616,0.8163265306122448,0.11347517730496455,0.716012084592145,0.0,1.0
0.9099099099099099,0.5485485485485485,0.5876288659793815,0.008678237650200267,0.01020408163265306,0.5241332426920462,0.1020408163265306,0.3617021276595745,0.716012084592145,1.0,0.0
0.9109109109109109,0.6156156156156156,0.6391752577319587,0.009345794392523364,0.01020408163265306,0.18422841604350781,0.4081632653061224,0.46808510638297873,0.716012084592145,0.0,1.0
0.9119119119119119,0.4934934934934935,0.25773195876288657,0.006675567423230973,0.7142857142857142,0.061862678450033994,0.7142857142857142,0.4326241134751773,0.716012084592145,0.0,1.0
0.9129129129129129,0.24624624624624625,0.6907216494845361,0.0053404539385847796,0.0,0.1434398368456832,0.9693877551020408,0.3971631205673759,0.716012084592145,1.0,0.0
0.913913913913914,0.5975975975975976,0.5876288659793815,0.006675567423230973,0.01020408163265306,0.18422841604350781,0.4081632653061224,0.21985815602836878,0.716012084592145,0.0,1.0
0.914914914914915,0.8298298298298298,0.5876288659793815,0.006675567423230973,0.01020408163265306,0.1026512576478586,0.6122448979591836,0.21276595744680854,0.716012084592145,0.0,1.0
0.9159159159159159,0.9309309309309309,0.15463917525773196,0.009345794392523364,0.0510204081632653,0.061862678450033994,0.9183673469387754,0.10638297872340426,0.6344410876132931,0.0,1.0
0.9169169169169169,0.6666666666666666,0.15463917525773196,0.009345794392523364,0.0510204081632653,0.03602991162474507,0.9693877551020408,0.0921985815602837,0.6344410876132931,0.0,1.0
0.9179179179179179,0.32932932932932935,0.08247422680412371,0.003337783711615487,0.8673469387755102,0.014276002719238616,0.8163265306122448,0.12765957446808512,0.6344410876132931,0.0,1.0
0.918918918918919,0.5745745745745746,0.6391752577319587,0.009345794392523364,0.01020408163265306,0.18422841604350781,0.4081632653061224,0.21985815602836878,0.6344410876132931,0.0,1.0
0.91991991991992,0.8158158158158159,0.6391752577319587,0.009345794392523364,0.01020408163265306,0.1026512576478586,0.6122448979591836,0.21276595744680854,0.6344410876132931,0.0,1.0
0.9209209209209209,0.5155155155155156,0.17525773195876287,0.0053404539385847796,0.8163265306122448,0.055064581917063225,0.8673469387755102,0.25531914893617025,0.6344410876132931,0.0,1.0
0.9219219219219219,0.5755755755755756,0.27835051546391754,0.0053404539385847796,0.01020408163265306,0.15023793337865396,0.3061224489795918,0.11347517730496455,0.6344410876132931,0.0,1.0
0.9229229229229229,0.6216216216216216,0.27835051546391754,0.0053404539385847796,0.01020408163265306,0.13664174031271242,0.5102040816326531,0.13120567375886527,0.6344410876132931,0.0,1.0
0.923923923923924,0.14314314314314314,0.22680412371134018,0.004672897196261683,0.8673469387755102,0.027872195785180152,0.6122448979591836,0.21985815602836878,0.6344410876132931,0.0,1.0
0.924924924924925,0.9269269269269269,0.17525773195876287,0.012016021361815754,0.0510204081632653,0.06866077498300477,0.8979591836734693,0.11347517730496455,0.540785498489426,0.0,1.0
0.9259259259259259,0.6626626626626626,0.17525773195876287,0.012016021361815754,0.0510204081632653,0.04146838885112169,0.9489795918367346,0.09929078014184396,0.540785498489426,0.0,1.0
0.9269269269269269,0.5675675675675675,0.6907216494845361,0.01869158878504673,0.01020408163265306,0.2522093813732155,0.5102040816326531,0.29078014184397166,0.540785498489426,0.0,1.0
0.9279279279279279,0.8118118118118118,0.6907216494845361,0.01869158878504673,0.01020408163265306,0.17063222297756628,0.6632653061224489,0.2730496453900709,0.540785498489426,0.0,1.0
0.928928928928929,0.3063063063063063,0.7938144329896907,0.022029372496662217,0.0,0.4561522773623386,0.9183673469387754,0.4326241134751773,0.540785498489426,0.0,1.0
0.92992992992993,0.05405405405405406,0.48453608247422675,0.01535380507343124,0.3061224489795918,0.15023793337865396,0.5612244897959183,0.3617021276595745,0.540785498489426,0.0,1.0
0.9309309309309309,0.9069069069069069,0.15463917525773196,0.009345794392523364,0.0510204081632653,0.061862678450033994,0.8979591836734693,0.10638297872340426,0.15709969788519637,0.0,1.0
0.9319319319319319,0.6426426426426426,0.15463917525773196,0.009345794392523364,0.0510204081632653,0.03602991162474507,0.9489795918367346,0.0921985815602837,0.15709969788519637,0.0,1.0
0.932932932932933,0.5525525525525525,0.6907216494845361,0.022029372496662217,0.01020408163265306,0.2522093813732155,0.5102040816326531,0.29078014184397166,0.15709969788519637,0.0,1.0
0.933933933933934,0.7967967967967968,0.6907216494845361,0.022029372496662217,0.01020408163265306,0.17063222297756628,0.6632653061224489,0.2730496453900709,0.15709969788519637,0.0,1.0
0.934934934934935,0.30430430430430433,0.845360824742268,0.025367156208277706,0.0,0.5241332426920462,0.9183673469387754,0.4326241134751773,0.15709969788519637,1.0,0.0
0.9359359359359359,0.12312312312312312,0.7938144329896907,0.02403204272363151,0.01020408163265306,0.4561522773623386,0.7142857142857142,0.46808510638297873,0.15709969788519637,0.0,1.0
0.9369369369369369,0.9109109109109109,0.13402061855670103,0.006675567423230973,0.0510204081632653,0.055064581917063225,0.9183673469387754,0.09574468085106384,0.2054380664652568,0.0,1.0
0.937937937937938,0.6466466466466466,0.13402061855670103,0.006675567423230973,0.0510204081632653,0.03467029231815092,0.9693877551020408,0.08156028368794326,0.2054380664652568,0.0,1.0
0.938938938938939,0.5015015015015015,0.07216494845360824,0.0026702269692923893,0.8163265306122448,0.03467029231815092,0.9183673469387754,0.060283687943262415,0.2054380664652568,0.0,1.0
0.93993993993994,0.5565565565565566,0.27835051546391754,0.0053404539385847796,0.01020408163265306,0.15023793337865396,0.3061224489795918,0.11347517730496455,0.2054380664652568,0.0,1.0
0.9409409409409409,0.7997997997997998,0.27835051546391754,0.0053404539385847796,0.01020408163265306,0.1026512576478586,0.5102040816326531,0.10638297872340426,0.2054380664652568,0.0,1.0
0.9419419419419419,0.12912912912912913,0.17525773195876287,0.004005340453938584,0.8673469387755102,0.027872195785180152,0.6122448979591836,0.21985815602836878,0.2054380664652568,0.0,1.0
0.942942942942943,0.9469469469469469,0.13402061855670103,0.006675567423230973,0.0510204081632653,0.055064581917063225,0.9183673469387754,0.09574468085106384,0.9274924471299094,0.0,1.0
0.943943943943944,0.6826826826826827,0.13402061855670103,0.006675567423230973,0.0510204081632653,0.03467029231815092,0.9693877551020408,0.08156028368794326,0.9274924471299094,0.0,1.0
0.944944944944945,0.5325325325325325,0.07216494845360824,0.0026702269692923893,0.8163265306122448,0.03467029231815092,0.9183673469387754,0.060283687943262415,0.9274924471299094,0.0,1.0
0.9459459459459459,0.5895895895895896,0.27835051546391754,0.0053404539385847796,0.01020408163265306,0.15023793337865396,0.3061224489795918,0.11347517730496455,0.9274924471299094,0.0,1.0
0.9469469469469469,0.8268268268268268,0.27835051546391754,0.0053404539385847796,0.01020408163265306,0.1026512576478586,0.5102040816326531,0.10638297872340426,0.9274924471299094,0.0,1.0
0.947947947947948,0.16116116116116116,0.17525773195876287,0.004005340453938584,0.8673469387755102,0.027872195785180152,0.6122448979591836,0.21985815602836878,0.9274924471299094,0.0,1.0
0.948948948948949,0.9239239239239239,0.13402061855670103,0.006675567423230973,0.0510204081632653,0.055064581917063225,0.9183673469387754,0.11347517730496455,0.4773413897280967,0.0,1.0
0.94994994994995,0.6596596596596597,0.13402061855670103,0.006675567423230973,0.0510204081632653,0.03467029231815092,0.9693877551020408,0.09574468085106384,0.4773413897280967,0.0,1.0
0.950950950950951,0.5115115115115115,0.07216494845360824,0.0026702269692923893,0.8163265306122448,0.03467029231815092,0.9183673469387754,0.07801418439716311,0.4773413897280967,0.0,1.0
0.9519519519519519,0.5635635635635635,0.27835051546391754,0.0053404539385847796,0.01020408163265306,0.15023793337865396,0.3061224489795918,0.13120567375886527,0.4773413897280967,0.0,1.0
0.952952952952953,0.8088088088088088,0.27835051546391754,0.0053404539385847796,0.01020408163265306,0.1026512576478586,0.5102040816326531,0.11347517730496455,0.4773413897280967,0.0,1.0
0.953953953953954,0.13413413413413414,0.17525773195876287,0.004005340453938584,0.8673469387755102,0.027872195785180152,0.6122448979591836,0.2375886524822695,0.4773413897280967,0.0,1.0
0.954954954954955,0.9169169169169169,0.12371134020618557,0.006008010680907876,0.0510204081632653,0.055064581917063225,0.9183673469387754,0.0921985815602837,0.3081570996978852,0.0,1.0
0.955955955955956,0.6526526526526526,0.12371134020618557,0.006008010680907876,0.0510204081632653,0.03467029231815092,0.9693877551020408,0.07801418439716311,0.3081570996978852,0.0,1.0
0.9569569569569569,0.3263263263263263,0.061855670103092786,0.0020026702269692926,0.8673469387755102,0.014276002719238616,0.8163265306122448,0.11347517730496455,0.3081570996978852,0.0,1.0
0.957957957957958,0.5585585585585585,0.5876288659793815,0.008678237650200267,0.01020408163265306,0.18422841604350781,0.4081632653061224,0.21985815602836878,0.3081570996978852,0.0,1.0
0.958958958958959,0.8028028028028028,0.5876288659793815,0.008678237650200267,0.01020408163265306,0.1026512576478586,0.6122448979591836,0.21276595744680854,0.3081570996978852,0.0,1.0
0.95995995995996,0.5075075075075075,0.15463917525773196,0.0053404539385847796,0.8163265306122448,0.04826648538409246,0.8673469387755102,0.18439716312056736,0.3081570996978852,0.0,1.0
0.960960960960961,0.9019019019019019,0.15463917525773196,0.010680907877169559,0.0510204081632653,0.061862678450033994,0.8979591836734693,0.10638297872340426,0.045317220543806644,0.0,1.0
0.9619619619619619,0.6376376376376376,0.15463917525773196,0.010680907877169559,0.0510204081632653,0.03602991162474507,0.9489795918367346,0.0921985815602837,0.045317220543806644,0.0,1.0
0.962962962962963,0.33233233233233234,0.09278350515463918,0.004672897196261683,0.8673469387755102,0.014276002719238616,0.8163265306122448,0.13120567375886527,0.045317220543806644,0.0,1.0
0.963963963963964,0.5475475475475475,0.6391752577319587,0.010680907877169559,0.01020408163265306,0.18422841604350781,0.4081632653061224,0.21985815602836878,0.045317220543806644,0.0,1.0
0.964964964964965,0.7927927927927928,0.6391752577319587,0.010680907877169559,0.01020408163265306,0.1026512576478586,0.6122448979591836,0.21276595744680854,0.045317220543806644,0.0,1.0
0.965965965965966,0.4924924924924925,0.13402061855670103,0.006675567423230973,0.8163265306122448,0.04826648538409246,0.8673469387755102,0.14893617021276595,0.045317220543806644,0.0,1.0
0.9669669669669669,0.9329329329329329,0.1958762886597938,0.014686248331108142,0.0510204081632653,0.06866077498300477,0.8979591836734693,0.13120567375886527,0.6918429003021148,0.0,1.0
0.967967967967968,0.6686686686686687,0.1958762886597938,0.014686248331108142,0.0510204081632653,0.04146838885112169,0.9489795918367346,0.11347517730496455,0.6918429003021148,0.0,1.0
0.968968968968969,0.5785785785785785,0.6907216494845361,0.01869158878504673,0.01020408163265306,0.2522093813732155,0.5102040816326531,0.3617021276595745,0.6918429003021148,0.0,1.0
0.96996996996997,0.8188188188188188,0.6907216494845361,0.01869158878504673,0.01020408163265306,0.17063222297756628,0.6632653061224489,0.34397163120567376,0.6918429003021148,0.0,1.0
0.970970970970971,0.3073073073073073,0.7938144329896907,0.022029372496662217,0.0,0.4561522773623386,0.9183673469387754,0.46808510638297873,0.6918429003021148,0.0,1.0
0.9719719719719719,0.062062062062062065,0.48453608247422675,0.01535380507343124,0.3061224489795918,0.15023793337865396,0.5612244897959183,0.3971631205673759,0.6918429003021148,0.0,1.0
0.972972972972973,0.9049049049049049,0.17525773195876287,0.012016021361815754,0.0510204081632653,0.06866077498300477,0.8979591836734693,0.13120567375886527,0.12386706948640483,0.0,1.0
0.973973973973974,0.6406406406406406,0.17525773195876287,0.012016021361815754,0.0510204081632653,0.04146838885112169,0.9489795918367346,0.11347517730496455,0.12386706948640483,0.0,1.0
0.974974974974975,0.5465465465465466,0.32989690721649484,0.008678237650200267,0.01020408163265306,0.15023793337865396,0.3061224489795918,0.14893617021276595,0.12386706948640483,0.0,1.0
0.975975975975976,0.6186186186186187,0.32989690721649484,0.008678237650200267,0.01020408163265306,0.13664174031271242,0.5102040816326531,0.16666666666666669,0.12386706948640483,0.0,1.0
0.9769769769769769,0.12412412412412413,0.27835051546391754,0.008010680907877168,0.8673469387755102,0.03467029231815092,0.6122448979591836,0.2375886524822695,0.12386706948640483,0.0,1.0
0.977977977977978,0.5665665665665666,0.6907216494845361,0.022029372496662217,0.01020408163265306,0.2522093813732155,0.5102040816326531,0.29078014184397166,0.12386706948640483,0.0,1.0
0.978978978978979,0.8108108108108109,0.6907216494845361,0.022029372496662217,0.01020408163265306,0.17063222297756628,0.6632653061224489,0.2730496453900709,0.12386706948640483,0.0,1.0
0.97997997997998,0.3053053053053053,0.7938144329896907,0.025367156208277706,0.0,0.4561522773623386,0.9183673469387754,0.4326241134751773,0.12386706948640483,0.0,1.0
0.980980980980981,0.943943943943944,0.15463917525773196,0.009345794392523364,0.0510204081632653,0.061862678450033994,0.9183673469387754,0.10638297872340426,0.851963746223565,0.0,1.0
0.9819819819819819,0.6796796796796797,0.15463917525773196,0.009345794392523364,0.0510204081632653,0.03602991162474507,0.9693877551020408,0.0921985815602837,0.851963746223565,0.0,1.0
0.982982982982983,0.5285285285285285,0.12371134020618557,0.006675567423230973,0.8163265306122448,0.04826648538409246,0.9183673469387754,0.0851063829787234,0.851963746223565,0.0,1.0
0.983983983983984,0.5865865865865866,0.32989690721649484,0.006675567423230973,0.01020408163265306,0.15023793337865396,0.3061224489795918,0.11347517730496455,0.851963746223565,0.0,1.0
0.984984984984985,0.8258258258258259,0.32989690721649484,0.006675567423230973,0.01020408163265306,0.1026512576478586,0.5102040816326531,0.10638297872340426,0.851963746223565,0.0,1.0
0.985985985985986,0.15915915915915915,0.22680412371134018,0.0053404539385847796,0.8673469387755102,0.027872195785180152,0.6122448979591836,0.21985815602836878,0.851963746223565,0.0,1.0
0.986986986986987,0.9409409409409409,0.13402061855670103,0.008010680907877168,0.0510204081632653,0.055064581917063225,0.9183673469387754,0.09929078014184396,0.797583081570997,0.0,1.0
0.987987987987988,0.6766766766766766,0.13402061855670103,0.008010680907877168,0.0510204081632653,0.03467029231815092,0.9693877551020408,0.0851063829787234,0.797583081570997,0.0,1.0
0.988988988988989,0.5255255255255256,0.11340206185567009,0.006675567423230973,0.8163265306122448,0.04146838885112169,0.9183673469387754,0.07801418439716311,0.797583081570997,0.0,1.0
0.98998998998999,0.5845845845845846,0.5876288659793815,0.008678237650200267,0.01020408163265306,0.18422841604350781,0.4081632653061224,0.21985815602836878,0.797583081570997,0.0,1.0
0.990990990990991,0.8238238238238238,0.5876288659793815,0.008678237650200267,0.01020408163265306,0.1026512576478586,0.6122448979591836,0.21276595744680854,0.797583081570997,0.0,1.0
0.9919919919919921,0.15815815815815815,0.27835051546391754,0.0053404539385847796,0.8673469387755102,0.027872195785180152,0.6122448979591836,0.25531914893617025,0.797583081570997,0.0,1.0
0.992992992992993,0.9319319319319319,0.15463917525773196,0.008010680907877168,0.0510204081632653,0.061862678450033994,0.8979591836734693,0.11347517730496455,0.6616314199395771,0.0,1.0
0.993993993993994,0.6676676676676676,0.15463917525773196,0.008010680907877168,0.0510204081632653,0.04146838885112169,0.9489795918367346,0.09929078014184396,0.6616314199395771,0.0,1.0
0.994994994994995,0.5165165165165165,0.13402061855670103,0.006675567423230973,0.8163265306122448,0.04826648538409246,0.9183673469387754,0.09574468085106384,0.6616314199395771,0.0,1.0
0.995995995995996,0.5765765765765766,0.6391752577319587,0.010680907877169559,0.01020408163265306,0.18422841604350781,0.4081632653061224,0.25531914893617025,0.6616314199395771,0.0,1.0
0.9969969969969971,0.8168168168168168,0.6391752577319587,0.010680907877169559,0.01020408163265306,0.1026512576478586,0.6122448979591836,0.24822695035460995,0.6616314199395771,0.0,1.0
0.997997997997998,0.14414414414414414,0.27835051546391754,0.0053404539385847796,0.8673469387755102,0.027872195785180152,0.6122448979591836,0.2730496453900709,0.6616314199395771,0.0,1.0
0.998998998998999,0.9429429429429429,0.13402061855670103,0.006675567423230973,0.0510204081632653,0.055064581917063225,0.9183673469387754,0.09574468085106384,0.8489425981873112,0.0,1.0
1.0,0.6786786786786787,0.13402061855670103,0.006675567423230973,0.0510204081632653,0.03467029231815092,0.9693877551020408,0.08156028368794326,0.8489425981873112,0.0,1.0
