product_id,product_name,category,product_weight_kg,fragility_index,shipping_type
0.0,0.11426639621365788,0.6666666666666666,0.030748663101604273,0.25,0.0
0.00066711140760507,0.7437457741717377,0.5,0.017379679144385023,1.0,0.0
0.0013342228152101398,0.5855307640297498,0.16666666666666666,0.010695187165775399,0.75,0.5
0.00200133422281521,0.49019607843137253,1.0,0.004010695187165774,0.5,0.0
0.00266844563042028,0.801893171061528,0.6666666666666666,0.044117647058823525,0.25,0.5
0.0033355570380253496,0.04394861392832995,0.8333333333333333,0.07754010695187165,0.0,1.0
0.00400266844563042,0.29885057471264365,0.3333333333333333,0.05080213903743315,0.75,1.0
0.00466977985323549,0.21162947937795806,0.5,0.024064171122994648,0.75,0.5
0.00533689126084056,0.06152805949966193,0.6666666666666666,0.0374331550802139,0.25,0.0
0.00600400266844563,0.8154158215010142,0.16666666666666666,0.017379679144385023,0.25,0.5
0.0066711140760507,0.9350912778904665,1.0,0.010695187165775399,0.5,0.0
0.007338225483655769,0.41041244083840434,0.3333333333333333,0.0641711229946524,0.5,0.5
0.008005336891260841,0.4394861392832995,0.5,0.16443850267379675,1.0,0.0
0.00867244829886591,0.8566599053414469,0.5,0.030748663101604273,0.75,0.0
0.009339559706470981,0.6970926301555105,0.16666666666666666,0.024064171122994648,0.5,0.5
0.01000667111407605,0.06017579445571332,0.6666666666666666,0.030748663101604273,0.25,1.0
0.01067378252168112,0.7674104124408384,0.6666666666666666,0.010695187165775399,0.25,0.5
0.01134089392928619,0.9790398918187965,0.3333333333333333,0.07754010695187165,0.75,1.0
0.01200800533689126,0.08857336037863421,0.6666666666666666,0.024064171122994648,0.25,0.0
0.012675116744496331,0.5050709939148073,1.0,0.017379679144385023,0.5,0.0
0.0133422281521014,0.6024340770791075,0.16666666666666666,0.0374331550802139,0.75,0.5
0.014009339559706471,0.6173089925625422,0.5,0.004010695187165774,0.5,0.5
0.01467645096731154,0.8715348208248817,0.5,0.010695187165775399,0.5,0.0
0.01534356237491661,0.5469912102772143,0.8333333333333333,0.044117647058823525,0.0,0.0
0.01601067378252168,0.060851926977687626,0.6666666666666666,0.030748663101604273,0.25,0.5
0.01667778519012675,0.18458417849898578,0.16666666666666666,0.010695187165775399,0.25,0.5
0.01734489659773182,0.7809330628803245,0.6666666666666666,0.0374331550802139,0.25,0.0
0.01801200800533689,0.9621365787694388,0.3333333333333333,0.05080213903743315,0.5,0.5
0.01867911941294196,0.213657876943881,0.3333333333333333,0.030748663101604273,0.25,0.5
0.019346230820547032,0.3813387423935091,0.5,0.017379679144385023,0.75,0.0
0.0200133422281521,0.0581473968897904,0.8333333333333333,0.16443850267379675,0.0,1.0
0.02068045363575717,0.48884381338742394,1.0,0.017379679144385023,0.5,0.0
0.02134756504336224,0.7133198106828939,0.16666666666666666,0.030748663101604273,0.5,0.5
0.02201467645096731,0.8147396889790399,0.6666666666666666,0.044117647058823525,0.25,0.5
0.02268178785857238,0.10277214334009466,0.6666666666666666,0.024064171122994648,0.25,0.0
0.02334889926617745,0.12846517917511832,0.6666666666666666,0.017379679144385023,0.25,0.0
0.02401601067378252,0.47126436781609193,0.16666666666666666,0.024064171122994648,0.5,0.5
0.02468312208138759,0.8722109533468559,0.5,0.0374331550802139,0.75,0.0
0.025350233488992662,0.7660581473968898,0.5,0.010695187165775399,0.75,0.0
0.02601734489659773,0.949290060851927,1.0,0.030748663101604273,0.5,0.0
0.0266844563042028,0.881000676132522,0.6666666666666666,0.017379679144385023,0.25,0.0
0.02735156771180787,0.6017579445571332,0.16666666666666666,0.044117647058823525,0.75,0.5
0.02801867911941294,0.07505070993914807,0.6666666666666666,0.024064171122994648,0.25,0.5
0.028685790527018012,0.4124408384043272,0.6666666666666666,0.030748663101604273,0.25,0.5
0.02935290193462308,0.7944557133198107,0.6666666666666666,0.0374331550802139,0.25,0.5
0.03002001334222815,0.058823529411764705,0.8333333333333333,0.017379679144385023,0.0,0.0
0.030687124749833223,0.2129817444219067,0.6666666666666666,0.010695187165775399,0.25,0.5
0.031354236157438285,0.48951994590939824,1.0,0.004010695187165774,0.5,0.0
0.03202134756504336,0.9770114942528736,0.3333333333333333,0.13101604278074863,0.5,1.0
0.032688458972648424,0.21230561189993238,0.5,0.0641711229946524,0.75,0.5
0.033355570380253496,0.9918864097363083,0.5,0.007352941176470586,0.5,0.0
0.03402268178785857,0.29817444219066935,0.5,0.19786096256684488,0.75,0.5
0.034689793195463635,0.42934415145368493,0.5,0.2780748663101604,0.75,1.0
0.03535690460306871,0.6463826910074375,0.5,0.0160427807486631,0.5,0.0
0.03602401601067378,0.043272481406355645,0.5,0.05414438502673796,0.75,0.5
0.036691127418278846,0.35361730899256255,0.5,0.07085561497326202,0.75,0.0
0.03735823882588392,0.39621365787694385,0.5,0.024064171122994648,0.5,0.5
0.038025350233488985,0.7322515212981744,0.5,0.5788770053475935,0.75,1.0
0.03869246164109406,0.9783637592968222,0.5,0.030748663101604273,0.5,0.5
0.03935957304869913,0.9344151453684922,0.5,0.0013368983957219248,0.25,0.0
0.040026684456304196,0.3671399594320487,0.8333333333333333,0.057486631016042775,0.0,0.5
0.04069379586390927,0.5652467883705206,0.8333333333333333,0.1510695187165775,0.0,0.5
0.041360907271514334,0.7288708586883029,0.8333333333333333,0.0374331550802139,0.0,0.5
0.04202801867911941,0.1852603110209601,0.8333333333333333,0.024064171122994648,0.0,0.0
0.04269513008672448,0.4726166328600406,0.8333333333333333,0.0641711229946524,0.0,0.5
0.043362241494329545,0.6179851250845165,0.8333333333333333,0.030748663101604273,0.0,0.0
0.04402935290193462,0.08924949290060852,0.8333333333333333,0.020721925133689836,0.0,0.0
0.044696464309539684,0.14198782961460446,0.8333333333333333,0.07754010695187165,0.0,0.5
0.045363575717144757,0.6544962812711291,0.8333333333333333,0.044117647058823525,0.0,0.5
0.04603068712474983,0.5625422582826234,0.8333333333333333,0.05080213903743315,0.0,0.5
0.046697798532354895,0.6477349560513861,0.6666666666666666,0.024064171122994648,0.25,0.5
0.04736490993995997,0.3968897903989182,0.6666666666666666,0.030748663101604273,0.25,0.5
0.04803202134756503,0.5841784989858012,0.6666666666666666,0.0374331550802139,0.25,0.5
0.048699132755170106,0.6788370520622042,0.6666666666666666,0.33155080213903737,0.0,0.5
0.04936624416277518,0.8323191345503719,0.6666666666666666,0.13101604278074863,0.0,0.5
0.050033355570380245,0.1724137931034483,0.6666666666666666,0.057486631016042775,0.25,0.5
0.05070046697798532,0.5807978363759296,0.6666666666666666,0.0641711229946524,0.5,0.5
0.05136757838559039,0.28532792427315756,0.6666666666666666,0.07754010695187165,0.25,0.0
0.052034689793195456,0.32521974306964163,0.6666666666666666,0.030748663101604273,0.25,0.5
0.05270180120080053,0.8160919540229885,0.6666666666666666,0.044117647058823525,0.25,0.0
0.053368912608405594,0.45571331981068286,0.16666666666666666,0.004010695187165774,0.5,0.5
0.05403602401601067,0.255578093306288,0.16666666666666666,0.007352941176470586,0.75,0.5
0.05470313542361574,0.4881676808654496,0.16666666666666666,0.017379679144385023,0.5,0.5
0.055370246831220805,0.1575388776200135,0.16666666666666666,0.005347593582887699,0.5,0.5
0.05603735823882588,0.5185936443542934,0.16666666666666666,0.014037433155080211,0.5,0.5
0.056704469646430944,0.2704530087897228,0.16666666666666666,0.010695187165775399,0.25,0.5
0.05737158105403602,0.24070317782285328,0.16666666666666666,0.012032085561497324,0.5,0.5
0.05803869246164109,0.8411088573360379,0.16666666666666666,0.017379679144385023,0.25,0.5
0.058705803869246155,0.013522650439486139,0.16666666666666666,0.009358288770053473,0.5,0.5
0.05937291527685123,0.35429344151453684,0.16666666666666666,0.020721925133689836,0.25,0.5
0.060040026684456294,0.27180527383367137,1.0,0.05080213903743315,0.5,0.5
0.060707138092061366,0.19945909398242057,1.0,0.00267379679144385,0.5,0.0
0.06137424949966644,0.027721433400946585,1.0,0.0374331550802139,0.5,0.5
0.06204136090727151,0.3116970926301555,1.0,0.010695187165775399,0.5,0.0
0.06270847231487657,0.22718052738336714,1.0,0.0006684491978609622,0.5,0.0
0.06337558372248164,0.5341446923597025,1.0,0.0020053475935828875,0.5,0.0
0.06404269513008672,0.581473968897904,1.0,0.005347593582887699,0.5,0.5
0.06470980653769179,0.0,1.0,0.009358288770053473,0.25,0.5
0.06537691794529686,0.127789046653144,0.3333333333333333,0.020721925133689836,0.25,0.5
0.06604402935290192,0.8945233265720081,0.3333333333333333,0.0374331550802139,0.5,0.5
0.06671114076050699,0.9080459770114943,0.3333333333333333,0.024064171122994648,0.5,0.5
0.06737825216811207,0.4117647058823529,0.3333333333333333,0.07085561497326202,0.5,0.5
0.06804536357571714,0.6470588235294118,0.3333333333333333,0.08422459893048127,0.75,1.0
0.06871247498332221,0.3103448275862069,0.3333333333333333,0.10427807486631015,0.75,1.0
0.06937958639092727,0.9661933739012847,0.3333333333333333,0.0641711229946524,0.5,0.5
0.07004669779853234,0.22650439486139284,0.3333333333333333,0.057486631016042775,0.25,0.5
0.07071380920613742,0.7937795807978364,0.6666666666666666,0.05080213903743315,0.25,0.5
0.07138092061374249,0.7680865449628127,0.6666666666666666,0.014037433155080211,0.25,0.5
0.07204803202134756,0.1257606490872211,0.6666666666666666,0.0374331550802139,0.25,0.0
0.07271514342895263,0.06490872210953347,0.6666666666666666,0.057486631016042775,0.25,0.5
0.07338225483655769,0.8938471940500338,0.6666666666666666,0.024064171122994648,0.25,0.0
0.07404936624416276,0.13793103448275862,0.6666666666666666,0.020721925133689836,0.25,0.0
0.07471647765176784,0.6693711967545639,0.6666666666666666,0.0641711229946524,0.0,0.5
0.07538358905937291,0.8275862068965517,0.6666666666666666,0.0641711229946524,0.0,0.5
0.07605070046697798,0.3394185260311021,0.6666666666666666,0.03409090909090909,0.25,0.5
0.07671781187458304,0.4083840432724814,0.6666666666666666,0.05080213903743315,0.25,0.5
0.07738492328218811,0.762001352265044,0.5,0.01871657754010695,1.0,0.0
0.07805203468979319,0.7606490872210954,0.5,0.016711229946524058,1.0,0.0
0.07871914609739826,0.8573360378634212,0.5,0.04077540106951871,0.75,0.0
0.07938625750500333,0.8580121703853956,0.5,0.02740641711229946,0.75,0.0
0.08005336891260839,0.4530087897227857,0.5,0.1510695187165775,1.0,0.0
0.08072048032021346,0.45233265720081134,0.5,0.177807486631016,1.0,0.0
0.08138759172781854,0.39553752535496955,0.5,0.020721925133689836,0.75,0.0
0.08205470313542361,0.038539553752535496,0.5,0.057486631016042775,0.75,0.5
0.08272181454302868,0.9925625422582827,0.5,0.005347593582887699,0.5,0.0
0.08338892595063374,0.6423258958755916,0.5,0.012032085561497324,0.5,0.0
0.08405603735823881,0.7667342799188641,0.5,0.01136363636363636,0.75,0.0
0.08472314876584389,0.68289384719405,0.5,0.0320855614973262,0.5,0.5
0.08539026017344896,0.43272481406355645,0.5,0.33155080213903737,0.75,1.0
0.08605737158105403,0.7390128465179175,0.5,0.7326203208556148,0.75,1.0
0.08672448298865909,0.5801217038539553,0.8333333333333333,0.2981283422459893,0.0,0.5
0.08739159439626416,0.5618661257606491,0.8333333333333333,0.07085561497326202,0.0,0.5
0.08805870580386924,0.7281947261663286,0.8333333333333333,0.04745989304812834,0.0,0.5
0.08872581721147431,0.19675456389452334,0.8333333333333333,0.02740641711229946,0.0,0.0
0.08939292861907938,0.48140635564570655,0.8333333333333333,0.07754010695187165,0.0,0.5
0.09006004002668444,0.10209601081812035,0.8333333333333333,0.0641711229946524,0.0,0.5
0.09072715143428951,0.15618661257606492,0.8333333333333333,0.09759358288770052,0.0,0.5
0.09139426284189459,0.658553076402975,0.8333333333333333,0.05080213903743315,0.0,0.5
0.09206137424949966,0.563894523326572,0.8333333333333333,0.0641711229946524,0.0,0.5
0.09272848565710473,0.3705206220419202,0.8333333333333333,0.07085561497326202,0.0,0.5
0.09339559706470979,0.5963488843813387,0.16666666666666666,0.014037433155080211,0.75,0.5
0.09406270847231486,0.6071670047329276,0.16666666666666666,0.05080213903743315,0.75,0.5
0.09472981987991994,0.6977687626774848,0.16666666666666666,0.0374331550802139,0.5,0.5
0.09539693128752501,0.7254901960784313,0.16666666666666666,0.044117647058823525,0.5,0.5
0.09606404269513008,0.26774847870182555,0.16666666666666666,0.005347593582887699,0.75,0.5
0.09673115410273514,0.47058823529411764,0.16666666666666666,0.009358288770053473,0.5,0.5
0.09739826551034021,0.17038539553752535,0.16666666666666666,0.006684491978609625,0.5,0.5
0.09806537691794528,0.530764029749831,0.16666666666666666,0.017379679144385023,0.5,0.5
0.09873248832555036,0.8417849898580122,0.16666666666666666,0.02740641711229946,0.25,0.5
0.09939959973315543,0.3597025016903313,0.16666666666666666,0.024064171122994648,0.25,0.5
0.1000667111407605,0.5030425963488844,1.0,0.007352941176470586,0.5,0.0
0.10073382254836556,0.4989858012170385,1.0,0.014037433155080211,0.5,0.5
0.10140093395597063,0.5125084516565247,1.0,0.0160427807486631,0.5,0.0
0.10206804536357571,0.9432048681541582,1.0,0.020721925133689836,0.5,0.5
0.10273515677118078,0.9560513860716701,1.0,0.0374331550802139,0.5,0.5
0.10340226817878585,0.2799188640973631,1.0,0.0641711229946524,0.5,0.5
0.10406937958639091,0.028397565922920892,1.0,0.044117647058823525,0.5,0.5
0.10473649099399598,0.32454361054766734,1.0,0.014037433155080211,0.5,0.0
0.10540360240160106,0.23867478025693034,1.0,0.0,0.5,0.0
0.10607071380920613,0.5835023664638269,1.0,0.010695187165775399,0.5,0.5
0.1067378252168112,0.012846517917511832,1.0,0.017379679144385023,0.25,0.5
0.10740493662441626,0.9763353617308992,0.3333333333333333,0.0909090909090909,0.5,0.5
0.10807204803202133,0.9202163624070318,0.3333333333333333,0.057486631016042775,0.5,0.5
0.1087391594396264,0.9019607843137255,0.3333333333333333,0.05414438502673796,0.5,0.5
0.10940627084723148,0.30561189993238674,0.3333333333333333,0.06082887700534759,0.75,1.0
0.11007338225483655,0.991210277214334,0.3333333333333333,0.17112299465240638,0.75,1.0
0.11074049366244161,0.41784989858012167,0.3333333333333333,0.09759358288770052,0.5,0.5
0.11140760507004668,0.2251521298174442,0.3333333333333333,0.07085561497326202,0.25,0.5
0.11207471647765176,0.7985125084516566,0.6666666666666666,0.044117647058823525,0.25,0.5
0.11274182788525683,0.7843137254901961,0.6666666666666666,0.0641711229946524,0.25,0.5
0.1134089392928619,0.11359026369168357,0.6666666666666666,0.03409090909090909,0.25,0.0
0.11407605070046696,0.08586883029073698,0.6666666666666666,0.020721925133689836,0.25,0.5
0.11474316210807203,0.3258958755916159,0.6666666666666666,0.04077540106951871,0.25,0.5
0.1154102735156771,0.5848546315077755,0.6666666666666666,0.05080213903743315,0.25,0.5
0.11607738492328218,0.2893847194050034,0.6666666666666666,0.10427807486631015,0.25,0.0
0.11674449633088725,0.8248816768086544,0.6666666666666666,0.05414438502673796,0.25,0.0
0.11741160773849231,0.6700473292765382,0.6666666666666666,0.6657754010695186,0.0,1.0
0.11807871914609738,0.837052062204192,0.6666666666666666,0.33155080213903737,0.0,0.5
0.11874583055370246,0.7647058823529411,0.5,0.018048128342245985,1.0,0.0
0.11941294196130753,0.878972278566599,0.5,0.03409090909090909,0.75,0.0
0.1200800533689126,0.44083840432724813,0.5,0.19117647058823525,1.0,0.0
0.12074716477651766,0.9972954699121027,0.5,0.00802139037433155,0.5,0.0
0.12141427618412273,0.041244083840432724,0.5,0.044117647058823525,0.75,0.5
0.1220813875917278,0.933739012846518,0.5,0.00267379679144385,0.25,0.0
0.12274849899933288,0.6835699797160243,0.5,0.0374331550802139,0.5,0.5
0.12341561040693795,0.4381338742393509,0.5,0.4050802139037432,0.75,1.0
0.12408272181454301,0.742393509127789,0.5,0.9331550802139036,0.75,1.0
0.1247498332221481,0.34617985125084516,0.5,0.0909090909090909,0.75,0.0
0.12541694462975317,0.5747126436781609,0.8333333333333333,0.17112299465240638,0.0,0.5
0.12608405603735823,0.5578093306288032,0.8333333333333333,0.014037433155080211,0.0,0.0
0.12675116744496331,0.05949966193373901,0.8333333333333333,0.024064171122994648,0.0,0.0
0.12741827885256837,0.0973630831643002,0.8333333333333333,0.030748663101604273,0.0,0.5
0.12808539026017346,0.15010141987829614,0.8333333333333333,0.08422459893048127,0.0,0.5
0.12875250166777852,0.656524678837052,0.8333333333333333,0.04077540106951871,0.0,0.5
0.12941961307538358,0.5645706558485463,0.8333333333333333,0.057486631016042775,0.0,0.5
0.13008672448298866,0.3698444895199459,0.8333333333333333,0.08422459893048127,0.0,0.5
0.13075383589059372,0.486815415821501,0.8333333333333333,0.06082887700534759,0.0,0.5
0.1314209472981988,0.6213657876943881,0.8333333333333333,0.03409090909090909,0.0,0.0
0.13208805870580387,0.5862068965517241,0.16666666666666666,0.009358288770053473,0.75,0.5
0.13275517011340893,0.605814739688979,0.16666666666666666,0.057486631016042775,0.75,0.5
0.133422281521014,0.7106152805949966,0.16666666666666666,0.012032085561497324,0.5,0.5
0.13408939292861907,0.7173766058147397,0.16666666666666666,0.05080213903743315,0.5,0.5
0.13475650433622416,0.4719405003380662,0.16666666666666666,0.02740641711229946,0.5,0.5
0.13542361574382922,0.2711291413116971,0.16666666666666666,0.014037433155080211,0.25,0.5
0.13609072715143428,0.2440838404327248,0.16666666666666666,0.0160427807486631,0.5,0.5
0.13675783855903936,0.5240027045300879,0.16666666666666666,0.01871657754010695,0.5,0.5
0.13742494996664442,0.8539553752535497,0.16666666666666666,0.020721925133689836,0.25,0.5
0.1380920613742495,0.023664638269100743,0.16666666666666666,0.006684491978609625,0.5,0.5
0.13875917278185457,0.3563218390804598,0.16666666666666666,0.022727272727272724,0.25,0.5
0.13942628418945963,0.4983096686950642,1.0,0.009358288770053473,0.5,0.0
0.1400933955970647,0.5057471264367817,1.0,0.01871657754010695,0.5,0.0
0.14076050700466977,0.9411764705882353,1.0,0.012032085561497324,0.5,0.5
0.14142761841227486,0.9580797836375929,1.0,0.03409090909090909,0.5,0.5
0.14209472981987992,0.281947261663286,1.0,0.0374331550802139,0.5,0.5
0.142761841227485,0.20757268424611225,1.0,0.003342245989304812,0.5,0.0
0.14342895263509006,0.3144016227180527,1.0,0.009358288770053473,0.5,0.0
0.14409606404269512,0.22853279242731575,1.0,0.0006684491978609622,0.5,0.0
0.1447631754503002,0.5361730899256254,1.0,0.00267379679144385,0.5,0.0
0.14543028685790527,0.0033806626098715348,1.0,0.012032085561497324,0.25,0.5
0.14609739826551035,0.5828262339418526,1.0,0.00802139037433155,0.5,0.5
0.1467645096731154,0.9628127112914131,0.3333333333333333,0.03409090909090909,0.5,0.5
0.14743162108072047,0.9776876267748479,0.3333333333333333,0.15775401069518713,0.5,1.0
0.14809873248832556,0.3110209601081812,0.3333333333333333,0.1176470588235294,0.75,1.0
0.14876584389593062,0.914131169709263,0.3333333333333333,0.02740641711229946,0.5,0.5
0.1494329553035357,0.9060175794455714,0.3333333333333333,0.044117647058823525,0.5,0.5
0.15010006671114076,0.41108857336037863,0.3333333333333333,0.04077540106951871,0.5,0.5
0.15076717811874582,0.22244759972954697,0.3333333333333333,0.03409090909090909,0.25,0.5
0.1514342895263509,0.8066260987153482,0.6666666666666666,0.020721925133689836,0.25,0.5
0.15210140093395597,0.7721433400946586,0.6666666666666666,0.017379679144385023,0.25,0.5
0.15276851234156105,0.7917511832319134,0.6666666666666666,0.07754010695187165,0.25,0.5
0.1534356237491661,0.12102772143340094,0.6666666666666666,0.04745989304812834,0.25,0.0
0.15410273515677117,0.06964164976335362,0.6666666666666666,0.030748663101604273,0.25,0.5
0.15476984656437626,0.0872210953346856,0.6666666666666666,0.044117647058823525,0.25,0.5
0.15543695797198132,0.8911426639621366,0.6666666666666666,0.020721925133689836,0.25,0.0
0.1561040693795864,0.13184584178498987,0.6666666666666666,0.024064171122994648,0.25,0.0
0.15677118078719146,0.3333333333333333,0.6666666666666666,0.0374331550802139,0.25,0.5
0.15743829219479652,0.4056795131845842,0.6666666666666666,0.03409090909090909,0.25,0.5
0.1581054036024016,0.7532116294793779,0.5,0.015374331550802138,1.0,0.0
0.15877251501000667,0.7545638945233266,0.5,0.019385026737967912,1.0,0.0
0.15943962641761175,0.861392832995267,0.5,0.030748663101604273,0.75,0.0
0.1601067378252168,0.8728870858688302,0.5,0.044117647058823525,0.75,0.0
0.16077384923282187,0.4462474645030426,0.5,0.21122994652406413,1.0,0.0
0.16144096064042696,0.3935091277890467,0.5,0.01871657754010695,0.75,0.0
0.16210807204803201,0.6362407031778229,0.5,0.024064171122994648,0.5,0.0
0.1627751834556371,0.03515889114266396,0.5,0.02740641711229946,0.75,0.5
0.16344229486324216,0.9269776876267748,0.5,0.0006684491978609622,0.25,0.0
0.16410940627084722,0.6862745098039216,0.5,0.044117647058823525,0.5,0.5
0.1647765176784523,0.4266396213657877,0.5,0.231283422459893,0.75,1.0
0.16544362908605736,0.7295469912102772,0.5,0.5187165775401068,0.75,1.0
0.16611074049366245,0.34347532116294793,0.5,0.057486631016042775,0.75,0.0
0.1667778519012675,0.5713319810682894,0.8333333333333333,0.13770053475935826,0.0,0.5
0.16744496330887257,0.5591615956727518,0.8333333333333333,0.02740641711229946,0.0,0.5
0.16811207471647766,0.05273833671399594,0.8333333333333333,0.030748663101604273,0.0,0.5
0.16877918612408271,0.1954022988505747,0.8333333333333333,0.017379679144385023,0.0,0.0
0.1694462975316878,0.09195402298850575,0.8333333333333333,0.024064171122994648,0.0,0.5
0.17011340893929286,0.14401622718052737,0.8333333333333333,0.07085561497326202,0.0,0.5
0.17078052034689792,0.6619337390128465,0.8333333333333333,0.0374331550802139,0.0,0.5
0.171447631754503,0.5632183908045977,0.8333333333333333,0.04745989304812834,0.0,0.5
0.17211474316210806,0.3786342123056119,0.8333333333333333,0.06082887700534759,0.0,0.5
0.17278185456971315,0.4861392832995267,0.8333333333333333,0.05414438502673796,0.0,0.5
0.1734489659773182,0.5909398242055443,0.16666666666666666,0.012032085561497324,0.75,0.5
0.17411607738492327,0.6152805949966194,0.16666666666666666,0.030748663101604273,0.75,0.5
0.17478318879252835,0.7038539553752535,0.16666666666666666,0.022727272727272724,0.5,0.5
0.1754503002001334,0.7139959432048681,0.16666666666666666,0.03409090909090909,0.5,0.5
0.1761174116077385,0.25693035835023664,0.16666666666666666,0.008689839572192512,0.75,0.5
0.17678452301534356,0.46179851250845166,0.16666666666666666,0.004679144385026738,0.5,0.5
0.17745163442294862,0.16768086544962812,0.16666666666666666,0.006016042780748661,0.5,0.5
0.1781187458305537,0.24881676808654496,0.16666666666666666,0.01336898395721925,0.5,0.5
0.17878585723815876,0.5267072346179851,0.16666666666666666,0.015374331550802138,0.5,0.5
0.17945296864576385,0.8498985801217038,0.16666666666666666,0.01871657754010695,0.25,0.5
0.1801200800533689,0.504394861392833,1.0,0.006684491978609625,0.5,0.0
0.18078719146097397,0.5104800540906017,1.0,0.017379679144385023,0.5,0.0
0.18145430286857905,0.9486139283299526,1.0,0.01336898395721925,0.5,0.5
0.1821214142761841,0.9438810006761325,1.0,0.014705882352941173,0.5,0.5
0.1827885256837892,0.27653820148749153,1.0,0.057486631016042775,0.5,0.5
0.18345563709139426,0.2062204192021636,1.0,0.00267379679144385,0.5,0.0
0.18412274849899932,0.3218390804597701,1.0,0.010695187165775399,0.5,0.0
0.1847898599066044,0.2325895875591616,1.0,0.0006684491978609622,0.5,0.0
0.18545697131420946,0.5415821501014199,1.0,0.0020053475935828875,0.5,0.0
0.18612408272181455,0.002704530087897228,1.0,0.010695187165775399,0.25,0.5
0.1867911941294196,0.9729546991210277,0.3333333333333333,0.044117647058823525,0.5,0.5
0.18745830553702467,0.9181879648411089,0.3333333333333333,0.030748663101604273,0.5,0.5
0.18812541694462975,0.9033130493576741,0.3333333333333333,0.04745989304812834,0.5,0.5
0.1887925283522348,0.30966869506423256,0.3333333333333333,0.057486631016042775,0.75,1.0
0.1894596397598399,0.9844489519945909,0.3333333333333333,0.0909090909090909,0.75,1.0
0.19012675116744496,0.4151453684922245,0.3333333333333333,0.07754010695187165,0.5,0.5
0.19079386257505002,0.22582826233941852,0.3333333333333333,0.0374331550802139,0.25,0.5
0.1914609739826551,0.8093306288032455,0.6666666666666666,0.04077540106951871,0.25,0.5
0.19212808539026016,0.7701149425287356,0.6666666666666666,0.0160427807486631,0.25,0.5
0.19279519679786525,0.7903989181879648,0.6666666666666666,0.057486631016042775,0.25,0.5
0.1934623082054703,0.11832319134550372,0.6666666666666666,0.03409090909090909,0.25,0.0
0.19412941961307537,0.0676132521974307,0.6666666666666666,0.0320855614973262,0.25,0.5
0.19479653102068045,0.07707910750507099,0.6666666666666666,0.02941176470588235,0.25,0.5
0.1954636424282855,0.8864097363083164,0.6666666666666666,0.019385026737967912,0.25,0.0
0.1961307538358906,0.1345503718728871,0.6666666666666666,0.021390374331550797,0.25,0.0
0.19679786524349566,0.32792427315753886,0.6666666666666666,0.03609625668449197,0.25,0.5
0.19746497665110072,0.3995943204868154,0.6666666666666666,0.02540106951871657,0.25,0.5
0.1981320880587058,0.6734279918864097,0.6666666666666666,0.13101604278074863,0.0,0.5
0.19879919946631086,0.830290736984449,0.6666666666666666,0.0641711229946524,0.0,0.5
0.19946631087391595,0.17376605814739687,0.6666666666666666,0.07085561497326202,0.25,0.5
0.200133422281521,0.9959432048681541,0.5,0.006684491978609625,0.5,0.0
0.2008005336891261,0.7505070993914807,0.5,0.020053475935828874,1.0,0.0
0.20146764509673115,0.8749154834347532,0.5,0.03609625668449197,0.75,0.0
0.2021347565043362,0.45503718728870857,0.5,0.12433155080213902,1.0,0.0
0.2028018679119413,0.3908045977011494,0.5,0.024064171122994648,0.75,0.0
0.20346897931954636,0.03583502366463827,0.5,0.07085561497326202,0.75,0.5
0.20413609072715144,0.6402974983096686,0.5,0.010695187165775399,0.5,0.0
0.2048032021347565,0.920892494929006,0.5,0.0013368983957219248,0.25,0.0
0.20547031354236156,0.6855983772819473,0.5,0.03409090909090909,0.5,0.5
0.20613742494996665,0.42528735632183906,0.5,0.19786096256684488,0.75,1.0
0.2068045363575717,0.7308992562542258,0.5,0.5454545454545453,0.75,1.0
0.2074716477651768,0.3515889114266396,0.5,0.05414438502673796,0.75,0.0
0.20813875917278185,0.5787694388100068,0.8333333333333333,0.14438502673796788,0.0,0.5
0.2088058705803869,0.5490196078431373,0.8333333333333333,0.030748663101604273,0.0,0.5
0.209472981987992,0.05544286680189317,0.8333333333333333,0.08422459893048127,0.0,0.5
0.21014009339559706,0.19134550371872888,0.8333333333333333,0.0374331550802139,0.0,0.5
0.21080720480320214,0.09465855307640297,0.8333333333333333,0.02740641711229946,0.0,0.5
0.2114743162108072,0.14334009465855307,0.8333333333333333,0.0641711229946524,0.0,0.5
0.21214142761841226,0.6673427991886409,0.8333333333333333,0.044117647058823525,0.0,0.5
0.21280853902601735,0.6186612576064908,0.8333333333333333,0.030748663101604273,0.0,0.0
0.2134756504336224,0.37660581473968896,0.8333333333333333,0.0641711229946524,0.0,0.5
0.2141427618412275,0.4759972954699121,0.8333333333333333,0.057486631016042775,0.0,0.5
0.21480987324883255,0.5882352941176471,0.16666666666666666,0.012700534759358287,0.75,0.5
0.2154769846564376,0.6010818120351589,0.16666666666666666,0.01336898395721925,0.75,0.5
0.2161440960640427,0.6098715348208249,0.16666666666666666,0.04745989304812834,0.75,0.5
0.21681120747164775,0.6991210277214334,0.16666666666666666,0.02540106951871657,0.5,0.5
0.21747831887925284,0.7126436781609196,0.16666666666666666,0.024064171122994648,0.5,0.5
0.2181454302868579,0.25760649087221094,0.16666666666666666,0.00802139037433155,0.75,0.5
0.21881254169446296,0.460446247464503,0.16666666666666666,0.004010695187165774,0.5,0.5
0.21947965310206805,0.4611223799864773,0.16666666666666666,0.004679144385026738,0.5,0.5
0.2201467645096731,0.15821501014198783,0.16666666666666666,0.006016042780748661,0.5,0.5
0.2208138759172782,0.2535496957403651,0.16666666666666666,0.012700534759358287,0.5,0.5
0.22148098732488325,0.5300878972278567,0.16666666666666666,0.014705882352941173,0.5,0.5
0.2221480987324883,0.845841784989858,0.16666666666666666,0.017379679144385023,0.25,0.5
0.2228152101400934,0.014198782961460446,0.16666666666666666,0.007352941176470586,0.5,0.5
0.22348232154769845,0.3664638269100744,0.16666666666666666,0.021390374331550797,0.25,0.5
0.22414943295530354,0.4942528735632184,1.0,0.00802139037433155,0.5,0.0
0.2248165443629086,0.5016903313049358,1.0,0.009358288770053473,0.5,0.0
0.22548365577051366,0.511156186612576,1.0,0.020053475935828874,0.5,0.0
0.22615076717811874,0.9459093982420554,1.0,0.017379679144385023,0.5,0.5
0.2268178785857238,0.9519945909398242,1.0,0.030748663101604273,0.5,0.5
0.2274849899933289,0.27315753887762,1.0,0.044117647058823525,0.5,0.5
0.22815210140093395,0.21027721433400948,1.0,0.00267379679144385,0.5,0.0
0.228819212808539,0.31237322515212984,1.0,0.012032085561497324,0.5,0.0
0.2294863242161441,0.23664638269100743,1.0,0.0006684491978609622,0.5,0.0
0.23015343562374915,0.5422582826233941,1.0,0.0020053475935828875,0.5,0.0
0.23082054703135424,0.010141987829614604,1.0,0.01336898395721925,0.25,0.5
0.2314876584389593,0.5821501014198783,1.0,0.009358288770053473,0.5,0.5
0.23215476984656436,0.9722785665990534,0.3333333333333333,0.04745989304812834,0.5,0.5
0.23282188125416944,0.9695740365111561,0.3333333333333333,0.030748663101604273,0.5,0.5
0.2334889926617745,0.9148073022312373,0.3333333333333333,0.02941176470588235,0.5,0.5
0.2341561040693796,0.9066937119675457,0.3333333333333333,0.05080213903743315,0.5,0.5
0.23482321547698465,0.3042596348884381,0.3333333333333333,0.11096256684491977,0.75,1.0
0.2354903268845897,0.9817444219066938,0.3333333333333333,0.08756684491978609,0.75,1.0
0.2361574382921948,0.4232589587559161,0.3333333333333333,0.07085561497326202,0.5,0.5
0.23682454969979985,0.21771467207572684,0.3333333333333333,0.03609625668449197,0.25,0.5
0.23749166110740494,0.8113590263691683,0.6666666666666666,0.024064171122994648,0.25,0.5
0.23815877251501,0.7694388100067613,0.6666666666666666,0.017379679144385023,0.25,0.5
0.23882588392261506,0.7897227856659905,0.6666666666666666,0.0641711229946524,0.25,0.5
0.23949299533022014,0.12237998647734956,0.6666666666666666,0.0374331550802139,0.25,0.0
0.2401601067378252,0.07031778228532792,0.6666666666666666,0.03409090909090909,0.25,0.5
0.2408272181454303,0.08045977011494253,0.6666666666666666,0.030748663101604273,0.25,0.5
0.24149432955303535,0.8891142663962136,0.6666666666666666,0.020053475935828874,0.25,0.0
0.2421614409606404,0.13657876943881,0.6666666666666666,0.022727272727272724,0.25,0.0
0.2428285523682455,0.3373901284651792,0.6666666666666666,0.0374331550802139,0.25,0.5
0.24349566377585055,0.4016227180527383,0.6666666666666666,0.044117647058823525,0.25,0.5
0.24416277518345564,0.6720757268424611,0.6666666666666666,0.0641711229946524,0.0,0.5
0.2448298865910607,0.8356997971602433,0.6666666666666666,0.030748663101604273,0.0,0.5
0.24549699799866576,0.17849898580121704,0.6666666666666666,0.0641711229946524,0.25,0.5
0.24616410940627084,0.649763353617309,0.6666666666666666,0.02740641711229946,0.25,0.5
0.2468312208138759,0.8005409060175794,0.6666666666666666,0.03409090909090909,0.25,0.5
0.247498332221481,0.10885733603786342,0.6666666666666666,0.02540106951871657,0.25,0.0
0.24816544362908605,0.3306288032454361,0.6666666666666666,0.038770053475935824,0.25,0.5
0.2488325550366911,0.8221771467207573,0.6666666666666666,0.057486631016042775,0.25,0.0
0.24949966644429616,0.2914131169709263,0.6666666666666666,0.08422459893048127,0.25,0.0
0.2501667778519013,0.7471264367816092,0.5,0.01871657754010695,1.0,0.0
0.25083388925950634,0.744421906693712,0.5,0.019385026737967912,1.0,0.0
0.2515010006671114,0.8661257606490872,0.5,0.044117647058823525,0.75,0.0
0.25216811207471646,0.8742393509127789,0.5,0.04077540106951871,0.75,0.0
0.2528352234823215,0.4421906693711968,0.5,0.2045454545454545,1.0,0.0
0.25350233488992663,0.38742393509127787,0.5,0.022727272727272724,0.75,0.0
0.2541694462975317,0.030425963488843813,0.5,0.06082887700534759,0.75,0.5
0.25483655770513675,0.6355645706558486,0.5,0.017379679144385023,0.5,0.0
0.2555036691127418,0.9235970250169033,0.5,0.0020053475935828875,0.25,0.0
0.25617078052034686,0.6923597025016903,0.5,0.04077540106951871,0.5,0.5
0.256837891927952,0.4354293441514537,0.5,0.38502673796791437,0.75,1.0
0.25750500333555704,0.7369844489519946,0.5,0.6657754010695186,0.75,1.0
0.2581721147431621,0.3441514536849222,0.5,0.07754010695187165,0.75,0.0
0.25883922615076715,0.5699797160243407,0.8333333333333333,0.15775401069518713,0.0,0.5
0.2595063375583722,0.5530764029749831,0.8333333333333333,0.02941176470588235,0.0,0.5
0.2601734489659773,0.04935767410412441,0.8333333333333333,0.057486631016042775,0.0,0.5
0.2608405603735824,0.187288708586883,0.8333333333333333,0.03409090909090909,0.0,0.5
0.26150767178118745,0.09060175794455713,0.8333333333333333,0.02540106951871657,0.0,0.5
0.2621747831887925,0.15212981744421905,0.8333333333333333,0.06751336898395721,0.0,0.5
0.26284189459639756,0.6551724137931034,0.8333333333333333,0.0427807486631016,0.0,0.5
0.2635090060040027,0.630155510480054,0.8333333333333333,0.0320855614973262,0.0,0.0
0.26417611741160774,0.3711967545638945,0.8333333333333333,0.06751336898395721,0.0,0.5
0.2648432288192128,0.4834347532116295,0.8333333333333333,0.05614973262032085,0.0,0.5
0.26551034022681785,0.5956727518593644,0.16666666666666666,0.01336898395721925,0.75,0.5
0.2661774516344229,0.6125760649087221,0.16666666666666666,0.052139037433155073,0.75,0.5
0.266844563042028,0.7011494252873564,0.16666666666666666,0.023395721925133686,0.5,0.5
0.2675116744496331,0.7207572684246112,0.16666666666666666,0.03609625668449197,0.5,0.5
0.26817878585723814,0.26369168356997974,0.16666666666666666,0.009358288770053473,0.75,0.5
0.2688458972648432,0.46653144016227177,0.16666666666666666,0.004010695187165774,0.5,0.5
0.26951300867244826,0.1663286004056795,0.16666666666666666,0.006684491978609625,0.5,0.5
0.2701801200800534,0.24137931034482757,0.16666666666666666,0.014037433155080211,0.5,0.5
0.27084723148765844,0.519945909398242,0.16666666666666666,0.016711229946524058,0.5,0.5
0.2715143428952635,0.8444895199459094,0.16666666666666666,0.0160427807486631,0.25,0.5
0.27218145430286855,0.02636916835699797,0.16666666666666666,0.00802139037433155,0.5,0.5
0.2728485657104736,0.3630831643002028,0.16666666666666666,0.02205882352941176,0.25,0.5
0.2735156771180787,0.4908722109533469,1.0,0.008689839572192512,0.5,0.0
0.2741827885256838,0.5172413793103449,1.0,0.018048128342245985,0.5,0.0
0.27484989993328884,0.9371196754563894,1.0,0.015374331550802138,0.5,0.5
0.2755170113408939,0.9553752535496958,1.0,0.032754010695187165,0.5,0.5
0.27618412274849896,0.27450980392156865,1.0,0.03409090909090909,0.5,0.5
0.2768512341561041,0.20554428668018931,1.0,0.004010695187165774,0.5,0.0
0.27751834556370913,0.3198106828938472,1.0,0.012700534759358287,0.5,0.0
0.2781854569713142,0.23461798512508453,1.0,0.0006684491978609622,0.5,0.0
0.27885256837891925,0.5402298850574713,1.0,0.00267379679144385,0.5,0.0
0.2795196797865243,0.000676132521974307,1.0,0.01136363636363636,0.25,0.5
0.2801867911941294,0.9655172413793103,0.3333333333333333,0.04077540106951871,0.5,0.5
0.2808539026017345,0.9161595672751859,0.3333333333333333,0.028743315508021384,0.5,0.5
0.28152101400933954,0.9046653144016227,0.3333333333333333,0.04545454545454545,0.5,0.5
0.2821881254169446,0.3022312373225152,0.3333333333333333,0.05614973262032085,0.75,1.0
0.28285523682454966,0.9905341446923597,0.3333333333333333,0.08422459893048127,0.75,1.0
0.2835223482321548,0.4192021636240703,0.3333333333333333,0.0641711229946524,0.5,0.5
0.28418945963975983,0.21636240703177823,0.3333333333333333,0.03542780748663101,0.25,0.5
0.2848565710473649,0.8127112914131169,0.6666666666666666,0.026069518716577533,0.25,0.5
0.28552368245496995,0.777552400270453,0.6666666666666666,0.016711229946524058,0.25,0.5
0.28619079386257507,0.7931034482758621,0.6666666666666666,0.05414438502673796,0.25,0.5
0.2868579052701801,0.11494252873563218,0.6666666666666666,0.04077540106951871,0.25,0.0
0.2875250166777852,0.07369844489519946,0.6666666666666666,0.0374331550802139,0.25,0.5
0.28819212808539024,0.08654496281271129,0.6666666666666666,0.028743315508021384,0.25,0.5
0.2888592394929953,0.8884381338742393,0.6666666666666666,0.01871657754010695,0.25,0.0
0.2895263509006004,0.12981744421906694,0.6666666666666666,0.02205882352941176,0.25,0.0
0.2901934623082055,0.3292765382014875,0.6666666666666666,0.036764705882352935,0.25,0.5
0.29086057371581053,0.3975659229208925,0.6666666666666666,0.032754010695187165,0.25,0.5
0.2915276851234156,0.6754563894523327,0.6666666666666666,0.19786096256684488,0.0,0.5
0.29219479653102065,0.8336713995943205,0.6666666666666666,0.19786096256684488,0.0,0.5
0.29286190793862577,0.1744421906693712,0.6666666666666666,0.06751336898395721,0.25,0.5
0.2935290193462308,0.6524678837052063,0.6666666666666666,0.028743315508021384,0.25,0.5
0.2941961307538359,0.7998647734956051,0.6666666666666666,0.0374331550802139,0.25,0.5
0.29486324216144094,0.10412440838404327,0.6666666666666666,0.0267379679144385,0.25,0.0
0.295530353569046,0.821501014198783,0.6666666666666666,0.058823529411764705,0.25,0.0
0.2961974649766511,0.2934415145368492,0.6666666666666666,0.07085561497326202,0.25,0.0
0.2968645763842562,0.7592968221771467,0.5,0.020721925133689836,1.0,0.0
0.29753168779186123,0.7484787018255578,0.5,0.014705882352941173,1.0,0.0
0.2981987991994663,0.8647734956051386,0.5,0.038770053475935824,0.75,0.0
0.29886591060707135,0.8755916159567275,0.5,0.03542780748663101,0.75,0.0
0.29953302201467646,0.4496281271129141,0.5,0.15775401069518713,1.0,0.0
0.3002001334222815,0.3860716700473293,0.5,0.021390374331550797,0.75,0.0
0.3008672448298866,0.036511156186612576,0.5,0.08422459893048127,0.75,0.5
0.30153435623749164,0.6430020283975659,0.5,0.01336898395721925,0.5,0.0
0.3022014676450967,0.9249492900608519,0.5,0.0006684491978609622,0.25,0.0
0.3028685790527018,0.6883029073698445,0.5,0.030748663101604273,0.5,0.5
0.3035356904603069,0.4279918864097363,0.5,0.2513368983957219,0.75,1.0
0.30420280186791193,0.7315753887762001,0.5,0.5655080213903743,0.75,1.0
0.304869913275517,0.3448275862068966,0.5,0.05080213903743315,0.75,0.0
0.30553702468312205,0.572684246112238,0.8333333333333333,0.16443850267379675,0.0,0.5
0.30620413609072716,0.5564570655848546,0.8333333333333333,0.028074866310160426,0.0,0.5
0.3068712474983322,0.04462474645030426,0.8333333333333333,0.06082887700534759,0.0,0.5
0.3075383589059373,0.19066937119675456,0.8333333333333333,0.032754010695187165,0.0,0.5
0.30820547031354234,0.10141987829614604,0.8333333333333333,0.026069518716577533,0.0,0.5
0.3088725817211474,0.1568627450980392,0.8333333333333333,0.07419786096256684,0.0,0.5
0.3095396931287525,0.6578769438810007,0.8333333333333333,0.04545454545454545,0.0,0.5
0.31020680453635757,0.6247464503042597,0.8333333333333333,0.03141711229946524,0.0,0.0
0.31087391594396263,0.37592968221771467,0.8333333333333333,0.06951871657754011,0.0,0.5
0.3115410273515677,0.4847870182555781,0.8333333333333333,0.055481283422459886,0.0,0.5
0.31220813875917275,0.597025016903313,0.16666666666666666,0.012032085561497324,0.75,0.5
0.31287525016677786,0.6051386071670047,0.16666666666666666,0.049465240641711226,0.75,0.5
0.3135423615743829,0.7099391480730223,0.16666666666666666,0.02473262032085561,0.5,0.5
0.314209472981988,0.7194050033806626,0.16666666666666666,0.0374331550802139,0.5,0.5
0.31487658438959304,0.2691007437457742,0.16666666666666666,0.010026737967914437,0.75,0.5
0.3155436957971981,0.46315077755240025,0.16666666666666666,0.004679144385026738,0.5,0.5
0.3162108072048032,0.16903313049357674,0.16666666666666666,0.006016042780748661,0.5,0.5
0.31687791861240827,0.2427315753887762,0.16666666666666666,0.014705882352941173,0.5,0.5
0.31754503002001333,0.5260311020960108,0.16666666666666666,0.0160427807486631,0.5,0.5
0.3182121414276184,0.8526031102096011,0.16666666666666666,0.020053475935828874,0.25,0.5
0.31887925283522345,0.02434077079107505,0.16666666666666666,0.008689839572192512,0.5,0.5
0.31954636424282856,0.3637592968221771,0.16666666666666666,0.020721925133689836,0.25,0.5
0.3202134756504336,0.495605138607167,1.0,0.007352941176470586,0.5,0.0
0.3208805870580387,0.5118323191345504,1.0,0.016711229946524058,0.5,0.0
0.32154769846564374,0.947261663286004,1.0,0.014037433155080211,0.5,0.5
0.3222148098732488,0.9540229885057471,1.0,0.0320855614973262,0.5,0.5
0.3228819212808539,0.27856659905341447,1.0,0.05080213903743315,0.5,0.5
0.32354903268845897,0.2041920216362407,1.0,0.003342245989304812,0.5,0.0
0.32421614409606403,0.31643002028397565,1.0,0.01136363636363636,0.5,0.0
0.3248832555036691,0.23056118999323866,1.0,0.0006684491978609622,0.5,0.0
0.32555036691127415,0.5449628127112914,1.0,0.0020053475935828875,0.5,0.0
0.32621747831887926,0.006085192697768763,1.0,0.010026737967914437,0.25,0.5
0.3268845897264843,0.9749830966869506,0.3333333333333333,0.05080213903743315,0.5,0.5
0.3275517011340894,0.9121027721433401,0.3333333333333333,0.030080213903743307,0.5,0.5
0.32821881254169444,0.896551724137931,0.3333333333333333,0.044117647058823525,0.5,0.5
0.3288859239492995,0.3029073698444895,0.3333333333333333,0.058823529411764705,0.75,1.0
0.3295530353569046,0.9871534820824881,0.3333333333333333,0.08622994652406417,0.75,1.0
0.33022014676450967,0.4164976335361731,0.3333333333333333,0.06751336898395721,0.5,0.5
0.33088725817211473,0.2143340094658553,0.3333333333333333,0.036764705882352935,0.25,0.5
0.3315543695797198,0.8045977011494253,0.6666666666666666,0.022727272727272724,0.25,0.5
0.33222148098732485,0.7802569303583502,0.6666666666666666,0.018048128342245985,0.25,0.5
0.33288859239492996,0.786342123056119,0.6666666666666666,0.08422459893048127,0.25,0.5
0.333555703802535,0.12170385395537525,0.6666666666666666,0.0427807486631016,0.25,0.0
0.3342228152101401,0.07302231237322515,0.6666666666666666,0.03542780748663101,0.25,0.5
0.33488992661774514,0.0878972278566599,0.6666666666666666,0.030080213903743307,0.25,0.5
0.3355570380253502,0.887762001352265,0.6666666666666666,0.021390374331550797,0.25,0.0
0.3362241494329553,0.13590263691683568,0.6666666666666666,0.020721925133689836,0.25,0.0
0.33689126084056037,0.3265720081135903,0.6666666666666666,0.03810160427807486,0.25,0.5
0.33755837224816543,0.4002704530087897,0.6666666666666666,0.03342245989304813,0.25,0.5
0.3382254836557705,0.6774847870182555,0.6666666666666666,0.2647058823529411,0.0,0.5
0.33889259506337555,0.835023664638269,0.6666666666666666,0.2647058823529411,0.0,0.5
0.33955970647098066,0.18052738336713997,0.6666666666666666,0.07754010695187165,0.25,0.5
0.3402268178785857,0.6538201487491548,0.6666666666666666,0.028074866310160426,0.25,0.5
0.3408939292861908,0.795131845841785,0.6666666666666666,0.03609625668449197,0.25,0.5
0.34156104069379584,0.10344827586206896,0.6666666666666666,0.026069518716577533,0.25,0.0
0.3422281521014009,0.8174442190669371,0.6666666666666666,0.05614973262032085,0.25,0.0
0.342895263509006,0.28803245436105473,0.6666666666666666,0.07419786096256684,0.25,0.0
0.34356237491661107,0.7565922920892495,0.5,0.018048128342245985,1.0,0.0
0.3442294863242161,0.7586206896551724,0.5,0.020053475935828874,1.0,0.0
0.3448965977318212,0.8627450980392157,0.5,0.03943850267379679,0.75,0.0
0.34556370913942625,0.8796484110885734,0.5,0.0374331550802139,0.75,0.0
0.34623082054703136,0.44489519945909395,0.5,0.17112299465240638,1.0,0.0
0.3468979319546364,0.3881000676132522,0.5,0.019385026737967912,0.75,0.0
0.3475650433622415,0.03177822853279243,0.5,0.04077540106951871,0.75,0.5
0.34823215476984654,0.6375929682217715,0.5,0.01136363636363636,0.5,0.0
0.3488992661774516,0.9222447599729546,0.5,0.0006684491978609622,0.25,0.0
0.3495663775850567,0.691683569979716,0.5,0.02941176470588235,0.5,0.5
0.35023348899266177,0.43137254901960786,0.5,0.2647058823529411,0.75,1.0
0.3509006004002668,0.7363083164300203,0.5,0.6323529411764705,0.75,1.0
0.3515677118078719,0.341446923597025,0.5,0.0641711229946524,0.75,0.0
0.35223482321547694,0.5672751859364435,0.8333333333333333,0.1510695187165775,0.0,0.5
0.35290193462308206,0.5537525354969574,0.8333333333333333,0.0320855614973262,0.0,0.5
0.3535690460306871,0.0486815415821501,0.8333333333333333,0.06283422459893047,0.0,0.5
0.3542361574382922,0.19810682893847192,0.8333333333333333,0.030748663101604273,0.0,0.5
0.35490326884589724,0.09803921568627451,0.8333333333333333,0.0267379679144385,0.0,0.5
0.3555703802535023,0.1534820824881677,0.8333333333333333,0.07219251336898395,0.0,0.5
0.3562374916611074,0.6626098715348208,0.8333333333333333,0.04144385026737968,0.0,0.5
0.35690460306871247,0.6206896551724138,0.8333333333333333,0.03342245989304813,0.0,0.0
0.3575717144763175,0.367816091954023,0.8333333333333333,0.06550802139037433,0.0,0.5
0.3582388258839226,0.4773495605138607,0.8333333333333333,0.05481283422459892,0.0,0.5
0.35890593729152764,0.5936443542934415,0.16666666666666666,0.012700534759358287,0.75,0.5
0.35957304869913276,0.6064908722109533,0.16666666666666666,0.05414438502673796,0.75,0.5
0.3602401601067378,0.7065584854631508,0.16666666666666666,0.026069518716577533,0.5,0.5
0.3609072715143429,0.7153482082488167,0.16666666666666666,0.03542780748663101,0.5,0.5
0.36157438292194793,0.2663962136578769,0.16666666666666666,0.008689839572192512,0.75,0.5
0.362241494329553,0.4672075726842461,0.16666666666666666,0.004010695187165774,0.5,0.5
0.3629086057371581,0.1643002028397566,0.16666666666666666,0.005347593582887699,0.5,0.5
0.36357571714476317,0.25016903313049355,0.16666666666666666,0.015374331550802138,0.5,0.5
0.3642428285523682,0.5327924273157538,0.16666666666666666,0.018048128342245985,0.5,0.5
0.3649099399599733,0.8559837728194726,0.16666666666666666,0.021390374331550797,0.25,0.5
0.36557705136757834,0.022988505747126436,0.16666666666666666,0.009358288770053473,0.5,0.5
0.36624416277518346,0.36578769438810005,0.16666666666666666,0.023395721925133686,0.25,0.5
0.3669112741827885,0.49154834347532117,1.0,0.00802139037433155,0.5,0.0
0.3675783855903936,0.5138607167004733,1.0,0.015374331550802138,0.5,0.0
0.36824549699799863,0.9445571331981069,1.0,0.0160427807486631,0.5,0.5
0.3689126084056037,0.9607843137254902,1.0,0.03342245989304813,0.5,0.5
0.3695797198132088,0.2839756592292089,1.0,0.04077540106951871,0.5,0.5
0.37024683122081387,0.20892494929006084,1.0,0.004010695187165774,0.5,0.0
0.3709139426284189,0.3137254901960784,1.0,0.01336898395721925,0.5,0.0
0.371581054036024,0.23732251521298176,1.0,0.0006684491978609622,0.5,0.0
0.37224816544362904,0.5436105476673427,1.0,0.00267379679144385,0.5,0.0
0.37291527685123416,0.012170385395537525,1.0,0.012700534759358287,0.25,0.5
0.3735823882588392,0.966869506423259,0.3333333333333333,0.0427807486631016,0.5,0.5
0.3742494996664443,0.9100743745774171,0.3333333333333333,0.028074866310160426,0.5,0.5
0.37491661107404933,0.9012846517917512,0.3333333333333333,0.04077540106951871,0.5,0.5
0.3755837224816544,0.3035835023664638,0.3333333333333333,0.05481283422459892,0.75,1.0
0.3762508338892595,0.9864773495605138,0.3333333333333333,0.0855614973262032,0.75,1.0
0.37691794529686456,0.41311697092630156,0.3333333333333333,0.0641711229946524,0.5,0.5
0.3775850567044696,0.21974306964164975,0.3333333333333333,0.034759358288770054,0.25,0.5
0.3782521681120747,0.8025693035835023,0.6666666666666666,0.023395721925133686,0.25,0.5
0.37891927951967974,0.7707910750507099,0.6666666666666666,0.016711229946524058,0.25,0.5
0.37958639092728486,0.7924273157538877,0.6666666666666666,0.07419786096256684,0.25,0.5
0.3802535023348899,0.12440838404327248,0.6666666666666666,0.042112299465240643,0.25,0.0
0.380920613742495,0.06423258958755916,0.6666666666666666,0.03342245989304813,0.25,0.5
0.38158772515010003,0.08519269776876268,0.6666666666666666,0.02941176470588235,0.25,0.5
0.3822548365577051,0.8823529411764706,0.6666666666666666,0.020721925133689836,0.25,0.0
0.3829219479653102,0.13319810682893846,0.6666666666666666,0.02205882352941176,0.25,0.0
0.38358905937291526,0.3299526707234618,0.6666666666666666,0.0374331550802139,0.25,0.5
0.3842561707805203,0.40229885057471265,0.6666666666666666,0.03141711229946524,0.25,0.5
0.3849232821881254,0.6801893171061528,0.6666666666666666,0.3983957219251336,0.0,1.0
0.38559039359573044,0.8384043272481406,0.6666666666666666,0.3983957219251336,0.0,1.0
0.38625750500333556,0.17511832319134552,0.6666666666666666,0.08088235294117646,0.25,0.5
0.3869246164109406,0.6531440162271805,0.6666666666666666,0.02941176470588235,0.25,0.5
0.3875917278185457,0.7971602434077079,0.6666666666666666,0.038770053475935824,0.25,0.5
0.38825883922615073,0.10547667342799188,0.6666666666666666,0.02740641711229946,0.25,0.0
0.3889259506337558,0.8187964841108857,0.6666666666666666,0.057486631016042775,0.25,0.0
0.3895930620413609,0.28600405679513186,0.6666666666666666,0.07754010695187165,0.25,0.0
0.39026017344896596,0.7613252197430697,0.5,0.022727272727272724,1.0,0.0
0.390927284856571,0.7626774847870182,0.5,0.017379679144385023,1.0,0.0
0.3915943962641761,0.8600405679513184,0.5,0.0427807486631016,0.75,0.0
0.39226150767178114,0.8762677484787018,0.5,0.034759358288770054,0.75,0.0
0.39292861907938625,0.45368492224476,0.5,0.13770053475935826,1.0,0.0
0.3935957304869913,0.38269100743745776,0.5,0.020053475935828874,0.75,0.0
0.39426284189459637,0.04259634888438134,0.5,0.14438502673796788,0.75,0.5
0.39492995330220143,0.6416497633536173,0.5,0.019385026737967912,0.5,0.0
0.3955970647098065,0.9276538201487492,0.5,0.0006684491978609622,0.25,0.0
0.3962641761174116,0.6896551724137931,0.5,0.044117647058823525,0.5,0.5
0.39693128752501666,0.43340094658553074,0.5,0.3449197860962566,0.75,1.0
0.3975983989326217,0.7403651115618661,0.5,0.7660427807486629,0.75,1.0
0.3982655103402268,0.3522650439486139,0.5,0.08422459893048127,0.75,0.0
0.3989326217478319,0.5767410412440839,0.8333333333333333,0.13101604278074863,0.0,0.5
0.39959973315543695,0.5503718728870859,0.8333333333333333,0.0267379679144385,0.0,0.5
0.400266844563042,0.04665314401622718,0.8333333333333333,0.058823529411764705,0.0,0.5
0.40093395597064707,0.1933739012846518,0.8333333333333333,0.02540106951871657,0.0,0.5
0.40160106737825213,0.09601081812035159,0.8333333333333333,0.028074866310160426,0.0,0.5
0.40226817878585724,0.14739688979039892,0.8333333333333333,0.06951871657754011,0.0,0.5
0.4029352901934623,0.6639621365787695,0.8333333333333333,0.040106951871657755,0.0,0.5
0.40360240160106736,0.6200135226504395,0.8333333333333333,0.030080213903743307,0.0,0.0
0.4042695130086724,0.3772819472616633,0.8333333333333333,0.06818181818181818,0.0,0.5
0.4049366244162775,0.47396889790398916,0.8333333333333333,0.056818181818181816,0.0,0.5
0.4056037358238826,0.59026369168357,0.16666666666666666,0.01336898395721925,0.75,0.5
0.40627084723148765,0.6105476673427992,0.16666666666666666,0.05614973262032085,0.75,0.5
0.4069379586390927,0.6997971602434077,0.16666666666666666,0.024064171122994648,0.5,0.5
0.40760507004669777,0.7214334009465855,0.16666666666666666,0.036764705882352935,0.5,0.5
0.40827218145430283,0.2650439486139283,0.16666666666666666,0.009358288770053473,0.75,0.5
0.40893929286190794,0.4563894523326572,0.16666666666666666,0.004679144385026738,0.5,0.5
0.409606404269513,0.17173766058147397,0.16666666666666666,0.006016042780748661,0.5,0.5
0.41027351567711806,0.2521974306964165,0.16666666666666666,0.01336898395721925,0.5,0.5
0.4109406270847231,0.5253549695740365,0.16666666666666666,0.017379679144385023,0.5,0.5
0.4116077384923282,0.847870182555781,0.16666666666666666,0.018048128342245985,0.25,0.5
0.4122748498999333,0.016227180527383367,0.16666666666666666,0.00802139037433155,0.5,0.5
0.41294196130753835,0.36105476673427994,0.16666666666666666,0.021390374331550797,0.25,0.5
0.4136090727151434,0.4949290060851927,1.0,0.008689839572192512,0.5,0.0
0.41427618412274847,0.5158891142663962,1.0,0.019385026737967912,0.5,0.0
0.41494329553035353,0.9398242055442867,1.0,0.016711229946524058,0.5,0.5
0.41561040693795864,0.9506423258958756,1.0,0.034759358288770054,0.5,0.5
0.4162775183455637,0.2772143340094658,1.0,0.044117647058823525,0.5,0.5
0.41694462975316876,0.2021636240703178,1.0,0.004010695187165774,0.5,0.0
0.4176117411607738,0.3184584178498986,1.0,0.010695187165775399,0.5,0.0
0.4182788525683789,0.22920892494929007,1.0,0.0006684491978609622,0.5,0.0
0.418945963975984,0.5348208248816768,1.0,0.00267379679144385,0.5,0.0
0.41961307538358905,0.011494252873563218,1.0,0.012032085561497324,0.25,0.5
0.4202801867911941,0.9641649763353617,0.3333333333333333,0.0374331550802139,0.5,0.5
0.42094729819879917,0.9154834347532116,0.3333333333333333,0.028743315508021384,0.5,0.5
0.42161440960640423,0.8999323867478025,0.3333333333333333,0.04344919786096256,0.5,0.5
0.42228152101400934,0.299526707234618,0.3333333333333333,0.057486631016042775,0.75,1.0
0.4229486324216144,0.9878296146044625,0.3333333333333333,0.08823529411764705,0.75,1.0
0.42361574382921946,0.42055442866801895,0.3333333333333333,0.0661764705882353,0.5,0.5
0.4242828552368245,0.2244759972954699,0.3333333333333333,0.03542780748663101,0.25,0.5
0.4249499666444296,0.8086544962812712,0.6666666666666666,0.024064171122994648,0.25,0.5
0.4256170780520347,0.7748478701825557,0.6666666666666666,0.017379679144385023,0.25,0.5
0.42628418945963975,0.7856659905341447,0.6666666666666666,0.06751336898395721,0.25,0.5
0.4269513008672448,0.12508451656524677,0.6666666666666666,0.04144385026737968,0.25,0.0
0.42761841227484987,0.07167004732927654,0.6666666666666666,0.03609625668449197,0.25,0.5
0.4282855236824549,0.07910750507099391,0.6666666666666666,0.030748663101604273,0.25,0.5
0.42895263509006004,0.8843813387423936,0.6666666666666666,0.020721925133689836,0.25,0.0
0.4296197464976651,0.13252197430696416,0.6666666666666666,0.023395721925133686,0.25,0.0
0.43028685790527016,0.33536173089925625,0.6666666666666666,0.0374331550802139,0.25,0.5
0.4309539693128752,0.4090601757944557,0.6666666666666666,0.030748663101604273,0.25,0.5
0.4316210807204803,0.6808654496281271,0.6666666666666666,0.46524064171122986,0.0,1.0
0.4322881921280854,0.8390804597701149,0.6666666666666666,0.46524064171122986,0.0,1.0
0.43295530353569045,0.1839080459770115,0.6666666666666666,0.08422459893048127,0.25,0.5
0.4336224149432955,0.6490872210953347,0.6666666666666666,0.030080213903743307,0.25,0.5
0.43428952635090057,0.7991886409736308,0.6666666666666666,0.03943850267379679,0.25,0.5
0.4349566377585056,0.1068289384719405,0.6666666666666666,0.028074866310160426,0.25,0.0
0.43562374916611074,0.8194726166328601,0.6666666666666666,0.06016042780748662,0.25,0.0
0.4362908605737158,0.2920892494929006,0.6666666666666666,0.08088235294117646,0.25,0.0
0.43695797198132086,0.7518593644354293,0.5,0.01871657754010695,1.0,0.0
0.4376250833889259,0.7572684246112238,0.5,0.019385026737967912,1.0,0.0
0.438292194796531,0.8681541582150101,0.5,0.036764705882352935,0.75,0.0
0.4389593062041361,0.8803245436105477,0.5,0.03409090909090909,0.75,0.0
0.43962641761174115,0.4455713319810683,0.5,0.177807486631016,1.0,0.0
0.4402935290193462,0.39215686274509803,0.5,0.01871657754010695,0.75,0.0
0.44096064042695127,0.03380662609871535,0.5,0.044117647058823525,0.75,0.5
0.4416277518345563,0.6348884381338742,0.5,0.014037433155080211,0.5,0.0
0.44229486324216144,0.9263015551048005,0.5,0.00267379679144385,0.25,0.0
0.4429619746497665,0.6943881000676132,0.5,0.0427807486631016,0.5,0.5
0.44362908605737156,0.4374577417173766,0.5,0.30481283422459887,0.75,1.0
0.4442961974649766,0.7349560513860717,0.5,0.5989304812834224,0.75,1.0
0.4449633088725817,0.35023664638269103,0.5,0.06082887700534759,0.75,0.0
0.4456304202801868,0.5720081135902637,0.8333333333333333,0.177807486631016,0.0,0.5
0.44629753168779185,0.5544286680189316,0.8333333333333333,0.030748663101604273,0.0,0.5
0.4469646430953969,0.05341446923597025,0.8333333333333333,0.05614973262032085,0.0,0.5
0.44763175450300197,0.19269776876267747,0.8333333333333333,0.03141711229946524,0.0,0.5
0.448298865910607,0.09533468559837728,0.8333333333333333,0.028743315508021384,0.0,0.5
0.44896597731821214,0.15280594996619337,0.8333333333333333,0.07085561497326202,0.0,0.5
0.4496330887258172,0.6646382691007438,0.8333333333333333,0.03943850267379679,0.0,0.5
0.45030020013342226,0.6220419202163624,0.8333333333333333,0.034759358288770054,0.0,0.0
0.4509673115410273,0.37187288708586885,0.8333333333333333,0.07085561497326202,0.0,0.5
0.4516344229486324,0.4793779580797836,0.8333333333333333,0.057486631016042775,0.0,0.5
0.4523015343562375,0.5895875591615957,0.16666666666666666,0.012700534759358287,0.75,0.5
0.45296864576384255,0.6159567275185936,0.16666666666666666,0.0481283422459893,0.75,0.5
0.4536357571714476,0.7058823529411764,0.16666666666666666,0.023395721925133686,0.5,0.5
0.45430286857905267,0.7268424611223799,0.16666666666666666,0.03609625668449197,0.5,0.5
0.4549699799866577,0.2657200811359026,0.16666666666666666,0.008689839572192512,0.75,0.5
0.45563709139426284,0.45841784989858014,0.16666666666666666,0.004010695187165774,0.5,0.5
0.4563042028018679,0.15956727518593644,0.16666666666666666,0.005347593582887699,0.5,0.5
0.45697131420947296,0.2515212981744422,0.16666666666666666,0.014037433155080211,0.5,0.5
0.457638425617078,0.5314401622718052,0.16666666666666666,0.0160427807486631,0.5,0.5
0.4583055370246831,0.8424611223799865,0.16666666666666666,0.015374331550802138,0.25,0.5
0.4589726484322882,0.018931710615280595,0.16666666666666666,0.007352941176470586,0.5,0.5
0.45963975983989325,0.35699797160243407,0.16666666666666666,0.022727272727272724,0.25,0.5
0.4603068712474983,0.5023664638269101,1.0,0.00802139037433155,0.5,0.0
0.46097398265510336,0.5077755240027045,1.0,0.01871657754010695,0.5,0.0
0.4616410940627084,0.9465855307640297,1.0,0.015374331550802138,0.5,0.5
0.46230820547031354,0.9587559161595672,1.0,0.03409090909090909,0.5,0.5
0.4629753168779186,0.27518593644354294,1.0,0.05414438502673796,0.5,0.5
0.46364242828552366,0.20081135902636915,1.0,0.004679144385026738,0.5,0.0
0.4643095396931287,0.3211629479377958,1.0,0.012032085561497324,0.5,0.0
0.4649766511007338,0.2339418526031102,1.0,0.0006684491978609622,0.5,0.0
0.4656437625083389,0.5456389452332657,1.0,0.00267379679144385,0.5,0.0
0.46631087391594395,0.005409060175794456,1.0,0.010695187165775399,0.25,0.5
0.466977985323549,0.9682217714672076,0.3333333333333333,0.04545454545454545,0.5,0.5
0.46764509673115406,0.9195402298850575,0.3333333333333333,0.030748663101604273,0.5,0.5
0.4683122081387591,0.8951994590939825,0.3333333333333333,0.049465240641711226,0.5,0.5
0.46897931954636424,0.30628803245436104,0.3333333333333333,0.056818181818181816,0.75,1.0
0.4696464309539693,0.9898580121703854,0.3333333333333333,0.08957219251336897,0.75,1.0
0.47031354236157435,0.4158215010141988,0.3333333333333333,0.06684491978609625,0.5,0.5
0.4709806537691794,0.2210953346855984,0.3333333333333333,0.03609625668449197,0.25,0.5
0.4716477651767845,0.803921568627451,0.6666666666666666,0.02540106951871657,0.25,0.5
0.4723148765843896,0.7768762677484787,0.6666666666666666,0.016711229946524058,0.25,0.5
0.47298198799199465,0.7883705206220419,0.6666666666666666,0.057486631016042775,0.25,0.5
0.4736490993995997,0.1271129141311697,0.6666666666666666,0.03542780748663101,0.25,0.0
0.47431621080720476,0.06558485463150777,0.6666666666666666,0.034759358288770054,0.25,0.5
0.4749833222148098,0.08384043272481406,0.6666666666666666,0.030748663101604273,0.25,0.5
0.47565043362241494,0.8924949290060852,0.6666666666666666,0.020053475935828874,0.25,0.0
0.47631754503002,0.14063556457065585,0.6666666666666666,0.022727272727272724,0.25,0.0
0.47698465643762505,0.3380662609871535,0.6666666666666666,0.038770053475935824,0.25,0.5
0.4776517678452301,0.4050033806626099,0.6666666666666666,0.028743315508021384,0.25,0.5
0.47831887925283517,0.6815415821501014,0.6666666666666666,0.5320855614973261,0.0,1.0
0.4789859906604403,0.8397565922920892,0.6666666666666666,0.5320855614973261,0.0,1.0
0.47965310206804534,0.17985125084516565,0.6666666666666666,0.07419786096256684,0.25,0.5
0.4803202134756504,0.6511156186612576,0.6666666666666666,0.030748663101604273,0.25,0.5
0.48098732488325546,0.7978363759296823,0.6666666666666666,0.04077540106951871,0.25,0.5
0.4816544362908605,0.1075050709939148,0.6666666666666666,0.02740641711229946,0.25,0.0
0.48232154769846564,0.8235294117647058,0.6666666666666666,0.05815508021390374,0.25,0.0
0.4829886591060707,0.29479377958079783,0.6666666666666666,0.07620320855614972,0.25,0.0
0.48365577051367575,0.7633536173089925,0.5,0.018048128342245985,1.0,0.0
0.4843228819212808,0.7552400270453009,0.5,0.021390374331550797,1.0,0.0
0.48498999332888587,0.8654496281271129,0.5,0.04144385026737968,0.75,0.0
0.485657104736491,0.8782961460446247,0.5,0.03609625668449197,0.75,0.0
0.48632421614409604,0.4482758620689655,0.5,0.1510695187165775,1.0,0.0
0.4869913275517011,0.3901284651791751,0.5,0.018048128342245985,0.75,0.0
0.48765843895930616,0.03786342123056119,0.5,0.0427807486631016,0.75,0.5
0.4883255503669112,0.6443542934415145,0.5,0.0160427807486631,0.5,0.0
0.48899266177451634,0.9290060851926978,0.5,0.0013368983957219248,0.25,0.0
0.4896597731821214,0.6869506423258959,0.5,0.04545454545454545,0.5,0.5
0.49032688458972645,0.427315753887762,0.5,0.23796791443850263,0.75,1.0
0.4909939959973315,0.7336037863421231,0.5,0.5855614973262031,0.75,1.0
0.49166110740493657,0.3421230561189993,0.5,0.052139037433155073,0.75,0.0
0.4923282188125417,0.5740365111561866,0.8333333333333333,0.14438502673796788,0.0,0.5
0.49299533022014674,0.5584854631507775,0.8333333333333333,0.028743315508021384,0.0,0.5
0.4936624416277518,0.056795131845841784,0.8333333333333333,0.07085561497326202,0.0,0.5
0.49432955303535686,0.19878296146044624,0.8333333333333333,0.0320855614973262,0.0,0.5
0.4949966644429619,0.09939148073022312,0.8333333333333333,0.02740641711229946,0.0,0.5
0.49566377585056703,0.145368492224476,0.8333333333333333,0.07018716577540107,0.0,0.5
0.4963308872581721,0.6686950642325896,0.8333333333333333,0.044117647058823525,0.0,0.5
0.49699799866577715,0.6308316430020284,0.8333333333333333,0.032754010695187165,0.0,0.0
0.4976651100733822,0.374577417173766,0.8333333333333333,0.0661764705882353,0.0,0.5
0.49833222148098727,0.4746450304259635,0.8333333333333333,0.05614973262032085,0.0,0.5
0.4989993328885924,0.5875591615956728,0.16666666666666666,0.012032085561497324,0.75,0.5
0.4996664442961974,0.6037863421230562,0.16666666666666666,0.05080213903743315,0.75,0.5
0.5003335557038024,0.7025016903313049,0.16666666666666666,0.02473262032085561,0.5,0.5
0.5010006671114076,0.7221095334685599,0.16666666666666666,0.0374331550802139,0.5,0.5
0.5016677785190126,0.2616632860040568,0.16666666666666666,0.009358288770053473,0.75,0.5
0.5023348899266177,0.4658553076402975,0.16666666666666666,0.004679144385026738,0.5,0.5
0.5030020013342227,0.16700473292765383,0.16666666666666666,0.006016042780748661,0.5,0.5
0.5036691127418278,0.2508451656524679,0.16666666666666666,0.014705882352941173,0.5,0.5
0.5043362241494329,0.5334685598377282,0.16666666666666666,0.016711229946524058,0.5,0.5
0.5050033355570379,0.8451656524678837,0.16666666666666666,0.016711229946524058,0.25,0.5
0.505670446964643,0.014874915483434753,0.16666666666666666,0.00802139037433155,0.5,0.5
0.506337558372248,0.35835023664638266,0.16666666666666666,0.02205882352941176,0.25,0.5
0.5070046697798531,0.49628127112914133,1.0,0.008689839572192512,0.5,0.0
0.5076717811874583,0.5145368492224476,1.0,0.0160427807486631,0.5,0.0
0.5083388925950633,0.940500338066261,1.0,0.017379679144385023,0.5,0.5
0.5090060040026684,0.9533468559837728,1.0,0.03542780748663101,0.5,0.5
0.5096731154102734,0.2778904665314402,1.0,0.06082887700534759,0.5,0.5
0.5103402268178785,0.21095334685598377,1.0,0.004679144385026738,0.5,0.0
0.5110073382254836,0.3191345503718729,1.0,0.014037433155080211,0.5,0.0
0.5116744496330886,0.23935091277890466,1.0,0.0006684491978609622,0.5,0.0
0.5123415610406937,0.5354969574036511,1.0,0.00267379679144385,0.5,0.0
0.5130086724482987,0.008113590263691683,1.0,0.01136363636363636,0.25,0.5
0.5136757838559038,0.964841108857336,0.3333333333333333,0.044117647058823525,0.5,0.5
0.514342895263509,0.9175118323191346,0.3333333333333333,0.02740641711229946,0.5,0.5
0.515010006671114,0.8992562542258282,0.3333333333333333,0.052139037433155073,0.5,0.5
0.5156771180787191,0.30899256254225826,0.3333333333333333,0.05949197860962566,0.75,1.0
0.5163442294863241,0.9830966869506423,0.3333333333333333,0.08689839572192513,0.75,1.0
0.5170113408939292,0.4198782961460446,0.3333333333333333,0.06550802139037433,0.5,0.5
0.5176784523015343,0.21906693711967545,0.3333333333333333,0.036764705882352935,0.25,0.5
0.5183455637091393,0.8073022312373225,0.6666666666666666,0.023395721925133686,0.25,0.5
0.5190126751167444,0.77552400270453,0.6666666666666666,0.017379679144385023,0.25,0.5
0.5196797865243494,0.7829614604462475,0.6666666666666666,0.07085561497326202,0.25,0.5
0.5203468979319545,0.11561866125760649,0.6666666666666666,0.04344919786096256,0.25,0.0
0.5210140093395597,0.07234617985125084,0.6666666666666666,0.036764705882352935,0.25,0.5
0.5216811207471647,0.07640297498309669,0.6666666666666666,0.03141711229946524,0.25,0.5
0.5223482321547698,0.8837052062204191,0.6666666666666666,0.020721925133689836,0.25,0.0
0.5230153435623748,0.13725490196078433,0.6666666666666666,0.023395721925133686,0.25,0.0
0.5236824549699799,0.33468559837728196,0.6666666666666666,0.03810160427807486,0.25,0.5
0.524349566377585,0.40703177822853276,0.6666666666666666,0.0320855614973262,0.25,0.5
0.52501667778519,0.6822177146720757,0.6666666666666666,0.5989304812834224,0.0,1.0
0.5256837891927951,0.8404327248140635,0.6666666666666666,0.5989304812834224,0.0,1.0
0.5263509006004001,0.18187964841108856,0.6666666666666666,0.08288770053475936,0.25,0.5
0.5270180120080052,0.6504394861392833,0.6666666666666666,0.03141711229946524,0.25,0.5
0.5276851234156104,0.7964841108857336,0.6666666666666666,0.04144385026737968,0.25,0.5
0.5283522348232154,0.11088573360378634,0.6666666666666666,0.028743315508021384,0.25,0.0
0.5290193462308205,0.8167680865449628,0.6666666666666666,0.05949197860962566,0.25,0.0
0.5296864576384255,0.29006085192697767,0.6666666666666666,0.07887700534759357,0.25,0.0
0.5303535690460306,0.7653820148749155,0.5,0.017379679144385023,1.0,0.0
0.5310206804536357,0.7559161595672752,0.5,0.02205882352941176,1.0,0.0
0.5316877918612407,0.86342123056119,0.5,0.0427807486631016,0.75,0.0
0.5323549032688458,0.8776200135226504,0.5,0.03342245989304813,0.75,0.0
0.5330220146764508,0.4543610547667343,0.5,0.1176470588235294,1.0,0.0
0.5336891260840559,0.39148073022312374,0.5,0.02473262032085561,0.75,0.0
0.5343562374916611,0.034482758620689655,0.5,0.09759358288770052,0.75,0.5
0.5350233488992661,0.6382691007437458,0.5,0.016711229946524058,0.5,0.0
0.5356904603068712,0.931710615280595,0.5,0.0020053475935828875,0.25,0.0
0.5363575717144762,0.684922244759973,0.5,0.04344919786096256,0.5,0.5
0.5370246831220813,0.4306964164976335,0.5,0.25802139037433147,0.75,1.0
0.5376917945296864,0.7410412440838404,0.5,0.8128342245989303,0.75,1.0
0.5383589059372914,0.3400946585530764,0.5,0.08088235294117646,0.75,0.0
0.5390260173448965,0.579445571331981,0.8333333333333333,0.13770053475935826,0.0,0.5
0.5396931287525015,0.555104800540906,0.8333333333333333,0.03409090909090909,0.0,0.5
0.5403602401601066,0.048005409060175794,0.8333333333333333,0.06149732620320855,0.0,0.5
0.5410273515677118,0.1947261663286004,0.8333333333333333,0.032754010695187165,0.0,0.5
0.5416944629753168,0.09330628803245436,0.8333333333333333,0.02941176470588235,0.0,0.5
0.5423615743829219,0.15483434753211628,0.8333333333333333,0.0728609625668449,0.0,0.5
0.5430286857905269,0.6599053414469236,0.8333333333333333,0.044786096256684484,0.0,0.5
0.543695797198132,0.6315077755240027,0.8333333333333333,0.03542780748663101,0.0,0.0
0.5443629086057371,0.36916835699797157,0.8333333333333333,0.07018716577540107,0.0,0.5
0.5450300200133421,0.4753211629479378,0.8333333333333333,0.055481283422459886,0.0,0.5
0.5456971314209472,0.5943204868154158,0.16666666666666666,0.014037433155080211,0.75,0.5
0.5463642428285522,0.6112237998647735,0.16666666666666666,0.05481283422459892,0.75,0.5
0.5470313542361573,0.7052062204192021,0.16666666666666666,0.02540106951871657,0.5,0.5
0.5476984656437625,0.7234617985125085,0.16666666666666666,0.038770053475935824,0.5,0.5
0.5483655770513675,0.2697768762677485,0.16666666666666666,0.010026737967914437,0.75,0.5
0.5490326884589726,0.45977011494252873,0.16666666666666666,0.004679144385026738,0.5,0.5
0.5496997998665776,0.16227180527383367,0.16666666666666666,0.005347593582887699,0.5,0.5
0.5503669112741827,0.24611223799864773,0.16666666666666666,0.015374331550802138,0.5,0.5
0.5510340226817878,0.5192697768762677,0.16666666666666666,0.017379679144385023,0.5,0.5
0.5517011340893928,0.8519269776876268,0.16666666666666666,0.019385026737967912,0.25,0.5
0.5523682454969979,0.021636240703177823,0.16666666666666666,0.008689839572192512,0.5,0.5
0.5530353569046029,0.359026369168357,0.16666666666666666,0.022727272727272724,0.25,0.5
0.553702468312208,0.5003380662609871,1.0,0.008689839572192512,0.5,0.0
0.5543695797198132,0.5070993914807302,1.0,0.019385026737967912,0.5,0.0
0.5550366911274182,0.9391480730223124,1.0,0.016711229946524058,0.5,0.5
0.5557038025350233,0.9601081812035159,1.0,0.03609625668449197,0.5,0.5
0.5563709139426283,0.2805949966193374,1.0,0.0641711229946524,0.5,0.5
0.5570380253502334,0.20013522650439486,1.0,0.005347593582887699,0.5,0.0
0.5577051367578385,0.32386747802569305,1.0,0.014705882352941173,0.5,0.0
0.5583722481654435,0.22785665990534143,1.0,0.0006684491978609622,0.5,0.0
0.5590393595730486,0.5382014874915484,1.0,0.003342245989304812,0.5,0.0
0.5597064709806536,0.00878972278566599,1.0,0.012032085561497324,0.25,0.5
0.5603735823882587,0.9675456389452333,0.3333333333333333,0.046122994652406414,0.5,0.5
0.5610406937958639,0.9127789046653144,0.3333333333333333,0.030080213903743307,0.5,0.5
0.5617078052034689,0.8979039891818796,0.3333333333333333,0.053475935828877,0.5,0.5
0.562374916611074,0.30831643002028397,0.3333333333333333,0.06016042780748662,0.75,1.0
0.563042028018679,0.9837728194726166,0.3333333333333333,0.08890374331550802,0.75,1.0
0.5637091394262841,0.418526031102096,0.3333333333333333,0.06483957219251336,0.5,0.5
0.5643762508338892,0.22041920216362407,0.3333333333333333,0.0374331550802139,0.25,0.5
0.5650433622414942,0.8059499661933739,0.6666666666666666,0.026069518716577533,0.25,0.5
0.5657104736490993,0.7782285327924273,0.6666666666666666,0.018048128342245985,0.25,0.5
0.5663775850567043,0.7822853279242732,0.6666666666666666,0.07754010695187165,0.25,0.5
0.5670446964643094,0.12035158891142664,0.6666666666666666,0.044117647058823525,0.25,0.0
0.5677118078719146,0.06896551724137931,0.6666666666666666,0.03810160427807486,0.25,0.5
0.5683789192795196,0.0777552400270453,0.6666666666666666,0.0320855614973262,0.25,0.5
0.5690460306871247,0.8904665314401623,0.6666666666666666,0.020053475935828874,0.25,0.0
0.5697131420947298,0.12914131169709264,0.6666666666666666,0.024064171122994648,0.25,0.0
0.5703802535023348,0.3313049357674104,0.6666666666666666,0.03943850267379679,0.25,0.5
0.5710473649099399,0.4077079107505071,0.6666666666666666,0.032754010695187165,0.25,0.5
0.5717144763175449,0.6707234617985125,0.6666666666666666,0.6657754010695186,0.0,1.0
0.57238158772515,0.8289384719405003,0.6666666666666666,0.6657754010695186,0.0,1.0
0.5730486991327551,0.17782285327924274,0.6666666666666666,0.0855614973262032,0.25,0.5
0.5737158105403601,0.6517917511832318,0.6666666666666666,0.0320855614973262,0.25,0.5
0.5743829219479653,0.7958079783637593,0.6666666666666666,0.0427807486631016,0.25,0.5
0.5750500333555703,0.11020960108181203,0.6666666666666666,0.02941176470588235,0.25,0.0
0.5757171447631754,0.8242055442866801,0.6666666666666666,0.06082887700534759,0.25,0.0
0.5763842561707805,0.2954699121027721,0.6666666666666666,0.08155080213903743,0.25,0.0
0.5770513675783855,0.7640297498309668,0.5,0.020721925133689836,1.0,0.0
0.5777184789859906,0.7538877620013522,0.5,0.020053475935828874,1.0,0.0
0.5783855903935956,0.8586883029073699,0.5,0.044117647058823525,0.75,0.0
0.5790527018012007,0.8769438810006761,0.5,0.0374331550802139,0.75,0.0
0.5797198132088058,0.44759972954699123,0.5,0.22459893048128338,1.0,0.0
0.5803869246164108,0.38471940500338064,0.5,0.02540106951871657,0.75,0.0
0.581054036024016,0.03989181879648411,0.5,0.10427807486631015,0.75,0.5
0.581721147431621,0.6389452332657201,0.5,0.020053475935828874,0.5,0.0
0.5823882588392261,0.9283299526707235,0.5,0.0013368983957219248,0.25,0.0
0.5830553702468312,0.6964164976335362,0.5,0.04745989304812834,0.5,0.5
0.5837224816544362,0.4367816091954023,0.5,0.3181818181818181,0.75,1.0
0.5843895930620413,0.7417173766058147,0.5,0.8529411764705881,0.75,1.0
0.5850567044696463,0.3495605138607167,0.5,0.08756684491978609,0.75,0.0
0.5857238158772514,0.5774171737660582,0.8333333333333333,0.15775401069518713,0.0,0.5
0.5863909272848565,0.5476673427991886,0.8333333333333333,0.03141711229946524,0.0,0.5
0.5870580386924615,0.04732927653820149,0.8333333333333333,0.07754010695187165,0.0,0.5
0.5877251501000667,0.19675456389452334,0.8333333333333333,0.034759358288770054,0.0,0.5
0.5883922615076717,0.10006761325219743,0.8333333333333333,0.030080213903743307,0.0,0.5
0.5890593729152768,0.1467207572684246,0.8333333333333333,0.07219251336898395,0.0,0.5
0.5897264843228819,0.6572008113590264,0.8333333333333333,0.04545454545454545,0.0,0.5
0.5903935957304869,0.625422582826234,0.8333333333333333,0.03409090909090909,0.0,0.0
0.591060707138092,0.3684922244759973,0.8333333333333333,0.07152406417112299,0.0,0.5
0.591727818545697,0.48073022312373226,0.8333333333333333,0.057486631016042775,0.0,0.5
0.5923949299533021,0.5977011494252873,0.16666666666666666,0.012700534759358287,0.75,0.5
0.5930620413609072,0.6139283299526708,0.16666666666666666,0.052139037433155073,0.75,0.5
0.5937291527685122,0.7004732927653821,0.16666666666666666,0.026069518716577533,0.5,0.5
0.5943962641761174,0.7187288708586883,0.16666666666666666,0.03810160427807486,0.5,0.5
0.5950633755837224,0.26098715348208246,0.16666666666666666,0.010026737967914437,0.75,0.5
0.5957304869913275,0.4685598377281947,0.16666666666666666,0.004679144385026738,0.5,0.5
0.5963975983989326,0.15889114266396215,0.16666666666666666,0.006016042780748661,0.5,0.5
0.5970647098065376,0.24746450304259635,0.16666666666666666,0.014705882352941173,0.5,0.5
0.5977318212141427,0.5226504394861393,0.16666666666666666,0.017379679144385023,0.5,0.5
0.5983989326217477,0.8492224475997295,0.16666666666666666,0.017379679144385023,0.25,0.5
0.5990660440293528,0.01757944557133198,0.16666666666666666,0.008689839572192512,0.5,0.5
0.5997331554369579,0.36173089925625423,0.16666666666666666,0.023395721925133686,0.25,0.5
0.6004002668445629,0.4969574036511156,1.0,0.009358288770053473,0.5,0.0
0.601067378252168,0.513184584178499,1.0,0.016711229946524058,0.5,0.0
0.601734489659773,0.9479377958079783,1.0,0.0160427807486631,0.5,0.5
0.6024016010673782,0.9594320486815415,1.0,0.036764705882352935,0.5,0.5
0.6030687124749833,0.2846517917511832,1.0,0.06751336898395721,0.5,0.5
0.6037358238825883,0.20824881676808654,1.0,0.005347593582887699,0.5,0.0
0.6044029352901934,0.3225152129817444,1.0,0.015374331550802138,0.5,0.0
0.6050700466977984,0.24002704530087898,1.0,0.0006684491978609622,0.5,0.0
0.6057371581054035,0.5442866801893171,1.0,0.003342245989304812,0.5,0.0
0.6064042695130086,0.010818120351588911,1.0,0.012700534759358287,0.25,0.5
0.6070713809206136,0.9716024340770791,0.3333333333333333,0.044786096256684484,0.5,0.5
0.6077384923282187,0.9168356997971603,0.3333333333333333,0.028074866310160426,0.5,0.5
0.6084056037358238,0.9039891818796484,0.3333333333333333,0.05280748663101603,0.5,0.5
0.6090727151434289,0.30155510480054093,0.3333333333333333,0.058823529411764705,0.75,1.0
0.609739826551034,0.9803921568627451,0.3333333333333333,0.08756684491978609,0.75,1.0
0.610406937958639,0.42123056118999325,0.3333333333333333,0.06550802139037433,0.5,0.5
0.6110740493662441,0.21568627450980393,0.3333333333333333,0.036764705882352935,0.25,0.5
0.6117411607738491,0.8140635564570655,0.6666666666666666,0.02473262032085561,0.25,0.5
0.6124082721814542,0.7728194726166329,0.6666666666666666,0.017379679144385023,0.25,0.5
0.6130753835890593,0.7849898580121704,0.6666666666666666,0.07620320855614972,0.25,0.5
0.6137424949966643,0.11764705882352941,0.6666666666666666,0.0427807486631016,0.25,0.0
0.6144096064042694,0.07099391480730223,0.6666666666666666,0.03542780748663101,0.25,0.5
0.6150767178118745,0.07572684246112238,0.6666666666666666,0.03141711229946524,0.25,0.5
0.6157438292194796,0.8816768086544963,0.6666666666666666,0.021390374331550797,0.25,0.0
0.6164109406270847,0.14131169709263014,0.6666666666666666,0.024064171122994648,0.25,0.0
0.6170780520346897,0.3286004056795132,0.6666666666666666,0.038770053475935824,0.25,0.5
0.6177451634422948,0.4043272481406356,0.6666666666666666,0.032754010695187165,0.25,0.5
0.6184122748498998,0.6795131845841785,0.6666666666666666,0.33155080213903737,0.0,1.0
0.6190793862575049,0.8377281947261663,0.6666666666666666,0.33155080213903737,0.0,1.0
0.61974649766511,0.17917511832319133,0.6666666666666666,0.07754010695187165,0.25,0.5
0.620413609072715,0.6484110885733604,0.6666666666666666,0.0320855614973262,0.25,0.5
0.6210807204803201,0.8012170385395537,0.6666666666666666,0.040106951871657755,0.25,0.5
0.6217478318879252,0.11291413116970926,0.6666666666666666,0.028743315508021384,0.25,0.0
0.6224149432955303,0.8255578093306288,0.6666666666666666,0.06149732620320855,0.25,0.0
0.6230820547031354,0.290736984448952,0.6666666666666666,0.08221925133689839,0.25,0.0
0.6237491661107404,0.751183231913455,0.5,0.016711229946524058,1.0,0.0
0.6244162775183455,0.7579445571331981,0.5,0.020721925133689836,1.0,0.0
0.6250833889259505,0.8695064232589588,0.5,0.0374331550802139,0.75,0.0
0.6257505003335556,0.8735632183908046,0.5,0.032754010695187165,0.75,0.0
0.6264176117411607,0.4415145368492224,0.5,0.13101604278074863,1.0,0.0
0.6270847231487657,0.39486139283299526,0.5,0.021390374331550797,0.75,0.0
0.6277518345563708,0.029749830966869506,0.5,0.07754010695187165,0.75,0.5
0.6284189459639759,0.6457065584854631,0.5,0.010695187165775399,0.5,0.0
0.629086057371581,0.9296822177146721,0.5,0.0013368983957219248,0.25,0.0
0.6297531687791861,0.6842461122379986,0.5,0.030748663101604273,0.5,0.5
0.6304202801867911,0.43204868154158216,0.5,0.2780748663101604,0.75,1.0
0.6310873915943962,0.7383367139959431,0.5,0.7192513368983956,0.75,1.0
0.6317545030020012,0.3482082488167681,0.5,0.057486631016042775,0.75,0.0
0.6324216144096063,0.5780933062880325,0.8333333333333333,0.14438502673796788,0.0,0.5
0.6330887258172114,0.5557809330628803,0.8333333333333333,0.030748663101604273,0.0,0.5
0.6337558372248164,0.052062204192021636,0.8333333333333333,0.07419786096256684,0.0,0.5
0.6344229486324215,0.18593644354293443,0.8333333333333333,0.02941176470588235,0.0,0.5
0.6350900600400265,0.0966869506423259,0.8333333333333333,0.028743315508021384,0.0,0.5
0.6357571714476317,0.14942528735632182,0.8333333333333333,0.07085561497326202,0.0,0.5
0.6364242828552368,0.6558485463150777,0.8333333333333333,0.04344919786096256,0.0,0.5
0.6370913942628418,0.6274509803921569,0.8333333333333333,0.0320855614973262,0.0,0.0
0.6377585056704469,0.37390128465179173,0.8333333333333333,0.07219251336898395,0.0,0.5
0.6384256170780519,0.47329276538201487,0.8333333333333333,0.05481283422459892,0.0,0.5
0.639092728485657,0.5929682217714672,0.16666666666666666,0.012032085561497324,0.75,0.5
0.6397598398932621,0.6091954022988506,0.16666666666666666,0.051470588235294115,0.75,0.5
0.6404269513008671,0.7072346179851251,0.16666666666666666,0.024064171122994648,0.5,0.5
0.6410940627084722,0.7167004732927653,0.16666666666666666,0.03943850267379679,0.5,0.5
0.6417611741160772,0.25963488843813387,0.16666666666666666,0.009358288770053473,0.75,0.5
0.6424282855236824,0.46991210277214335,0.16666666666666666,0.004679144385026738,0.5,0.5
0.6430953969312875,0.16362407031778228,0.16666666666666666,0.006016042780748661,0.5,0.5
0.6437625083388925,0.2549019607843137,0.16666666666666666,0.014037433155080211,0.5,0.5
0.6444296197464976,0.5212981744421906,0.16666666666666666,0.016711229946524058,0.5,0.5
0.6450967311541026,0.8471940500338067,0.16666666666666666,0.016711229946524058,0.25,0.5
0.6457638425617077,0.027045300878972278,0.16666666666666666,0.008689839572192512,0.5,0.5
0.6464309539693128,0.36511156186612576,0.16666666666666666,0.02205882352941176,0.25,0.5
0.6470980653769178,0.5037187288708587,1.0,0.009358288770053473,0.5,0.0
0.647765176784523,0.5165652467883706,1.0,0.018048128342245985,0.5,0.0
0.648432288192128,0.9357674104124408,1.0,0.017379679144385023,0.5,0.5
0.6490993995997331,0.9499661933739013,1.0,0.03609625668449197,0.5,0.5
0.6497665110073382,0.2724814063556457,1.0,0.06283422459893047,0.5,0.5
0.6504336224149432,0.20351588911426638,1.0,0.004679144385026738,0.5,0.0
0.6511007338225483,0.315077755240027,1.0,0.012700534759358287,0.5,0.0
0.6517678452301533,0.22988505747126436,1.0,0.0006684491978609622,0.5,0.0
0.6524349566377584,0.539553752535497,1.0,0.00267379679144385,0.5,0.0
0.6531020680453635,0.001352265043948614,1.0,0.01136363636363636,0.25,0.5
0.6537691794529685,0.9756592292089249,0.3333333333333333,0.04679144385026737,0.5,0.5
0.6544362908605736,0.9107505070993914,0.3333333333333333,0.02941176470588235,0.5,0.5
0.6551034022681786,0.905341446923597,0.3333333333333333,0.05080213903743315,0.5,0.5
0.6557705136757838,0.30493576741041245,0.3333333333333333,0.05614973262032085,0.75,1.0
0.6564376250833889,0.982420554428668,0.3333333333333333,0.08622994652406417,0.75,1.0
0.6571047364909939,0.42190669371196754,0.3333333333333333,0.0661764705882353,0.5,0.5
0.657771847898599,0.22177146720757268,0.3333333333333333,0.0374331550802139,0.25,0.5
0.658438959306204,0.810682893847194,0.6666666666666666,0.024064171122994648,0.25,0.5
0.6591060707138091,0.7762001352265044,0.6666666666666666,0.018048128342245985,0.25,0.5
0.6597731821214142,0.7876943881000676,0.6666666666666666,0.08088235294117646,0.25,0.5
0.6604402935290192,0.12643678160919541,0.6666666666666666,0.044117647058823525,0.25,0.0
0.6611074049366243,0.06288032454361055,0.6666666666666666,0.0374331550802139,0.25,0.5
0.6617745163442293,0.08113590263691683,0.6666666666666666,0.0320855614973262,0.25,0.5
0.6624416277518345,0.8870858688302907,0.6666666666666666,0.02205882352941176,0.25,0.0
0.6631087391594396,0.13928329952670723,0.6666666666666666,0.02473262032085561,0.25,0.0
0.6637758505670446,0.33198106828938473,0.6666666666666666,0.040106951871657755,0.25,0.5
0.6644429619746497,0.3982420554428668,0.6666666666666666,0.03342245989304813,0.25,0.5
0.6651100733822547,0.6713995943204868,0.6666666666666666,0.7994652406417111,0.0,1.0
0.6657771847898598,0.8296146044624746,0.6666666666666666,0.7994652406417111,0.0,1.0
0.6664442961974649,0.18255578093306288,0.6666666666666666,0.0909090909090909,0.25,0.5
0.6671114076050699,0.9945909398242055,0.5,0.00802139037433155,0.5,0.0
0.667778519012675,0.9986477349560514,0.5,0.007352941176470586,0.5,0.0
0.66844563042028,1.0,0.5,0.009358288770053473,0.5,0.0
0.6691127418278852,0.7525354969574036,0.5,0.021390374331550797,1.0,0.0
0.6697798532354903,0.749154834347532,0.5,0.0160427807486631,1.0,0.0
0.6704469646430953,0.7464503042596349,0.5,0.02205882352941176,1.0,0.0
0.6711140760507004,0.8620689655172413,0.5,0.0320855614973262,0.75,0.0
0.6717811874583054,0.8674780256930358,0.5,0.03542780748663101,0.75,0.0
0.6724482988659105,0.8607167004732927,0.5,0.04344919786096256,0.75,0.0
0.6731154102735156,0.45098039215686275,0.5,0.14438502673796788,1.0,0.0
0.6737825216811206,0.4503042596348884,0.5,0.19117647058823525,1.0,0.0
0.6744496330887257,0.44286680189317107,0.5,0.19786096256684488,1.0,0.0
0.6751167444963307,0.3867478025693036,0.5,0.005347593582887699,0.75,0.0
0.6757838559039359,0.3887762001352265,0.5,0.024064171122994648,0.75,0.0
0.676450967311541,0.39418526031102097,0.5,0.017379679144385023,0.75,0.0
0.677118078719146,0.03110209601081812,0.5,0.0374331550802139,0.75,0.5
0.6777851901267511,0.0392156862745098,0.5,0.044117647058823525,0.75,0.5
0.6784523015343561,0.04056795131845842,0.5,0.030748663101604273,0.75,0.5
0.6791194129419612,0.632183908045977,0.5,0.014037433155080211,0.5,0.0
0.6797865243495663,0.6328600405679513,0.5,0.024064171122994648,0.5,0.0
0.6804536357571713,0.6335361730899256,0.5,0.009358288770053473,0.5,0.0
0.6811207471647764,0.9256254225828262,0.5,0.0006684491978609622,0.25,0.0
0.6817878585723814,0.922920892494929,0.5,0.0013368983957219248,0.25,0.0
0.6824549699799866,0.9242731575388776,0.5,0.0006684491978609622,0.25,0.0
0.6831220813875917,0.6889790398918187,0.5,0.0320855614973262,0.5,0.5
0.6837891927951967,0.6930358350236646,0.5,0.044117647058823525,0.5,0.5
0.6844563042028018,0.6957403651115619,0.5,0.024064171122994648,0.5,0.5
0.6851234156104068,0.4259634888438134,0.5,0.21791443850267375,0.75,1.0
0.6857905270180119,0.4347532116294794,0.5,0.3248663101604278,0.75,1.0
0.686457638425617,0.4388100067613252,0.5,0.41844919786096246,0.75,1.0
0.687124749833222,0.7302231237322515,0.5,0.5254010695187165,0.75,1.0
0.6877918612408271,0.735632183908046,0.5,0.6189839572192513,0.75,1.0
0.6884589726484321,0.7430696416497633,0.5,0.9999999999999998,0.75,1.0
0.6891260840560373,0.34279918864097364,0.5,0.049465240641711226,0.75,0.0
0.6897931954636424,0.34685598377281945,0.5,0.06751336898395721,0.75,0.0
0.6904603068712474,0.34550371872887087,0.5,0.0909090909090909,0.75,0.0
0.6911274182788525,0.5665990534144693,0.8333333333333333,0.1510695187165775,0.0,0.5
0.6917945296864575,0.565922920892495,0.8333333333333333,0.2513368983957219,0.0,0.5
0.6924616410940626,0.5733603786342123,0.8333333333333333,0.17112299465240638,0.0,0.5
0.6931287525016677,0.5571331981068289,0.8333333333333333,0.014037433155080211,0.0,0.5
0.6937958639092727,0.5483434753211629,0.8333333333333333,0.02941176470588235,0.0,0.5
0.6944629753168778,0.5496957403651116,0.8333333333333333,0.028743315508021384,0.0,0.5
0.6951300867244828,0.054090601757944556,0.8333333333333333,0.057486631016042775,0.0,0.5
0.695797198132088,0.05070993914807302,0.8333333333333333,0.05949197860962566,0.0,0.5
0.6964643095396931,0.05138607167004733,0.8333333333333333,0.0641711229946524,0.0,0.5
0.6971314209472981,0.19743069641649763,0.8333333333333333,0.02740641711229946,0.0,0.5
0.6977985323549032,0.18999323867478024,0.8333333333333333,0.0374331550802139,0.0,0.5
0.6984656437625082,0.19607843137254902,0.8333333333333333,0.017379679144385023,0.0,0.5
0.6991327551701133,0.09127789046653144,0.8333333333333333,0.024064171122994648,0.0,0.5
0.6997998665777184,0.08992562542258282,0.8333333333333333,0.030748663101604273,0.0,0.5
0.7004669779853234,0.15077755240027046,0.8333333333333333,0.07754010695187165,0.0,0.5
0.7011340893929285,0.14874915483434753,0.8333333333333333,0.10427807486631015,0.0,0.5
0.7018012008005335,0.1555104800540906,0.8333333333333333,0.057486631016042775,0.0,0.5
0.7024683122081387,0.665314401622718,0.8333333333333333,0.0374331550802139,0.0,0.5
0.7031354236157438,0.6605814739688979,0.8333333333333333,0.044117647058823525,0.0,0.5
0.7038025350233488,0.6666666666666666,0.8333333333333333,0.0427807486631016,0.0,0.5
0.7044696464309539,0.6193373901284651,0.8333333333333333,0.0320855614973262,0.0,0.0
0.7051367578385589,0.6227180527383367,0.8333333333333333,0.032754010695187165,0.0,0.0
0.705803869246164,0.6288032454361054,0.8333333333333333,0.03342245989304813,0.0,0.0
0.7064709806537691,0.3793103448275862,0.8333333333333333,0.0641711229946524,0.0,0.5
0.7071380920613741,0.3799864773495605,0.8333333333333333,0.06751336898395721,0.0,0.5
0.7078052034689792,0.38066260987153483,0.8333333333333333,0.07085561497326202,0.0,0.5
0.7084723148765842,0.4874915483434753,0.8333333333333333,0.052139037433155073,0.0,0.5
0.7091394262841894,0.48208248816768084,0.8333333333333333,0.057486631016042775,0.0,0.5
0.7098065376917945,0.48275862068965514,0.8333333333333333,0.06082887700534759,0.0,0.5
0.7104736490993995,0.5916159567275185,0.16666666666666666,0.012700534759358287,0.75,0.5
0.7111407605070046,0.5949966193373901,0.16666666666666666,0.014705882352941173,0.75,0.5
0.7118078719146096,0.5889114266396214,0.16666666666666666,0.012032085561497324,0.75,0.5
0.7124749833222147,0.6078431372549019,0.0,0.05080213903743315,0.75,0.5
0.7131420947298198,0.6118999323867478,0.0,0.057486631016042775,0.75,0.5
0.7138092061374248,0.6044624746450304,0.0,0.049465240641711226,0.75,0.5
0.7144763175450299,0.7045300878972278,0.16666666666666666,0.02540106951871657,0.5,0.5
0.7151434289526349,0.7031778228532792,0.16666666666666666,0.02473262032085561,0.5,0.5
0.71581054036024,0.7079107505070994,0.16666666666666666,0.026069518716577533,0.5,0.5
0.7164776517678452,0.7261663286004056,0.16666666666666666,0.04745989304812834,0.5,0.5
0.7171447631754502,0.7200811359026369,0.0,0.05414438502673796,0.5,0.5
0.7178118745830553,0.7248140635564571,0.16666666666666666,0.030748663101604273,0.5,0.5
0.7184789859906603,0.2589587559161596,0.16666666666666666,0.009358288770053473,0.75,0.5
0.7191460973982654,0.26707234617985126,0.16666666666666666,0.008689839572192512,0.75,0.5
0.7198132088058705,0.2630155510480054,0.16666666666666666,0.010026737967914437,0.75,0.5
0.7204803202134755,0.46923597025016905,0.16666666666666666,0.004679144385026738,0.5,0.5
0.7211474316210806,0.4638269100743746,0.16666666666666666,0.004010695187165774,0.5,0.5
0.7218145430286856,0.4645030425963489,0.16666666666666666,0.004010695187165774,0.5,0.5
0.7224816544362908,0.16835699797160242,0.16666666666666666,0.005347593582887699,0.5,0.5
0.7231487658438959,0.17106152805949965,0.16666666666666666,0.006016042780748661,0.5,0.5
0.7238158772515009,0.16091954022988506,0.16666666666666666,0.006684491978609625,0.5,0.5
0.724482988659106,0.2542258282623394,0.16666666666666666,0.014705882352941173,0.5,0.5
0.725150100066711,0.24543610547667344,0.16666666666666666,0.014037433155080211,0.5,0.5
0.7258172114743161,0.24678837052062202,0.16666666666666666,0.01336898395721925,0.5,0.5
0.7264843228819212,0.5321162947937795,0.16666666666666666,0.017379679144385023,0.5,0.5
0.7271514342895262,0.5273833671399595,0.16666666666666666,0.016711229946524058,0.5,0.5
0.7278185456971313,0.5294117647058824,0.16666666666666666,0.01871657754010695,0.5,0.5
0.7284856571047363,0.8431372549019608,0.16666666666666666,0.015374331550802138,0.25,0.5
0.7291527685123415,0.8512508451656524,0.16666666666666666,0.018048128342245985,0.25,0.5
0.7298198799199466,0.8553076402974983,0.16666666666666666,0.021390374331550797,0.25,0.5
0.7304869913275516,0.016903313049357674,0.16666666666666666,0.008689839572192512,0.5,0.5
0.7311541027351567,0.01555104800540906,0.16666666666666666,0.00802139037433155,0.5,0.5
0.7318212141427617,0.02231237322515213,0.16666666666666666,0.009358288770053473,0.5,0.5
0.7324883255503668,0.35767410412440837,0.16666666666666666,0.021390374331550797,0.25,0.5
0.7331554369579719,0.36240703177822853,0.16666666666666666,0.024064171122994648,0.25,0.5
0.7338225483655769,0.49222447599729546,1.0,0.010026737967914437,0.5,0.0
0.734489659773182,0.49966193373901285,1.0,0.010695187165775399,0.5,0.0
0.735156771180787,0.49290060851926976,1.0,0.009358288770053473,0.5,0.0
0.7358238825883922,0.506423258958756,1.0,0.020721925133689836,0.5,0.0
0.7364909939959973,0.5152129817444219,1.0,0.017379679144385023,0.5,0.0
0.7371581054036023,0.5179175118323192,1.0,0.020053475935828874,0.5,0.0
0.7378252168112074,0.9384719405003381,1.0,0.015374331550802138,0.5,0.5
0.7384923282188124,0.9377958079783637,1.0,0.0160427807486631,0.5,0.5
0.7391594396264175,0.9425287356321839,1.0,0.014705882352941173,0.5,0.5
0.7398265510340226,0.9513184584178499,1.0,0.0374331550802139,0.5,0.5
0.7404936624416276,0.9574036511156186,1.0,0.03542780748663101,0.5,0.5
0.7411607738492327,0.9614604462474645,1.0,0.038770053475935824,0.5,0.5
0.7418278852568377,0.2738336713995943,1.0,0.04745989304812834,0.5,0.5
0.7424949966644429,0.2812711291413117,1.0,0.05414438502673796,0.5,0.5
0.743162108072048,0.28329952670723463,1.0,0.0374331550802139,0.5,0.5
0.743829219479653,0.2028397565922921,1.0,0.005347593582887699,0.5,0.0
0.7444963308872581,0.20486815415821502,1.0,0.004679144385026738,0.5,0.0
0.7451634422948631,0.20689655172413793,1.0,0.006016042780748661,0.5,0.0
0.7458305537024682,0.31710615280594995,1.0,0.01136363636363636,0.5,0.0
0.7464976651100733,0.32048681541582147,1.0,0.014037433155080211,0.5,0.0
0.7471647765176783,0.31575388776200136,1.0,0.015374331550802138,0.5,0.0
0.7478318879252834,0.2359702501690331,1.0,0.0006684491978609622,0.5,0.0
0.7484989993328884,0.23529411764705882,1.0,0.0006684491978609622,0.5,0.0
0.7491661107404936,0.2319134550371873,1.0,0.0006684491978609622,0.5,0.0
0.7498332221480987,0.5388776200135227,1.0,0.0020053475935828875,0.5,0.0
0.7505003335557037,0.54631507775524,1.0,0.003342245989304812,0.5,0.0
0.7511674449633088,0.5429344151453684,1.0,0.00267379679144385,0.5,0.0
0.7518345563709138,0.004056795131845842,1.0,0.01336898395721925,0.25,0.5
0.7525016677785189,0.0067613252197430695,1.0,0.01136363636363636,0.25,0.5
0.753168779186124,0.0074374577417173765,1.0,0.010026737967914437,0.25,0.5
0.753835890593729,0.9688979039891819,0.3333333333333333,0.0481283422459893,0.5,0.5
0.7545030020013341,0.9743069641649763,0.3333333333333333,0.05080213903743315,0.5,0.5
0.7551701134089391,0.9702501690331304,0.3333333333333333,0.03409090909090909,0.5,0.5
0.7558372248165443,0.9087221095334685,0.3333333333333333,0.030748663101604273,0.5,0.5
0.7565043362241494,0.9134550371872887,0.3333333333333333,0.0320855614973262,0.5,0.5
0.7571714476317544,0.9093982420554428,0.3333333333333333,0.030080213903743307,0.5,0.5
0.7578385590393595,0.90736984448952,0.3333333333333333,0.057486631016042775,0.5,0.5
0.7585056704469645,0.9026369168356998,0.3333333333333333,0.0374331550802139,0.5,0.5
0.7591727818545696,0.8985801217038539,0.3333333333333333,0.05481283422459892,0.5,0.5
0.7598398932621747,0.30561189993238674,0.3333333333333333,0.06082887700534759,0.75,1.0
0.7605070046697797,0.3076402974983097,0.3333333333333333,0.057486631016042775,0.75,1.0
0.7611741160773848,0.3069641649763354,0.3333333333333333,0.05614973262032085,0.75,1.0
0.7618412274849898,0.9885057471264368,0.3333333333333333,0.0855614973262032,0.75,1.0
0.762508338892595,0.9891818796484111,0.3333333333333333,0.08489304812834224,0.75,1.0
0.7631754503002001,0.9851250845165652,0.3333333333333333,0.08957219251336897,0.75,1.0
0.7638425617078051,0.41379310344827586,0.3333333333333333,0.06818181818181818,0.5,0.5
0.7645096731154102,0.41446923597025015,0.3333333333333333,0.06751336898395721,0.5,0.5
0.7651767845230152,0.4171737660581474,0.3333333333333333,0.06885026737967914,0.5,0.5
0.7658438959306203,0.21839080459770116,0.3333333333333333,0.03609625668449197,0.25,0.5
0.7665110073382254,0.22379986477349562,0.3333333333333333,0.03943850267379679,0.25,0.5
0.7671781187458304,0.2231237322515213,0.3333333333333333,0.0374331550802139,0.25,0.5
0.7678452301534355,0.8120351588911426,0.6666666666666666,0.022727272727272724,0.25,0.5
0.7685123415610405,0.8079783637592968,0.6666666666666666,0.023395721925133686,0.25,0.5
0.7691794529686456,0.8100067613252198,0.6666666666666666,0.02205882352941176,0.25,0.5
0.7698465643762508,0.7789046653144016,0.6666666666666666,0.017379679144385023,0.25,0.5
0.7705136757838558,0.7714672075726843,0.6666666666666666,0.018048128342245985,0.25,0.5
0.7711807871914609,0.768762677484787,0.6666666666666666,0.017379679144385023,0.25,0.5
0.7718478985990659,0.7890466531440162,0.6666666666666666,0.06082887700534759,0.25,0.5
0.772515010006671,0.7910750507099391,0.6666666666666666,0.06751336898395721,0.25,0.5
0.7731821214142761,0.7816091954022988,0.6666666666666666,0.08756684491978609,0.25,0.5
0.7738492328218811,0.11967545638945233,0.6666666666666666,0.044117647058823525,0.25,0.0
0.7745163442294862,0.12305611899932387,0.6666666666666666,0.04344919786096256,0.25,0.0
0.7751834556370912,0.1162947937795808,0.6666666666666666,0.044786096256684484,0.25,0.0
0.7758505670446963,0.06220419202163624,0.6666666666666666,0.0374331550802139,0.25,0.5
0.7765176784523015,0.068289384719405,0.6666666666666666,0.036764705882352935,0.25,0.5
0.7771847898599065,0.06626098715348208,0.6666666666666666,0.03810160427807486,0.25,0.5
0.7778519012675116,0.0784313725490196,0.6666666666666666,0.030748663101604273,0.25,0.5
0.7785190126751166,0.08181203515889114,0.6666666666666666,0.03141711229946524,0.25,0.5
0.7791861240827217,0.07978363759296822,0.6666666666666666,0.0320855614973262,0.25,0.5
0.7798532354903268,0.8830290736984449,0.6666666666666666,0.021390374331550797,0.25,0.0
0.7805203468979318,0.8850574712643678,0.6666666666666666,0.021390374331550797,0.25,0.0
0.7811874583055369,0.8931710615280595,0.6666666666666666,0.020721925133689836,0.25,0.0
0.7818545697131419,0.13049357674104123,0.6666666666666666,0.024064171122994648,0.25,0.0
0.782521681120747,0.13116970926301555,0.6666666666666666,0.02473262032085561,0.25,0.0
0.7831887925283522,0.1352265043948614,0.6666666666666666,0.023395721925133686,0.25,0.0
0.7838559039359572,0.33603786342123054,0.6666666666666666,0.03943850267379679,0.25,0.5
0.7845230153435623,0.332657200811359,0.6666666666666666,0.040106951871657755,0.25,0.5
0.7851901267511673,0.33400946585530766,0.6666666666666666,0.038770053475935824,0.25,0.5
0.7858572381587724,0.39891818796484113,0.6666666666666666,0.024064171122994648,0.25,0.5
0.7865243495663775,0.40635564570655847,0.6666666666666666,0.02473262032085561,0.25,0.5
0.7871914609739825,0.40973630831643004,0.6666666666666666,0.023395721925133686,0.25,0.5
0.7878585723815876,0.6741041244083841,0.6666666666666666,0.13101604278074863,0.0,0.5
0.7885256837891926,0.676132521974307,0.6666666666666666,0.19786096256684488,0.0,0.5
0.7891927951967977,0.6781609195402298,0.6666666666666666,0.2647058823529411,0.0,0.5
0.7898599066044029,0.8309668695064233,0.6666666666666666,0.0641711229946524,0.0,0.5
0.7905270180120079,0.8329952670723462,0.6666666666666666,0.13101604278074863,0.0,0.5
0.791194129419613,0.8343475321162948,0.6666666666666666,0.19786096256684488,0.0,0.5
0.791861240827218,0.1757944557133198,0.6666666666666666,0.07754010695187165,0.25,0.5
0.7925283522348231,0.17714672075726842,0.6666666666666666,0.08088235294117646,0.25,0.5
0.7931954636424282,0.18120351588911426,0.6666666666666666,0.08422459893048127,0.25,0.5
0.7938625750500332,0.10953346855983773,0.6666666666666666,0.028074866310160426,0.25,0.0
0.7945296864576383,0.11156186612576065,0.6666666666666666,0.028743315508021384,0.25,0.0
0.7951967978652433,0.10480054090601758,0.6666666666666666,0.02740641711229946,0.25,0.0
0.7958639092728484,0.8228532792427316,0.6666666666666666,0.06082887700534759,0.25,0.0
0.7965310206804536,0.8208248816768087,0.6666666666666666,0.06283422459893047,0.25,0.0
0.7971981320880586,0.8181203515889114,0.6666666666666666,0.057486631016042775,0.25,0.0
0.7978652434956637,0.29411764705882354,0.6666666666666666,0.07754010695187165,0.25,0.0
0.7985323549032688,0.2927653820148749,0.6666666666666666,0.08088235294117646,0.25,0.0
0.7991994663108738,0.2887085868830291,0.6666666666666666,0.07887700534759357,0.25,0.0
0.7998665777184789,0.2961460446247465,0.6666666666666666,0.08288770053475936,0.25,0.0
0.8005336891260839,0.9993238674780257,0.5,0.006684491978609625,0.5,0.0
0.801200800533689,0.997971602434077,0.5,0.008689839572192512,0.5,0.0
0.8018679119412941,0.993238674780257,0.5,0.006016042780748661,0.5,0.0
0.8025350233488991,0.7450980392156863,0.5,0.016711229946524058,1.0,0.0
0.8032021347565043,0.7457741717376606,0.5,0.017379679144385023,1.0,0.0
0.8038692461641093,0.7478025693035835,0.5,0.021390374331550797,1.0,0.0
0.8045363575717144,0.8640973630831643,0.5,0.03609625668449197,0.75,0.0
0.8052034689793195,0.8708586883029074,0.5,0.040106951871657755,0.75,0.0
0.8058705803869245,0.8701825557809331,0.5,0.03409090909090909,0.75,0.0
0.8065376917945296,0.44421906693711966,0.5,0.13101604278074863,1.0,0.0
0.8072048032021346,0.4489519945909398,0.5,0.16443850267379675,1.0,0.0
0.8078719146097397,0.45165652467883705,0.5,0.21122994652406413,1.0,0.0
0.8085390260173448,0.38404327248140635,0.5,0.0160427807486631,0.75,0.0
0.8092061374249498,0.3894523326572008,0.5,0.02540106951871657,0.75,0.0
0.809873248832555,0.3820148749154834,0.5,0.020721925133689836,0.75,0.0
0.81054036024016,0.03515889114266396,0.5,0.03409090909090909,0.75,0.5
0.8112074716477651,0.0290736984448952,0.5,0.07085561497326202,0.75,0.5
0.8118745830553702,0.03718728870858688,0.5,0.05080213903743315,0.75,0.5
0.8125416944629752,0.6369168356997972,0.5,0.015374331550802138,0.5,0.0
0.8132088058705803,0.6396213657876944,0.5,0.022727272727272724,0.5,0.0
0.8138759172781853,0.6409736308316429,0.5,0.012032085561497324,0.5,0.0
0.8145430286857904,0.9269776876267748,0.5,0.0013368983957219248,0.25,0.0
0.8152101400933955,0.9215686274509803,0.5,0.0020053475935828875,0.25,0.0
0.8158772515010005,0.9310344827586207,0.5,0.0013368983957219248,0.25,0.0
0.8165443629086057,0.6910074374577417,0.5,0.02740641711229946,0.5,0.5
0.8172114743162107,0.6903313049357674,0.5,0.04077540106951871,0.5,0.5
0.8178785857238158,0.6937119675456389,0.5,0.020721925133689836,0.5,0.5
0.8185456971314209,0.4266396213657877,0.5,0.231283422459893,0.75,1.0
0.8192128085390259,0.4300202839756592,0.5,0.25802139037433147,0.75,1.0
0.819879919946631,0.4381338742393509,0.5,0.33823529411764697,0.75,1.0
0.820547031354236,0.7295469912102772,0.5,0.4518716577540106,0.75,1.0
0.8212141427618411,0.7342799188640974,0.5,0.605614973262032,0.75,1.0
0.8218812541694462,0.742393509127789,0.5,0.8796791443850266,0.75,1.0
0.8225483655770512,0.3529411764705882,0.5,0.05080213903743315,0.75,0.0
0.8232154769846564,0.34617985125084516,0.5,0.08422459893048127,0.75,0.0
0.8238825883922614,0.3488843813387424,0.5,0.09425133689839571,0.75,0.0
0.8245496997998665,0.5760649087221095,0.8333333333333333,0.15441176470588233,0.0,0.5
0.8252168112074716,0.5753887762001352,0.8333333333333333,0.25802139037433147,0.0,0.5
0.8258839226150766,0.5686274509803921,0.8333333333333333,0.15775401069518713,0.0,0.5
0.8265510340226817,0.5605138607167005,0.8333333333333333,0.01871657754010695,0.0,0.5
0.8272181454302867,0.5611899932386748,0.8333333333333333,0.024064171122994648,0.0,0.5
0.8278852568378918,0.5598377281947262,0.8333333333333333,0.03409090909090909,0.0,0.5
0.8285523682454969,0.04597701149425287,0.8333333333333333,0.058823529411764705,0.0,0.5
0.8292194796531019,0.05611899932386748,0.8333333333333333,0.06283422459893047,0.0,0.5
0.8298865910607071,0.05476673427991886,0.8333333333333333,0.07085561497326202,0.0,0.5
0.8305537024683121,0.18661257606490872,0.8333333333333333,0.02941176470588235,0.0,0.5
0.8312208138759172,0.19202163624070318,0.8333333333333333,0.0427807486631016,0.0,0.5
0.8318879252835223,0.18864097363083165,0.8333333333333333,0.02540106951871657,0.0,0.5
0.8325550366911273,0.10074374577417174,0.8333333333333333,0.0267379679144385,0.0,0.5
0.8332221480987324,0.09398242055442867,0.8333333333333333,0.028074866310160426,0.0,0.5
0.8338892595063374,0.1446923597025017,0.8333333333333333,0.07620320855614972,0.0,0.5
0.8345563709139425,0.15415821501014199,0.8333333333333333,0.07085561497326202,0.0,0.5
0.8352234823215476,0.1460446247464503,0.8333333333333333,0.08422459893048127,0.0,0.5
0.8358905937291526,0.6592292089249493,0.8333333333333333,0.04545454545454545,0.0,0.5
0.8365577051367578,0.6612576064908722,0.8333333333333333,0.04077540106951871,0.0,0.5
0.8372248165443628,0.6659905341446923,0.8333333333333333,0.044117647058823525,0.0,0.5
0.8378919279519679,0.6294793779580797,0.8333333333333333,0.0320855614973262,0.0,0.0
0.838559039359573,0.623394185260311,0.8333333333333333,0.03409090909090909,0.0,0.0
0.839226150767178,0.6260987153482083,0.8333333333333333,0.03542780748663101,0.0,0.0
0.8398932621747831,0.37322515212981744,0.8333333333333333,0.06550802139037433,0.0,0.5
0.8405603735823881,0.37660581473968896,0.8333333333333333,0.06684491978609625,0.0,0.5
0.8412274849899932,0.3779580797836376,0.8333333333333333,0.07018716577540107,0.0,0.5
0.8418945963975983,0.4766734279918864,0.8333333333333333,0.05280748663101603,0.0,0.5
0.8425617078052033,0.4854631507775524,0.8333333333333333,0.05414438502673796,0.0,0.5
0.8432288192128085,0.48005409060175797,0.8333333333333333,0.057486631016042775,0.0,0.5
0.8438959306204135,0.5868830290736984,0.16666666666666666,0.012700534759358287,0.75,0.5
0.8445630420280186,0.5997295469912103,0.16666666666666666,0.01336898395721925,0.75,0.5
0.8452301534356237,0.592292089249493,0.16666666666666666,0.012032085561497324,0.75,0.5
0.8458972648432287,0.6031102096010819,0.16666666666666666,0.05080213903743315,0.75,0.5
0.8465643762508338,0.6132521974306964,0.16666666666666666,0.05280748663101603,0.75,0.5
0.8472314876584388,0.6085192697768762,0.16666666666666666,0.05013368983957219,0.75,0.5
0.8478985990660439,0.6984448951994591,0.16666666666666666,0.026069518716577533,0.5,0.5
0.848565710473649,0.7085868830290737,0.16666666666666666,0.02473262032085561,0.5,0.5
0.849232821881254,0.711291413116971,0.16666666666666666,0.02540106951871657,0.5,0.5
0.8498999332888592,0.716024340770791,0.16666666666666666,0.044117647058823525,0.5,0.5
0.8505670446964642,0.718052738336714,0.16666666666666666,0.057486631016042775,0.5,0.5
0.8512341561040693,0.7241379310344828,0.16666666666666666,0.02941176470588235,0.5,0.5
0.8519012675116744,0.2623394185260311,0.16666666666666666,0.009358288770053473,0.75,0.5
0.8525683789192794,0.25625422582826235,0.16666666666666666,0.010026737967914437,0.75,0.5
0.8532354903268845,0.2582826233941853,0.16666666666666666,0.008689839572192512,0.75,0.5
0.8539026017344895,0.4570655848546315,0.16666666666666666,0.004679144385026738,0.5,0.5
0.8545697131420946,0.46247464503042596,0.16666666666666666,0.004010695187165774,0.5,0.5
0.8552368245496997,0.4651791751183232,0.16666666666666666,0.004010695187165774,0.5,0.5
0.8559039359573047,0.16970926301555106,0.16666666666666666,0.005347593582887699,0.5,0.5
0.8565710473649099,0.16294793779580796,0.16666666666666666,0.006016042780748661,0.5,0.5
0.8572381587725149,0.16159567275185938,0.16666666666666666,0.006684491978609625,0.5,0.5
0.85790527018012,0.24814063556457067,0.16666666666666666,0.014705882352941173,0.5,0.5
0.8585723815877251,0.2434077079107505,0.16666666666666666,0.01336898395721925,0.5,0.5
0.8592394929953301,0.25287356321839083,0.16666666666666666,0.014037433155080211,0.5,0.5
0.8599066044029352,0.5206220419202163,0.16666666666666666,0.017379679144385023,0.5,0.5
0.8605737158105402,0.5280594996619338,0.16666666666666666,0.016711229946524058,0.5,0.5
0.8612408272181453,0.5233265720081136,0.16666666666666666,0.01871657754010695,0.5,0.5
0.8619079386257504,0.8438133874239351,0.16666666666666666,0.0160427807486631,0.25,0.5
0.8625750500333554,0.8485463150777552,0.16666666666666666,0.017379679144385023,0.25,0.5
0.8632421614409606,0.8532792427315754,0.16666666666666666,0.020721925133689836,0.25,0.5
0.8639092728485656,0.0196078431372549,0.16666666666666666,0.008689839572192512,0.5,0.5
0.8645763842561707,0.020960108181203516,0.16666666666666666,0.009358288770053473,0.5,0.5
0.8652434956637758,0.025016903313049357,0.16666666666666666,0.00802139037433155,0.5,0.5
0.8659106070713808,0.35496957403651114,0.16666666666666666,0.021390374331550797,0.25,0.5
0.8665777184789859,0.36443542934415146,0.16666666666666666,0.024064171122994648,0.25,0.5
0.8672448298865909,0.49357674104124405,1.0,0.010026737967914437,0.5,0.0
0.867911941294196,0.4976335361730899,1.0,0.010695187165775399,0.5,0.0
0.8685790527018011,0.5010141987829615,1.0,0.009358288770053473,0.5,0.0
0.8692461641094061,0.5084516565246788,1.0,0.020053475935828874,0.5,0.0
0.8699132755170113,0.5098039215686274,1.0,0.019385026737967912,0.5,0.0
0.8705803869246163,0.5091277890466531,1.0,0.021390374331550797,0.5,0.0
0.8712474983322214,0.9364435429344151,1.0,0.0160427807486631,0.5,0.5
0.8719146097398265,0.9452332657200812,1.0,0.016711229946524058,0.5,0.5
0.8725817211474315,0.9418526031102096,1.0,0.014705882352941173,0.5,0.5
0.8732488325550366,0.9526707234617985,1.0,0.03810160427807486,0.5,0.5
0.8739159439626416,0.9567275185936444,1.0,0.03609625668449197,0.5,0.5
0.8745830553702467,0.9546991210277214,1.0,0.0374331550802139,0.5,0.5
0.8752501667778518,0.2826233941852603,1.0,0.03609625668449197,0.5,0.5
0.8759172781854568,0.27586206896551724,1.0,0.057486631016042775,0.5,0.5
0.876584389593062,0.27924273157538876,1.0,0.07085561497326202,0.5,0.5
0.877251501000667,0.2062204192021636,1.0,0.004679144385026738,0.5,0.0
0.8779186124082721,0.20148749154834347,1.0,0.005347593582887699,0.5,0.0
0.8785857238158772,0.20960108181203516,1.0,0.006016042780748661,0.5,0.0
0.8792528352234822,0.31304935767410413,1.0,0.012032085561497324,0.5,0.0
0.8799199466310873,0.3177822853279243,1.0,0.01336898395721925,0.5,0.0
0.8805870580386923,0.32319134550371875,1.0,0.014705882352941173,0.5,0.0
0.8812541694462974,0.23123732251521298,1.0,0.0006684491978609622,0.5,0.0
0.8819212808539025,0.23799864773495605,1.0,0.0006684491978609622,0.5,0.0
0.8825883922615075,0.23326572008113589,1.0,0.0006684491978609622,0.5,0.0
0.8832555036691127,0.5368492224475997,1.0,0.00267379679144385,0.5,0.0
0.8839226150767177,0.537525354969574,1.0,0.003342245989304812,0.5,0.0
0.8845897264843228,0.5409060175794456,1.0,0.00267379679144385,0.5,0.0
0.8852568378919279,0.004732927653820149,1.0,0.012032085561497324,0.25,0.5
0.8859239492995329,0.002028397565922921,1.0,0.01136363636363636,0.25,0.5
0.886591060707138,0.009465855307640297,1.0,0.012700534759358287,0.25,0.5
0.887258172114743,0.973630831643002,0.3333333333333333,0.049465240641711226,0.5,0.5
0.8879252835223481,0.9634888438133874,0.3333333333333333,0.0374331550802139,0.5,0.5
0.8885923949299532,0.9709263015551048,0.3333333333333333,0.034759358288770054,0.5,0.5
0.8892595063375582,0.9188640973630832,0.3333333333333333,0.03342245989304813,0.5,0.5
0.8899266177451634,0.914131169709263,0.3333333333333333,0.032754010695187165,0.5,0.5
0.8905937291527684,0.9114266396213657,0.3333333333333333,0.02941176470588235,0.5,0.5
0.8912608405603735,0.8958755916159568,0.3333333333333333,0.052139037433155073,0.5,0.5
0.8919279519679786,0.9006085192697768,0.3333333333333333,0.05481283422459892,0.5,0.5
0.8925950633755836,0.8972278566599053,0.3333333333333333,0.05614973262032085,0.5,0.5
0.8932621747831887,0.3008789722785666,0.3333333333333333,0.058823529411764705,0.75,1.0
0.8939292861907937,0.3002028397565923,0.3333333333333333,0.06149732620320855,0.75,1.0
0.8945963975983988,0.30966869506423256,0.3333333333333333,0.06283422459893047,0.75,1.0
0.8952635090060039,0.9858012170385395,0.3333333333333333,0.08823529411764705,0.75,1.0
0.8959306204136089,0.9810682893847193,0.3333333333333333,0.08622994652406417,0.75,1.0
0.896597731821214,0.9797160243407708,0.3333333333333333,0.09024064171122993,0.75,1.0
0.897264843228819,0.4239350912778905,0.3333333333333333,0.06951871657754011,0.5,0.5
0.8979319546364242,0.42258282623394183,0.3333333333333333,0.06885026737967914,0.5,0.5
0.8985990660440293,0.42461122379986477,0.3333333333333333,0.06818181818181818,0.5,0.5
0.8992661774516343,0.21703853955375252,0.3333333333333333,0.036764705882352935,0.25,0.5
0.8999332888592394,0.2150101419878296,0.3333333333333333,0.0374331550802139,0.25,0.5
0.9006004002668444,0.22582826233941852,0.3333333333333333,0.03810160427807486,0.25,0.5
0.9012675116744495,0.8032454361054766,0.6666666666666666,0.022727272727272724,0.25,0.5
0.9019346230820546,0.8052738336713996,0.6666666666666666,0.02205882352941176,0.25,0.5
0.9026017344896596,0.8133874239350912,0.6666666666666666,0.023395721925133686,0.25,0.5
0.9032688458972647,0.7795807978363759,0.6666666666666666,0.017379679144385023,0.25,0.5
0.9039359573048698,0.7741717376605814,0.6666666666666666,0.016711229946524058,0.25,0.5
0.9046030687124749,0.7734956051386072,0.6666666666666666,0.018048128342245985,0.25,0.5
0.90527018012008,0.7836375929682218,0.6666666666666666,0.07085561497326202,0.25,0.5
0.905937291527685,0.7897227856659905,0.6666666666666666,0.07754010695187165,0.25,0.5
0.9066044029352901,0.7870182555780934,0.6666666666666666,0.0641711229946524,0.25,0.5
0.9072715143428951,0.11899932386747802,0.6666666666666666,0.04344919786096256,0.25,0.0
0.9079386257505002,0.12373225152129817,0.6666666666666666,0.044786096256684484,0.25,0.0
0.9086057371581053,0.1169709263015551,0.6666666666666666,0.04545454545454545,0.25,0.0
0.9092728485657103,0.07437457741717377,0.6666666666666666,0.038770053475935824,0.25,0.5
0.9099399599733154,0.06693711967545639,0.6666666666666666,0.0374331550802139,0.25,0.5
0.9106070713809205,0.06355645706558485,0.6666666666666666,0.036764705882352935,0.25,0.5
0.9112741827885256,0.08316430020283976,0.6666666666666666,0.032754010695187165,0.25,0.5
0.9119412941961307,0.08451656524678837,0.6666666666666666,0.0320855614973262,0.25,0.5
0.9126084056037357,0.08248816768086545,0.6666666666666666,0.03141711229946524,0.25,0.5
0.9132755170113408,0.8918187964841109,0.6666666666666666,0.020721925133689836,0.25,0.0
0.9139426284189458,0.8897903989181879,0.6666666666666666,0.02205882352941176,0.25,0.0
0.9146097398265509,0.8857336037863421,0.6666666666666666,0.020053475935828874,0.25,0.0
0.915276851234156,0.13995943204868155,0.6666666666666666,0.02473262032085561,0.25,0.0
0.915943962641761,0.13387423935091278,0.6666666666666666,0.024064171122994648,0.25,0.0
0.9166110740493661,0.1386071670047329,0.6666666666666666,0.02540106951871657,0.25,0.0
0.9172781854569712,0.32724814063556457,0.6666666666666666,0.040106951871657755,0.25,0.5
0.9179452968645763,0.33874239350912777,0.6666666666666666,0.04077540106951871,0.25,0.5
0.9186124082721814,0.33671399594320484,0.6666666666666666,0.04144385026737968,0.25,0.5
0.9192795196797864,0.40365111561866124,0.6666666666666666,0.0320855614973262,0.25,0.5
0.9199466310873915,0.40297498309668695,0.6666666666666666,0.032754010695187165,0.25,0.5
0.9206137424949965,0.400946585530764,0.6666666666666666,0.02540106951871657,0.25,0.5
0.9212808539026016,0.6727518593644354,0.6666666666666666,0.0641711229946524,0.0,0.5
0.9219479653102067,0.6747802569303584,0.6666666666666666,0.13101604278074863,0.0,0.5
0.9226150767178117,0.6768086544962812,0.6666666666666666,0.19786096256684488,0.0,0.5
0.9232821881254168,0.8363759296822177,0.6666666666666666,0.030748663101604273,0.0,0.5
0.9239492995330219,0.828262339418526,0.6666666666666666,0.09759358288770052,0.0,0.5
0.924616410940627,0.8316430020283976,0.6666666666666666,0.16443850267379675,0.0,0.5
0.9252835223482321,0.17308992562542258,0.6666666666666666,0.07887700534759357,0.25,0.5
0.9259506337558371,0.1764705882352941,0.6666666666666666,0.0802139037433155,0.25,0.5
0.9266177451634422,0.1832319134550372,0.6666666666666666,0.08155080213903743,0.25,0.5
0.9272848565710472,0.10818120351588911,0.6666666666666666,0.028743315508021384,0.25,0.0
0.9279519679786523,0.10615280594996619,0.6666666666666666,0.02941176470588235,0.25,0.0
0.9286190793862574,0.11223799864773495,0.6666666666666666,0.028074866310160426,0.25,0.0
0.9292861907938624,0.8269100743745774,0.6666666666666666,0.06149732620320855,0.25,0.0
0.9299533022014675,0.8262339418526031,0.6666666666666666,0.06350267379679143,0.25,0.0
0.9306204136090725,0.8201487491548344,0.6666666666666666,0.062165775401069504,0.25,0.0
0.9312875250166777,0.28668018931710615,0.6666666666666666,0.07887700534759357,0.25,0.0
0.9319546364242828,0.28735632183908044,0.6666666666666666,0.0802139037433155,0.25,0.0
0.9326217478318878,0.29749830966869506,0.6666666666666666,0.08155080213903743,0.25,0.0
0.9332888592394929,0.29682217714672077,0.6666666666666666,0.08422459893048127,0.25,0.0
0.9339559706470979,0.9939148073022313,0.5,0.010026737967914437,0.5,0.0
0.934623082054703,0.9966193373901284,0.5,0.00802139037433155,0.5,0.0
0.9352901934623081,0.9952670723461798,0.5,0.005347593582887699,0.5,0.0
0.9359573048699131,0.7532116294793779,0.5,0.0160427807486631,1.0,0.0
0.9366244162775182,0.759972954699121,0.5,0.02205882352941176,1.0,0.0
0.9372915276851232,0.7498309668695065,0.5,0.020721925133689836,1.0,0.0
0.9379586390927284,0.8668018931710615,0.5,0.044117647058823525,0.75,0.0
0.9386257505003335,0.8688302907369845,0.5,0.03943850267379679,0.75,0.0
0.9392928619079385,0.8593644354293442,0.5,0.034759358288770054,0.75,0.0
0.9399599733155436,0.44016227180527384,0.5,0.13770053475935826,1.0,0.0
0.9406270847231486,0.4469235970250169,0.5,0.231283422459893,1.0,0.0
0.9412941961307537,0.44354293441514536,0.5,0.21791443850267375,1.0,0.0
0.9419613075383588,0.38539553752535494,0.5,0.0267379679144385,0.75,0.0
0.9426284189459638,0.3928329952670723,0.5,0.017379679144385023,0.75,0.0
0.943295530353569,0.38336713995943206,0.5,0.021390374331550797,0.75,0.0
0.943962641761174,0.04192021636240703,0.5,0.0909090909090909,0.75,0.5
0.9446297531687791,0.03313049357674104,0.5,0.057486631016042775,0.75,0.5
0.9452968645763842,0.032454361054766734,0.5,0.07085561497326202,0.75,0.5
0.9459639759839892,0.6436781609195402,0.5,0.012700534759358287,0.5,0.0
0.9466310873915943,0.6342123056118999,0.5,0.01871657754010695,0.5,0.0
0.9472981987991993,0.6450304259634888,0.5,0.017379679144385023,0.5,0.0
0.9479653102068044,0.9303583502366464,0.5,0.0006684491978609622,0.25,0.0
0.9486324216144095,0.9323867478025692,0.5,0.0013368983957219248,0.25,0.0
0.9492995330220145,0.9330628803245435,0.5,0.0013368983957219248,0.25,0.0
0.9499666444296196,0.6876267748478702,0.5,0.0374331550802139,0.5,0.5
0.9506337558372246,0.6862745098039216,0.5,0.04679144385026737,0.5,0.5
0.9513008672448298,0.6950642325895875,0.5,0.03409090909090909,0.5,0.5
0.9519679786524349,0.4286680189317106,0.5,0.24465240641711225,0.75,1.0
0.9526350900600399,0.43407707910750504,0.5,0.28475935828876997,0.75,1.0
0.953302201467645,0.43610547667342797,0.5,0.33155080213903737,0.75,1.0
0.95396931287525,0.7329276538201488,0.5,0.5588235294117646,0.75,1.0
0.9546364242828551,0.7376605814739688,0.5,0.6791443850267378,0.75,1.0
0.9553035356904602,0.7396889790398918,0.5,0.7393048128342244,0.75,1.0
0.9559706470980652,0.34753211629479375,0.5,0.058823529411764705,0.75,0.0
0.9566377585056703,0.3407707910750507,0.5,0.08288770053475936,0.75,0.0
0.9573048699132753,0.3509127789046653,0.5,0.08957219251336897,0.75,0.0
0.9579719813208805,0.5693035835023664,0.8333333333333333,0.1477272727272727,0.0,0.5
0.9586390927284856,0.5679513184584178,0.8333333333333333,0.1524064171122994,0.0,0.5
0.9593062041360906,0.5706558485463151,0.8333333333333333,0.13435828877005343,0.0,0.5
0.9599733155436957,0.5517241379310345,0.8333333333333333,0.017379679144385023,0.0,0.5
0.9606404269513007,0.5510480054090602,0.8333333333333333,0.030748663101604273,0.0,0.5
0.9613075383589058,0.5524002704530088,0.8333333333333333,0.02540106951871657,0.0,0.5
0.9619746497665109,0.05747126436781609,0.8333333333333333,0.05614973262032085,0.0,0.5
0.9626417611741159,0.050033806626098715,0.8333333333333333,0.06016042780748662,0.0,0.5
0.963308872581721,0.045300878972278566,0.8333333333333333,0.052139037433155073,0.0,0.5
0.963975983989326,0.18796484110885733,0.8333333333333333,0.034759358288770054,0.0,0.5
0.9646430953969312,0.18931710615280595,0.8333333333333333,0.0320855614973262,0.0,0.5
0.9653102068045363,0.1940500338066261,0.8333333333333333,0.030748663101604273,0.0,0.5
0.9659773182121413,0.09871534820824882,0.8333333333333333,0.026069518716577533,0.0,0.5
0.9666444296197464,0.09263015551048005,0.8333333333333333,0.0320855614973262,0.0,0.5
0.9673115410273514,0.15145368492224476,0.8333333333333333,0.07419786096256684,0.0,0.5
0.9679786524349565,0.14807302231237324,0.8333333333333333,0.08088235294117646,0.0,0.5
0.9686457638425616,0.14266396213657878,0.8333333333333333,0.08422459893048127,0.0,0.5
0.9693128752501666,0.6632860040567952,0.8333333333333333,0.0427807486631016,0.0,0.5
0.9699799866577717,0.6619337390128465,0.8333333333333333,0.040106951871657755,0.0,0.5
0.9706470980653767,0.6680189317106153,0.8333333333333333,0.044117647058823525,0.0,0.5
0.9713142094729819,0.6281271129141311,0.8333333333333333,0.034759358288770054,0.0,0.0
0.971981320880587,0.6267748478701826,0.8333333333333333,0.03609625668449197,0.0,0.0
0.972648432288192,0.6240703177822853,0.8333333333333333,0.03409090909090909,0.0,0.0
0.9733155436957971,0.3752535496957404,0.8333333333333333,0.06818181818181818,0.0,0.5
0.9739826551034021,0.3786342123056119,0.8333333333333333,0.06951871657754011,0.0,0.5
0.9746497665110072,0.37254901960784315,0.8333333333333333,0.07085561497326202,0.0,0.5
0.9753168779186123,0.47802569303583503,0.8333333333333333,0.053475935828877,0.0,0.5
0.9759839893262173,0.4841108857336038,0.8333333333333333,0.05481283422459892,0.0,0.5
0.9766511007338224,0.4787018255578093,0.8333333333333333,0.056818181818181816,0.0,0.5
0.9773182121414274,0.599053414469236,0.16666666666666666,0.012700534759358287,0.75,0.5
0.9779853235490326,0.6004056795131846,0.16666666666666666,0.014037433155080211,0.75,0.5
0.9786524349566377,0.5983772819472617,0.16666666666666666,0.012032085561497324,0.75,0.5
0.9793195463642427,0.6146044624746451,0.16666666666666666,0.05013368983957219,0.75,0.5
0.9799866577718478,0.6166328600405679,0.16666666666666666,0.05280748663101603,0.75,0.5
0.9806537691794528,0.6139283299526708,0.16666666666666666,0.051470588235294115,0.75,0.5
0.9813208805870579,0.7018255578093306,0.16666666666666666,0.02540106951871657,0.5,0.5
0.981987991994663,0.709263015551048,0.16666666666666666,0.0267379679144385,0.5,0.5
0.982655103402268,0.7119675456389453,0.16666666666666666,0.026069518716577533,0.5,0.5
0.9833222148098731,0.7146720757268424,0.16666666666666666,0.0481283422459893,0.5,0.5
0.9839893262174781,0.7227856659905342,0.16666666666666666,0.049465240641711226,0.5,0.5
0.9846564376250833,0.7275185936443542,0.16666666666666666,0.05080213903743315,0.5,0.5
0.9853235490326884,0.26436781609195403,0.16666666666666666,0.010026737967914437,0.75,0.5
0.9859906604402934,0.26031102096010816,0.16666666666666666,0.009358288770053473,0.75,0.5
0.9866577718478985,0.26842461122379985,0.16666666666666666,0.008689839572192512,0.75,0.5
0.9873248832555035,0.4577417173766058,0.16666666666666666,0.004679144385026738,0.5,0.5
0.9879919946631086,0.4678837052062204,0.16666666666666666,0.004010695187165774,0.5,0.5
0.9886591060707137,0.45909398242055444,0.16666666666666666,0.004010695187165774,0.5,0.5
0.9893262174783187,0.1649763353617309,0.16666666666666666,0.005347593582887699,0.5,0.5
0.9899933288859238,0.1656524678837052,0.16666666666666666,0.006016042780748661,0.5,0.5
0.9906604402935288,0.16024340770791073,0.16666666666666666,0.006684491978609625,0.5,0.5
0.991327551701134,0.24949290060851925,0.16666666666666666,0.014037433155080211,0.5,0.5
0.9919946631087391,0.2420554428668019,0.16666666666666666,0.014705882352941173,0.5,0.5
0.9926617745163441,0.24475997295469912,0.16666666666666666,0.015374331550802138,0.5,0.5
0.9933288859239492,0.5219743069641649,0.16666666666666666,0.017379679144385023,0.5,0.5
0.9939959973315542,0.5246788370520622,0.16666666666666666,0.01871657754010695,0.5,0.5
0.9946631087391593,0.5287356321839081,0.16666666666666666,0.016711229946524058,0.5,0.5
0.9953302201467644,0.8465179175118323,0.16666666666666666,0.016711229946524058,0.25,0.5
0.9959973315543694,0.8505747126436781,0.16666666666666666,0.018048128342245985,0.25,0.5
0.9966644429619745,0.854631507775524,0.16666666666666666,0.021390374331550797,0.25,0.5
0.9973315543695795,0.02028397565922921,0.16666666666666666,0.00802139037433155,0.5,0.5
0.9979986657771847,0.025693035835023664,0.16666666666666666,0.008689839572192512,0.5,0.5
0.9986657771847898,0.018255578093306288,0.16666666666666666,0.009358288770053473,0.5,0.5
0.9993328885923948,0.3556457065584855,0.16666666666666666,0.020721925133689836,0.25,0.5
0.9999999999999998,0.3603786342123056,0.16666666666666666,0.023395721925133686,0.25,0.5
