strength_mpa,weight_capacity_kg,biodegradability_percent,co2_emission_kg_per_kg,recyclability_percent,cost_per_kg,industry_use_case,source_type,confidence_level,co2_emission_norm,biodegradability_norm,recyclability_category,recyclability_score,co2_impact_index,cost_norm,strength_norm,cost_efficiency_index
15.0,15.0,5.0,1.14,90.0,45.0,General Packaging,Literature,High,0.0577838205302515,0.05,A,1.0,69.18864717878994,0.0957446808510638,0.1237113402061855,51.39833296775609
15.0,15.0,5.0,0.82,95.0,40.0,General Packaging,Literature,High,0.036029911624745,0.05,A,1.0,70.0588035350102,0.0780141843971631,0.1237113402061855,52.28485779045112
5.0,5.0,5.0,0.91,85.0,35.0,Light Packaging,Literature,High,0.0421481985044187,0.05,B,0.75,62.314072059823246,0.0602836879432624,0.0206185567010309,48.01674343788843
5.0,5.0,5.0,0.62,90.0,30.0,Light Packaging,Literature,High,0.0224337185588035,0.05,A,1.0,70.60265125764786,0.0425531914893617,0.0206185567010309,48.90326826058347
50.0,10.0,80.0,0.5,70.0,120.0,Food/Cosmetic,Literature,High,0.0142760027192386,0.8,B,0.75,85.92895989123045,0.3617021276595745,0.4845360824742268,56.141697740732624
40.0,8.0,85.0,0.6,70.0,110.0,Food Packaging,Literature,High,0.0210740992522093,0.85,B,0.75,87.15703602991162,0.3262411347517731,0.3814432989690721,52.76010821086496
60.0,15.0,1.0,3.0,50.0,80.0,General Packaging,Literature,High,0.1842284160435078,0.01,C,0.5,47.93086335825969,0.2198581560283688,0.5876288659793815,68.38853549755063
65.0,18.0,1.0,3.1,55.0,85.0,Food/Cosmetics,Literature,High,0.1910265125764785,0.01,C,0.5,47.65893949694087,0.2375886524822695,0.6391752577319587,70.07933026248446
60.0,15.0,1.0,1.8,75.0,90.0,General Packaging,Literature,High,0.1026512576478586,0.01,B,0.75,58.69394969408566,0.2553191489361702,0.5876288659793815,66.61548585216057
12.0,7.0,90.0,0.4,80.0,50.0,Food Packaging,Literature,High,0.0074779061862678,0.9,B,0.75,89.20088375254929,0.1134751773049645,0.0927835051546391,48.96541639248373
10.0,6.0,85.0,0.5,75.0,55.0,Electronics Packaging,Literature,High,0.0142760027192386,0.85,B,0.75,87.42895989123046,0.1312056737588652,0.0721649484536082,47.047963734737145
16.0,20.0,5.0,1.2,92.0,48.0,Electronics Packaging,Literature,High,0.0618626784500339,0.05,A,1.0,69.02549286199864,0.1063829787234042,0.134020618556701,51.381881991664834
20.0,8.0,90.0,0.6,70.0,100.0,Food/Cosmetics,Literature,Medium,0.0210740992522093,0.9,B,0.75,88.65703602991162,0.2907801418439716,0.1752577319587628,44.22387950573956
25.0,12.0,95.0,0.5,85.0,90.0,Food/Cosmetics,Literature,Medium,0.0142760027192386,0.95,B,0.75,90.42895989123043,0.2553191489361702,0.2268041237113402,48.5742487387585
50.0,12.0,80.0,0.55,70.0,125.0,Food Packaging,Literature,High,0.017675050985724,0.8,B,0.75,85.79299796057104,0.3794326241134751,0.4845360824742268,55.25517291803759
45.0,10.0,80.0,0.5,70.0,118.0,Food/Cosmetic,Literature,High,0.0142760027192386,0.8,B,0.75,85.92895989123045,0.3546099290780142,0.4329896907216495,53.91898808218176
30.0,8.0,85.0,0.6,65.0,105.0,Food Packaging,Literature,High,0.0210740992522093,0.85,C,0.5,79.65703602991164,0.3085106382978723,0.2783505154639175,48.49199385830226
70.0,20.0,1.0,8.0,90.0,150.0,Food Packaging,Literature,High,0.5241332426920462,0.01,A,1.0,49.33467029231815,0.4680851063829787,0.6907216494845361,61.131827155077865
90.0,25.0,0.0,2.5,95.0,120.0,Drinkware,Literature,High,0.1502379333786539,0.0,A,1.0,63.99048266485384,0.3617021276595745,0.8969072164948454,76.76025444176355
80.0,22.0,0.0,6.0,90.0,100.0,Food/Drink,Literature,High,0.3881713120326308,0.0,A,1.0,54.473147518694766,0.2907801418439716,0.7938144329896907,75.15171455728596
60.0,15.0,1.0,3.5,60.0,90.0,General Packaging,Estimate,Medium,0.2182188987083616,0.01,C,0.5,46.57124405166554,0.2553191489361702,0.5876288659793815,66.61548585216057
60.0,15.0,1.0,2.0,70.0,85.0,General Packaging,Estimate,Medium,0.1162474507138001,0.01,B,0.75,58.15010197144799,0.2375886524822695,0.5876288659793815,67.5020106748556
50.0,10.0,85.0,0.55,70.0,115.0,Food/Cosmetics,Literature,High,0.017675050985724,0.85,B,0.75,87.29299796057104,0.3439716312056737,0.4845360824742268,57.02822256342765
14.0,10.0,80.0,0.9,88.0,50.0,Food Packaging,Estimate,Medium,0.0414683888511216,0.8,B,0.75,84.84126444595513,0.1134751773049645,0.1134020618556701,49.99634422753528
16.0,12.0,5.0,1.1,92.0,42.0,Electronics Packaging,Estimate,Medium,0.0550645819170632,0.05,A,1.0,69.29741672331747,0.0851063829787234,0.134020618556701,52.44571177889888
48.0,9.0,80.0,0.52,70.0,120.0,Food Packaging,Literature,High,0.0156356220258327,0.8,B,0.75,85.87457511896669,0.3617021276595745,0.4639175257731959,55.11076990568107
15.0,15.0,5.0,0.83,95.0,41.0,General Packaging,Literature,High,0.0367097212780421,0.05,A,1.0,70.03161114887831,0.0815602836879432,0.1237113402061855,52.10755282591212
18.0,20.0,5.0,1.2,90.0,48.0,Electronics Packaging,Estimate,Medium,0.0618626784500339,0.05,A,1.0,69.02549286199864,0.1063829787234042,0.1546391752577319,52.41280982671639
12.0,10.0,5.0,1.1,90.0,42.0,Light Packaging,Estimate,Medium,0.0550645819170632,0.05,A,1.0,69.29741672331747,0.0851063829787234,0.0927835051546391,50.38385610879579
18.0,20.0,5.0,0.85,95.0,43.0,Electronics Packaging,Estimate,Medium,0.0380693405846363,0.05,A,1.0,69.97722637661454,0.0886524822695035,0.1546391752577319,53.29933464941142
12.0,10.0,5.0,0.8,95.0,38.0,Light Packaging,Estimate,Medium,0.0346702923181509,0.05,A,1.0,70.11318830727397,0.0709219858156028,0.0927835051546391,51.093075966951815
16.0,15.0,5.0,1.15,90.0,47.0,Food Packaging,Estimate,Medium,0.0584636301835485,0.05,A,1.0,69.16145479265805,0.1028368794326241,0.134020618556701,51.55918695620385
16.0,15.0,5.0,0.84,95.0,41.0,Food Packaging,Estimate,Medium,0.0373895309313392,0.05,A,1.0,70.00441876274644,0.0815602836879432,0.134020618556701,52.62301674343789
6.0,6.0,5.0,0.95,80.0,37.0,Labels & Inserts,Estimate,Medium,0.044867437117607,0.05,B,0.75,62.20530251529573,0.0673758865248227,0.0309278350515463,48.177597426336185
5.0,5.0,5.0,0.9,85.0,34.0,Light Packaging,Literature,High,0.0414683888511216,0.05,B,0.75,62.34126444595513,0.0567375886524822,0.0206185567010309,48.19404840242744
6.0,6.0,5.0,0.65,88.0,32.0,Labels & Inserts,Estimate,Medium,0.0244731475186947,0.05,B,0.75,63.02107409925222,0.0496453900709219,0.0309278350515463,49.06412224903122
5.0,5.0,5.0,0.6,92.0,29.0,Light Packaging,Literature,High,0.0210740992522093,0.05,A,1.0,70.65703602991162,0.0390070921985815,0.0206185567010309,49.08057322512247
7.0,7.0,5.0,0.93,85.0,36.0,Mailers,Literature,High,0.0435078178110129,0.05,B,0.75,62.25968728755949,0.0638297872340425,0.0412371134020618,48.87036630840097
7.0,7.0,5.0,0.64,90.0,31.0,Mailers,Literature,High,0.0237933378653976,0.05,A,1.0,70.54826648538409,0.0460992907801418,0.0412371134020618,49.756891131096
52.0,11.0,80.0,0.52,70.0,122.0,Food Packaging,Literature,High,0.0156356220258327,0.8,B,0.75,85.87457511896669,0.3687943262411347,0.5051546391752577,56.818015646706144
48.0,9.0,80.0,0.48,70.0,118.0,Food/Cosmetic,Literature,High,0.0129163834126444,0.8,B,0.75,85.98334466349422,0.3546099290780142,0.4639175257731959,55.46537983475908
50.0,10.0,80.0,0.51,70.0,121.0,Food/Cosmetic,Estimate,Medium,0.0149558123725356,0.8,B,0.75,85.90176750509858,0.3652482269503546,0.4845360824742268,55.964392776193606
55.0,12.0,75.0,0.6,65.0,130.0,Electronics Packaging,Estimate,Medium,0.0210740992522093,0.75,C,0.5,76.65703602991162,0.3971631205673759,0.5360824742268041,56.94596768297141
45.0,9.0,85.0,0.48,70.0,119.0,Food Packaging,Literature,High,0.0129163834126444,0.85,B,0.75,87.48334466349422,0.3581560283687943,0.4329896907216495,53.74168311764276
38.0,7.0,88.0,0.58,68.0,108.0,Food Packaging,Literature,High,0.0197144799456152,0.88,C,0.5,80.61142080217539,0.3191489361702128,0.3608247422680412,52.08379030489142
42.0,8.0,82.0,0.62,70.0,112.0,Food Packaging,Estimate,Medium,0.0224337185588035,0.82,B,0.75,86.20265125764786,0.3333333333333333,0.4020618556701031,53.4364261168385
35.0,6.0,90.0,0.55,70.0,106.0,Snack Packaging,Estimate,Medium,0.017675050985724,0.9,B,0.75,88.79299796057104,0.3120567375886525,0.3298969072164948,50.89200848139212
40.0,8.0,85.0,0.6,70.0,111.0,Ready Meals,Estimate,Medium,0.0210740992522093,0.85,B,0.75,87.15703602991162,0.3297872340425531,0.3814432989690721,52.58280324632595
37.0,7.0,88.0,0.57,70.0,109.0,Salad Packaging,Estimate,Medium,0.0190346702923181,0.88,B,0.75,88.13861318830727,0.3226950354609929,0.3505154639175257,51.39102142282663
62.0,18.0,1.0,3.1,50.0,82.0,Beverage Bottles,Literature,High,0.1910265125764785,0.01,C,0.5,47.65893949694087,0.226950354609929,0.6082474226804123,69.06485340352417
58.0,15.0,1.0,2.9,50.0,78.0,Blister Packs,Literature,High,0.177430319510537,0.01,C,0.5,48.202787219578525,0.2127659574468085,0.5670103092783505,67.7122175915771
55.0,14.0,1.0,2.8,50.0,76.0,Flex Packaging,Estimate,Medium,0.1706322229775662,0.01,C,0.5,48.47471108089735,0.2056737588652482,0.5360824742268041,66.5204357680778
60.0,16.0,1.0,3.0,50.0,81.0,Display Packaging,Literature,High,0.1842284160435078,0.01,C,0.5,47.93086335825969,0.2234042553191489,0.5876288659793815,68.21123053301163
63.0,18.0,1.0,3.2,50.0,83.0,Bottle Preforms,Estimate,Medium,0.1978246091094493,0.01,C,0.5,47.38701563562204,0.2304964539007092,0.6185567010309279,69.40301235651093
68.0,20.0,1.0,3.2,55.0,88.0,Bottles & Jerrycans,Literature,High,0.1978246091094493,0.01,C,0.5,47.38701563562204,0.2482269503546099,0.6701030927835051,71.09380712144475
62.0,17.0,1.0,3.0,55.0,84.0,Caps & Closures,Literature,High,0.1842284160435078,0.01,C,0.5,47.93086335825969,0.2340425531914893,0.6082474226804123,68.71024347444614
58.0,16.0,1.0,2.9,55.0,82.0,Bags & Liners,Estimate,Medium,0.177430319510537,0.01,C,0.5,48.202787219578525,0.226950354609929,0.5670103092783505,67.00299773342107
70.0,21.0,1.0,3.3,55.0,89.0,Industrial Pails,Estimate,Medium,0.2046227056424201,0.01,C,0.5,47.1150917743032,0.25177304964539,0.6907216494845361,71.9474299919573
65.0,18.0,1.0,3.1,55.0,86.0,Food Containers,Literature,High,0.1910265125764785,0.01,C,0.5,47.65893949694087,0.2411347517730496,0.6391752577319587,69.90202529794544
60.0,15.0,1.0,1.9,75.0,92.0,Bottles,Estimate,Medium,0.1094493541808293,0.01,B,0.75,58.42202583276684,0.2624113475177305,0.5876288659793815,66.26087592308254
58.0,14.0,1.0,1.7,70.0,88.0,Straps & Fibers,Estimate,Medium,0.0958531611148878,0.01,B,0.75,58.96587355540448,0.2482269503546099,0.5670103092783505,65.93916794618703
59.0,15.0,1.0,1.8,75.0,90.0,Blister Packs,Literature,High,0.1026512576478586,0.01,B,0.75,58.69394969408566,0.2553191489361702,0.5773195876288659,66.1000219346348
57.0,14.0,1.0,1.75,70.0,89.0,Flex Packaging,Estimate,Medium,0.0992522093813732,0.01,B,0.75,58.829911624745066,0.25177304964539,0.5567010309278351,65.24639906412226
60.0,15.0,1.0,1.6,80.0,93.0,Bottles & Trays,Estimate,Medium,0.089055064581917,0.01,B,0.75,59.237797416723325,0.2659574468085106,0.5876288659793815,66.08357095854353
12.0,7.0,90.0,0.42,80.0,52.0,Food Service Ware,Literature,High,0.0088375254928619,0.9,B,0.75,89.14649898028551,0.1205673758865248,0.0927835051546391,48.61080646340572
11.0,6.0,92.0,0.39,80.0,49.0,Food Service Ware,Literature,High,0.0067980965329707,0.92,B,0.75,89.82807613868117,0.1099290780141844,0.0824742268041237,48.627257439496965
13.0,8.0,88.0,0.43,78.0,53.0,Takeaway Packaging,Estimate,Medium,0.009517335146159,0.88,B,0.75,88.51930659415365,0.1241134751773049,0.1030927835051546,48.94896541639248
14.0,9.0,85.0,0.45,78.0,55.0,Ready Meals,Estimate,Medium,0.0108769544527532,0.85,B,0.75,87.56492182188987,0.1312056737588652,0.1134020618556701,49.109819404840245
10.0,5.0,92.0,0.38,82.0,48.0,Snacks & Bakery,Estimate,Medium,0.0061182868796736,0.92,B,0.75,89.85526852481306,0.1063829787234042,0.0721649484536082,48.2890984865102
11.0,8.0,85.0,0.52,75.0,57.0,Electronics Packaging,Literature,High,0.0156356220258327,0.85,B,0.75,87.37457511896669,0.1382978723404255,0.0824742268041237,47.20881772318491
9.0,5.0,88.0,0.48,75.0,54.0,Electronics Packaging,Literature,High,0.0129163834126444,0.88,B,0.75,88.38334466349423,0.1276595744680851,0.0618556701030927,46.70980478175039
10.0,6.0,86.0,0.5,75.0,56.0,Furniture & Appliances,Estimate,Medium,0.0142760027192386,0.86,B,0.75,87.72895989123045,0.1347517730496454,0.0721649484536082,46.87065877019814
12.0,8.0,82.0,0.55,70.0,59.0,Heavy Goods,Estimate,Medium,0.017675050985724,0.82,B,0.75,86.39299796057104,0.1453900709219858,0.0927835051546391,47.36967171163267
8.0,4.0,90.0,0.47,78.0,52.0,Consumer Electronics,Estimate,Medium,0.0122365737593473,0.9,B,0.75,89.01053704962611,0.1205673758865248,0.0515463917525773,46.54895079330263
16.0,20.0,5.0,1.2,92.0,48.0,Shipping Boxes,Literature,High,0.0618626784500339,0.05,A,1.0,69.02549286199864,0.1063829787234042,0.134020618556701,51.381881991664834
18.0,25.0,5.0,1.25,92.0,50.0,Heavy Duty Boxes,Literature,High,0.0652617267165193,0.05,A,1.0,68.88953093133922,0.1134751773049645,0.1546391752577319,52.05819989763838
20.0,30.0,5.0,1.3,92.0,55.0,Bulky Appliances,Estimate,Medium,0.0686607749830047,0.05,A,1.0,68.75356900067982,0.1312056737588652,0.1752577319587628,52.20260290999488
14.0,15.0,5.0,1.1,92.0,45.0,E-commerce Boxes,Estimate,Medium,0.0550645819170632,0.05,A,1.0,69.29741672331747,0.0957446808510638,0.1134020618556701,50.88286905023032
16.0,20.0,5.0,1.0,94.0,46.0,General Packaging,Estimate,Medium,0.0482664853840924,0.05,A,1.0,69.56934058463631,0.0992907801418439,0.134020618556701,51.73649192074286
18.0,7.0,90.0,0.58,70.0,95.0,Gift Packaging,Estimate,Medium,0.0197144799456152,0.9,B,0.75,88.71142080217538,0.2730496453900709,0.1546391752577319,44.079476493383055
22.0,9.0,88.0,0.62,70.0,105.0,Reusable Wraps,Estimate,Medium,0.0224337185588035,0.88,B,0.75,88.00265125764787,0.3085106382978723,0.1958762886597938,44.36828251809607
20.0,8.0,90.0,0.6,68.0,102.0,Brand Packaging,Estimate,Medium,0.0210740992522093,0.9,C,0.5,81.15703602991164,0.2978723404255319,0.1752577319587628,43.86926957666155
19.0,8.0,92.0,0.55,72.0,110.0,Premium Packaging,Estimate,Medium,0.017675050985724,0.92,B,0.75,89.39299796057104,0.3262411347517731,0.1649484536082474,41.93536594282372
24.0,10.0,85.0,0.65,70.0,115.0,Carry Bags,Estimate,Medium,0.0244731475186947,0.85,B,0.75,87.0210740992522,0.3439716312056737,0.2164948453608247,43.62616070775755
22.0,10.0,95.0,0.48,85.0,85.0,Grocery Bags,Literature,High,0.0129163834126444,0.95,B,0.75,90.48334466349422,0.2375886524822695,0.1958762886597938,47.914381808876215
25.0,12.0,95.0,0.5,85.0,90.0,Carry Bags,Literature,High,0.0142760027192386,0.95,B,0.75,90.42895989123043,0.2553191489361702,0.2268041237113402,48.5742487387585
28.0,15.0,93.0,0.52,85.0,95.0,Multi-use Bags,Estimate,Medium,0.0156356220258327,0.93,B,0.75,89.7745751189667,0.2730496453900709,0.2577319587628865,49.23411566864078
27.0,14.0,80.0,0.7,75.0,98.0,Industrial Bags,Estimate,Medium,0.0278721957851801,0.8,B,0.75,85.3851121685928,0.2836879432624113,0.2474226804123711,48.18673685749799
26.0,13.0,96.0,0.49,88.0,100.0,Premium Retail,Estimate,Medium,0.0135961930659415,0.96,B,0.75,90.75615227736236,0.2907801418439716,0.2371134020618556,47.3166630108942
48.0,10.0,80.0,0.54,70.0,120.0,Bakery Lids,Estimate,Medium,0.0169952413324269,0.8,B,0.75,85.82019034670293,0.3617021276595745,0.4639175257731959,55.11076990568107
50.0,12.0,80.0,0.55,70.0,125.0,Food Trays,Literature,High,0.017675050985724,0.8,B,0.75,85.79299796057104,0.3794326241134751,0.4845360824742268,55.25517291803759
52.0,14.0,78.0,0.6,68.0,130.0,Clamshells,Estimate,Medium,0.0210740992522093,0.78,C,0.5,77.55703602991163,0.3971631205673759,0.5051546391752577,55.399575930394086
49.0,11.0,80.0,0.56,70.0,128.0,Fresh Produce,Estimate,Medium,0.018354860639021,0.8,B,0.75,85.76580557443916,0.3900709219858156,0.4742268041237113,54.20779410689478
51.0,12.0,80.0,0.55,70.0,127.0,Display Packs,Estimate,Medium,0.017675050985724,0.8,B,0.75,85.79299796057104,0.3865248226950354,0.4948453608247423,55.416026906485335
42.0,9.0,82.0,0.49,70.0,116.0,Sachets,Estimate,Medium,0.0135961930659415,0.82,B,0.75,86.55615227736234,0.3475177304964539,0.4020618556701031,52.72720625868246
47.0,11.0,78.0,0.52,70.0,120.0,Tubs & Cups,Estimate,Medium,0.0156356220258327,0.78,B,0.75,85.2745751189667,0.3617021276595745,0.4536082474226804,54.595305988155296
50.0,12.0,75.0,0.58,68.0,124.0,Electronics Blisters,Estimate,Medium,0.0197144799456152,0.75,C,0.5,76.71142080217538,0.375886524822695,0.4845360824742268,55.43247788257659
45.0,10.0,80.0,0.5,70.0,118.0,Display Cartons,Literature,High,0.0142760027192386,0.8,B,0.75,85.92895989123045,0.3546099290780142,0.4329896907216495,53.91898808218176
40.0,8.0,85.0,0.48,72.0,115.0,Food/Cosmetic,Estimate,Medium,0.0129163834126444,0.85,B,0.75,87.48334466349422,0.3439716312056737,0.3814432989690721,51.87358338816992
28.0,7.0,88.0,0.58,65.0,102.0,Snack Wraps,Literature,High,0.0197144799456152,0.88,C,0.5,80.61142080217539,0.2978723404255319,0.2577319587628865,47.99298091686774
32.0,8.0,82.0,0.62,70.0,108.0,Overwrap,Estimate,Medium,0.0224337185588035,0.82,B,0.75,86.20265125764786,0.3191489361702128,0.2989690721649484,48.99100679973678
30.0,8.0,85.0,0.6,65.0,105.0,Snack Packaging,Literature,High,0.0210740992522093,0.85,C,0.5,79.65703602991164,0.3085106382978723,0.2783505154639175,48.49199385830226
26.0,6.0,90.0,0.55,68.0,100.0,Food Wrap,Estimate,Medium,0.017675050985724,0.9,C,0.5,81.29299796057104,0.2907801418439716,0.2371134020618556,47.3166630108942
34.0,9.0,80.0,0.65,60.0,110.0,Frozen Foods,Estimate,Medium,0.0244731475186947,0.8,C,0.5,78.02107409925222,0.3262411347517731,0.3195876288659793,49.66732470571032
60.0,12.0,1.0,7.5,90.0,130.0,Food Wrap,Literature,High,0.4901427600271923,0.01,A,1.0,50.69428959891231,0.3971631205673759,0.5876288659793815,59.52328727060028
75.0,22.0,1.0,8.2,90.0,155.0,Food Trays,Literature,High,0.5377294357579877,0.01,A,1.0,48.79082256968049,0.4858156028368794,0.7422680412371134,62.8226219200117
70.0,20.0,1.0,8.5,85.0,160.0,Snack Wrap,Estimate,Medium,0.5581237253569001,0.01,B,0.75,40.475050985724,0.5035460992907801,0.6907216494845361,59.3587775096878
72.0,18.0,1.0,8.3,92.0,165.0,Blister Packs,Estimate,Medium,0.5445275322909586,0.01,A,1.0,48.51889870836166,0.5212765957446809,0.711340206185567,59.50318052204431
80.0,25.0,1.0,8.8,90.0,170.0,Insulation,Estimate,Medium,0.5785180149558125,0.01,A,1.0,47.1592794017675,0.5390070921985816,0.7938144329896907,62.74036703955546
85.0,18.0,0.0,2.3,95.0,115.0,Beverage,Estimate,Medium,0.1366417403127124,0.0,A,1.0,64.53433038749151,0.3439716312056737,0.845360824742268,75.06945967682972
95.0,28.0,0.0,2.7,98.0,125.0,Beverage Refill,Literature,High,0.1638341264445955,0.0,A,1.0,63.446634942216185,0.3794326241134751,0.9484536082474226,78.45104920669738
90.0,25.0,0.0,2.6,95.0,122.0,Beverages & Pharma,Literature,High,0.1570360299116247,0.0,A,1.0,63.71855880353501,0.3687943262411347,0.8969072164948454,76.40564451268553
92.0,26.0,0.0,2.5,95.0,124.0,Premium Drinks,Estimate,Medium,0.1502379333786539,0.0,A,1.0,63.99048266485384,0.375886524822695,0.9175257731958762,77.08196241865906
100.0,30.0,0.0,2.8,95.0,130.0,Spirits,Estimate,Medium,0.1706322229775662,0.0,A,1.0,63.17471108089735,0.3971631205673759,1.0,80.1418439716312
75.0,18.0,0.0,5.8,90.0,95.0,Foods,Literature,High,0.3745751189666892,0.0,A,1.0,55.01699524133243,0.2730496453900709,0.7422680412371134,73.46091979235212
85.0,24.0,0.0,6.2,90.0,105.0,Bulk Foods,Literature,High,0.4017675050985724,0.0,A,1.0,53.92929979605711,0.3085106382978723,0.845360824742268,76.84250932221978
80.0,20.0,0.0,6.1,88.0,102.0,Personal Care,Estimate,Medium,0.3949694085656016,0.0,B,0.75,46.701223657375934,0.2978723404255319,0.7938144329896907,74.79710462820795
78.0,19.0,0.0,6.0,90.0,100.0,Ready Foods,Estimate,Medium,0.3881713120326308,0.0,A,1.0,54.473147518694766,0.2907801418439716,0.7731958762886598,74.12078672223441
80.0,22.0,0.0,6.2,90.0,108.0,Premium Foods,Estimate,Medium,0.4017675050985724,0.0,A,1.0,53.92929979605711,0.3191489361702128,0.7938144329896907,73.73327484097389
62.0,16.0,1.0,3.6,60.0,92.0,Trays & Lids,Estimate,Medium,0.2250169952413324,0.01,C,0.5,46.29932019034671,0.2624113475177305,0.6082474226804123,67.29180375813408
58.0,14.0,1.0,3.4,60.0,88.0,Multipack Wrap,Estimate,Medium,0.2114208021753908,0.01,C,0.5,46.84316791298437,0.2482269503546099,0.5670103092783505,65.93916794618703
60.0,15.0,1.0,3.5,55.0,90.0,Snack Packs,Estimate,Medium,0.2182188987083616,0.01,C,0.5,46.57124405166554,0.2553191489361702,0.5876288659793815,66.61548585216057
55.0,12.0,1.0,3.3,50.0,86.0,Cushioning,Estimate,Medium,0.2046227056424201,0.01,C,0.5,47.1150917743032,0.2411347517730496,0.5360824742268041,64.74738612268773
57.0,13.0,1.0,3.4,60.0,89.0,Bottle Bundling,Estimate,Medium,0.2114208021753908,0.01,C,0.5,46.84316791298437,0.25177304964539,0.5567010309278351,65.24639906412226
60.0,15.0,1.0,2.0,70.0,87.0,Pallets,Estimate,Medium,0.1162474507138001,0.01,B,0.75,58.15010197144799,0.2446808510638297,0.5876288659793815,67.14740074577759
55.0,13.0,1.0,1.9,72.0,82.0,Garbage Bags,Estimate,Medium,0.1094493541808293,0.01,B,0.75,58.42202583276684,0.226950354609929,0.5360824742268041,65.45660598084375
58.0,14.0,1.0,2.1,68.0,84.0,Construction Boards,Estimate,Medium,0.1230455472467709,0.01,C,0.5,50.37817811012917,0.2340425531914893,0.5670103092783505,66.64838780434306
62.0,16.0,1.0,2.2,65.0,88.0,Outdoor Furniture,Estimate,Medium,0.1298436437797416,0.01,C,0.5,50.10625424881033,0.2482269503546099,0.6082474226804123,68.00102361629013
50.0,11.0,1.0,1.8,70.0,80.0,Cushioning,Estimate,Medium,0.1026512576478586,0.01,B,0.75,58.69394969408566,0.2198581560283688,0.4845360824742268,63.23389632229291
48.0,9.0,88.0,0.54,70.0,112.0,Snack Trays,Estimate,Medium,0.0169952413324269,0.88,B,0.75,88.22019034670294,0.3333333333333333,0.4639175257731959,56.529209621993125
52.0,11.0,82.0,0.57,68.0,118.0,Meal Trays,Estimate,Medium,0.0190346702923181,0.82,C,0.5,78.83861318830728,0.3546099290780142,0.5051546391752577,57.527235504862176
50.0,10.0,85.0,0.55,70.0,115.0,Fresh Produce,Literature,High,0.017675050985724,0.85,B,0.75,87.29299796057104,0.3439716312056737,0.4845360824742268,57.02822256342765
49.0,10.0,85.0,0.56,70.0,114.0,Premium Packs,Estimate,Medium,0.018354860639021,0.85,B,0.75,87.26580557443916,0.3404255319148936,0.4742268041237113,56.69006361044089
53.0,11.0,80.0,0.58,68.0,120.0,Food/Cosmetics,Estimate,Medium,0.0197144799456152,0.8,C,0.5,78.2114208021754,0.3617021276595745,0.5154639175257731,57.68808949330994
13.0,9.0,80.0,0.88,88.0,49.0,Fruit & Veg,Estimate,Medium,0.0401087695445275,0.8,B,0.75,84.89564921821889,0.1099290780141844,0.1030927835051546,49.65818527454851
15.0,11.0,78.0,0.92,86.0,52.0,Ready Meals,Estimate,Medium,0.0428280081577158,0.78,B,0.75,84.18687967369138,0.1205673758865248,0.1237113402061855,50.15719821598304
14.0,10.0,75.0,0.95,85.0,55.0,Wet Foods,Estimate,Medium,0.044867437117607,0.75,B,0.75,83.20530251529571,0.1312056737588652,0.1134020618556701,49.109819404840245
14.0,10.0,82.0,0.9,88.0,50.0,Dry Foods,Estimate,Medium,0.0414683888511216,0.82,B,0.75,85.44126444595513,0.1134751773049645,0.1134020618556701,49.99634422753528
16.0,12.0,75.0,1.0,85.0,58.0,Meat & Fish,Estimate,Medium,0.0482664853840924,0.75,B,0.75,83.0693405846363,0.1418439716312056,0.134020618556701,49.60883234627477
15.0,10.0,5.0,1.05,92.0,40.0,Food Sleeves,Estimate,Medium,0.0516655336505778,0.05,A,1.0,69.4333786539769,0.0780141843971631,0.1237113402061855,52.28485779045112
17.0,14.0,5.0,1.15,92.0,44.0,Electronics Sleeves,Estimate,Medium,0.0584636301835485,0.05,A,1.0,69.16145479265805,0.0921985815602836,0.1443298969072164,52.60656576734664
16.0,12.0,5.0,1.12,90.0,45.0,Brand Packaging,Estimate,Medium,0.0564242012236573,0.05,A,1.0,69.2430319510537,0.0957446808510638,0.134020618556701,51.91379688528186
16.0,12.0,5.0,0.9,95.0,41.0,General Sleeves,Estimate,Medium,0.0414683888511216,0.05,A,1.0,69.84126444595513,0.0815602836879432,0.134020618556701,52.62301674343789
16.0,12.0,5.0,1.08,92.0,43.0,Eco Sleeves,Estimate,Medium,0.053704962610469,0.05,A,1.0,69.35180149558124,0.0886524822695035,0.134020618556701,52.26840681435988
46.0,8.0,80.0,0.5,70.0,118.0,Fresh Salads,Literature,High,0.0142760027192386,0.8,B,0.75,85.92895989123045,0.3546099290780142,0.4432989690721649,54.434451999707534
48.0,9.0,80.0,0.52,70.0,120.0,Bakery Items,Literature,High,0.0156356220258327,0.8,B,0.75,85.87457511896669,0.3617021276595745,0.4639175257731959,55.11076990568107
49.0,9.0,80.0,0.53,70.0,121.0,Berries & Fruit,Estimate,Medium,0.0163154316791298,0.8,B,0.75,85.8473827328348,0.3652482269503546,0.4742268041237113,55.44892885866784
47.0,8.0,82.0,0.51,70.0,119.0,Desserts,Estimate,Medium,0.0149558123725356,0.82,B,0.75,86.50176750509857,0.3581560283687943,0.4536082474226804,54.7726109526943
50.0,10.0,78.0,0.56,68.0,123.0,Meals,Estimate,Medium,0.018354860639021,0.78,C,0.5,77.66580557443916,0.3723404255319149,0.4845360824742268,55.6097828471156
15.0,12.0,5.0,0.8,95.0,39.0,E-commerce,Estimate,Medium,0.0346702923181509,0.05,A,1.0,70.11318830727397,0.0744680851063829,0.1237113402061855,52.462162754990125
16.0,15.0,5.0,0.82,95.0,41.0,E-commerce,Literature,High,0.036029911624745,0.05,A,1.0,70.0588035350102,0.0815602836879432,0.134020618556701,52.62301674343789
17.0,18.0,5.0,0.85,95.0,43.0,E-commerce,Estimate,Medium,0.0380693405846363,0.05,A,1.0,69.97722637661454,0.0886524822695035,0.1443298969072164,52.78387073188565
18.0,22.0,5.0,0.9,93.0,45.0,Appliances,Estimate,Medium,0.0414683888511216,0.05,A,1.0,69.84126444595513,0.0957446808510638,0.1546391752577319,52.94472472033341
14.0,12.0,5.0,0.78,96.0,38.0,Document Storage,Estimate,Medium,0.0333106730115567,0.05,A,1.0,70.16757307953773,0.0709219858156028,0.1134020618556701,52.12400380200336
16.0,10.0,90.0,0.4,80.0,60.0,Food Packaging,Literature,High,0.0074779061862678,0.9,B,0.75,89.20088375254929,0.1489361702127659,0.134020618556701,49.25422241719675
18.0,12.0,88.0,0.42,78.0,65.0,Takeaway Food,Estimate,Medium,0.0088375254928619,0.88,B,0.75,88.54649898028552,0.1666666666666666,0.1546391752577319,49.39862542955326
14.0,8.0,85.0,0.45,80.0,58.0,Hot Cups,Estimate,Medium,0.0108769544527532,0.85,B,0.75,87.56492182188987,0.1418439716312056,0.1134020618556701,48.57790451122322
15.0,9.0,88.0,0.43,78.0,62.0,Electronics Packaging,Estimate,Medium,0.009517335146159,0.88,B,0.75,88.51930659415365,0.1560283687943262,0.1237113402061855,48.38414857059297
13.0,7.0,92.0,0.39,82.0,57.0,Disposable Tableware,Estimate,Medium,0.0067980965329707,0.92,B,0.75,89.82807613868117,0.1382978723404255,0.1030927835051546,48.23974555823645
18.0,11.0,92.0,0.38,80.0,70.0,Premium Packaging,Estimate,Medium,0.0061182868796736,0.92,B,0.75,89.85526852481306,0.1843971631205673,0.1546391752577319,48.51210060685823
20.0,14.0,90.0,0.4,82.0,75.0,Boxes & Cartons,Estimate,Medium,0.0074779061862678,0.9,B,0.75,89.20088375254929,0.202127659574468,0.1752577319587628,48.65650361921474
25.0,12.0,95.0,0.42,85.0,90.0,Reusable Bags,Estimate,Medium,0.0088375254928619,0.95,B,0.75,90.64649898028551,0.2553191489361702,0.2268041237113402,48.5742487387585
17.0,10.0,90.0,0.41,80.0,72.0,Electronics Inserts,Estimate,Medium,0.0081577158395649,0.9,B,0.75,89.1736913664174,0.1914893617021276,0.1443298969072164,47.64202676025444
16.0,9.0,92.0,0.39,82.0,68.0,Food Packaging,Estimate,Medium,0.0067980965329707,0.92,B,0.75,89.82807613868117,0.1773049645390071,0.134020618556701,47.83578270088469
8.0,5.0,98.0,0.3,60.0,80.0,Cushioning,Literature,High,0.000679809653297,0.98,C,0.5,84.37280761386813,0.2198581560283688,0.0515463917525773,41.58441178621043
10.0,7.0,98.0,0.32,60.0,85.0,Protective Packaging,Literature,High,0.0020394289598912,0.98,C,0.5,84.31842284160435,0.2375886524822695,0.0721649484536082,41.72881479856694
9.0,6.0,98.0,0.31,60.0,82.0,Electronics Packaging,Estimate,Medium,0.0013596193065941,0.98,C,0.5,84.34561522773623,0.226950354609929,0.0618556701030927,41.745265774658186
7.0,4.0,98.0,0.29,60.0,78.0,Small Appliances,Estimate,Medium,0.0,0.98,C,0.5,84.39999999999999,0.2127659574468085,0.0412371134020618,41.42355779776267
11.0,8.0,95.0,0.35,60.0,88.0,Panels & Liners,Estimate,Medium,0.0040788579197824,0.95,C,0.5,83.33684568320871,0.2482269503546099,0.0824742268041237,41.71236382247569
25.0,6.0,90.0,0.4,65.0,100.0,Edible Wraps,Literature,High,0.0074779061862678,0.9,C,0.5,81.70088375254929,0.2907801418439716,0.2268041237113402,46.80119909336843
28.0,7.0,88.0,0.42,65.0,105.0,Dry Foods,Estimate,Medium,0.0088375254928619,0.88,C,0.5,81.04649898028552,0.3085106382978723,0.2577319587628865,47.46106602325071
22.0,5.0,92.0,0.38,65.0,95.0,Fiber Barriers,Estimate,Medium,0.0061182868796736,0.92,C,0.5,82.35526852481307,0.2730496453900709,0.1958762886597938,46.14133216348614
30.0,8.0,85.0,0.45,60.0,110.0,Snack Packs,Estimate,Medium,0.0108769544527532,0.85,C,0.5,80.06492182188988,0.3262411347517731,0.2783505154639175,47.60546903560722
32.0,9.0,80.0,0.5,60.0,115.0,Trays,Estimate,Medium,0.0142760027192386,0.8,C,0.5,78.42895989123045,0.3439716312056737,0.2989690721649484,47.74987204796373
18.0,25.0,80.0,1.1,85.0,70.0,Furniture Packaging,Literature,High,0.0550645819170632,0.8,B,0.75,84.29741672331747,0.1843971631205673,0.1546391752577319,48.51210060685823
20.0,28.0,80.0,1.15,85.0,75.0,Pallet Tops,Estimate,Medium,0.0584636301835485,0.8,B,0.75,84.16145479265805,0.202127659574468,0.1752577319587628,48.65650361921474
16.0,20.0,82.0,1.05,88.0,65.0,Void Fill,Estimate,Medium,0.0516655336505778,0.82,B,0.75,85.03337865397688,0.1666666666666666,0.134020618556701,48.36769759450172
19.0,24.0,80.0,1.12,85.0,72.0,Edge Protection,Estimate,Medium,0.0564242012236573,0.8,B,0.75,84.24303195105371,0.1914893617021276,0.1649484536082474,48.67295459530599
22.0,30.0,78.0,1.2,82.0,80.0,Light Pallets,Estimate,Medium,0.0618626784500339,0.78,B,0.75,83.42549286199863,0.2198581560283688,0.1958762886597938,48.80090663157125
18.0,25.0,82.0,0.95,90.0,68.0,Furniture Packaging,Estimate,Medium,0.044867437117607,0.82,A,1.0,92.80530251529572,0.1773049645390071,0.1546391752577319,48.86671053593624
55.0,15.0,15.0,1.5,75.0,140.0,Bottles & Caps,Literature,High,0.0822569680489462,0.15,B,0.75,63.70972127804215,0.4326241134751773,0.5360824742268041,55.17291803758133
50.0,13.0,20.0,1.4,75.0,135.0,Flex Packaging,Estimate,Medium,0.0754588715159755,0.2,B,0.75,65.48164513936098,0.4148936170212766,0.4845360824742268,53.48212327264751
58.0,17.0,10.0,1.6,70.0,145.0,Containers,Estimate,Medium,0.089055064581917,0.1,B,0.75,61.93779741672331,0.450354609929078,0.5670103092783505,55.83278496746362
52.0,14.0,20.0,1.45,75.0,138.0,Shrink Wrap,Estimate,Medium,0.0788579197824609,0.2,B,0.75,65.34568320870156,0.425531914893617,0.5051546391752577,53.98113621408204
48.0,12.0,25.0,1.35,78.0,132.0,Paper Coatings,Estimate,Medium,0.0720598232494901,0.25,B,0.75,67.1176070700204,0.4042553191489361,0.4639175257731959,52.98311033121299
18.0,12.0,60.0,1.0,75.0,120.0,Hot Cups,Literature,High,0.0482664853840924,0.6,B,0.75,78.56934058463631,0.3617021276595745,0.1546391752577319,39.64685237990788
20.0,15.0,5.0,2.5,65.0,90.0,Beverage Cartons,Literature,High,0.1502379333786539,0.05,C,0.5,50.49048266485384,0.2553191489361702,0.1752577319587628,45.99692915112964
19.0,14.0,30.0,1.8,70.0,110.0,Beverage Cartons,Estimate,Medium,0.1026512576478586,0.3,B,0.75,67.39394969408565,0.3262411347517731,0.1649484536082474,41.93536594282372
21.0,18.0,55.0,1.2,75.0,125.0,Frozen Foods,Estimate,Medium,0.0618626784500339,0.55,B,0.75,76.52549286199864,0.3794326241134751,0.1855670103092783,40.30671930979016
20.0,17.0,60.0,1.05,78.0,118.0,Snack Packs,Estimate,Medium,0.0516655336505778,0.6,B,0.75,78.43337865397689,0.3546099290780142,0.1752577319587628,41.03239014403744
17.0,12.0,65.0,0.9,80.0,115.0,Food Service,Estimate,Medium,0.0414683888511216,0.65,B,0.75,80.34126444595515,0.3439716312056737,0.1443298969072164,40.017913285077135
8.0,4.0,80.0,0.7,85.0,40.0,Confectionery Wrap,Literature,High,0.0278721957851801,0.8,B,0.75,85.3851121685928,0.0780141843971631,0.0515463917525773,48.67661036777072
10.0,5.0,82.0,0.75,88.0,42.0,Bakery Wrap,Estimate,Medium,0.0312712440516655,0.82,B,0.75,85.84915023793337,0.0851063829787234,0.0721649484536082,49.35292827374424
6.0,4.0,75.0,0.8,80.0,45.0,Oily Foods,Estimate,Medium,0.0346702923181509,0.75,B,0.75,83.61318830727397,0.0957446808510638,0.0309278350515463,46.75915771002413
7.0,4.0,78.0,0.78,80.0,46.0,Bakery Wrap,Literature,High,0.0333106730115567,0.78,B,0.75,84.56757307953772,0.0992907801418439,0.0412371134020618,47.09731666301089
6.0,3.0,70.0,0.85,50.0,50.0,Cheese/Meat Wrap,Estimate,Medium,0.0380693405846363,0.7,C,0.5,74.47722637661455,0.1134751773049645,0.0309278350515463,45.8726328873291
8.0,4.0,82.0,0.6,90.0,38.0,Confectionery Wrap,Estimate,Medium,0.0210740992522093,0.82,A,1.0,93.75703602991165,0.0709219858156028,0.0515463917525773,49.03122029684873
14.0,8.0,75.0,0.9,85.0,50.0,E-commerce Mailers,Literature,High,0.0414683888511216,0.75,B,0.75,83.34126444595513,0.1134751773049645,0.1134020618556701,49.99634422753528
16.0,10.0,75.0,0.95,85.0,55.0,Documents,Estimate,Medium,0.044867437117607,0.75,B,0.75,83.20530251529571,0.1312056737588652,0.134020618556701,50.1407472398918
12.0,6.0,80.0,0.85,90.0,45.0,Apparel,Estimate,Medium,0.0380693405846363,0.8,A,1.0,92.47722637661457,0.0957446808510638,0.0927835051546391,49.85194121517877
14.0,8.0,80.0,0.7,92.0,48.0,E-commerce,Estimate,Medium,0.0278721957851801,0.8,A,1.0,92.88511216859278,0.1063829787234042,0.1134020618556701,50.35095415661329
18.0,10.0,78.0,0.98,85.0,60.0,Fragile Goods,Estimate,Medium,0.0469068660774982,0.78,B,0.75,84.02372535690007,0.1489361702127659,0.1546391752577319,50.2851502522483
50.0,10.0,1.0,2.1,70.0,70.0,E-commerce,Estimate,Medium,0.1230455472467709,0.01,B,0.75,57.87817811012916,0.1843971631205673,0.4845360824742268,65.00694596768297
45.0,9.0,40.0,1.4,65.0,95.0,E-commerce,Estimate,Medium,0.0754588715159755,0.4,C,0.5,63.98164513936098,0.2730496453900709,0.4329896907216495,57.99700226657893
35.0,7.0,85.0,0.7,60.0,105.0,E-commerce,Literature,High,0.0278721957851801,0.85,C,0.5,79.3851121685928,0.3085106382978723,0.3298969072164948,51.06931344593112
20.0,9.0,80.0,0.85,70.0,90.0,E-commerce,Estimate,Medium,0.0380693405846363,0.8,B,0.75,84.97722637661454,0.2553191489361702,0.1752577319587628,45.99692915112964
15.0,7.0,5.0,1.0,90.0,40.0,Documents,Estimate,Medium,0.0482664853840924,0.05,A,1.0,69.56934058463631,0.0780141843971631,0.1237113402061855,52.28485779045112
60.0,15.0,1.0,3.0,50.0,80.0,Food Trays,Literature,High,0.1842284160435078,0.01,C,0.5,47.93086335825969,0.2198581560283688,0.5876288659793815,68.38853549755063
60.0,15.0,1.0,1.8,75.0,88.0,Food Trays,Literature,High,0.1026512576478586,0.01,B,0.75,58.69394969408566,0.2482269503546099,0.5876288659793815,66.97009578123858
55.0,14.0,1.0,2.5,40.0,70.0,Food Containers,Literature,High,0.1502379333786539,0.01,D,0.25,41.79048266485385,0.1843971631205673,0.5360824742268041,67.58426555531183
45.0,10.0,1.0,2.3,40.0,68.0,Snack Packaging,Literature,High,0.1366417403127124,0.01,D,0.25,42.33433038749151,0.1773049645390071,0.4329896907216495,62.784236309132126
30.0,8.0,1.0,2.1,40.0,65.0,Shopping Bags,Estimate,Medium,0.1230455472467709,0.01,D,0.25,42.87817811012917,0.1666666666666666,0.2783505154639175,55.58419243986255
55.0,14.0,1.0,1.9,55.0,72.0,Containers,Estimate,Medium,0.1094493541808293,0.01,C,0.5,50.92202583276683,0.1914893617021276,0.5360824742268041,67.22965562623382
45.0,10.0,1.0,1.8,55.0,70.0,Packaging Film,Estimate,Medium,0.1026512576478586,0.01,C,0.5,51.19394969408566,0.1843971631205673,0.4329896907216495,62.4296263800541
30.0,8.0,1.0,2.4,30.0,65.0,Stretch Wrap,Literature,High,0.1434398368456832,0.01,D,0.25,42.06240652617267,0.1666666666666666,0.2783505154639175,55.58419243986255
30.0,8.0,1.0,1.7,45.0,60.0,Garbage Bags,Estimate,Medium,0.0958531611148878,0.01,D,0.25,43.965873555404485,0.1489361702127659,0.2783505154639175,56.47071726255758
32.0,9.0,10.0,1.3,55.0,80.0,Stretch Wrap,Estimate,Medium,0.0686607749830047,0.1,C,0.5,55.25356900067982,0.2198581560283688,0.2989690721649484,53.95554580682899
6.0,4.0,85.0,0.7,90.0,35.0,Void Fill,Literature,High,0.0278721957851801,0.85,A,1.0,94.3851121685928,0.0602836879432624,0.0309278350515463,48.5322073554142
7.0,4.0,85.0,0.75,90.0,37.0,Gift Packaging,Estimate,Medium,0.0312712440516655,0.85,A,1.0,94.2491502379334,0.0673758865248227,0.0412371134020618,48.69306134386196
9.0,5.0,80.0,0.8,88.0,40.0,Fragile Goods,Estimate,Medium,0.0346702923181509,0.8,B,0.75,85.11318830727396,0.0780141843971631,0.0618556701030927,49.192074285296485
35.0,10.0,1.0,3.0,50.0,60.0,Void Fill,Literature,High,0.1842284160435078,0.01,C,0.5,47.93086335825969,0.1489361702127659,0.3298969072164948,59.04803685018645
35.0,10.0,1.0,2.0,70.0,65.0,Void Fill,Estimate,Medium,0.1162474507138001,0.01,B,0.75,58.15010197144799,0.1666666666666666,0.3298969072164948,58.16151202749141
30.0,9.0,20.0,1.4,60.0,75.0,Void Fill,Estimate,Medium,0.0754588715159755,0.2,C,0.5,57.981645139360985,0.202127659574468,0.2783505154639175,53.81114279447248
10.0,6.0,80.0,0.8,88.0,50.0,Void Fill,Estimate,Medium,0.0346702923181509,0.8,B,0.75,85.11318830727396,0.1134751773049645,0.0721649484536082,47.93448855743219
25.0,9.0,60.0,1.6,70.0,70.0,Void Fill,Estimate,Medium,0.089055064581917,0.6,B,0.75,76.93779741672331,0.1843971631205673,0.2268041237113402,52.12034802953865
15.0,12.0,0.0,5.0,10.0,40.0,Electronics Packaging,Literature,High,0.3201903467029232,0.0,D,0.25,34.69238613188308,0.0780141843971631,0.1237113402061855,52.28485779045112
16.0,13.0,0.0,5.2,10.0,42.0,TV Packaging,Estimate,Medium,0.3337865397688647,0.0,D,0.25,34.14853840924542,0.0851063829787234,0.134020618556701,52.44571177889888
15.0,12.0,0.0,3.5,30.0,38.0,Insulation,Estimate,Medium,0.2182188987083616,0.0,D,0.25,38.77124405166554,0.0709219858156028,0.1237113402061855,52.63946771952914
18.0,14.0,0.0,4.0,20.0,55.0,Returnable Packaging,Estimate,Medium,0.2522093813732154,0.0,D,0.25,37.41162474507138,0.1312056737588652,0.1546391752577319,51.17167507494334
14.0,10.0,40.0,2.0,40.0,70.0,Protective Packaging,Estimate,Medium,0.1162474507138001,0.4,D,0.25,54.850101971448,0.1843971631205673,0.1134020618556701,46.45024493675513
10.0,8.0,80.0,1.2,70.0,60.0,Protective Packaging,Estimate,Medium,0.0618626784500339,0.8,B,0.75,84.02549286199864,0.1489361702127659,0.0721649484536082,46.16143891204212
11.0,7.0,85.0,0.5,80.0,52.0,Electronics,Literature,High,0.0142760027192386,0.85,B,0.75,87.42895989123046,0.1205673758865248,0.0824742268041237,48.09534254587995
12.0,8.0,80.0,0.6,75.0,55.0,Appliances,Estimate,Medium,0.0210740992522093,0.8,B,0.75,85.65703602991162,0.1312056737588652,0.0927835051546391,48.078891569788695
9.0,6.0,95.0,0.4,60.0,50.0,Produce Packaging,Estimate,Medium,0.0074779061862678,0.95,C,0.5,83.20088375254929,0.1134751773049645,0.0618556701030927,47.41902463990642
11.0,7.0,95.0,0.42,60.0,55.0,Fruit Trays,Estimate,Medium,0.0088375254928619,0.95,C,0.5,83.14649898028551,0.1312056737588652,0.0824742268041237,47.56342765226293
20.0,12.0,85.0,1.5,60.0,80.0,Reusable Tableware,Estimate,Medium,0.0822569680489462,0.85,C,0.5,77.20972127804215,0.2198581560283688,0.1752577319587628,47.76997879651971
16.0,10.0,88.0,1.3,60.0,70.0,Frozen Foods,Estimate,Medium,0.0686607749830047,0.88,C,0.5,78.65356900067982,0.1843971631205673,0.134020618556701,47.48117277180668
14.0,10.0,90.0,0.45,75.0,55.0,Food Trays,Estimate,Medium,0.0108769544527532,0.9,B,0.75,89.06492182188987,0.1312056737588652,0.1134020618556701,49.109819404840245
12.0,8.0,92.0,0.42,75.0,52.0,Produce Packaging,Estimate,Medium,0.0088375254928619,0.92,B,0.75,89.74649898028552,0.1205673758865248,0.0927835051546391,48.61080646340572
22.0,14.0,85.0,1.2,70.0,90.0,Display Packaging,Estimate,Medium,0.0618626784500339,0.85,B,0.75,85.52549286199864,0.2553191489361702,0.1958762886597938,47.02785698618119
18.0,12.0,88.0,1.0,72.0,80.0,Food & Retail Packs,Estimate,Medium,0.0482664853840924,0.88,B,0.75,86.96934058463631,0.2198581560283688,0.1546391752577319,46.73905096146816
70.0,15.0,10.0,4.0,60.0,180.0,High Barrier Packs,Estimate,Medium,0.2522093813732154,0.1,C,0.5,47.91162474507138,0.574468085106383,0.6907216494845361,55.81267821890765
72.0,16.0,10.0,4.1,60.0,190.0,Retort Pouches,Estimate,Medium,0.2590074779061862,0.1,C,0.5,47.63970088375255,0.6099290780141844,0.711340206185567,55.070556408569125
25.0,18.0,5.0,3.5,55.0,150.0,High Barrier Pouches,Estimate,Medium,0.2182188987083616,0.05,C,0.5,47.77124405166554,0.4680851063829787,0.2268041237113402,37.93595086641808
70.0,20.0,1.0,4.0,98.0,130.0,General Packaging,Estimate,Medium,0.2522093813732154,0.01,A,1.0,60.211624745071376,0.3971631205673759,0.6907216494845361,64.67792644585802
40.0,18.0,5.0,5.0,70.0,140.0,Liquid Cartons,Estimate,Medium,0.3201903467029232,0.05,B,0.75,51.19238613188307,0.4326241134751773,0.3814432989690721,47.44095927469474
55.0,20.0,1.0,6.0,30.0,150.0,Snack Packs,Literature,High,0.3881713120326308,0.01,D,0.25,32.27314751869477,0.4680851063829787,0.5360824742268041,53.39986839219127
55.0,20.0,1.0,4.5,50.0,145.0,Snack Packs,Estimate,Medium,0.2861998640380693,0.01,C,0.5,43.85200543847723,0.450354609929078,0.5360824742268041,54.28639321488631
45.0,12.0,1.0,2.5,50.0,80.0,Recyclable Pouches,Literature,High,0.1502379333786539,0.01,C,0.5,49.29048266485384,0.2198581560283688,0.4329896907216495,60.65657673466404
48.0,13.0,1.0,2.4,55.0,82.0,Recyclable Pouches,Estimate,Medium,0.1434398368456832,0.01,C,0.5,49.56240652617267,0.226950354609929,0.4639175257731959,61.84835855816334
52.0,14.0,1.0,3.2,60.0,90.0,Recyclable Pouches,Estimate,Medium,0.1978246091094493,0.01,C,0.5,47.38701563562204,0.2553191489361702,0.5051546391752577,62.491774511954375
20.0,10.0,60.0,1.1,75.0,95.0,Snacks,Estimate,Medium,0.0550645819170632,0.6,B,0.75,78.29741672331747,0.2730496453900709,0.1752577319587628,45.1104043284346
18.0,9.0,65.0,1.0,78.0,98.0,Snacks,Estimate,Medium,0.0482664853840924,0.65,B,0.75,80.06934058463631,0.2836879432624113,0.1546391752577319,43.547561599766034
17.0,9.0,70.0,0.9,85.0,92.0,Dry Foods,Estimate,Medium,0.0414683888511216,0.7,B,0.75,81.84126444595513,0.2624113475177305,0.1443298969072164,44.0959274694743
30.0,7.0,85.0,0.7,70.0,110.0,Confectionery,Literature,High,0.0278721957851801,0.85,B,0.75,86.8851121685928,0.3262411347517731,0.2783505154639175,47.60546903560722
32.0,8.0,80.0,0.75,70.0,115.0,Confectionery,Estimate,Medium,0.0312712440516655,0.8,B,0.75,85.24915023793336,0.3439716312056737,0.2989690721649484,47.74987204796373
35.0,9.0,60.0,1.2,68.0,120.0,Snacks,Estimate,Medium,0.0618626784500339,0.6,C,0.5,70.52549286199864,0.3617021276595745,0.3298969072164948,48.40973897784602
28.0,6.0,90.0,0.65,72.0,105.0,Food Packaging,Estimate,Medium,0.0244731475186947,0.9,B,0.75,88.52107409925222,0.3085106382978723,0.2577319587628865,47.46106602325071
40.0,9.0,85.0,0.6,70.0,118.0,Food Packaging,Estimate,Medium,0.0210740992522093,0.85,B,0.75,87.15703602991162,0.3546099290780142,0.3814432989690721,51.34166849455289
20.0,12.0,1.0,3.0,40.0,70.0,Fruit Nets,Literature,High,0.1842284160435078,0.01,D,0.25,40.430863358259685,0.1843971631205673,0.1752577319587628,49.543028441909776
20.0,12.0,1.0,2.1,60.0,75.0,Fruit Nets,Estimate,Medium,0.1230455472467709,0.01,C,0.5,50.37817811012917,0.202127659574468,0.1752577319587628,48.65650361921474
28.0,16.0,70.0,2.0,45.0,85.0,Rice & Grain Bags,Estimate,Medium,0.1162474507138001,0.7,D,0.25,63.85010197144799,0.2375886524822695,0.2577319587628865,51.00716531403086
25.0,14.0,50.0,2.1,50.0,80.0,Rice & Flour Bags,Estimate,Medium,0.1230455472467709,0.5,C,0.5,65.07817811012917,0.2198581560283688,0.2268041237113402,50.34729838414857
18.0,16.0,70.0,1.2,85.0,60.0,Industrial Powders,Literature,High,0.0618626784500339,0.7,B,0.75,81.02549286199864,0.1489361702127659,0.1546391752577319,50.2851502522483
18.0,16.0,75.0,1.0,90.0,55.0,Industrial Powders,Estimate,Medium,0.0482664853840924,0.75,A,1.0,90.56934058463632,0.1312056737588652,0.1546391752577319,51.17167507494334
20.0,18.0,5.0,2.6,65.0,70.0,Cement/Grain,Estimate,Medium,0.1570360299116247,0.05,C,0.5,50.21855880353502,0.1843971631205673,0.1752577319587628,49.543028441909776
20.0,18.0,20.0,1.9,70.0,85.0,Cement/Grain,Estimate,Medium,0.1094493541808293,0.2,B,0.75,64.12202583276682,0.2375886524822695,0.1752577319587628,46.88345397382467
18.0,16.0,60.0,1.2,72.0,90.0,Dry Foods,Estimate,Medium,0.0618626784500339,0.6,B,0.75,78.02549286199863,0.2553191489361702,0.1546391752577319,44.96600131607809
85.0,20.0,0.0,2.4,95.0,115.0,Food/Cosmetics,Literature,High,0.1434398368456832,0.0,A,1.0,64.26240652617268,0.3439716312056737,0.845360824742268,75.06945967682972
85.0,20.0,0.0,2.0,98.0,110.0,Food/Cosmetics,Estimate,Medium,0.1162474507138001,0.0,A,1.0,65.350101971448,0.3262411347517731,0.845360824742268,75.95598449952475
80.0,16.0,0.0,2.2,95.0,110.0,Spreads & Sauces,Estimate,Medium,0.1298436437797416,0.0,A,1.0,64.80625424881033,0.3262411347517731,0.7938144329896907,73.37866491189588
95.0,22.0,0.0,2.6,95.0,125.0,Premium Foods,Estimate,Medium,0.1570360299116247,0.0,A,1.0,63.71855880353501,0.3794326241134751,0.9484536082474226,78.45104920669738
70.0,8.0,0.0,2.3,95.0,130.0,Pharma,Estimate,Medium,0.1366417403127124,0.0,A,1.0,64.53433038749151,0.3971631205673759,0.6907216494845361,64.67792644585802
60.0,25.0,0.0,3.0,90.0,100.0,Beverage Logistics,Estimate,Medium,0.1842284160435078,0.0,A,1.0,62.63086335825969,0.2907801418439716,0.5876288659793815,64.84243620677049
25.0,30.0,60.0,2.5,60.0,90.0,Fruit & Vegetables,Literature,High,0.1502379333786539,0.6,C,0.5,66.99048266485384,0.2553191489361702,0.2268041237113402,48.5742487387585
25.0,30.0,60.0,1.8,70.0,85.0,Fruit & Vegetables,Estimate,Medium,0.1026512576478586,0.6,B,0.75,76.39394969408565,0.2375886524822695,0.2268041237113402,49.460773561453536
30.0,35.0,50.0,3.0,50.0,95.0,Heavy Machinery,Estimate,Medium,0.1842284160435078,0.5,C,0.5,62.63086335825969,0.2730496453900709,0.2783505154639175,50.26504350369233
28.0,32.0,55.0,2.8,55.0,92.0,General Cargo,Estimate,Medium,0.1706322229775662,0.55,C,0.5,64.67471108089735,0.2624113475177305,0.2577319587628865,49.76603056225781
16.0,11.0,30.0,3.0,40.0,90.0,Protective Packaging,Estimate,Medium,0.1842284160435078,0.3,D,0.25,49.13086335825969,0.2553191489361702,0.134020618556701,43.93507348102654
16.0,11.0,0.0,2.5,50.0,70.0,Furniture & Packs,Estimate,Medium,0.1502379333786539,0.0,C,0.5,48.99048266485384,0.1843971631205673,0.134020618556701,47.48117277180668
20.0,10.0,95.0,0.8,70.0,85.0,Protective Inserts,Estimate,Medium,0.0346702923181509,0.95,B,0.75,89.61318830727396,0.2375886524822695,0.1752577319587628,46.88345397382467
18.0,9.0,95.0,0.75,70.0,80.0,Bottle Gaskets,Estimate,Medium,0.0312712440516655,0.95,B,0.75,89.74915023793338,0.2198581560283688,0.1546391752577319,46.73905096146816
18.0,12.0,0.0,2.0,50.0,60.0,Shock Absorption,Estimate,Medium,0.1162474507138001,0.0,C,0.5,50.35010197144799,0.1489361702127659,0.1546391752577319,50.2851502522483
20.0,14.0,0.0,2.5,40.0,70.0,Shock Absorption,Estimate,Medium,0.1502379333786539,0.0,D,0.25,41.49048266485384,0.1843971631205673,0.1752577319587628,49.543028441909776
15.0,10.0,50.0,1.5,55.0,65.0,Shock & Vibration,Estimate,Medium,0.0822569680489462,0.5,C,0.5,66.70972127804215,0.1666666666666666,0.1237113402061855,47.85223367697595
18.0,7.0,95.0,0.5,75.0,110.0,Small Goods,Estimate,Medium,0.0142760027192386,0.95,B,0.75,90.42895989123043,0.3262411347517731,0.1546391752577319,41.41990202529794
17.0,7.0,90.0,0.45,80.0,95.0,Small Goods,Estimate,Medium,0.0108769544527532,0.9,B,0.75,89.06492182188987,0.2730496453900709,0.1443298969072164,43.56401257585728
22.0,10.0,95.0,0.55,78.0,105.0,Fashion Packaging,Estimate,Medium,0.017675050985724,0.95,B,0.75,90.29299796057104,0.3085106382978723,0.1958762886597938,44.36828251809607
25.0,12.0,20.0,2.0,50.0,120.0,Textile Bags,Estimate,Medium,0.1162474507138001,0.2,C,0.5,56.350101971448,0.3617021276595745,0.2268041237113402,43.25509980258829
25.0,12.0,1.0,1.8,70.0,100.0,Textile Bags,Estimate,Medium,0.1026512576478586,0.01,B,0.75,58.69394969408566,0.2907801418439716,0.2268041237113402,46.80119909336843
14.0,8.0,75.0,0.9,90.0,50.0,Cosmetic Packaging,Estimate,Medium,0.0414683888511216,0.75,A,1.0,90.84126444595512,0.1134751773049645,0.1134020618556701,49.99634422753528
18.0,12.0,70.0,1.0,88.0,60.0,Powder Packs,Estimate,Medium,0.0482664853840924,0.7,B,0.75,81.56934058463631,0.1489361702127659,0.1546391752577319,50.2851502522483
16.0,10.0,80.0,0.8,92.0,55.0,Gift Packs,Estimate,Medium,0.0346702923181509,0.8,A,1.0,92.61318830727396,0.1312056737588652,0.134020618556701,50.1407472398918
17.0,10.0,60.0,0.95,80.0,70.0,Cosmetics,Estimate,Medium,0.044867437117607,0.6,B,0.75,78.70530251529571,0.1843971631205673,0.1443298969072164,47.99663668933245
18.0,11.0,25.0,1.2,78.0,75.0,Cosmetics,Estimate,Medium,0.0618626784500339,0.25,B,0.75,67.52549286199864,0.202127659574468,0.1546391752577319,47.6255757841632
18.0,12.0,1.0,3.0,30.0,60.0,Surface Protection,Literature,High,0.1842284160435078,0.01,D,0.25,40.430863358259685,0.1489361702127659,0.1546391752577319,50.2851502522483
18.0,12.0,1.0,2.2,50.0,63.0,Surface Protection,Estimate,Medium,0.1298436437797416,0.01,C,0.5,50.10625424881033,0.1595744680851064,0.1546391752577319,49.75323535863128
16.0,11.0,15.0,1.8,55.0,75.0,Protective Packaging,Estimate,Medium,0.1026512576478586,0.15,C,0.5,55.393949694085656,0.202127659574468,0.134020618556701,46.594647949111646
20.0,13.0,1.0,3.5,40.0,80.0,High Performance Packs,Estimate,Medium,0.2182188987083616,0.01,D,0.25,39.07124405166554,0.2198581560283688,0.1752577319587628,47.76997879651971
18.0,12.0,1.0,3.2,30.0,65.0,Protective Packaging,Estimate,Medium,0.1978246091094493,0.01,D,0.25,39.88701563562203,0.1666666666666666,0.1546391752577319,49.39862542955326
14.0,9.0,80.0,1.0,60.0,90.0,Protective Packaging,Estimate,Medium,0.0482664853840924,0.8,C,0.5,77.06934058463631,0.2553191489361702,0.1134020618556701,42.904145645975
10.0,7.0,95.0,0.5,60.0,70.0,Void Fill,Literature,High,0.0142760027192386,0.95,C,0.5,82.92895989123046,0.1843971631205673,0.0721649484536082,44.38838926665204
8.0,6.0,90.0,0.7,88.0,50.0,Void Fill,Estimate,Medium,0.0278721957851801,0.9,B,0.75,88.3851121685928,0.1134751773049645,0.0515463917525773,46.90356072238065
8.0,6.0,92.0,0.6,92.0,48.0,Void Fill,Estimate,Medium,0.0210740992522093,0.92,A,1.0,96.75703602991165,0.1063829787234042,0.0515463917525773,47.258170651458656
12.0,8.0,85.0,0.8,60.0,80.0,Void Fill,Estimate,Medium,0.0346702923181509,0.85,C,0.5,79.11318830727397,0.2198581560283688,0.0927835051546391,43.64626745631352
14.0,9.0,90.0,0.9,55.0,85.0,Protective Packaging,Estimate,Medium,0.0414683888511216,0.9,C,0.5,80.34126444595515,0.2375886524822695,0.1134020618556701,43.79067046867004
18.0,16.0,60.0,1.3,75.0,65.0,Industrial Goods,Estimate,Medium,0.0686607749830047,0.6,B,0.75,77.75356900067982,0.1666666666666666,0.1546391752577319,49.39862542955326
16.0,14.0,70.0,1.0,85.0,60.0,Industrial Goods,Estimate,Medium,0.0482664853840924,0.7,B,0.75,81.56934058463631,0.1489361702127659,0.134020618556701,49.25422241719675
17.0,15.0,65.0,1.1,78.0,72.0,Food Powders,Estimate,Medium,0.0550645819170632,0.65,B,0.75,79.79741672331747,0.1914893617021276,0.1443298969072164,47.64202676025444
20.0,16.0,80.0,1.4,70.0,85.0,Display,Estimate,Medium,0.0754588715159755,0.8,B,0.75,83.48164513936098,0.2375886524822695,0.1752577319587628,46.88345397382467
22.0,18.0,75.0,1.6,65.0,90.0,Print Packaging,Estimate,Medium,0.089055064581917,0.75,C,0.5,73.93779741672331,0.2553191489361702,0.1958762886597938,47.02785698618119
20.0,17.0,78.0,1.3,72.0,82.0,Print Packaging,Estimate,Medium,0.0686607749830047,0.78,B,0.75,83.15356900067982,0.226950354609929,0.1752577319587628,47.415368867441686
65.0,18.0,1.0,3.1,55.0,85.0,Food/Cosmetics,Literature,High,0.1910265125764785,0.01,C,0.5,47.65893949694087,0.2375886524822695,0.6391752577319587,70.07933026248446
65.0,18.0,1.0,2.0,70.0,82.0,Food/Cosmetics,Estimate,Medium,0.1162474507138001,0.01,B,0.75,58.15010197144799,0.226950354609929,0.6391752577319587,70.61124515610149
55.0,16.0,1.0,2.6,45.0,80.0,Personal Care,Literature,High,0.1570360299116247,0.01,D,0.25,41.518558803535015,0.2198581560283688,0.5360824742268041,65.81121590992176
55.0,16.0,1.0,1.9,60.0,76.0,Personal Care,Estimate,Medium,0.1094493541808293,0.01,C,0.5,50.92202583276683,0.2056737588652482,0.5360824742268041,66.5204357680778
60.0,18.0,1.0,3.0,50.0,80.0,Beverages,Literature,High,0.1842284160435078,0.01,C,0.5,47.93086335825969,0.2198581560283688,0.5876288659793815,68.38853549755063
60.0,18.0,1.0,2.0,70.0,82.0,Beverages,Estimate,Medium,0.1162474507138001,0.01,B,0.75,58.15010197144799,0.226950354609929,0.5876288659793815,68.03392556847263
70.0,10.0,0.0,2.4,95.0,130.0,Cosmetics,Estimate,Medium,0.1434398368456832,0.0,A,1.0,64.26240652617268,0.3971631205673759,0.6907216494845361,64.67792644585802
65.0,9.0,1.0,7.0,90.0,140.0,Cosmetics,Estimate,Medium,0.4561522773623385,0.01,A,1.0,52.05390890550645,0.4326241134751773,0.6391752577319587,60.32755721283907
85.0,40.0,0.0,8.0,90.0,120.0,Bulk Liquids,Literature,High,0.5241332426920462,0.0,A,1.0,49.03467029231815,0.3617021276595745,0.845360824742268,74.18293485413467
85.0,40.0,0.0,5.0,95.0,110.0,Bulk Liquids,Estimate,Medium,0.3201903467029232,0.0,A,1.0,57.19238613188307,0.3262411347517731,0.845360824742268,75.95598449952475
70.0,35.0,1.0,4.0,50.0,100.0,Bulk Liquids,Estimate,Medium,0.2522093813732154,0.01,C,0.5,45.211624745071376,0.2907801418439716,0.6907216494845361,69.99707538202821
70.0,35.0,1.0,3.0,65.0,95.0,Bulk Liquids,Estimate,Medium,0.1842284160435078,0.01,C,0.5,47.93086335825969,0.2730496453900709,0.6907216494845361,70.88360020472327
80.0,100.0,1.0,10.0,60.0,200.0,Bulk Liquids,Estimate,Medium,0.6600951733514616,0.01,C,0.5,28.89619306594153,0.6453900709219859,0.7938144329896907,57.42121810338524
30.0,1000.0,60.0,3.0,60.0,80.0,Logistics,Literature,High,0.1842284160435078,0.6,C,0.5,65.63086335825969,0.2198581560283688,0.2783505154639175,52.92461797177743
30.0,1000.0,60.0,2.0,75.0,70.0,Logistics,Estimate,Medium,0.1162474507138001,0.6,B,0.75,75.850101971448,0.1843971631205673,0.2783505154639175,54.6976676171675
40.0,1200.0,1.0,5.0,50.0,120.0,Logistics,Estimate,Medium,0.3201903467029232,0.01,C,0.5,42.49238613188307,0.3617021276595745,0.3814432989690721,50.98705856547488
40.0,1200.0,1.0,3.5,65.0,110.0,Logistics,Estimate,Medium,0.2182188987083616,0.01,C,0.5,46.57124405166554,0.3262411347517731,0.3814432989690721,52.76010821086496
25.0,800.0,75.0,1.5,70.0,90.0,Logistics,Estimate,Medium,0.0822569680489462,0.75,B,0.75,81.70972127804215,0.2553191489361702,0.2268041237113402,48.5742487387585
38.0,1100.0,20.0,3.5,55.0,130.0,Logistics,Estimate,Medium,0.2182188987083616,0.2,C,0.5,52.27124405166553,0.3971631205673759,0.3608247422680412,48.18308108503327
45.0,1500.0,1.0,12.0,85.0,240.0,Logistics,Estimate,Medium,0.7960571040108769,0.01,B,0.75,30.95771583956492,0.7872340425531915,0.4329896907216495,32.2877824084229
40.0,12.0,1.0,2.4,50.0,70.0,Shrink Bundling,Literature,High,0.1434398368456832,0.01,C,0.5,49.56240652617267,0.1843971631205673,0.3814432989690721,59.85230679242524
40.0,12.0,1.0,1.8,65.0,68.0,Shrink Bundling,Estimate,Medium,0.1026512576478586,0.01,C,0.5,51.19394969408566,0.1773049645390071,0.3814432989690721,60.20691672150325
42.0,13.0,1.0,2.3,55.0,72.0,Shrink Bundling,Estimate,Medium,0.1366417403127124,0.01,C,0.5,49.8343303874915,0.1914893617021276,0.4020618556701031,60.52862469839877
35.0,11.0,20.0,1.6,55.0,90.0,Shrink Bundling,Estimate,Medium,0.089055064581917,0.2,C,0.5,57.43779741672333,0.2553191489361702,0.3298969072164948,53.72888791401624
20.0,15.0,80.0,0.9,85.0,60.0,Bundle Strapping,Estimate,Medium,0.0414683888511216,0.8,B,0.75,84.84126444595513,0.1489361702127659,0.1752577319587628,51.31607808729984
55.0,20.0,1.0,2.5,30.0,50.0,Bundle Strapping,Literature,High,0.1502379333786539,0.01,D,0.25,41.79048266485385,0.1134751773049645,0.5360824742268041,71.130364846092
55.0,20.0,1.0,1.8,50.0,48.0,Bundle Strapping,Estimate,Medium,0.1026512576478586,0.01,C,0.5,51.19394969408566,0.1063829787234042,0.5360824742268041,71.48497477517
65.0,25.0,1.0,3.0,40.0,70.0,Heavy Strapping,Estimate,Medium,0.1842284160435078,0.01,D,0.25,40.430863358259685,0.1843971631205673,0.6391752577319587,72.73890473056956
65.0,25.0,1.0,2.0,60.0,68.0,Heavy Strapping,Estimate,Medium,0.1162474507138001,0.01,C,0.5,50.650101971448,0.1773049645390071,0.6391752577319587,73.09351465964757
80.0,30.0,0.0,6.0,90.0,90.0,Heavy Strapping,Literature,High,0.3881713120326308,0.0,A,1.0,54.473147518694766,0.2553191489361702,0.7938144329896907,76.92476420267602
40.0,12.0,30.0,1.7,60.0,80.0,Light Bundling,Estimate,Medium,0.0958531611148878,0.3,C,0.5,60.165873555404495,0.2198581560283688,0.3814432989690721,58.079257147035165
12.0,5.0,80.0,0.8,85.0,40.0,Box Sealing,Literature,High,0.0346702923181509,0.8,B,0.75,85.11318830727396,0.0780141843971631,0.0927835051546391,50.7384660378738
12.0,5.0,82.0,0.6,90.0,38.0,Box Sealing,Estimate,Medium,0.0210740992522093,0.82,A,1.0,93.75703602991165,0.0709219858156028,0.0927835051546391,51.093075966951815
25.0,6.0,1.0,2.3,30.0,35.0,Box Sealing,Literature,High,0.1366417403127124,0.01,D,0.25,42.33433038749151,0.0602836879432624,0.2268041237113402,58.32602178840389
25.0,6.0,1.0,1.7,50.0,34.0,Box Sealing,Estimate,Medium,0.0958531611148878,0.01,C,0.5,51.465873555404485,0.0567375886524822,0.2268041237113402,58.5033267529429
22.0,6.0,30.0,1.5,45.0,45.0,Box Sealing,Estimate,Medium,0.0822569680489462,0.3,D,0.25,53.20972127804215,0.0957446808510638,0.1958762886597938,55.0065803904365
14.0,6.0,80.0,0.9,88.0,42.0,Box Sealing,Estimate,Medium,0.0414683888511216,0.8,B,0.75,84.84126444595513,0.0851063829787234,0.1134020618556701,51.41478394384733
18.0,6.0,85.0,0.7,60.0,55.0,Box Sealing,Estimate,Medium,0.0278721957851801,0.85,C,0.5,79.3851121685928,0.1312056737588652,0.1546391752577319,51.17167507494334
14.0,12.0,5.0,1.12,90.0,44.0,E-commerce,Estimate,Medium,0.0564242012236573,0.05,A,1.0,69.2430319510537,0.0921985815602836,0.1134020618556701,51.06017401476932
18.0,20.0,5.0,1.2,90.0,48.0,E-commerce,Estimate,Medium,0.0618626784500339,0.05,A,1.0,69.02549286199864,0.1063829787234042,0.1546391752577319,52.41280982671639
14.0,12.0,5.0,0.78,95.0,39.0,E-commerce,Estimate,Medium,0.0333106730115567,0.05,A,1.0,70.16757307953773,0.0744680851063829,0.1134020618556701,51.94669883746435
18.0,20.0,5.0,0.85,95.0,44.0,E-commerce,Estimate,Medium,0.0380693405846363,0.05,A,1.0,69.97722637661454,0.0921985815602836,0.1546391752577319,53.12202968487241
16.0,15.0,5.0,1.16,88.0,47.0,Display Boxes,Estimate,Medium,0.0591434398368456,0.05,B,0.75,61.634262406526176,0.1028368794326241,0.134020618556701,51.55918695620385
16.0,15.0,5.0,0.86,92.0,42.0,Display Boxes,Estimate,Medium,0.0387491502379333,0.05,A,1.0,69.95003399048268,0.0851063829787234,0.134020618556701,52.44571177889888
20.0,25.0,5.0,1.25,88.0,52.0,Industrial,Estimate,Medium,0.0652617267165193,0.05,B,0.75,61.38953093133923,0.1205673758865248,0.1752577319587628,52.7345178036119
20.0,25.0,5.0,0.9,93.0,48.0,Industrial,Estimate,Medium,0.0414683888511216,0.05,A,1.0,69.84126444595513,0.1063829787234042,0.1752577319587628,53.44373766176793
12.0,10.0,5.0,1.05,92.0,40.0,Light Goods,Estimate,Medium,0.0516655336505778,0.05,A,1.0,69.4333786539769,0.0780141843971631,0.0927835051546391,50.7384660378738
12.0,10.0,5.0,0.76,96.0,36.0,Light Goods,Estimate,Medium,0.0319510537049626,0.05,A,1.0,70.22195785180149,0.0638297872340425,0.0927835051546391,51.44768589602984
4.0,4.0,5.0,0.55,90.0,25.0,Void Fill/Wrap,Estimate,Medium,0.017675050985724,0.05,A,1.0,70.79299796057103,0.0248226950354609,0.0103092783505154,49.274329165752725
5.0,5.0,5.0,0.6,88.0,32.0,Print Inserts,Estimate,Medium,0.0210740992522093,0.05,B,0.75,63.15703602991163,0.0496453900709219,0.0206185567010309,48.54865833150545
6.0,5.0,5.0,0.95,80.0,38.0,Print Inserts,Estimate,Medium,0.044867437117607,0.05,B,0.75,62.20530251529573,0.0709219858156028,0.0309278350515463,48.00029246179718
3.0,3.0,5.0,0.5,92.0,20.0,Protective Wrap,Estimate,Medium,0.0142760027192386,0.05,A,1.0,70.92895989123046,0.0070921985815602,0.0,49.645390070921984
3.0,3.0,5.0,0.85,85.0,22.0,Protective Wrap,Estimate,Medium,0.0380693405846363,0.05,B,0.75,62.47722637661455,0.0141843971631205,0.0,49.29078014184397
10.0,8.0,5.0,1.1,82.0,40.0,Cartons,Estimate,Medium,0.0550645819170632,0.05,B,0.75,61.79741672331747,0.0780141843971631,0.0721649484536082,49.707538202822256
10.0,8.0,5.0,0.8,90.0,35.0,Cartons,Estimate,Medium,0.0346702923181509,0.05,A,1.0,70.11318830727397,0.0602836879432624,0.0721649484536082,50.594063025517286
12.0,10.0,5.0,1.2,80.0,45.0,Multipacks,Estimate,Medium,0.0618626784500339,0.05,B,0.75,61.52549286199864,0.0957446808510638,0.0927835051546391,49.85194121517877
12.0,10.0,5.0,0.9,88.0,40.0,Multipacks,Estimate,Medium,0.0414683888511216,0.05,B,0.75,62.34126444595513,0.0780141843971631,0.0927835051546391,50.7384660378738
14.0,12.0,5.0,1.3,78.0,55.0,Cartons,Estimate,Medium,0.0686607749830047,0.05,B,0.75,61.25356900067982,0.1312056737588652,0.1134020618556701,49.109819404840245
55.0,11.0,70.0,0.7,60.0,135.0,Hot Fill Packs,Estimate,Medium,0.0278721957851801,0.7,C,0.5,74.8851121685928,0.4148936170212766,0.5360824742268041,56.05944286027638
50.0,10.0,85.0,0.5,70.0,125.0,Cold Foods,Estimate,Medium,0.0142760027192386,0.85,B,0.75,87.42895989123046,0.3794326241134751,0.4845360824742268,55.25517291803759
60.0,12.0,75.0,0.8,65.0,140.0,Durables,Estimate,Medium,0.0346702923181509,0.75,C,0.5,76.11318830727397,0.4326241134751773,0.5876288659793815,57.75023762521021
65.0,14.0,70.0,0.9,60.0,145.0,Durables,Estimate,Medium,0.0414683888511216,0.7,C,0.5,74.34126444595513,0.450354609929078,0.6391752577319587,59.44103239014403
52.0,11.0,80.0,0.6,68.0,130.0,General Packaging,Estimate,Medium,0.0210740992522093,0.8,C,0.5,78.15703602991164,0.3971631205673759,0.5051546391752577,55.399575930394086
35.0,7.0,90.0,0.55,68.0,108.0,Food Wrap,Estimate,Medium,0.017675050985724,0.9,C,0.5,81.29299796057104,0.3191489361702128,0.3298969072164948,50.53739855231411
45.0,9.0,80.0,0.65,70.0,115.0,Food Packs,Estimate,Medium,0.0244731475186947,0.8,B,0.75,85.52107409925222,0.3439716312056737,0.4329896907216495,54.45090297579879
32.0,7.0,85.0,0.6,65.0,104.0,Window Packs,Estimate,Medium,0.0210740992522093,0.85,C,0.5,79.65703602991164,0.3049645390070922,0.2989690721649484,49.70022665789281
34.0,8.0,85.0,0.62,65.0,106.0,General Wraps,Estimate,Medium,0.0224337185588035,0.85,C,0.5,79.60265125764786,0.3120567375886525,0.3195876288659793,50.37654456386635
30.0,8.0,80.0,0.7,70.0,110.0,Snack Packs,Estimate,Medium,0.0278721957851801,0.8,B,0.75,85.3851121685928,0.3262411347517731,0.2783505154639175,47.60546903560722
65.0,16.0,1.0,3.3,45.0,90.0,Retort Packs,Estimate,Medium,0.2046227056424201,0.01,D,0.25,39.6150917743032,0.2553191489361702,0.6391752577319587,69.19280543978942
60.0,15.0,1.0,3.5,40.0,95.0,Snack Packs,Estimate,Medium,0.2182188987083616,0.01,D,0.25,39.07124405166554,0.2730496453900709,0.5876288659793815,65.72896102946552
62.0,16.0,1.0,3.4,45.0,100.0,High Barrier Films,Estimate,Medium,0.2114208021753908,0.01,D,0.25,39.34316791298437,0.2907801418439716,0.6082474226804123,65.87336404182203
64.0,18.0,1.0,3.2,50.0,85.0,Bottle Preforms,Estimate,Medium,0.1978246091094493,0.01,C,0.5,47.38701563562204,0.2375886524822695,0.6288659793814433,69.5638663449587
70.0,20.0,1.0,3.6,45.0,110.0,Thermoforming,Estimate,Medium,0.2250169952413324,0.01,D,0.25,38.79932019034671,0.3262411347517731,0.6907216494845361,68.22402573663815
80.0,25.0,1.0,3.4,50.0,95.0,Pipe/Conduit,Estimate,Medium,0.2114208021753908,0.01,C,0.5,46.84316791298437,0.2730496453900709,0.7938144329896907,76.038239379981
68.0,20.0,1.0,3.1,55.0,87.0,Blow Bottles,Estimate,Medium,0.1910265125764785,0.01,C,0.5,47.65893949694087,0.2446808510638297,0.6701030927835051,71.27111208598377
60.0,16.0,1.0,3.0,55.0,83.0,Thin Wall,Estimate,Medium,0.1842284160435078,0.01,C,0.5,47.93086335825969,0.2304964539007092,0.5876288659793815,67.8566206039336
70.0,22.0,1.0,3.3,50.0,90.0,Heavy Containers,Estimate,Medium,0.2046227056424201,0.01,C,0.5,47.1150917743032,0.2553191489361702,0.6907216494845361,71.7701250274183
58.0,16.0,1.0,2.9,50.0,80.0,Shopping Bags,Estimate,Medium,0.177430319510537,0.01,C,0.5,48.202787219578525,0.2198581560283688,0.5670103092783505,67.35760766249909
60.0,15.0,1.0,1.9,80.0,95.0,Food Packs,Estimate,Medium,0.1094493541808293,0.01,B,0.75,58.42202583276684,0.2730496453900709,0.5876288659793815,65.72896102946552
60.0,15.0,1.0,1.7,75.0,85.0,Fibers/Straps,Estimate,Medium,0.0958531611148878,0.01,B,0.75,58.96587355540448,0.2375886524822695,0.5876288659793815,67.5020106748556
58.0,14.0,1.0,1.6,70.0,82.0,Textiles,Estimate,Medium,0.089055064581917,0.01,B,0.75,59.237797416723325,0.226950354609929,0.5670103092783505,67.00299773342107
60.0,15.0,1.0,1.6,80.0,92.0,Trays,Estimate,Medium,0.089055064581917,0.01,B,0.75,59.237797416723325,0.2624113475177305,0.5876288659793815,66.26087592308254
60.0,15.0,1.0,1.5,85.0,98.0,Bottles,Estimate,Medium,0.0822569680489462,0.01,B,0.75,59.50972127804215,0.2836879432624113,0.5876288659793815,65.19704613584851
10.0,6.0,88.0,0.42,75.0,55.0,Hot Drinks,Estimate,Medium,0.0088375254928619,0.88,B,0.75,88.54649898028552,0.1312056737588652,0.0721649484536082,47.047963734737145
10.0,6.0,90.0,0.4,78.0,52.0,Cold Drinks,Estimate,Medium,0.0074779061862678,0.9,B,0.75,89.20088375254929,0.1205673758865248,0.0721649484536082,47.57987862835417
15.0,9.0,85.0,0.45,78.0,58.0,Food Service,Estimate,Medium,0.0108769544527532,0.85,B,0.75,87.56492182188987,0.1418439716312056,0.1237113402061855,49.093368428749
14.0,10.0,88.0,0.43,80.0,57.0,Meal Trays,Estimate,Medium,0.009517335146159,0.88,B,0.75,88.51930659415365,0.1382978723404255,0.1134020618556701,48.75520947576223
11.0,7.0,90.0,0.41,80.0,53.0,Food Trays,Estimate,Medium,0.0081577158395649,0.9,B,0.75,89.1736913664174,0.1241134751773049,0.0824742268041237,47.91803758134094
9.0,5.0,88.0,0.48,75.0,54.0,Electronics,Literature,High,0.0129163834126444,0.88,B,0.75,88.38334466349423,0.1276595744680851,0.0618556701030927,46.70980478175039
11.0,7.0,85.0,0.52,73.0,58.0,Electronics,Estimate,Medium,0.0156356220258327,0.85,B,0.75,87.37457511896669,0.1418439716312056,0.0824742268041237,47.0315127586459
12.0,8.0,82.0,0.55,70.0,60.0,Electronics,Estimate,Medium,0.017675050985724,0.82,B,0.75,86.39299796057104,0.1489361702127659,0.0927835051546391,47.19236674709366
10.0,6.0,86.0,0.5,75.0,56.0,Beverage,Estimate,Medium,0.0142760027192386,0.86,B,0.75,87.72895989123045,0.1347517730496454,0.0721649484536082,46.87065877019814
8.0,4.0,90.0,0.47,78.0,52.0,Cosmetics,Estimate,Medium,0.0122365737593473,0.9,B,0.75,89.01053704962611,0.1205673758865248,0.0515463917525773,46.54895079330263
18.0,25.0,5.0,1.25,90.0,50.0,Shipping,Literature,High,0.0652617267165193,0.05,A,1.0,68.88953093133922,0.1134751773049645,0.1546391752577319,52.05819989763838
17.0,22.0,5.0,1.22,92.0,49.0,Display,Estimate,Medium,0.0632222977566281,0.05,A,1.0,68.97110808973488,0.1099290780141844,0.1443298969072164,51.7200409446516
15.0,18.0,5.0,1.15,92.0,46.0,Small Packs,Estimate,Medium,0.0584636301835485,0.05,A,1.0,69.16145479265805,0.0992907801418439,0.1237113402061855,51.221028003217086
14.0,16.0,5.0,1.12,92.0,44.0,Micro Packs,Estimate,Medium,0.0564242012236573,0.05,A,1.0,69.2430319510537,0.0921985815602836,0.1134020618556701,51.06017401476932
16.0,20.0,5.0,1.2,92.0,48.0,Regular Slotted,Estimate,Medium,0.0618626784500339,0.05,A,1.0,69.02549286199864,0.1063829787234042,0.134020618556701,51.381881991664834
19.0,8.0,90.0,0.6,70.0,100.0,Gift Wrap,Estimate,Medium,0.0210740992522093,0.9,B,0.75,88.65703602991162,0.2907801418439716,0.1649484536082474,43.70841558821379
22.0,10.0,88.0,0.65,65.0,95.0,Industrial Wrap,Estimate,Medium,0.0244731475186947,0.88,C,0.5,80.42107409925222,0.2730496453900709,0.1958762886597938,46.14133216348614
20.0,8.0,88.0,0.62,68.0,110.0,Premium Packaging,Estimate,Medium,0.0224337185588035,0.88,C,0.5,80.50265125764787,0.3262411347517731,0.1752577319587628,42.45082986034949
21.0,9.0,88.0,0.63,68.0,105.0,Brand Wraps,Estimate,Medium,0.0231135282121006,0.88,C,0.5,80.47545887151598,0.3085106382978723,0.1855670103092783,43.852818600570295
18.0,7.0,92.0,0.55,75.0,90.0,General Wraps,Estimate,Medium,0.017675050985724,0.92,B,0.75,89.39299796057104,0.2553191489361702,0.1546391752577319,44.96600131607809
24.0,11.0,95.0,0.5,85.0,88.0,Retail Bags,Estimate,Medium,0.0142760027192386,0.95,B,0.75,90.42895989123043,0.2482269503546099,0.2164948453608247,48.41339475031074
26.0,13.0,95.0,0.52,85.0,92.0,Shopping Bags,Estimate,Medium,0.0156356220258327,0.95,B,0.75,90.37457511896667,0.2624113475177305,0.2371134020618556,48.73510272720626
23.0,10.0,95.0,0.49,87.0,86.0,Promo Bags,Estimate,Medium,0.0135961930659415,0.95,B,0.75,90.45615227736234,0.2411347517730496,0.2061855670103092,48.25254076186298
29.0,16.0,93.0,0.55,83.0,98.0,Heavy Retail Bags,Estimate,Medium,0.017675050985724,0.93,B,0.75,89.69299796057103,0.2836879432624113,0.268041237113402,49.21766469254953
21.0,9.0,95.0,0.48,88.0,84.0,Gift Bags,Estimate,Medium,0.0129163834126444,0.95,B,0.75,90.48334466349422,0.2340425531914893,0.1855670103092783,47.57622285588945
50.0,12.0,80.0,0.55,70.0,125.0,Food Packs,Literature,High,0.017675050985724,0.8,B,0.75,85.79299796057104,0.3794326241134751,0.4845360824742268,55.25517291803759
52.0,13.0,78.0,0.6,68.0,130.0,Electronics,Estimate,Medium,0.0210740992522093,0.78,C,0.5,77.55703602991163,0.3971631205673759,0.5051546391752577,55.399575930394086
55.0,14.0,75.0,0.65,65.0,135.0,Durables,Estimate,Medium,0.0244731475186947,0.75,C,0.5,76.5210740992522,0.4148936170212766,0.5360824742268041,56.05944286027638
49.0,11.0,80.0,0.56,70.0,122.0,Print Packaging,Estimate,Medium,0.018354860639021,0.8,B,0.75,85.76580557443916,0.3687943262411347,0.4742268041237113,55.27162389412883
51.0,12.0,78.0,0.6,68.0,128.0,Snacks,Estimate,Medium,0.0210740992522093,0.78,C,0.5,77.55703602991163,0.3900709219858156,0.4948453608247423,55.23872194194633
48.0,11.0,80.0,0.5,70.0,120.0,Bottles,Estimate,Medium,0.0142760027192386,0.8,B,0.75,85.92895989123045,0.3617021276595745,0.4639175257731959,55.11076990568107
47.0,11.0,78.0,0.55,68.0,123.0,Snacks,Estimate,Medium,0.017675050985724,0.78,C,0.5,77.69299796057105,0.3723404255319149,0.4536082474226804,54.06339109453827
45.0,10.0,80.0,0.5,70.0,118.0,Window Packs,Estimate,Medium,0.0142760027192386,0.8,B,0.75,85.92895989123045,0.3546099290780142,0.4329896907216495,53.91898808218176
42.0,9.0,80.0,0.6,65.0,115.0,Foam Packs,Estimate,Medium,0.0210740992522093,0.8,C,0.5,78.15703602991164,0.3439716312056737,0.4020618556701031,52.90451122322146
50.0,12.0,78.0,0.58,68.0,125.0,Closures,Estimate,Medium,0.0197144799456152,0.78,C,0.5,77.61142080217539,0.3794326241134751,0.4845360824742268,55.25517291803759
31.0,8.0,85.0,0.6,65.0,106.0,Confectionery,Estimate,Medium,0.0210740992522093,0.85,C,0.5,79.65703602991164,0.3120567375886525,0.2886597938144329,48.83015281128903
29.0,7.0,87.0,0.59,67.0,104.0,Snacks,Estimate,Medium,0.0203942895989123,0.87,C,0.5,80.28422841604352,0.3049645390070922,0.268041237113402,48.1538349053155
33.0,8.0,80.0,0.7,60.0,112.0,Snacks,Estimate,Medium,0.0278721957851801,0.8,C,0.5,77.8851121685928,0.3333333333333333,0.3092783505154639,48.79725085910653
30.0,8.0,85.0,0.62,65.0,108.0,Brand Packs,Estimate,Medium,0.0224337185588035,0.85,C,0.5,79.60265125764786,0.3191489361702128,0.2783505154639175,47.96007896468524
31.0,8.0,85.0,0.61,65.0,109.0,Fresh Produce,Estimate,Medium,0.0217539089055064,0.85,C,0.5,79.62984364377975,0.3226950354609929,0.2886597938144329,48.298237917672
65.0,15.0,1.0,7.8,90.0,140.0,Household,Estimate,Medium,0.5105370496261047,0.01,A,1.0,49.878518014955816,0.4326241134751773,0.6391752577319587,60.32755721283907
68.0,18.0,1.0,8.1,90.0,150.0,Converters,Estimate,Medium,0.5309313392250169,0.01,A,1.0,49.062746430999326,0.4680851063829787,0.6701030927835051,60.10089932002632
72.0,18.0,1.0,8.3,92.0,160.0,Pharma,Literature,High,0.5445275322909586,0.01,A,1.0,48.51889870836166,0.5035460992907801,0.711340206185567,60.38970534473936
74.0,19.0,1.0,8.4,90.0,165.0,Pharma,Estimate,Medium,0.5513256288239293,0.01,A,1.0,48.24697484704283,0.5212765957446809,0.7319587628865979,60.53410835709585
70.0,20.0,1.0,8.5,85.0,155.0,Snack Packs,Estimate,Medium,0.5581237253569001,0.01,B,0.75,40.475050985724,0.4858156028368794,0.6907216494845361,60.24530233238284
80.0,15.0,0.0,2.4,95.0,120.0,Cosmetics,Literature,High,0.1434398368456832,0.0,A,1.0,64.26240652617268,0.3617021276595745,0.7938144329896907,71.60561526650582
85.0,18.0,0.0,2.5,95.0,118.0,Pharma,Estimate,Medium,0.1502379333786539,0.0,A,1.0,63.99048266485384,0.3546099290780142,0.845360824742268,74.53754478321268
88.0,20.0,0.0,2.6,95.0,122.0,Edible Oil,Estimate,Medium,0.1570360299116247,0.0,A,1.0,63.71855880353501,0.3687943262411347,0.8762886597938144,75.37471667763398
83.0,17.0,0.0,2.4,95.0,118.0,Sauces,Estimate,Medium,0.1434398368456832,0.0,A,1.0,64.26240652617268,0.3546099290780142,0.8247422680412371,73.50661694816114
92.0,22.0,0.0,2.7,95.0,130.0,Spirits,Estimate,Medium,0.1638341264445955,0.0,A,1.0,63.446634942216185,0.3971631205673759,0.9175257731958762,76.01813263142502
78.0,19.0,0.0,6.0,90.0,100.0,Beverages,Literature,High,0.3881713120326308,0.0,A,1.0,54.473147518694766,0.2907801418439716,0.7731958762886598,74.12078672223441
80.0,22.0,0.0,6.1,90.0,102.0,Canned Food,Estimate,Medium,0.3949694085656016,0.0,A,1.0,54.20122365737594,0.2978723404255319,0.7938144329896907,74.79710462820795
82.0,23.0,0.0,6.2,90.0,104.0,Canned Food,Estimate,Medium,0.4017675050985724,0.0,A,1.0,53.92929979605711,0.3049645390070922,0.8144329896907216,75.47342253418148
85.0,24.0,0.0,6.3,90.0,108.0,Paints,Estimate,Medium,0.4085656016315431,0.0,A,1.0,53.65737593473827,0.3191489361702128,0.845360824742268,76.31059442860277
78.0,19.0,0.0,6.1,88.0,106.0,Edible Aerosols,Estimate,Medium,0.3949694085656016,0.0,B,0.75,46.701223657375934,0.3120567375886525,0.7731958762886598,73.05695693500036
62.0,16.0,1.0,3.6,60.0,92.0,Bottles,Estimate,Medium,0.2250169952413324,0.01,C,0.5,46.29932019034671,0.2624113475177305,0.6082474226804123,67.29180375813408
60.0,15.0,1.0,3.5,60.0,90.0,Tubs,Estimate,Medium,0.2182188987083616,0.01,C,0.5,46.57124405166554,0.2553191489361702,0.5876288659793815,66.61548585216057
58.0,14.0,1.0,3.4,60.0,88.0,Trays,Estimate,Medium,0.2114208021753908,0.01,C,0.5,46.84316791298437,0.2482269503546099,0.5670103092783505,65.93916794618703
65.0,18.0,1.0,3.7,55.0,95.0,Pallet Parts,Estimate,Medium,0.2318150917743031,0.01,C,0.5,46.02739632902788,0.2730496453900709,0.6391752577319587,68.30628061709439
60.0,15.0,1.0,3.5,58.0,92.0,Edge Protectors,Estimate,Medium,0.2182188987083616,0.01,C,0.5,46.57124405166554,0.2624113475177305,0.5876288659793815,66.26087592308254
60.0,15.0,1.0,2.0,70.0,87.0,Non-food Bottles,Estimate,Medium,0.1162474507138001,0.01,B,0.75,58.15010197144799,0.2446808510638297,0.5876288659793815,67.14740074577759
58.0,14.0,1.0,1.9,70.0,85.0,Tubs,Estimate,Medium,0.1094493541808293,0.01,B,0.75,58.42202583276684,0.2375886524822695,0.5670103092783505,66.47108283980405
62.0,16.0,1.0,2.2,65.0,90.0,Boards,Estimate,Medium,0.1298436437797416,0.01,C,0.5,50.10625424881033,0.2553191489361702,0.6082474226804123,67.64641368721212
52.0,13.0,1.0,1.8,72.0,82.0,Films,Estimate,Medium,0.1026512576478586,0.01,B,0.75,58.69394969408566,0.226950354609929,0.5051546391752577,63.91021422826644
48.0,11.0,1.0,1.7,70.0,80.0,Foam Packs,Estimate,Medium,0.0958531611148878,0.01,B,0.75,58.96587355540448,0.2198581560283688,0.4639175257731959,62.20296848724136
50.0,10.0,85.0,0.55,70.0,118.0,Salad Packs,Estimate,Medium,0.017675050985724,0.85,B,0.75,87.29299796057104,0.3546099290780142,0.4845360824742268,56.49630766981063
52.0,11.0,80.0,0.6,68.0,120.0,Soup Packs,Estimate,Medium,0.0210740992522093,0.8,C,0.5,78.15703602991164,0.3617021276595745,0.5051546391752577,57.17262557578417
48.0,9.0,88.0,0.54,70.0,116.0,Trays,Estimate,Medium,0.0169952413324269,0.88,B,0.75,88.22019034670294,0.3475177304964539,0.4639175257731959,55.81998976383711
49.0,9.0,86.0,0.55,70.0,117.0,Clamshells,Estimate,Medium,0.017675050985724,0.86,B,0.75,87.59299796057104,0.351063829787234,0.4742268041237113,56.15814871682387
47.0,8.0,88.0,0.52,70.0,114.0,Lids,Estimate,Medium,0.0156356220258327,0.88,B,0.75,88.2745751189667,0.3404255319148936,0.4536082474226804,55.65913577538934
13.0,9.0,80.0,0.88,88.0,50.0,Fruit Punnets,Estimate,Medium,0.0401087695445275,0.8,B,0.75,84.89564921821889,0.1134751773049645,0.1030927835051546,49.4808803100095
15.0,11.0,78.0,0.95,85.0,55.0,Meat Packs,Estimate,Medium,0.044867437117607,0.78,B,0.75,84.10530251529572,0.1312056737588652,0.1237113402061855,49.625283322366016
12.0,10.0,84.0,0.9,88.0,48.0,Egg Packs,Literature,High,0.0414683888511216,0.84,B,0.75,86.04126444595514,0.1063829787234042,0.0927835051546391,49.32002632156174
16.0,12.0,75.0,1.0,85.0,60.0,Parts Packaging,Estimate,Medium,0.0482664853840924,0.75,B,0.75,83.0693405846363,0.1489361702127659,0.134020618556701,49.25422241719675
11.0,8.0,85.0,0.87,90.0,52.0,Cosmetics,Estimate,Medium,0.0394289598912304,0.85,A,1.0,93.92284160435078,0.1205673758865248,0.0824742268041237,48.09534254587995
17.0,14.0,5.0,1.15,90.0,45.0,Drinks Multipacks,Estimate,Medium,0.0584636301835485,0.05,A,1.0,69.16145479265805,0.0957446808510638,0.1443298969072164,52.42926080280763
15.0,10.0,5.0,1.05,92.0,42.0,Beauty Packs,Estimate,Medium,0.0516655336505778,0.05,A,1.0,69.4333786539769,0.0851063829787234,0.1237113402061855,51.930247861373104
14.0,9.0,5.0,1.02,92.0,40.0,Chocolate Packs,Estimate,Medium,0.0496261046906866,0.05,A,1.0,69.51495581237253,0.0780141843971631,0.1134020618556701,51.76939387292535
16.0,12.0,5.0,1.1,90.0,44.0,Frozen Packs,Estimate,Medium,0.0550645819170632,0.05,A,1.0,69.29741672331747,0.0921985815602836,0.134020618556701,52.09110184982087
16.0,12.0,5.0,1.1,90.0,44.0,Ready Meals,Estimate,Medium,0.0550645819170632,0.05,A,1.0,69.29741672331747,0.0921985815602836,0.134020618556701,52.09110184982087
50.0,10.0,78.0,0.56,68.0,123.0,Meals,Estimate,Medium,0.018354860639021,0.78,C,0.5,77.66580557443916,0.3723404255319149,0.4845360824742268,55.6097828471156
52.0,11.0,78.0,0.58,68.0,125.0,Meals,Estimate,Medium,0.0197144799456152,0.78,C,0.5,77.61142080217539,0.3794326241134751,0.5051546391752577,56.28610075308913
48.0,9.0,82.0,0.54,70.0,118.0,Snacks,Estimate,Medium,0.0169952413324269,0.82,B,0.75,86.42019034670292,0.3546099290780142,0.4639175257731959,55.46537983475908
49.0,9.0,80.0,0.53,70.0,120.0,Bakery,Estimate,Medium,0.0163154316791298,0.8,B,0.75,85.8473827328348,0.3617021276595745,0.4742268041237113,55.62623382320684
47.0,8.0,85.0,0.51,70.0,116.0,Small Meals,Estimate,Medium,0.0149558123725356,0.85,B,0.75,87.40176750509858,0.3475177304964539,0.4536082474226804,55.30452584631133
18.0,20.0,5.0,0.85,95.0,45.0,Wine Packs,Estimate,Medium,0.0380693405846363,0.05,A,1.0,69.97722637661454,0.0957446808510638,0.1546391752577319,52.94472472033341
15.0,15.0,5.0,0.8,95.0,40.0,Books,Estimate,Medium,0.0346702923181509,0.05,A,1.0,70.11318830727397,0.0780141843971631,0.1237113402061855,52.28485779045112
14.0,12.0,5.0,0.78,95.0,39.0,Apparel,Estimate,Medium,0.0333106730115567,0.05,A,1.0,70.16757307953773,0.0744680851063829,0.1134020618556701,51.94669883746435
17.0,18.0,5.0,0.83,95.0,44.0,Electronics,Estimate,Medium,0.0367097212780421,0.05,A,1.0,70.03161114887831,0.0921985815602836,0.1443298969072164,52.60656576734664
16.0,16.0,5.0,0.82,95.0,42.0,Grocery,Estimate,Medium,0.036029911624745,0.05,A,1.0,70.0588035350102,0.0851063829787234,0.134020618556701,52.44571177889888
14.0,9.0,90.0,0.45,78.0,65.0,Hot/Cold Cups,Estimate,Medium,0.0108769544527532,0.9,B,0.75,89.06492182188987,0.1666666666666666,0.1134020618556701,47.33676975945018
15.0,10.0,88.0,0.46,78.0,68.0,Bowls,Estimate,Medium,0.0115567641060503,0.88,B,0.75,88.437729435758,0.1773049645390071,0.1237113402061855,47.32031878335892
16.0,10.0,88.0,0.47,78.0,70.0,Plates,Estimate,Medium,0.0122365737593473,0.88,B,0.75,88.4105370496261,0.1843971631205673,0.134020618556701,47.48117277180668
14.0,8.0,90.0,0.44,80.0,63.0,Plates,Estimate,Medium,0.0101971447994561,0.9,B,0.75,89.09211420802175,0.1595744680851064,0.1134020618556701,47.69137968852819
17.0,11.0,88.0,0.48,75.0,72.0,Trays,Estimate,Medium,0.0129163834126444,0.88,B,0.75,88.38334466349423,0.1914893617021276,0.1443298969072164,47.64202676025444
22.0,14.0,90.0,0.4,80.0,85.0,Bulk Sacks,Estimate,Medium,0.0074779061862678,0.9,B,0.75,89.20088375254929,0.2375886524822695,0.1958762886597938,47.914381808876215
24.0,15.0,85.0,1.1,70.0,95.0,Boards,Estimate,Medium,0.0550645819170632,0.85,B,0.75,85.79741672331748,0.2730496453900709,0.2164948453608247,47.17225999853769
21.0,13.0,88.0,1.0,75.0,92.0,Protective Shells,Estimate,Medium,0.0482664853840924,0.88,B,0.75,86.96934058463631,0.2624113475177305,0.1855670103092783,46.15778313957739
7.0,5.0,90.0,0.38,80.0,60.0,Print Wrap,Estimate,Medium,0.0061182868796736,0.9,B,0.75,89.25526852481306,0.1489361702127659,0.0412371134020618,44.6150471594648
12.0,8.0,90.0,0.4,82.0,68.0,Cartons,Estimate,Medium,0.0074779061862678,0.9,B,0.75,89.20088375254929,0.1773049645390071,0.0927835051546391,45.7739270307816
9.0,6.0,98.0,0.32,60.0,82.0,Trays,Estimate,Medium,0.0020394289598912,0.98,C,0.5,84.31842284160435,0.226950354609929,0.0618556701030927,41.745265774658186
10.0,7.0,98.0,0.33,60.0,85.0,Bottle Packs,Estimate,Medium,0.0027192386131883,0.98,C,0.5,84.29123045547247,0.2375886524822695,0.0721649484536082,41.72881479856694
11.0,8.0,98.0,0.34,60.0,88.0,Electronics,Estimate,Medium,0.0033990482664853,0.98,C,0.5,84.26403806934059,0.2482269503546099,0.0824742268041237,41.71236382247569
8.0,5.0,98.0,0.31,60.0,80.0,General Packaging,Estimate,Medium,0.0013596193065941,0.98,C,0.5,84.34561522773623,0.2198581560283688,0.0515463917525773,41.58441178621043
12.0,9.0,96.0,0.36,60.0,90.0,Heavy Goods,Estimate,Medium,0.0047586675730795,0.96,C,0.5,83.60965329707682,0.2553191489361702,0.0927835051546391,41.87321781092345
27.0,7.0,88.0,0.41,65.0,102.0,Snacks,Estimate,Medium,0.0081577158395649,0.88,C,0.5,81.0736913664174,0.2978723404255319,0.2474226804123711,47.477516999341965
29.0,8.0,85.0,0.43,65.0,108.0,Snacks,Estimate,Medium,0.009517335146159,0.85,C,0.5,80.11930659415364,0.3191489361702128,0.268041237113402,47.444615047159466
24.0,6.0,90.0,0.4,65.0,98.0,Bottle Lining,Estimate,Medium,0.0074779061862678,0.9,C,0.5,81.70088375254929,0.2836879432624113,0.2164948453608247,46.64034510492067
31.0,9.0,82.0,0.46,60.0,112.0,Blisters,Estimate,Medium,0.0115567641060503,0.82,C,0.5,79.13772943575799,0.3333333333333333,0.2886597938144329,47.76632302405498
26.0,7.0,88.0,0.42,65.0,104.0,Labels,Estimate,Medium,0.0088375254928619,0.88,C,0.5,81.04649898028552,0.3049645390070922,0.2371134020618556,46.60744315273817
21.0,30.0,80.0,1.2,80.0,85.0,Interior Doors,Estimate,Medium,0.0618626784500339,0.8,B,0.75,84.02549286199864,0.2375886524822695,0.1855670103092783,47.39891789135044
19.0,24.0,80.0,1.1,80.0,78.0,Furniture,Estimate,Medium,0.0550645819170632,0.8,B,0.75,84.29741672331747,0.2127659574468085,0.1649484536082474,47.60912480807195
22.0,28.0,78.0,1.25,78.0,88.0,Pallet Top,Estimate,Medium,0.0652617267165193,0.78,B,0.75,83.28953093133923,0.2482269503546099,0.1958762886597938,47.3824669152592
23.0,32.0,78.0,1.3,75.0,90.0,Sandwich Panels,Estimate,Medium,0.0686607749830047,0.78,B,0.75,83.15356900067982,0.2553191489361702,0.2061855670103092,47.54332090370696
20.0,26.0,80.0,1.0,85.0,82.0,Pallet,Estimate,Medium,0.0482664853840924,0.8,B,0.75,84.56934058463631,0.226950354609929,0.1752577319587628,47.415368867441686
60.0,14.0,10.0,1.6,75.0,145.0,Bottle Caps,Estimate,Medium,0.089055064581917,0.1,B,0.75,61.93779741672331,0.450354609929078,0.5876288659793815,56.86371280251517
55.0,15.0,15.0,1.5,75.0,140.0,Bottles,Estimate,Medium,0.0822569680489462,0.15,B,0.75,63.70972127804215,0.4326241134751773,0.5360824742268041,55.17291803758133
48.0,13.0,20.0,1.4,75.0,135.0,Pouches,Estimate,Medium,0.0754588715159755,0.2,B,0.75,65.48164513936098,0.4148936170212766,0.4639175257731959,52.45119543759596
50.0,14.0,20.0,1.45,75.0,138.0,Pallet Hoods,Estimate,Medium,0.0788579197824609,0.2,B,0.75,65.34568320870156,0.425531914893617,0.4845360824742268,52.95020837903049
45.0,12.0,25.0,1.35,78.0,132.0,Liners,Estimate,Medium,0.0720598232494901,0.25,B,0.75,67.1176070700204,0.4042553191489361,0.4329896907216495,51.43671857863566
18.0,10.0,60.0,1.0,75.0,120.0,Hot Cups,Literature,High,0.0482664853840924,0.6,B,0.75,78.56934058463631,0.3617021276595745,0.1546391752577319,39.64685237990788
19.0,11.0,60.0,1.05,75.0,122.0,Bowls,Estimate,Medium,0.0516655336505778,0.6,B,0.75,78.43337865397689,0.3687943262411347,0.1649484536082474,39.80770636835563
20.0,12.0,5.0,2.4,65.0,90.0,Hot Cups,Literature,High,0.1434398368456832,0.05,C,0.5,50.76240652617268,0.2553191489361702,0.1752577319587628,45.99692915112964
19.0,11.0,30.0,1.7,70.0,110.0,Hot Cups,Estimate,Medium,0.0958531611148878,0.3,B,0.75,67.66587355540449,0.3262411347517731,0.1649484536082474,41.93536594282372
17.0,9.0,60.0,0.95,75.0,115.0,Lids,Estimate,Medium,0.044867437117607,0.6,B,0.75,78.70530251529571,0.3439716312056737,0.1443298969072164,40.017913285077135
16.0,15.0,5.0,1.14,92.0,46.0,General Packaging,Literature,High,0.0577838205302515,0.05,A,1.0,69.18864717878994,0.0992907801418439,0.134020618556701,51.73649192074286
16.0,15.0,5.0,0.82,96.0,41.0,General Packaging,Literature,High,0.036029911624745,0.05,A,1.0,70.0588035350102,0.0815602836879432,0.134020618556701,52.62301674343789
5.0,5.0,5.0,0.9,87.0,36.0,Light Packaging,Literature,High,0.0414683888511216,0.05,B,0.75,62.34126444595513,0.0638297872340425,0.0206185567010309,47.83943847334943
5.0,5.0,5.0,0.6,92.0,31.0,Light Packaging,Literature,High,0.0210740992522093,0.05,A,1.0,70.65703602991162,0.0460992907801418,0.0206185567010309,48.725963296044455
16.0,20.0,5.0,1.18,94.0,49.0,Shipping,Literature,High,0.0605030591434398,0.05,A,1.0,69.07987763426242,0.1099290780141844,0.134020618556701,51.20457702712583
10.0,6.0,85.0,0.5,80.0,56.0,Electronics,Literature,High,0.0142760027192386,0.85,B,0.75,87.42895989123046,0.1347517730496454,0.0721649484536082,46.87065877019814
15.0,15.0,5.0,0.9,90.0,48.0,General Packaging,Estimate,Medium,0.0414683888511216,0.05,A,1.0,69.84126444595513,0.1063829787234042,0.1237113402061855,50.86641807413906
15.0,15.0,5.0,0.7,95.0,43.0,General Packaging,Estimate,Medium,0.0278721957851801,0.05,A,1.0,70.3851121685928,0.0886524822695035,0.1237113402061855,51.7529428968341
5.0,5.0,5.0,0.75,85.0,38.0,Light Packaging,Estimate,Medium,0.0312712440516655,0.05,B,0.75,62.74915023793337,0.0709219858156028,0.0206185567010309,47.48482854427141
5.0,5.0,5.0,0.5,92.0,33.0,Light Packaging,Estimate,Medium,0.0142760027192386,0.05,A,1.0,70.92895989123046,0.0531914893617021,0.0206185567010309,48.37135336696644
50.0,10.0,80.0,0.4,70.0,130.0,Food Packaging,Estimate,Medium,0.0074779061862678,0.8,B,0.75,86.20088375254929,0.3971631205673759,0.4845360824742268,54.36864809534254
35.0,8.0,85.0,0.45,70.0,120.0,Food Packaging,Estimate,Medium,0.0108769544527532,0.85,B,0.75,87.56492182188987,0.3617021276595745,0.3298969072164948,48.40973897784602
65.0,16.0,1.0,1.7,80.0,95.0,High Strength Packs,Estimate,Medium,0.0958531611148878,0.01,B,0.75,58.96587355540448,0.2730496453900709,0.6391752577319587,68.30628061709439
18.0,20.0,5.0,0.85,95.0,47.0,Heavy Boxes,Estimate,Medium,0.0380693405846363,0.05,A,1.0,69.97722637661454,0.1028368794326241,0.1546391752577319,52.5901147912554
16.0,20.0,5.0,0.9,98.0,46.0,Shipping,Estimate,Medium,0.0414683888511216,0.05,A,1.0,69.84126444595513,0.0992907801418439,0.134020618556701,51.73649192074286
14.0,9.0,88.0,0.38,82.0,52.0,Food Trays,Estimate,Medium,0.0061182868796736,0.88,B,0.75,88.65526852481305,0.1205673758865248,0.1134020618556701,49.64173429845727
10.0,6.0,88.0,0.45,80.0,53.0,Cushioning,Estimate,Medium,0.0108769544527532,0.88,B,0.75,88.46492182188986,0.1241134751773049,0.0721649484536082,47.40257366381516
90.0,25.0,0.0,2.0,98.0,115.0,Drinks,Estimate,Medium,0.1162474507138001,0.0,A,1.0,65.350101971448,0.3439716312056737,0.8969072164948454,77.64677926445857
80.0,22.0,0.0,4.0,95.0,95.0,Foods,Estimate,Medium,0.2522093813732154,0.0,A,1.0,59.91162474507138,0.2730496453900709,0.7938144329896907,76.038239379981
60.0,18.0,1.0,1.5,90.0,100.0,Beverages,Estimate,Medium,0.0822569680489462,0.01,A,1.0,67.00972127804215,0.2907801418439716,0.5876288659793815,64.84243620677049
16.0,16.0,5.0,0.7,98.0,45.0,E-commerce,Estimate,Medium,0.0278721957851801,0.05,A,1.0,70.3851121685928,0.0957446808510638,0.134020618556701,51.91379688528186
14.0,8.0,80.0,0.6,98.0,40.0,Mailers,Estimate,Medium,0.0210740992522093,0.8,A,1.0,93.15703602991164,0.0780141843971631,0.1134020618556701,51.76939387292535
65.0,18.0,1.0,2.0,80.0,88.0,Personal Care,Estimate,Medium,0.1162474507138001,0.01,B,0.75,58.15010197144799,0.2482269503546099,0.6391752577319587,69.54741536886743
55.0,16.0,1.0,1.9,70.0,78.0,Food Packs,Estimate,Medium,0.1094493541808293,0.01,B,0.75,58.42202583276684,0.2127659574468085,0.5360824742268041,66.16582583899978
16.0,9.0,80.0,1.2,70.0,75.0,Hot Cups,Estimate,Medium,0.0618626784500339,0.8,B,0.75,84.02549286199864,0.202127659574468,0.134020618556701,46.594647949111646
17.0,10.0,85.0,1.0,75.0,70.0,Cartons,Estimate,Medium,0.0482664853840924,0.85,B,0.75,86.0693405846363,0.1843971631205673,0.1443298969072164,47.99663668933245
16.0,9.0,87.0,0.95,78.0,68.0,Cartons,Estimate,Medium,0.044867437117607,0.87,B,0.75,86.80530251529571,0.1773049645390071,0.134020618556701,47.83578270088469
17.0,10.0,85.0,1.0,75.0,72.0,Cartons,Estimate,Medium,0.0482664853840924,0.85,B,0.75,86.0693405846363,0.1914893617021276,0.1443298969072164,47.64202676025444
18.0,11.0,83.0,1.05,72.0,74.0,Cartons,Estimate,Medium,0.0516655336505778,0.83,B,0.75,85.3333786539769,0.1985815602836879,0.1546391752577319,47.8028807487022
40.0,9.0,85.0,0.45,65.0,110.0,Food Packs,Estimate,Medium,0.0108769544527532,0.85,C,0.5,80.06492182188988,0.3262411347517731,0.3814432989690721,52.76010821086496
35.0,8.0,88.0,0.42,68.0,105.0,Snacks,Estimate,Medium,0.0088375254928619,0.88,C,0.5,81.04649898028552,0.3085106382978723,0.3298969072164948,51.06931344593112
42.0,10.0,80.0,0.48,65.0,115.0,Trays,Estimate,Medium,0.0129163834126444,0.8,C,0.5,78.48334466349422,0.3439716312056737,0.4020618556701031,52.90451122322146
30.0,7.0,90.0,0.4,70.0,100.0,Paper Coating,Estimate,Medium,0.0074779061862678,0.9,B,0.75,89.20088375254929,0.2907801418439716,0.2783505154639175,49.378518680997296
38.0,9.0,82.0,0.46,65.0,112.0,Snacks,Estimate,Medium,0.0115567641060503,0.82,C,0.5,79.13772943575799,0.3333333333333333,0.3608247422680412,51.374570446735405
12.0,8.0,85.0,0.6,70.0,50.0,Padding,Estimate,Medium,0.0210740992522093,0.85,B,0.75,87.15703602991162,0.1134751773049645,0.0927835051546391,48.96541639248373
14.0,9.0,88.0,0.65,68.0,55.0,Padding,Estimate,Medium,0.0244731475186947,0.88,C,0.5,80.42107409925222,0.1312056737588652,0.1134020618556701,49.109819404840245
16.0,10.0,90.0,0.7,72.0,60.0,Insulating Packs,Estimate,Medium,0.0278721957851801,0.9,B,0.75,88.3851121685928,0.1489361702127659,0.134020618556701,49.25422241719675
15.0,9.0,30.0,1.8,50.0,75.0,Insulating Packs,Estimate,Medium,0.1026512576478586,0.3,C,0.5,59.893949694085656,0.202127659574468,0.1237113402061855,46.07918403158588
10.0,7.0,90.0,0.8,80.0,55.0,Padding,Estimate,Medium,0.0346702923181509,0.9,B,0.75,88.11318830727396,0.1312056737588652,0.0721649484536082,47.047963734737145
16.0,10.0,1.0,1.6,70.0,65.0,Padding,Estimate,Medium,0.089055064581917,0.01,B,0.75,59.237797416723325,0.1666666666666666,0.134020618556701,48.36769759450172
10.0,8.0,0.0,4.5,10.0,35.0,Protective,Estimate,Medium,0.2861998640380693,0.0,D,0.25,36.05200543847723,0.0602836879432624,0.0721649484536082,50.594063025517286
20.0,14.0,0.0,5.5,10.0,45.0,Protective,Estimate,Medium,0.354180829367777,0.0,D,0.25,33.332766825288914,0.0957446808510638,0.1752577319587628,53.97565255538496
22.0,15.0,0.0,6.0,10.0,50.0,Insulating,Estimate,Medium,0.3881713120326308,0.0,D,0.25,31.973147518694766,0.1134751773049645,0.1958762886597938,54.12005556774147
18.0,12.0,40.0,3.0,30.0,70.0,Protective,Estimate,Medium,0.1842284160435078,0.4,D,0.25,52.13086335825968,0.1843971631205673,0.1546391752577319,48.51210060685823
15.0,10.0,80.0,1.5,50.0,80.0,Protective,Estimate,Medium,0.0822569680489462,0.8,C,0.5,75.70972127804215,0.2198581560283688,0.1237113402061855,45.19265920889084
9.0,7.0,90.0,0.8,75.0,60.0,Loose Fill,Estimate,Medium,0.0346702923181509,0.9,B,0.75,88.11318830727396,0.1489361702127659,0.0618556701030927,45.64597499451634
18.0,12.0,30.0,3.3,40.0,95.0,Protective,Estimate,Medium,0.2046227056424201,0.3,D,0.25,48.31509177430319,0.2730496453900709,0.1546391752577319,44.079476493383055
9.0,6.0,85.0,0.7,85.0,45.0,Inserts,Estimate,Medium,0.0278721957851801,0.85,B,0.75,86.8851121685928,0.0957446808510638,0.0618556701030927,48.30554946260145
8.0,5.0,85.0,0.6,90.0,40.0,Inserts,Estimate,Medium,0.0210740992522093,0.85,A,1.0,94.65703602991162,0.0780141843971631,0.0515463917525773,48.67661036777072
50.0,12.0,0.0,1.8,98.0,130.0,Display,Estimate,Medium,0.1026512576478586,0.0,A,1.0,65.89394969408566,0.3971631205673759,0.4845360824742268,54.36864809534254
70.0,18.0,0.0,2.2,98.0,145.0,Display,Estimate,Medium,0.1298436437797416,0.0,A,1.0,64.80625424881033,0.450354609929078,0.6907216494845361,62.0183519777729
60.0,10.0,0.0,1.5,98.0,120.0,Filler,Estimate,Medium,0.0822569680489462,0.0,A,1.0,66.70972127804215,0.3617021276595745,0.5876288659793815,61.296336915990345
65.0,16.0,1.0,3.0,40.0,90.0,Durables,Estimate,Medium,0.1842284160435078,0.01,D,0.25,40.430863358259685,0.2553191489361702,0.6391752577319587,69.19280543978942
60.0,14.0,70.0,1.2,60.0,130.0,Durables,Estimate,Medium,0.0618626784500339,0.7,C,0.5,73.52549286199864,0.3971631205673759,0.5876288659793815,59.52328727060028
50.0,20.0,10.0,2.5,40.0,80.0,Pallet Decks,Estimate,Medium,0.1502379333786539,0.1,D,0.25,44.49048266485384,0.2198581560283688,0.4845360824742268,63.23389632229291
50.0,20.0,10.0,2.0,50.0,75.0,Pallet Decks,Estimate,Medium,0.1162474507138001,0.1,C,0.5,53.35010197144799,0.202127659574468,0.4845360824742268,64.12042114498794
18.0,14.0,80.0,1.0,85.0,60.0,Edge Protection,Estimate,Medium,0.0482664853840924,0.8,B,0.75,84.56934058463631,0.1489361702127659,0.1546391752577319,50.2851502522483
18.0,14.0,82.0,0.9,90.0,55.0,Edge Protection,Estimate,Medium,0.0414683888511216,0.82,A,1.0,92.94126444595514,0.1312056737588652,0.1546391752577319,51.17167507494334
55.0,20.0,1.0,2.5,30.0,50.0,Edge Protection,Estimate,Medium,0.1502379333786539,0.01,D,0.25,41.79048266485385,0.1134751773049645,0.5360824742268041,71.130364846092
55.0,20.0,1.0,1.9,50.0,48.0,Edge Protection,Estimate,Medium,0.1094493541808293,0.01,C,0.5,50.92202583276683,0.1063829787234042,0.5360824742268041,71.48497477517
16.0,12.0,80.0,0.95,88.0,55.0,Corner Protection,Estimate,Medium,0.044867437117607,0.8,B,0.75,84.70530251529573,0.1312056737588652,0.134020618556701,50.1407472398918
16.0,12.0,82.0,0.85,92.0,50.0,Corner Protection,Estimate,Medium,0.0380693405846363,0.82,A,1.0,93.07722637661456,0.1134751773049645,0.134020618556701,51.027272062586825
20.0,14.0,35.0,1.7,60.0,80.0,Corner Protection,Estimate,Medium,0.0958531611148878,0.35,C,0.5,61.66587355540448,0.2198581560283688,0.1752577319587628,47.76997879651971
18.0,13.0,85.0,1.0,75.0,70.0,Boards,Estimate,Medium,0.0482664853840924,0.85,B,0.75,86.0693405846363,0.1843971631205673,0.1546391752577319,48.51210060685823
18.0,13.0,88.0,0.9,80.0,65.0,Boards,Estimate,Medium,0.0414683888511216,0.88,B,0.75,87.24126444595514,0.1666666666666666,0.1546391752577319,49.39862542955326
15.0,12.0,5.0,1.1,90.0,45.0,Pharma,Estimate,Medium,0.0550645819170632,0.05,A,1.0,69.29741672331747,0.0957446808510638,0.1237113402061855,51.39833296775609
15.0,12.0,5.0,0.8,95.0,40.0,Pharma,Estimate,Medium,0.0346702923181509,0.05,A,1.0,70.11318830727397,0.0780141843971631,0.1237113402061855,52.28485779045112
5.0,4.0,5.0,0.9,85.0,35.0,Pharma Inserts,Estimate,Medium,0.0414683888511216,0.05,B,0.75,62.34126444595513,0.0602836879432624,0.0206185567010309,48.01674343788843
5.0,4.0,5.0,0.6,90.0,30.0,Pharma Inserts,Estimate,Medium,0.0210740992522093,0.05,A,1.0,70.65703602991162,0.0425531914893617,0.0206185567010309,48.90326826058347
65.0,18.0,1.0,7.0,30.0,160.0,Pharma,Literature,High,0.4561522773623385,0.01,D,0.25,29.55390890550646,0.5035460992907801,0.6391752577319587,56.78145792205893
60.0,16.0,1.0,8.0,10.0,120.0,Pharma,Literature,High,0.5241332426920462,0.01,D,0.25,26.83467029231815,0.3617021276595745,0.5876288659793815,61.296336915990345
65.0,18.0,1.0,3.0,40.0,150.0,Pharma,Estimate,Medium,0.1842284160435078,0.01,D,0.25,40.430863358259685,0.4680851063829787,0.6391752577319587,58.554507567449
30.0,12.0,70.0,1.2,70.0,140.0,Pharma,Estimate,Medium,0.0618626784500339,0.7,B,0.75,81.02549286199864,0.4326241134751773,0.2783505154639175,42.286320099437006
28.0,11.0,80.0,1.0,72.0,135.0,Pharma,Estimate,Medium,0.0482664853840924,0.8,B,0.75,84.56934058463631,0.4148936170212766,0.2577319587628865,42.1419170870805
15.0,8.0,75.0,0.9,85.0,50.0,Stick Packs,Estimate,Medium,0.0414683888511216,0.75,B,0.75,83.34126444595513,0.1134751773049645,0.1237113402061855,50.51180814506105
50.0,12.0,1.0,3.0,30.0,70.0,Stick Packs,Estimate,Medium,0.1842284160435078,0.01,D,0.25,40.430863358259685,0.1843971631205673,0.4845360824742268,65.00694596768297
40.0,10.0,40.0,1.8,50.0,90.0,Stick Packs,Estimate,Medium,0.1026512576478586,0.4,C,0.5,62.89394969408566,0.2553191489361702,0.3814432989690721,56.3062075016451
45.0,11.0,1.0,2.5,50.0,85.0,Stick Packs,Estimate,Medium,0.1502379333786539,0.01,C,0.5,49.29048266485384,0.2375886524822695,0.4329896907216495,59.770051911969006
45.0,11.0,1.0,1.9,65.0,80.0,Stick Packs,Estimate,Medium,0.1094493541808293,0.01,C,0.5,50.92202583276683,0.2198581560283688,0.4329896907216495,60.65657673466404
50.0,13.0,1.0,2.6,40.0,75.0,Food Cups,Literature,High,0.1570360299116247,0.01,D,0.25,41.518558803535015,0.202127659574468,0.4845360824742268,64.12042114498794
50.0,13.0,1.0,1.9,55.0,72.0,Food Cups,Estimate,Medium,0.1094493541808293,0.01,C,0.5,50.92202583276683,0.1914893617021276,0.4845360824742268,64.65233603860496
45.0,12.0,1.0,3.0,10.0,65.0,Dairy Cups,Literature,High,0.1842284160435078,0.01,D,0.25,40.430863358259685,0.1666666666666666,0.4329896907216495,63.31615120274914
45.0,12.0,1.0,2.1,30.0,60.0,Dairy Cups,Estimate,Medium,0.1230455472467709,0.01,D,0.25,42.87817811012917,0.1489361702127659,0.4329896907216495,64.20267602544418
50.0,10.0,80.0,0.6,70.0,120.0,Dairy Cups,Estimate,Medium,0.0210740992522093,0.8,B,0.75,85.65703602991162,0.3617021276595745,0.4845360824742268,56.141697740732624
18.0,9.0,60.0,1.1,75.0,115.0,Dairy Cups,Estimate,Medium,0.0550645819170632,0.6,B,0.75,78.29741672331747,0.3439716312056737,0.1546391752577319,40.533377202602914
5.0,3.0,95.0,0.5,80.0,80.0,Gift Inserts,Estimate,Medium,0.0142760027192386,0.95,B,0.75,90.42895989123043,0.2198581560283688,0.0206185567010309,40.03802003363311
4.0,2.0,95.0,0.45,80.0,75.0,Tags,Estimate,Medium,0.0108769544527532,0.95,B,0.75,90.56492182188988,0.202127659574468,0.0103092783505154,40.40908093880237
10.0,6.0,90.0,0.8,80.0,85.0,Gift Boxes,Estimate,Medium,0.0346702923181509,0.9,B,0.75,88.11318830727396,0.2375886524822695,0.0721649484536082,41.72881479856694
25.0,5.0,60.0,1.5,60.0,70.0,Tags,Estimate,Medium,0.0822569680489462,0.6,C,0.5,69.70972127804215,0.1843971631205673,0.2268041237113402,52.12034802953865
22.0,4.0,85.0,0.9,70.0,80.0,Tags,Estimate,Medium,0.0414683888511216,0.85,B,0.75,86.34126444595513,0.2198581560283688,0.1958762886597938,48.80090663157125
18.0,18.0,5.0,1.2,90.0,52.0,Cold Chain,Literature,High,0.0618626784500339,0.05,A,1.0,69.02549286199864,0.1205673758865248,0.1546391752577319,51.70358996856036
18.0,18.0,5.0,0.82,95.0,48.0,Cold Chain,Estimate,Medium,0.036029911624745,0.05,A,1.0,70.0588035350102,0.1063829787234042,0.1546391752577319,52.41280982671639
30.0,40.0,0.0,4.0,30.0,150.0,Cold Chain,Estimate,Medium,0.2522093813732154,0.0,D,0.25,37.41162474507138,0.4680851063829787,0.2783505154639175,40.51327045404694
20.0,30.0,0.0,5.0,10.0,70.0,Cold Chain,Literature,High,0.3201903467029232,0.0,D,0.25,34.69238613188308,0.1843971631205673,0.1752577319587628,49.543028441909776
50.0,50.0,0.0,15.0,80.0,300.0,Cold Chain,Estimate,Medium,1.0,0.0,B,0.75,22.5,1.0,0.4845360824742268,24.22680412371134
5.0,5.0,0.0,4.0,0.0,200.0,Cold Chain,Estimate,Medium,0.2522093813732154,0.0,D,0.25,37.41162474507138,0.6453900709219859,0.0206185567010309,18.76142428895225
6.0,5.0,80.0,1.0,80.0,80.0,Cold Chain,Estimate,Medium,0.0482664853840924,0.8,B,0.75,84.56934058463631,0.2198581560283688,0.0309278350515463,40.55348395115888
5.0,5.0,50.0,3.0,0.0,180.0,Cold Chain,Estimate,Medium,0.1842284160435078,0.5,D,0.25,55.13086335825969,0.574468085106383,0.0206185567010309,22.307523579732397
6.0,5.0,1.0,2.0,60.0,70.0,Cold Chain,Estimate,Medium,0.1162474507138001,0.01,C,0.5,50.650101971448,0.1843971631205673,0.0309278350515463,42.32653359654895
6.0,5.0,85.0,0.8,65.0,90.0,Cold Chain,Estimate,Medium,0.0346702923181509,0.85,C,0.5,79.11318830727397,0.2553191489361702,0.0309278350515463,38.780434305768814
18.0,16.0,5.0,1.14,88.0,50.0,Return Systems,Estimate,Medium,0.0577838205302515,0.05,B,0.75,61.68864717878995,0.1134751773049645,0.1546391752577319,52.05819989763838
18.0,16.0,5.0,0.8,93.0,46.0,Return Systems,Estimate,Medium,0.0346702923181509,0.05,A,1.0,70.11318830727397,0.0992907801418439,0.1546391752577319,52.7674197557944
60.0,20.0,1.0,2.5,40.0,80.0,Return Systems,Estimate,Medium,0.1502379333786539,0.01,D,0.25,41.79048266485385,0.2198581560283688,0.5876288659793815,68.38853549755063
60.0,20.0,1.0,1.9,55.0,76.0,Return Systems,Estimate,Medium,0.1094493541808293,0.01,C,0.5,50.92202583276683,0.2056737588652482,0.5876288659793815,69.09775535570665
70.0,25.0,1.0,3.0,50.0,90.0,Return Systems,Literature,High,0.1842284160435078,0.01,C,0.5,47.93086335825969,0.2553191489361702,0.6907216494845361,71.7701250274183
70.0,25.0,1.0,2.2,65.0,85.0,Return Systems,Estimate,Medium,0.1298436437797416,0.01,C,0.5,50.10625424881033,0.2375886524822695,0.6907216494845361,72.65664985011333
80.0,30.0,0.0,7.0,90.0,150.0,Return Systems,Estimate,Medium,0.4561522773623385,0.0,A,1.0,51.753908905506464,0.4680851063829787,0.7938144329896907,66.28646633033559
75.0,28.0,1.0,10.0,90.0,180.0,Return Systems,Estimate,Medium,0.6600951733514616,0.01,A,1.0,43.89619306594154,0.574468085106383,0.7422680412371134,58.38999780653652
12.0,8.0,85.0,0.8,90.0,50.0,Dunnage,Estimate,Medium,0.0346702923181509,0.85,A,1.0,94.11318830727396,0.1134751773049645,0.0927835051546391,48.96541639248373
12.0,8.0,88.0,0.6,92.0,48.0,Dunnage,Estimate,Medium,0.0210740992522093,0.88,A,1.0,95.55703602991164,0.1063829787234042,0.0927835051546391,49.32002632156174
20.0,10.0,60.0,1.5,50.0,70.0,Dunnage,Estimate,Medium,0.0822569680489462,0.6,C,0.5,69.70972127804215,0.1843971631205673,0.1752577319587628,49.543028441909776
50.0,15.0,1.0,3.0,30.0,60.0,Dunnage,Estimate,Medium,0.1842284160435078,0.01,D,0.25,40.430863358259685,0.1489361702127659,0.4845360824742268,66.77999561307304
50.0,15.0,1.0,2.0,50.0,58.0,Dunnage,Estimate,Medium,0.1162474507138001,0.01,C,0.5,50.650101971448,0.1418439716312056,0.4845360824742268,67.13460554215106
40.0,12.0,80.0,0.8,60.0,90.0,Dunnage,Estimate,Medium,0.0346702923181509,0.8,C,0.5,77.61318830727396,0.2553191489361702,0.3814432989690721,56.3062075016451
50.0,18.0,1.0,2.5,30.0,65.0,Layer Pads,Estimate,Medium,0.1502379333786539,0.01,D,0.25,41.79048266485385,0.1666666666666666,0.4845360824742268,65.893470790378
50.0,18.0,1.0,1.9,50.0,62.0,Layer Pads,Estimate,Medium,0.1094493541808293,0.01,C,0.5,50.92202583276683,0.1560283687943262,0.4845360824742268,66.42538568399503
20.0,16.0,80.0,1.1,85.0,55.0,Layer Pads,Estimate,Medium,0.0550645819170632,0.8,B,0.75,84.29741672331747,0.1312056737588652,0.1752577319587628,52.20260290999488
20.0,16.0,82.0,0.9,90.0,50.0,Layer Pads,Estimate,Medium,0.0414683888511216,0.82,A,1.0,92.94126444595514,0.1134751773049645,0.1752577319587628,53.08912773268992
35.0,12.0,1.0,2.5,30.0,55.0,Pallet Top,Estimate,Medium,0.1502379333786539,0.01,D,0.25,41.79048266485385,0.1312056737588652,0.3298969072164948,59.93456167288148
35.0,12.0,1.0,1.8,50.0,52.0,Pallet Top,Estimate,Medium,0.1026512576478586,0.01,C,0.5,51.19394969408566,0.1205673758865248,0.3298969072164948,60.46647656649851
15.0,10.0,80.0,0.8,90.0,45.0,Pallet Top,Estimate,Medium,0.0346702923181509,0.8,A,1.0,92.61318830727396,0.0957446808510638,0.1237113402061855,51.39833296775609
15.0,10.0,82.0,0.6,92.0,40.0,Pallet Top,Estimate,Medium,0.0210740992522093,0.82,A,1.0,93.75703602991165,0.0780141843971631,0.1237113402061855,52.28485779045112
16.0,14.0,5.0,1.1,90.0,46.0,Retail Ready,Estimate,Medium,0.0550645819170632,0.05,A,1.0,69.29741672331747,0.0992907801418439,0.134020618556701,51.73649192074286
16.0,14.0,5.0,0.8,95.0,42.0,Retail Ready,Estimate,Medium,0.0346702923181509,0.05,A,1.0,70.11318830727397,0.0851063829787234,0.134020618556701,52.44571177889888
15.0,13.0,5.0,1.1,88.0,45.0,Displays,Estimate,Medium,0.0550645819170632,0.05,B,0.75,61.79741672331747,0.0957446808510638,0.1237113402061855,51.39833296775609
15.0,13.0,5.0,0.78,93.0,40.0,Displays,Estimate,Medium,0.0333106730115567,0.05,A,1.0,70.16757307953773,0.0780141843971631,0.1237113402061855,52.28485779045112
60.0,15.0,1.0,3.0,40.0,80.0,Retail Ready,Estimate,Medium,0.1842284160435078,0.01,D,0.25,40.430863358259685,0.2198581560283688,0.5876288659793815,68.38853549755063
60.0,15.0,1.0,1.9,60.0,82.0,Retail Ready,Estimate,Medium,0.1094493541808293,0.01,C,0.5,50.92202583276683,0.226950354609929,0.5876288659793815,68.03392556847263
18.0,14.0,80.0,1.0,85.0,55.0,Retail Ready,Estimate,Medium,0.0482664853840924,0.8,B,0.75,84.56934058463631,0.1312056737588652,0.1546391752577319,51.17167507494334
18.0,14.0,82.0,0.8,90.0,50.0,Retail Ready,Estimate,Medium,0.0346702923181509,0.82,A,1.0,93.21318830727397,0.1134751773049645,0.1546391752577319,52.05819989763838
18.0,15.0,5.0,1.2,85.0,60.0,Luxury Packaging,Estimate,Medium,0.0618626784500339,0.05,B,0.75,61.52549286199864,0.1489361702127659,0.1546391752577319,50.2851502522483
18.0,15.0,5.0,0.9,90.0,55.0,Luxury Packaging,Estimate,Medium,0.0414683888511216,0.05,A,1.0,69.84126444595513,0.1312056737588652,0.1546391752577319,51.17167507494334
22.0,18.0,5.0,1.4,80.0,80.0,Luxury Packaging,Estimate,Medium,0.0754588715159755,0.05,B,0.75,60.98164513936097,0.2198581560283688,0.1958762886597938,48.80090663157125
22.0,18.0,5.0,1.1,85.0,75.0,Luxury Packaging,Estimate,Medium,0.0550645819170632,0.05,B,0.75,61.79741672331747,0.202127659574468,0.1958762886597938,49.68743145426628
24.0,18.0,60.0,1.6,70.0,95.0,Luxury Packaging,Estimate,Medium,0.089055064581917,0.6,B,0.75,76.93779741672331,0.2730496453900709,0.2164948453608247,47.17225999853769
28.0,20.0,60.0,2.8,60.0,110.0,Luxury Packaging,Estimate,Medium,0.1706322229775662,0.6,C,0.5,66.17471108089735,0.3262411347517731,0.2577319587628865,46.57454120055567
26.0,18.0,80.0,1.5,70.0,105.0,Luxury Packaging,Estimate,Medium,0.0822569680489462,0.8,B,0.75,83.20972127804215,0.3085106382978723,0.2371134020618556,46.430138188199166
40.0,20.0,1.0,6.0,90.0,120.0,Luxury Packaging,Estimate,Medium,0.3881713120326308,0.01,A,1.0,54.77314751869476,0.3617021276595745,0.3814432989690721,50.98705856547488
40.0,20.0,1.0,4.0,95.0,110.0,Luxury Packaging,Estimate,Medium,0.2522093813732154,0.01,A,1.0,60.211624745071376,0.3262411347517731,0.3814432989690721,52.76010821086496
80.0,18.0,0.0,2.4,95.0,115.0,Luxury Packaging,Estimate,Medium,0.1434398368456832,0.0,A,1.0,64.26240652617268,0.3439716312056737,0.7938144329896907,72.49214008920084
18.0,12.0,80.0,0.9,70.0,95.0,Window Boxes,Estimate,Medium,0.0414683888511216,0.8,B,0.75,84.84126444595513,0.2730496453900709,0.1546391752577319,44.079476493383055
17.0,11.0,85.0,0.85,72.0,92.0,Window Boxes,Estimate,Medium,0.0380693405846363,0.85,B,0.75,86.47722637661455,0.2624113475177305,0.1443298969072164,44.0959274694743
18.0,12.0,1.0,2.0,70.0,85.0,Window Boxes,Estimate,Medium,0.1162474507138001,0.01,B,0.75,58.15010197144799,0.2375886524822695,0.1546391752577319,45.85252613877312
16.0,11.0,80.0,1.0,85.0,80.0,Window Boxes,Estimate,Medium,0.0482664853840924,0.8,B,0.75,84.56934058463631,0.2198581560283688,0.134020618556701,45.70812312641661
17.0,14.0,5.0,1.16,90.0,48.0,Electronics,Literature,High,0.0591434398368456,0.05,A,1.0,69.13426240652618,0.1063829787234042,0.1443298969072164,51.897345909190605
17.0,14.0,5.0,0.84,95.0,44.0,Electronics,Estimate,Medium,0.0373895309313392,0.05,A,1.0,70.00441876274644,0.0921985815602836,0.1443298969072164,52.60656576734664
11.0,7.0,85.0,0.5,80.0,55.0,Electronics,Estimate,Medium,0.0142760027192386,0.85,B,0.75,87.42895989123046,0.1312056737588652,0.0824742268041237,47.56342765226293
50.0,15.0,1.0,3.5,10.0,75.0,Electronics,Literature,High,0.2182188987083616,0.01,D,0.25,39.07124405166554,0.202127659574468,0.4845360824742268,64.12042114498794
50.0,15.0,1.0,2.5,30.0,70.0,Electronics,Estimate,Medium,0.1502379333786539,0.01,D,0.25,41.79048266485385,0.1843971631205673,0.4845360824742268,65.00694596768297
18.0,12.0,0.0,4.0,20.0,90.0,Electronics,Literature,High,0.2522093813732154,0.0,D,0.25,37.41162474507138,0.2553191489361702,0.1546391752577319,44.96600131607809
18.0,12.0,0.0,3.0,40.0,85.0,Electronics,Estimate,Medium,0.1842284160435078,0.0,D,0.25,40.13086335825969,0.2375886524822695,0.1546391752577319,45.85252613877312
14.0,9.0,80.0,1.0,70.0,65.0,Electronics,Estimate,Medium,0.0482664853840924,0.8,B,0.75,84.56934058463631,0.1666666666666666,0.1134020618556701,47.33676975945018
45.0,10.0,1.0,3.0,30.0,60.0,Electronics,Estimate,Medium,0.1842284160435078,0.01,D,0.25,40.430863358259685,0.1489361702127659,0.4329896907216495,64.20267602544418
45.0,10.0,1.0,2.2,50.0,58.0,Electronics,Estimate,Medium,0.1298436437797416,0.01,C,0.5,50.10625424881033,0.1418439716312056,0.4329896907216495,64.55728595452219
15.0,7.0,75.0,1.1,70.0,70.0,Electronics,Estimate,Medium,0.0550645819170632,0.75,B,0.75,82.79741672331747,0.1843971631205673,0.1237113402061855,46.965708854280905
15.0,10.0,5.0,1.1,90.0,44.0,Food,Estimate,Medium,0.0550645819170632,0.05,A,1.0,69.29741672331747,0.0921985815602836,0.1237113402061855,51.575637932295095
15.0,10.0,5.0,0.8,95.0,40.0,Food,Estimate,Medium,0.0346702923181509,0.05,A,1.0,70.11318830727397,0.0780141843971631,0.1237113402061855,52.28485779045112
16.0,12.0,5.0,1.12,90.0,46.0,Bakery,Estimate,Medium,0.0564242012236573,0.05,A,1.0,69.2430319510537,0.0992907801418439,0.134020618556701,51.73649192074286
16.0,12.0,5.0,0.82,95.0,42.0,Bakery,Estimate,Medium,0.036029911624745,0.05,A,1.0,70.0588035350102,0.0851063829787234,0.134020618556701,52.44571177889888
17.0,14.0,5.0,1.15,90.0,48.0,Pizza,Estimate,Medium,0.0584636301835485,0.05,A,1.0,69.16145479265805,0.1063829787234042,0.1443298969072164,51.897345909190605
17.0,14.0,5.0,0.85,95.0,44.0,Pizza,Estimate,Medium,0.0380693405846363,0.05,A,1.0,69.97722637661454,0.0921985815602836,0.1443298969072164,52.60656576734664
15.0,12.0,88.0,0.45,78.0,60.0,Pizza,Estimate,Medium,0.0108769544527532,0.88,B,0.75,88.46492182188986,0.1489361702127659,0.1237113402061855,48.73875849967098
16.0,13.0,90.0,0.48,78.0,62.0,Pizza,Estimate,Medium,0.0129163834126444,0.9,B,0.75,88.98334466349422,0.1560283687943262,0.134020618556701,48.899612488118734
17.0,14.0,80.0,1.0,85.0,52.0,Pizza,Estimate,Medium,0.0482664853840924,0.8,B,0.75,84.56934058463631,0.1205673758865248,0.1443298969072164,51.18812605103459
16.0,12.0,5.0,1.1,90.0,46.0,Frozen Food,Estimate,Medium,0.0550645819170632,0.05,A,1.0,69.29741672331747,0.0992907801418439,0.134020618556701,51.73649192074286
16.0,12.0,5.0,0.8,95.0,42.0,Frozen Food,Estimate,Medium,0.0346702923181509,0.05,A,1.0,70.11318830727397,0.0851063829787234,0.134020618556701,52.44571177889888
30.0,8.0,1.0,2.5,30.0,60.0,Frozen Food,Literature,High,0.1502379333786539,0.01,D,0.25,41.79048266485385,0.1489361702127659,0.2783505154639175,56.47071726255758
30.0,8.0,1.0,1.8,50.0,58.0,Frozen Food,Estimate,Medium,0.1026512576478586,0.01,C,0.5,51.19394969408566,0.1418439716312056,0.2783505154639175,56.8253271916356
20.0,10.0,5.0,2.7,60.0,80.0,Frozen Food,Estimate,Medium,0.1638341264445955,0.05,C,0.5,49.946634942216185,0.2198581560283688,0.1752577319587628,47.76997879651971
19.0,10.0,20.0,1.9,70.0,95.0,Frozen Food,Estimate,Medium,0.1094493541808293,0.2,B,0.75,64.12202583276682,0.2730496453900709,0.1649484536082474,44.594940410908826
35.0,9.0,80.0,0.7,65.0,110.0,Frozen Food,Estimate,Medium,0.0278721957851801,0.8,C,0.5,77.8851121685928,0.3262411347517731,0.3298969072164948,50.182788623236085
17.0,14.0,5.0,1.2,88.0,48.0,Beverage,Estimate,Medium,0.0618626784500339,0.05,B,0.75,61.52549286199864,0.1063829787234042,0.1443298969072164,51.897345909190605
17.0,14.0,5.0,0.85,93.0,44.0,Beverage,Estimate,Medium,0.0380693405846363,0.05,A,1.0,69.97722637661454,0.0921985815602836,0.1443298969072164,52.60656576734664
18.0,16.0,5.0,1.25,88.0,50.0,Beverage,Estimate,Medium,0.0652617267165193,0.05,B,0.75,61.38953093133923,0.1134751773049645,0.1546391752577319,52.05819989763838
18.0,16.0,5.0,0.9,93.0,46.0,Beverage,Estimate,Medium,0.0414683888511216,0.05,A,1.0,69.84126444595513,0.0992907801418439,0.1546391752577319,52.7674197557944
19.0,18.0,5.0,1.3,88.0,52.0,Beverage,Estimate,Medium,0.0686607749830047,0.05,B,0.75,61.25356900067982,0.1205673758865248,0.1649484536082474,52.21905388608613
19.0,18.0,5.0,0.95,93.0,48.0,Beverage,Estimate,Medium,0.044867437117607,0.05,A,1.0,69.70530251529571,0.1063829787234042,0.1649484536082474,52.92827374424216
55.0,18.0,1.0,2.5,20.0,40.0,Beverage,Literature,High,0.1502379333786539,0.01,D,0.25,41.79048266485385,0.0780141843971631,0.5360824742268041,72.90341449148205
45.0,16.0,40.0,1.8,30.0,70.0,Beverage,Estimate,Medium,0.1026512576478586,0.4,D,0.25,55.393949694085656,0.1843971631205673,0.4329896907216495,62.4296263800541
20.0,14.0,80.0,1.0,85.0,55.0,Beverage,Estimate,Medium,0.0482664853840924,0.8,B,0.75,84.56934058463631,0.1312056737588652,0.1752577319587628,52.20260290999488
6.0,3.0,5.0,0.9,80.0,30.0,Labels,Literature,High,0.0414683888511216,0.05,B,0.75,62.34126444595513,0.0425531914893617,0.0309278350515463,49.41873217810924
6.0,3.0,5.0,0.6,90.0,25.0,Labels,Estimate,Medium,0.0210740992522093,0.05,A,1.0,70.65703602991162,0.0248226950354609,0.0309278350515463,50.30525700080427
25.0,4.0,1.0,2.3,30.0,40.0,Labels,Literature,High,0.1366417403127124,0.01,D,0.25,42.33433038749151,0.0780141843971631,0.2268041237113402,57.439496965708855
30.0,5.0,1.0,3.0,40.0,50.0,Labels,Estimate,Medium,0.1842284160435078,0.01,D,0.25,40.430863358259685,0.1134751773049645,0.2783505154639175,58.24376690794766
22.0,4.0,30.0,1.5,50.0,60.0,Labels,Estimate,Medium,0.0822569680489462,0.3,C,0.5,60.70972127804215,0.1489361702127659,0.1958762886597938,52.3470059223514
6.0,3.0,5.0,0.9,80.0,32.0,Labels,Estimate,Medium,0.0414683888511216,0.05,B,0.75,62.34126444595513,0.0496453900709219,0.0309278350515463,49.06412224903122
25.0,4.0,1.0,2.0,40.0,45.0,Labels,Estimate,Medium,0.1162474507138001,0.01,D,0.25,43.150101971448,0.0957446808510638,0.2268041237113402,56.55297214301383
20.0,4.0,85.0,0.7,60.0,55.0,Labels,Estimate,Medium,0.0278721957851801,0.85,C,0.5,79.3851121685928,0.1312056737588652,0.1752577319587628,52.20260290999488
10.0,4.0,5.0,0.9,85.0,30.0,Tape,Estimate,Medium,0.0414683888511216,0.05,B,0.75,62.34126444595513,0.0425531914893617,0.0721649484536082,51.48058784821233
10.0,4.0,5.0,0.6,92.0,28.0,Tape,Estimate,Medium,0.0210740992522093,0.05,A,1.0,70.65703602991162,0.0354609929078014,0.0721649484536082,51.83519777729034
30.0,6.0,1.0,3.5,10.0,40.0,Tape,Literature,High,0.2182188987083616,0.01,D,0.25,39.07124405166554,0.0780141843971631,0.2783505154639175,60.016816553337726
25.0,5.0,1.0,2.3,30.0,35.0,Tape,Estimate,Medium,0.1366417403127124,0.01,D,0.25,42.33433038749151,0.0602836879432624,0.2268041237113402,58.32602178840389
22.0,5.0,30.0,1.5,45.0,45.0,Tape,Estimate,Medium,0.0822569680489462,0.3,D,0.25,53.20972127804215,0.0957446808510638,0.1958762886597938,55.0065803904365
5.0,3.0,5.0,0.9,80.0,28.0,Gift Wrap,Estimate,Medium,0.0414683888511216,0.05,B,0.75,62.34126444595513,0.0354609929078014,0.0206185567010309,49.25787818966148
5.0,3.0,5.0,0.6,90.0,24.0,Gift Wrap,Estimate,Medium,0.0210740992522093,0.05,A,1.0,70.65703602991162,0.0212765957446808,0.0206185567010309,49.9670980478175
3.0,2.0,5.0,0.85,85.0,20.0,Gift Wrap,Estimate,Medium,0.0380693405846363,0.05,B,0.75,62.47722637661455,0.0070921985815602,0.0,49.645390070921984
3.0,2.0,5.0,0.5,92.0,18.0,Gift Wrap,Estimate,Medium,0.0142760027192386,0.05,A,1.0,70.92895989123046,0.0,0.0,50.0
30.0,4.0,1.0,4.0,20.0,60.0,Gift Wrap,Estimate,Medium,0.2522093813732154,0.01,D,0.25,37.71162474507138,0.1489361702127659,0.2783505154639175,56.47071726255758
25.0,4.0,85.0,0.7,65.0,55.0,Gift Wrap,Estimate,Medium,0.0278721957851801,0.85,C,0.5,79.3851121685928,0.1312056737588652,0.2268041237113402,54.779922497623744
16.0,14.0,5.0,1.1,90.0,47.0,Toys,Estimate,Medium,0.0550645819170632,0.05,A,1.0,69.29741672331747,0.1028368794326241,0.134020618556701,51.55918695620385
16.0,14.0,5.0,0.8,95.0,42.0,Toys,Estimate,Medium,0.0346702923181509,0.05,A,1.0,70.11318830727397,0.0851063829787234,0.134020618556701,52.44571177889888
10.0,6.0,85.0,0.5,80.0,52.0,Toys,Estimate,Medium,0.0142760027192386,0.85,B,0.75,87.42895989123046,0.1205673758865248,0.0721649484536082,47.57987862835417
60.0,15.0,1.0,3.0,40.0,80.0,Toys,Literature,High,0.1842284160435078,0.01,D,0.25,40.430863358259685,0.2198581560283688,0.5876288659793815,68.38853549755063
60.0,15.0,1.0,1.8,60.0,82.0,Toys,Estimate,Medium,0.1026512576478586,0.01,C,0.5,51.19394969408566,0.226950354609929,0.5876288659793815,68.03392556847263
25.0,12.0,70.0,1.1,80.0,90.0,Toys,Estimate,Medium,0.0550645819170632,0.7,B,0.75,81.29741672331747,0.2553191489361702,0.2268041237113402,48.5742487387585
5.0,4.0,5.0,0.9,85.0,35.0,Leaflets,Estimate,Medium,0.0414683888511216,0.05,B,0.75,62.34126444595513,0.0602836879432624,0.0206185567010309,48.01674343788843
5.0,4.0,5.0,0.6,90.0,30.0,Leaflets,Estimate,Medium,0.0210740992522093,0.05,A,1.0,70.65703602991162,0.0425531914893617,0.0206185567010309,48.90326826058347
16.0,12.0,5.0,1.1,88.0,50.0,Cosmetics,Estimate,Medium,0.0550645819170632,0.05,B,0.75,61.79741672331747,0.1134751773049645,0.134020618556701,51.027272062586825
16.0,12.0,5.0,0.8,92.0,45.0,Cosmetics,Estimate,Medium,0.0346702923181509,0.05,A,1.0,70.11318830727397,0.0957446808510638,0.134020618556701,51.91379688528186
9.0,5.0,85.0,0.5,80.0,50.0,Cosmetics,Estimate,Medium,0.0142760027192386,0.85,B,0.75,87.42895989123046,0.1134751773049645,0.0618556701030927,47.41902463990642
60.0,15.0,1.0,3.0,40.0,80.0,Cosmetics,Literature,High,0.1842284160435078,0.01,D,0.25,40.430863358259685,0.2198581560283688,0.5876288659793815,68.38853549755063
60.0,15.0,1.0,1.8,60.0,82.0,Cosmetics,Estimate,Medium,0.1026512576478586,0.01,C,0.5,51.19394969408566,0.226950354609929,0.5876288659793815,68.03392556847263
80.0,18.0,0.0,2.4,95.0,120.0,Cosmetics,Estimate,Medium,0.1434398368456832,0.0,A,1.0,64.26240652617268,0.3617021276595745,0.7938144329896907,71.60561526650582
70.0,16.0,1.0,7.5,90.0,130.0,Cosmetics,Estimate,Medium,0.4901427600271923,0.01,A,1.0,50.69428959891231,0.3971631205673759,0.6907216494845361,64.67792644585802
20.0,12.0,80.0,1.0,85.0,90.0,Cosmetics,Estimate,Medium,0.0482664853840924,0.8,B,0.75,84.56934058463631,0.2553191489361702,0.1752577319587628,45.99692915112964
55.0,10.0,1.0,2.6,30.0,60.0,Dispensers,Estimate,Medium,0.1570360299116247,0.01,D,0.25,41.518558803535015,0.1489361702127659,0.5360824742268041,69.3573152007019
55.0,10.0,1.0,1.9,50.0,58.0,Dispensers,Estimate,Medium,0.1094493541808293,0.01,C,0.5,50.92202583276683,0.1418439716312056,0.5360824742268041,69.71192512977993
65.0,12.0,1.0,6.0,90.0,90.0,Dispensers,Estimate,Medium,0.3881713120326308,0.01,A,1.0,54.77314751869476,0.2553191489361702,0.6391752577319587,69.19280543978942
25.0,8.0,75.0,1.4,80.0,80.0,Dispensers,Estimate,Medium,0.0754588715159755,0.75,B,0.75,81.98164513936098,0.2198581560283688,0.2268041237113402,50.34729838414857
50.0,9.0,40.0,2.0,50.0,75.0,Dispensers,Estimate,Medium,0.1162474507138001,0.4,C,0.5,62.35010197144799,0.202127659574468,0.4845360824742268,64.12042114498794
18.0,16.0,5.0,1.18,90.0,50.0,Pharma Shipping,Estimate,Medium,0.0605030591434398,0.05,A,1.0,69.07987763426242,0.1134751773049645,0.1546391752577319,52.05819989763838
18.0,16.0,5.0,0.82,95.0,46.0,Pharma Shipping,Estimate,Medium,0.036029911624745,0.05,A,1.0,70.0588035350102,0.0992907801418439,0.1546391752577319,52.7674197557944
20.0,30.0,0.0,5.0,10.0,80.0,Pharma,Estimate,Medium,0.3201903467029232,0.0,D,0.25,34.69238613188308,0.2198581560283688,0.1752577319587628,47.76997879651971
30.0,40.0,0.0,4.0,30.0,150.0,Pharma,Estimate,Medium,0.2522093813732154,0.0,D,0.25,37.41162474507138,0.4680851063829787,0.2783505154639175,40.51327045404694
22.0,28.0,80.0,1.5,70.0,100.0,Pharma,Estimate,Medium,0.0822569680489462,0.8,B,0.75,83.20972127804215,0.2907801418439716,0.1958762886597938,45.25480734079111
5.0,5.0,0.0,4.0,0.0,200.0,Pharma,Estimate,Medium,0.2522093813732154,0.0,D,0.25,37.41162474507138,0.6453900709219859,0.0206185567010309,18.76142428895225
5.0,5.0,0.0,3.0,0.0,150.0,Pharma,Estimate,Medium,0.1842284160435078,0.0,D,0.25,40.13086335825969,0.4680851063829787,0.0206185567010309,27.62667251590261
20.0,20.0,80.0,1.2,85.0,70.0,Palletization,Estimate,Medium,0.0618626784500339,0.8,B,0.75,84.02549286199864,0.1843971631205673,0.1752577319587628,49.543028441909776
20.0,20.0,82.0,1.0,90.0,65.0,Palletization,Estimate,Medium,0.0482664853840924,0.82,A,1.0,92.6693405846363,0.1666666666666666,0.1752577319587628,50.429553264604806
50.0,25.0,1.0,3.5,30.0,80.0,Palletization,Estimate,Medium,0.2182188987083616,0.01,D,0.25,39.07124405166554,0.2198581560283688,0.4845360824742268,63.23389632229291
50.0,25.0,1.0,2.5,50.0,75.0,Palletization,Estimate,Medium,0.1502379333786539,0.01,C,0.5,49.29048266485384,0.202127659574468,0.4845360824742268,64.12042114498794
35.0,30.0,60.0,2.5,60.0,90.0,Palletization,Estimate,Medium,0.1502379333786539,0.6,C,0.5,66.99048266485384,0.2553191489361702,0.3298969072164948,53.72888791401624
40.0,22.0,30.0,2.0,50.0,95.0,Palletization,Estimate,Medium,0.1162474507138001,0.3,C,0.5,59.350101971448,0.2730496453900709,0.3814432989690721,55.41968267895005
20.0,25.0,5.0,1.3,88.0,55.0,Bulk Bins,Estimate,Medium,0.0686607749830047,0.05,B,0.75,61.25356900067982,0.1312056737588652,0.1752577319587628,52.20260290999488
20.0,25.0,5.0,0.9,93.0,50.0,Bulk Bins,Estimate,Medium,0.0414683888511216,0.05,A,1.0,69.84126444595513,0.1134751773049645,0.1752577319587628,53.08912773268992
70.0,30.0,1.0,4.0,50.0,110.0,Bulk Bins,Estimate,Medium,0.2522093813732154,0.01,C,0.5,45.211624745071376,0.3262411347517731,0.6907216494845361,68.22402573663815
70.0,30.0,1.0,2.8,65.0,105.0,Bulk Bins,Estimate,Medium,0.1706322229775662,0.01,C,0.5,48.47471108089735,0.3085106382978723,0.6907216494845361,69.11055055933318
80.0,35.0,0.0,7.0,90.0,140.0,Bulk Bins,Estimate,Medium,0.4561522773623385,0.0,A,1.0,51.753908905506464,0.4326241134751773,0.7938144329896907,68.05951597572566
50.0,25.0,30.0,2.5,55.0,120.0,Bulk Bins,Estimate,Medium,0.1502379333786539,0.3,C,0.5,57.99048266485385,0.3617021276595745,0.4845360824742268,56.141697740732624
14.0,10.0,5.0,1.05,90.0,40.0,Archive,Literature,High,0.0516655336505778,0.05,A,1.0,69.4333786539769,0.0780141843971631,0.1134020618556701,51.76939387292535
14.0,10.0,5.0,0.78,95.0,36.0,Archive,Estimate,Medium,0.0333106730115567,0.05,A,1.0,70.16757307953773,0.0638297872340425,0.1134020618556701,52.47861373108138
12.0,8.0,80.0,0.9,90.0,35.0,Archive,Estimate,Medium,0.0414683888511216,0.8,A,1.0,92.34126444595516,0.0602836879432624,0.0927835051546391,51.62499086056884
45.0,18.0,1.0,3.0,30.0,60.0,Archive,Estimate,Medium,0.1842284160435078,0.01,D,0.25,40.430863358259685,0.1489361702127659,0.4329896907216495,64.20267602544418
45.0,18.0,1.0,2.0,50.0,58.0,Archive,Estimate,Medium,0.1162474507138001,0.01,C,0.5,50.650101971448,0.1418439716312056,0.4329896907216495,64.55728595452219
6.0,4.0,5.0,0.9,85.0,30.0,Envelopes,Literature,High,0.0414683888511216,0.05,B,0.75,62.34126444595513,0.0425531914893617,0.0309278350515463,49.41873217810924
6.0,4.0,5.0,0.6,90.0,26.0,Envelopes,Estimate,Medium,0.0210740992522093,0.05,A,1.0,70.65703602991162,0.0283687943262411,0.0309278350515463,50.127952036265256
25.0,8.0,1.0,2.5,30.0,40.0,Envelopes,Estimate,Medium,0.1502379333786539,0.01,D,0.25,41.79048266485385,0.0780141843971631,0.2268041237113402,57.439496965708855
25.0,8.0,1.0,1.8,50.0,38.0,Envelopes,Estimate,Medium,0.1026512576478586,0.01,C,0.5,51.19394969408566,0.0709219858156028,0.2268041237113402,57.794106894786864
18.0,6.0,85.0,0.7,60.0,55.0,Envelopes,Estimate,Medium,0.0278721957851801,0.85,C,0.5,79.3851121685928,0.1312056737588652,0.1546391752577319,51.17167507494334
16.0,10.0,80.0,1.0,85.0,45.0,Envelopes,Estimate,Medium,0.0482664853840924,0.8,B,0.75,84.56934058463631,0.0957446808510638,0.134020618556701,51.91379688528186
16.0,14.0,5.0,1.1,90.0,46.0,Shoes,Estimate,Medium,0.0550645819170632,0.05,A,1.0,69.29741672331747,0.0992907801418439,0.134020618556701,51.73649192074286
16.0,14.0,5.0,0.8,95.0,42.0,Shoes,Estimate,Medium,0.0346702923181509,0.05,A,1.0,70.11318830727397,0.0851063829787234,0.134020618556701,52.44571177889888
10.0,6.0,80.0,0.8,90.0,35.0,Shoes,Estimate,Medium,0.0346702923181509,0.8,A,1.0,92.61318830727396,0.0602836879432624,0.0721649484536082,50.594063025517286
40.0,16.0,1.0,3.0,30.0,60.0,Shoes,Estimate,Medium,0.1842284160435078,0.01,D,0.25,40.430863358259685,0.1489361702127659,0.3814432989690721,61.625356437815306
20.0,14.0,40.0,1.5,60.0,80.0,Shoes,Estimate,Medium,0.0822569680489462,0.4,C,0.5,63.70972127804215,0.2198581560283688,0.1752577319587628,47.76997879651971
16.0,12.0,5.0,1.1,90.0,45.0,Apparel,Estimate,Medium,0.0550645819170632,0.05,A,1.0,69.29741672331747,0.0957446808510638,0.134020618556701,51.91379688528186
16.0,12.0,5.0,0.8,95.0,41.0,Apparel,Estimate,Medium,0.0346702923181509,0.05,A,1.0,70.11318830727397,0.0815602836879432,0.134020618556701,52.62301674343789
14.0,8.0,80.0,0.9,90.0,40.0,Apparel,Estimate,Medium,0.0414683888511216,0.8,A,1.0,92.34126444595516,0.0780141843971631,0.1134020618556701,51.76939387292535
30.0,10.0,1.0,2.5,30.0,50.0,Apparel,Estimate,Medium,0.1502379333786539,0.01,D,0.25,41.79048266485385,0.1134751773049645,0.2783505154639175,58.24376690794766
30.0,10.0,1.0,1.8,50.0,48.0,Apparel,Estimate,Medium,0.1026512576478586,0.01,C,0.5,51.19394969408566,0.1063829787234042,0.2783505154639175,58.59837683702567
25.0,9.0,40.0,1.7,50.0,70.0,Apparel,Estimate,Medium,0.0958531611148878,0.4,C,0.5,63.16587355540448,0.1843971631205673,0.2268041237113402,52.12034802953865
20.0,8.0,85.0,0.7,60.0,90.0,Apparel,Estimate,Medium,0.0278721957851801,0.85,C,0.5,79.3851121685928,0.2553191489361702,0.1752577319587628,45.99692915112964
16.0,14.0,5.0,1.1,88.0,48.0,E-commerce,Estimate,Medium,0.0550645819170632,0.05,B,0.75,61.79741672331747,0.1063829787234042,0.134020618556701,51.381881991664834
16.0,14.0,5.0,0.8,92.0,44.0,E-commerce,Estimate,Medium,0.0346702923181509,0.05,A,1.0,70.11318830727397,0.0921985815602836,0.134020618556701,52.09110184982087
12.0,8.0,80.0,0.8,90.0,40.0,E-commerce,Estimate,Medium,0.0346702923181509,0.8,A,1.0,92.61318830727396,0.0780141843971631,0.0927835051546391,50.7384660378738
12.0,8.0,82.0,0.6,92.0,38.0,E-commerce,Estimate,Medium,0.0210740992522093,0.82,A,1.0,93.75703602991165,0.0709219858156028,0.0927835051546391,51.093075966951815
30.0,10.0,1.0,2.5,30.0,50.0,E-commerce,Literature,High,0.1502379333786539,0.01,D,0.25,41.79048266485385,0.1134751773049645,0.2783505154639175,58.24376690794766
30.0,10.0,1.0,1.8,50.0,48.0,E-commerce,Estimate,Medium,0.1026512576478586,0.01,C,0.5,51.19394969408566,0.1063829787234042,0.2783505154639175,58.59837683702567
15.0,8.0,80.0,0.9,85.0,45.0,E-commerce,Estimate,Medium,0.0414683888511216,0.8,B,0.75,84.84126444595513,0.0957446808510638,0.1237113402061855,51.39833296775609
20.0,8.0,85.0,0.7,60.0,80.0,E-commerce,Estimate,Medium,0.0278721957851801,0.85,C,0.5,79.3851121685928,0.2198581560283688,0.1752577319587628,47.76997879651971
15.0,10.0,5.0,1.1,90.0,42.0,Books,Estimate,Medium,0.0550645819170632,0.05,A,1.0,69.29741672331747,0.0851063829787234,0.1237113402061855,51.930247861373104
15.0,10.0,5.0,0.8,95.0,38.0,Books,Estimate,Medium,0.0346702923181509,0.05,A,1.0,70.11318830727397,0.0709219858156028,0.1237113402061855,52.63946771952914
14.0,8.0,80.0,0.9,90.0,40.0,Books,Estimate,Medium,0.0414683888511216,0.8,A,1.0,92.34126444595516,0.0780141843971631,0.1134020618556701,51.76939387292535
30.0,10.0,1.0,2.5,30.0,50.0,Books,Estimate,Medium,0.1502379333786539,0.01,D,0.25,41.79048266485385,0.1134751773049645,0.2783505154639175,58.24376690794766
20.0,8.0,85.0,0.7,60.0,80.0,Books,Estimate,Medium,0.0278721957851801,0.85,C,0.5,79.3851121685928,0.2198581560283688,0.1752577319587628,47.76997879651971
18.0,16.0,5.0,1.2,88.0,50.0,Wine,Estimate,Medium,0.0618626784500339,0.05,B,0.75,61.52549286199864,0.1134751773049645,0.1546391752577319,52.05819989763838
18.0,16.0,5.0,0.9,93.0,46.0,Wine,Estimate,Medium,0.0414683888511216,0.05,A,1.0,69.84126444595513,0.0992907801418439,0.1546391752577319,52.7674197557944
12.0,9.0,85.0,0.5,80.0,55.0,Wine,Estimate,Medium,0.0142760027192386,0.85,B,0.75,87.42895989123046,0.1312056737588652,0.0927835051546391,48.078891569788695
65.0,18.0,1.0,3.0,40.0,85.0,Wine,Estimate,Medium,0.1842284160435078,0.01,D,0.25,40.430863358259685,0.2375886524822695,0.6391752577319587,70.07933026248446
65.0,18.0,1.0,1.8,60.0,82.0,Wine,Estimate,Medium,0.1026512576478586,0.01,C,0.5,51.19394969408566,0.226950354609929,0.6391752577319587,70.61124515610149
18.0,16.0,5.0,1.2,90.0,48.0,Fruit,Estimate,Medium,0.0618626784500339,0.05,A,1.0,69.02549286199864,0.1063829787234042,0.1546391752577319,52.41280982671639
18.0,16.0,5.0,0.82,95.0,44.0,Fruit,Estimate,Medium,0.036029911624745,0.05,A,1.0,70.0588035350102,0.0921985815602836,0.1546391752577319,53.12202968487241
70.0,25.0,1.0,3.0,50.0,90.0,Fruit,Literature,High,0.1842284160435078,0.01,C,0.5,47.93086335825969,0.2553191489361702,0.6907216494845361,71.7701250274183
70.0,25.0,1.0,2.2,65.0,85.0,Fruit,Estimate,Medium,0.1298436437797416,0.01,C,0.5,50.10625424881033,0.2375886524822695,0.6907216494845361,72.65664985011333
12.0,9.0,85.0,0.5,80.0,55.0,Fruit,Estimate,Medium,0.0142760027192386,0.85,B,0.75,87.42895989123046,0.1312056737588652,0.0927835051546391,48.078891569788695
7.0,4.0,80.0,0.7,90.0,35.0,Fruit,Estimate,Medium,0.0278721957851801,0.8,A,1.0,92.88511216859278,0.0602836879432624,0.0412371134020618,49.04767127293997
25.0,8.0,40.0,1.5,50.0,70.0,Fruit,Estimate,Medium,0.0822569680489462,0.4,C,0.5,63.70972127804215,0.1843971631205673,0.2268041237113402,52.12034802953865
20.0,7.0,85.0,0.7,60.0,80.0,Fruit,Estimate,Medium,0.0278721957851801,0.85,C,0.5,79.3851121685928,0.2198581560283688,0.1752577319587628,47.76997879651971
18.0,16.0,5.0,1.2,90.0,48.0,Vegetables,Estimate,Medium,0.0618626784500339,0.05,A,1.0,69.02549286199864,0.1063829787234042,0.1546391752577319,52.41280982671639
18.0,16.0,5.0,0.82,95.0,44.0,Vegetables,Estimate,Medium,0.036029911624745,0.05,A,1.0,70.0588035350102,0.0921985815602836,0.1546391752577319,53.12202968487241
70.0,25.0,1.0,3.0,50.0,90.0,Vegetables,Estimate,Medium,0.1842284160435078,0.01,C,0.5,47.93086335825969,0.2553191489361702,0.6907216494845361,71.7701250274183
70.0,25.0,1.0,2.2,65.0,85.0,Vegetables,Estimate,Medium,0.1298436437797416,0.01,C,0.5,50.10625424881033,0.2375886524822695,0.6907216494845361,72.65664985011333
12.0,9.0,85.0,0.5,80.0,55.0,Vegetables,Estimate,Medium,0.0142760027192386,0.85,B,0.75,87.42895989123046,0.1312056737588652,0.0927835051546391,48.078891569788695
7.0,4.0,80.0,0.7,90.0,35.0,Vegetables,Estimate,Medium,0.0278721957851801,0.8,A,1.0,92.88511216859278,0.0602836879432624,0.0412371134020618,49.04767127293997
25.0,8.0,40.0,1.5,50.0,70.0,Vegetables,Estimate,Medium,0.0822569680489462,0.4,C,0.5,63.70972127804215,0.1843971631205673,0.2268041237113402,52.12034802953865
20.0,7.0,85.0,0.7,60.0,80.0,Vegetables,Estimate,Medium,0.0278721957851801,0.85,C,0.5,79.3851121685928,0.2198581560283688,0.1752577319587628,47.76997879651971
18.0,16.0,5.0,1.2,88.0,50.0,Meat,Estimate,Medium,0.0618626784500339,0.05,B,0.75,61.52549286199864,0.1134751773049645,0.1546391752577319,52.05819989763838
18.0,16.0,5.0,0.9,93.0,46.0,Meat,Estimate,Medium,0.0414683888511216,0.05,A,1.0,69.84126444595513,0.0992907801418439,0.1546391752577319,52.7674197557944
65.0,18.0,1.0,3.0,30.0,80.0,Meat,Literature,High,0.1842284160435078,0.01,D,0.25,40.430863358259685,0.2198581560283688,0.6391752577319587,70.9658550851795
65.0,18.0,1.0,2.0,50.0,78.0,Meat,Estimate,Medium,0.1162474507138001,0.01,C,0.5,50.650101971448,0.2127659574468085,0.6391752577319587,71.32046501425751
17.0,12.0,80.0,1.1,85.0,60.0,Meat,Estimate,Medium,0.0550645819170632,0.8,B,0.75,84.29741672331747,0.1489361702127659,0.1443298969072164,49.76968633472253
15.0,11.0,88.0,0.45,78.0,60.0,Meat,Estimate,Medium,0.0108769544527532,0.88,B,0.75,88.46492182188986,0.1489361702127659,0.1237113402061855,48.73875849967098
70.0,20.0,1.0,4.0,20.0,85.0,Meat,Literature,High,0.2522093813732154,0.01,D,0.25,37.71162474507138,0.2375886524822695,0.6907216494845361,72.65664985011333
50.0,16.0,1.0,2.5,50.0,80.0,Meat,Estimate,Medium,0.1502379333786539,0.01,C,0.5,49.29048266485384,0.2198581560283688,0.4845360824742268,63.23389632229291
40.0,14.0,85.0,0.8,60.0,100.0,Meat,Estimate,Medium,0.0346702923181509,0.85,C,0.5,79.11318830727397,0.2907801418439716,0.3814432989690721,54.53315785625503
16.0,12.0,5.0,1.1,88.0,48.0,Dairy,Literature,High,0.0550645819170632,0.05,B,0.75,61.79741672331747,0.1063829787234042,0.134020618556701,51.381881991664834
16.0,12.0,5.0,0.8,92.0,44.0,Dairy,Estimate,Medium,0.0346702923181509,0.05,A,1.0,70.11318830727397,0.0921985815602836,0.134020618556701,52.09110184982087
25.0,15.0,5.0,3.0,60.0,100.0,Dairy,Literature,High,0.1842284160435078,0.05,C,0.5,49.13086335825969,0.2907801418439716,0.2268041237113402,46.80119909336843
25.0,15.0,20.0,2.0,70.0,120.0,Dairy,Estimate,Medium,0.1162474507138001,0.2,B,0.75,63.85010197144799,0.3617021276595745,0.2268041237113402,43.25509980258829
30.0,18.0,5.0,6.0,30.0,150.0,Dairy,Literature,High,0.3881713120326308,0.05,D,0.25,33.473147518694766,0.4680851063829787,0.2783505154639175,40.51327045404694
26.0,16.0,5.0,2.5,75.0,110.0,Dairy,Estimate,Medium,0.1502379333786539,0.05,B,0.75,57.99048266485385,0.3262411347517731,0.2371134020618556,45.54361336550413
50.0,10.0,80.0,0.6,70.0,120.0,Dairy,Estimate,Medium,0.0210740992522093,0.8,B,0.75,85.65703602991162,0.3617021276595745,0.4845360824742268,56.141697740732624
55.0,11.0,1.0,3.0,40.0,80.0,Dairy,Literature,High,0.1842284160435078,0.01,D,0.25,40.430863358259685,0.2198581560283688,0.5360824742268041,65.81121590992176
50.0,10.0,1.0,2.6,40.0,75.0,Dairy,Literature,High,0.1570360299116247,0.01,D,0.25,41.518558803535015,0.202127659574468,0.4845360824742268,64.12042114498794
50.0,10.0,1.0,1.9,55.0,72.0,Dairy,Estimate,Medium,0.1094493541808293,0.01,C,0.5,50.92202583276683,0.1914893617021276,0.4845360824742268,64.65233603860496
20.0,12.0,80.0,1.1,85.0,90.0,Dairy,Estimate,Medium,0.0550645819170632,0.8,B,0.75,84.29741672331747,0.2553191489361702,0.1752577319587628,45.99692915112964
15.0,10.0,5.0,1.1,90.0,40.0,Eggs,Literature,High,0.0550645819170632,0.05,A,1.0,69.29741672331747,0.0780141843971631,0.1237113402061855,52.28485779045112
15.0,10.0,5.0,0.8,95.0,36.0,Eggs,Estimate,Medium,0.0346702923181509,0.05,A,1.0,70.11318830727397,0.0638297872340425,0.1237113402061855,52.99407764860715
12.0,9.0,85.0,0.5,80.0,45.0,Eggs,Literature,High,0.0142760027192386,0.85,B,0.75,87.42895989123046,0.0957446808510638,0.0927835051546391,49.85194121517877
65.0,15.0,1.0,3.0,40.0,70.0,Eggs,Literature,High,0.1842284160435078,0.01,D,0.25,40.430863358259685,0.1843971631205673,0.6391752577319587,72.73890473056956
65.0,15.0,1.0,1.8,60.0,68.0,Eggs,Estimate,Medium,0.1026512576478586,0.01,C,0.5,51.19394969408566,0.1773049645390071,0.6391752577319587,73.09351465964757
12.0,9.0,85.0,0.5,85.0,42.0,Eggs,Estimate,Medium,0.0142760027192386,0.85,B,0.75,87.42895989123046,0.0851063829787234,0.0927835051546391,50.38385610879579
16.0,12.0,5.0,1.1,90.0,45.0,Cereals,Literature,High,0.0550645819170632,0.05,A,1.0,69.29741672331747,0.0957446808510638,0.134020618556701,51.91379688528186
16.0,12.0,5.0,0.8,95.0,41.0,Cereals,Literature,High,0.0346702923181509,0.05,A,1.0,70.11318830727397,0.0815602836879432,0.134020618556701,52.62301674343789
25.0,8.0,1.0,2.5,30.0,40.0,Cereals,Literature,High,0.1502379333786539,0.01,D,0.25,41.79048266485385,0.0780141843971631,0.2268041237113402,57.439496965708855
25.0,8.0,1.0,1.8,50.0,38.0,Cereals,Estimate,Medium,0.1026512576478586,0.01,C,0.5,51.19394969408566,0.0709219858156028,0.2268041237113402,57.794106894786864
12.0,6.0,80.0,0.9,90.0,35.0,Cereals,Estimate,Medium,0.0414683888511216,0.8,A,1.0,92.34126444595516,0.0602836879432624,0.0927835051546391,51.62499086056884
20.0,7.0,85.0,0.7,60.0,60.0,Cereals,Estimate,Medium,0.0278721957851801,0.85,C,0.5,79.3851121685928,0.1489361702127659,0.1752577319587628,51.31607808729984
16.0,12.0,5.0,1.1,90.0,45.0,Snacks,Estimate,Medium,0.0550645819170632,0.05,A,1.0,69.29741672331747,0.0957446808510638,0.134020618556701,51.91379688528186
16.0,12.0,5.0,0.8,95.0,41.0,Snacks,Estimate,Medium,0.0346702923181509,0.05,A,1.0,70.11318830727397,0.0815602836879432,0.134020618556701,52.62301674343789
50.0,12.0,1.0,3.0,30.0,70.0,Snacks,Literature,High,0.1842284160435078,0.01,D,0.25,40.430863358259685,0.1843971631205673,0.4845360824742268,65.00694596768297
45.0,11.0,1.0,2.5,50.0,75.0,Snacks,Estimate,Medium,0.1502379333786539,0.01,C,0.5,49.29048266485384,0.202127659574468,0.4329896907216495,61.54310155735907
18.0,10.0,70.0,1.1,85.0,80.0,Snacks,Estimate,Medium,0.0550645819170632,0.7,B,0.75,81.29741672331747,0.2198581560283688,0.1546391752577319,46.73905096146816
35.0,9.0,85.0,0.7,60.0,90.0,Snacks,Estimate,Medium,0.0278721957851801,0.85,C,0.5,79.3851121685928,0.2553191489361702,0.3298969072164948,53.72888791401624
60.0,15.0,1.0,6.0,20.0,90.0,Snacks,Literature,High,0.3881713120326308,0.01,D,0.25,32.27314751869477,0.2553191489361702,0.5876288659793815,66.61548585216057
20.0,10.0,65.0,1.2,75.0,95.0,Snacks,Estimate,Medium,0.0618626784500339,0.65,B,0.75,79.52549286199864,0.2730496453900709,0.1752577319587628,45.1104043284346
16.0,12.0,5.0,1.1,90.0,50.0,Confectionery,Estimate,Medium,0.0550645819170632,0.05,A,1.0,69.29741672331747,0.1134751773049645,0.134020618556701,51.027272062586825
16.0,12.0,5.0,0.8,95.0,45.0,Confectionery,Estimate,Medium,0.0346702923181509,0.05,A,1.0,70.11318830727397,0.0957446808510638,0.134020618556701,51.91379688528186
65.0,15.0,1.0,3.0,40.0,80.0,Confectionery,Literature,High,0.1842284160435078,0.01,D,0.25,40.430863358259685,0.2198581560283688,0.6391752577319587,70.9658550851795
65.0,15.0,1.0,1.8,60.0,78.0,Confectionery,Estimate,Medium,0.1026512576478586,0.01,C,0.5,51.19394969408566,0.2127659574468085,0.6391752577319587,71.32046501425751
14.0,10.0,80.0,1.0,85.0,60.0,Confectionery,Estimate,Medium,0.0482664853840924,0.8,B,0.75,84.56934058463631,0.1489361702127659,0.1134020618556701,48.22329458214521
15.0,11.0,88.0,0.45,78.0,60.0,Confectionery,Estimate,Medium,0.0108769544527532,0.88,B,0.75,88.46492182188986,0.1489361702127659,0.1237113402061855,48.73875849967098
16.0,12.0,5.0,1.1,90.0,45.0,Coffee,Literature,High,0.0550645819170632,0.05,A,1.0,69.29741672331747,0.0957446808510638,0.134020618556701,51.91379688528186
16.0,12.0,5.0,0.8,95.0,41.0,Coffee,Literature,High,0.0346702923181509,0.05,A,1.0,70.11318830727397,0.0815602836879432,0.134020618556701,52.62301674343789
60.0,15.0,1.0,6.0,20.0,90.0,Coffee,Literature,High,0.3881713120326308,0.01,D,0.25,32.27314751869477,0.2553191489361702,0.5876288659793815,66.61548585216057
45.0,11.0,1.0,2.5,50.0,75.0,Coffee,Estimate,Medium,0.1502379333786539,0.01,C,0.5,49.29048266485384,0.202127659574468,0.4329896907216495,61.54310155735907
18.0,10.0,70.0,1.1,85.0,80.0,Coffee,Estimate,Medium,0.0550645819170632,0.7,B,0.75,81.29741672331747,0.2198581560283688,0.1546391752577319,46.73905096146816
35.0,9.0,85.0,0.7,60.0,90.0,Coffee,Estimate,Medium,0.0278721957851801,0.85,C,0.5,79.3851121685928,0.2553191489361702,0.3298969072164948,53.72888791401624
16.0,12.0,5.0,1.1,90.0,45.0,Tea,Literature,High,0.0550645819170632,0.05,A,1.0,69.29741672331747,0.0957446808510638,0.134020618556701,51.91379688528186
16.0,12.0,5.0,0.8,95.0,41.0,Tea,Literature,High,0.0346702923181509,0.05,A,1.0,70.11318830727397,0.0815602836879432,0.134020618556701,52.62301674343789
50.0,12.0,1.0,3.0,30.0,70.0,Tea,Literature,High,0.1842284160435078,0.01,D,0.25,40.430863358259685,0.1843971631205673,0.4845360824742268,65.00694596768297
45.0,11.0,1.0,2.5,50.0,75.0,Tea,Estimate,Medium,0.1502379333786539,0.01,C,0.5,49.29048266485384,0.202127659574468,0.4329896907216495,61.54310155735907
18.0,10.0,70.0,1.1,85.0,80.0,Tea,Estimate,Medium,0.0550645819170632,0.7,B,0.75,81.29741672331747,0.2198581560283688,0.1546391752577319,46.73905096146816
35.0,9.0,85.0,0.7,60.0,90.0,Tea,Estimate,Medium,0.0278721957851801,0.85,C,0.5,79.3851121685928,0.2553191489361702,0.3298969072164948,53.72888791401624
5.0,3.0,90.0,0.7,80.0,40.0,Tea,Literature,High,0.0278721957851801,0.9,B,0.75,88.3851121685928,0.0780141843971631,0.0206185567010309,47.13021861519339
35.0,8.0,80.0,0.6,60.0,90.0,Tea,Literature,High,0.0210740992522093,0.8,C,0.5,78.15703602991164,0.2553191489361702,0.3298969072164948,53.72888791401624
30.0,7.0,85.0,0.6,65.0,85.0,Tea,Estimate,Medium,0.0210740992522093,0.85,C,0.5,79.65703602991164,0.2375886524822695,0.2783505154639175,52.03809314908241
5.0,3.0,90.0,0.55,85.0,35.0,Tea,Estimate,Medium,0.017675050985724,0.9,B,0.75,88.79299796057104,0.0602836879432624,0.0206185567010309,48.01674343788843
16.0,12.0,5.0,1.1,90.0,45.0,Pet Food,Estimate,Medium,0.0550645819170632,0.05,A,1.0,69.29741672331747,0.0957446808510638,0.134020618556701,51.91379688528186
16.0,12.0,5.0,0.8,95.0,41.0,Pet Food,Estimate,Medium,0.0346702923181509,0.05,A,1.0,70.11318830727397,0.0815602836879432,0.134020618556701,52.62301674343789
50.0,12.0,1.0,3.0,30.0,70.0,Pet Food,Literature,High,0.1842284160435078,0.01,D,0.25,40.430863358259685,0.1843971631205673,0.4845360824742268,65.00694596768297
45.0,11.0,1.0,2.5,50.0,75.0,Pet Food,Estimate,Medium,0.1502379333786539,0.01,C,0.5,49.29048266485384,0.202127659574468,0.4329896907216495,61.54310155735907
18.0,10.0,70.0,1.1,85.0,80.0,Pet Food,Estimate,Medium,0.0550645819170632,0.7,B,0.75,81.29741672331747,0.2198581560283688,0.1546391752577319,46.73905096146816
35.0,9.0,85.0,0.7,60.0,90.0,Pet Food,Estimate,Medium,0.0278721957851801,0.85,C,0.5,79.3851121685928,0.2553191489361702,0.3298969072164948,53.72888791401624
80.0,22.0,0.0,6.0,90.0,100.0,Pet Food,Literature,High,0.3881713120326308,0.0,A,1.0,54.473147518694766,0.2907801418439716,0.7938144329896907,75.15171455728596
80.0,22.0,0.0,4.0,95.0,95.0,Pet Food,Estimate,Medium,0.2522093813732154,0.0,A,1.0,59.91162474507138,0.2730496453900709,0.7938144329896907,76.038239379981
16.0,12.0,5.0,1.1,90.0,45.0,Home Care,Estimate,Medium,0.0550645819170632,0.05,A,1.0,69.29741672331747,0.0957446808510638,0.134020618556701,51.91379688528186
16.0,12.0,5.0,0.8,95.0,41.0,Home Care,Estimate,Medium,0.0346702923181509,0.05,A,1.0,70.11318830727397,0.0815602836879432,0.134020618556701,52.62301674343789
65.0,18.0,1.0,3.1,50.0,80.0,Home Care,Literature,High,0.1910265125764785,0.01,C,0.5,47.65893949694087,0.2198581560283688,0.6391752577319587,70.9658550851795
65.0,18.0,1.0,2.0,70.0,78.0,Home Care,Estimate,Medium,0.1162474507138001,0.01,B,0.75,58.15010197144799,0.2127659574468085,0.6391752577319587,71.32046501425751
30.0,10.0,1.0,2.5,30.0,50.0,Home Care,Estimate,Medium,0.1502379333786539,0.01,D,0.25,41.79048266485385,0.1134751773049645,0.2783505154639175,58.24376690794766
30.0,10.0,1.0,2.3,50.0,55.0,Home Care,Estimate,Medium,0.1366417403127124,0.01,C,0.5,49.8343303874915,0.1312056737588652,0.2783505154639175,57.357242085252615
25.0,9.0,85.0,0.7,60.0,80.0,Home Care,Estimate,Medium,0.0278721957851801,0.85,C,0.5,79.3851121685928,0.2198581560283688,0.2268041237113402,50.34729838414857
18.0,12.0,60.0,1.1,75.0,90.0,Home Care,Estimate,Medium,0.0550645819170632,0.6,B,0.75,78.29741672331747,0.2553191489361702,0.1546391752577319,44.96600131607809
16.0,12.0,5.0,1.1,90.0,45.0,Personal Care,Estimate,Medium,0.0550645819170632,0.05,A,1.0,69.29741672331747,0.0957446808510638,0.134020618556701,51.91379688528186
16.0,12.0,5.0,0.8,95.0,41.0,Personal Care,Estimate,Medium,0.0346702923181509,0.05,A,1.0,70.11318830727397,0.0815602836879432,0.134020618556701,52.62301674343789
60.0,15.0,1.0,3.0,40.0,80.0,Personal Care,Literature,High,0.1842284160435078,0.01,D,0.25,40.430863358259685,0.2198581560283688,0.5876288659793815,68.38853549755063
60.0,15.0,1.0,1.8,60.0,78.0,Personal Care,Estimate,Medium,0.1026512576478586,0.01,C,0.5,51.19394969408566,0.2127659574468085,0.5876288659793815,68.74314542662864
18.0,10.0,70.0,1.1,85.0,80.0,Personal Care,Estimate,Medium,0.0550645819170632,0.7,B,0.75,81.29741672331747,0.2198581560283688,0.1546391752577319,46.73905096146816
35.0,9.0,85.0,0.7,60.0,90.0,Personal Care,Estimate,Medium,0.0278721957851801,0.85,C,0.5,79.3851121685928,0.2553191489361702,0.3298969072164948,53.72888791401624
18.0,18.0,5.0,1.2,90.0,50.0,Electronics,Literature,High,0.0618626784500339,0.05,A,1.0,69.02549286199864,0.1134751773049645,0.1546391752577319,52.05819989763838
18.0,18.0,5.0,0.82,95.0,46.0,Electronics,Literature,High,0.036029911624745,0.05,A,1.0,70.0588035350102,0.0992907801418439,0.1546391752577319,52.7674197557944
12.0,8.0,85.0,0.5,80.0,56.0,Electronics,Estimate,Medium,0.0142760027192386,0.85,B,0.75,87.42895989123046,0.1347517730496454,0.0927835051546391,47.90158660524969
70.0,20.0,1.0,4.0,20.0,90.0,Electronics,Literature,High,0.2522093813732154,0.01,D,0.25,37.71162474507138,0.2553191489361702,0.6907216494845361,71.7701250274183
70.0,20.0,1.0,3.0,40.0,85.0,Electronics,Estimate,Medium,0.1842284160435078,0.01,D,0.25,40.430863358259685,0.2375886524822695,0.6907216494845361,72.65664985011333
16.0,14.0,80.0,1.1,75.0,60.0,Electronics,Estimate,Medium,0.0550645819170632,0.8,B,0.75,84.29741672331747,0.1489361702127659,0.134020618556701,49.25422241719675
15.0,11.0,5.0,1.1,90.0,44.0,Pharma,Estimate,Medium,0.0550645819170632,0.05,A,1.0,69.29741672331747,0.0921985815602836,0.1237113402061855,51.575637932295095
15.0,11.0,5.0,0.8,95.0,40.0,Pharma,Estimate,Medium,0.0346702923181509,0.05,A,1.0,70.11318830727397,0.0780141843971631,0.1237113402061855,52.28485779045112
9.0,5.0,85.0,0.5,80.0,50.0,Pharma,Estimate,Medium,0.0142760027192386,0.85,B,0.75,87.42895989123046,0.1134751773049645,0.0618556701030927,47.41902463990642
60.0,15.0,1.0,8.0,10.0,120.0,Pharma,Literature,High,0.5241332426920462,0.01,D,0.25,26.83467029231815,0.3617021276595745,0.5876288659793815,61.296336915990345
65.0,16.0,1.0,3.0,40.0,150.0,Pharma,Estimate,Medium,0.1842284160435078,0.01,D,0.25,40.430863358259685,0.4680851063829787,0.6391752577319587,58.554507567449
28.0,12.0,70.0,1.2,70.0,140.0,Pharma,Estimate,Medium,0.0618626784500339,0.7,B,0.75,81.02549286199864,0.4326241134751773,0.2577319587628865,41.25539226438546
70.0,10.0,0.0,2.4,95.0,130.0,Pharma,Literature,High,0.1434398368456832,0.0,A,1.0,64.26240652617268,0.3971631205673759,0.6907216494845361,64.67792644585802
60.0,12.0,1.0,3.0,40.0,80.0,Pharma,Estimate,Medium,0.1842284160435078,0.01,D,0.25,40.430863358259685,0.2198581560283688,0.5876288659793815,68.38853549755063
60.0,12.0,1.0,1.8,60.0,78.0,Pharma,Estimate,Medium,0.1026512576478586,0.01,C,0.5,51.19394969408566,0.2127659574468085,0.5876288659793815,68.74314542662864
18.0,16.0,5.0,1.2,90.0,48.0,Medical,Estimate,Medium,0.0618626784500339,0.05,A,1.0,69.02549286199864,0.1063829787234042,0.1546391752577319,52.41280982671639
18.0,16.0,5.0,0.82,95.0,44.0,Medical,Estimate,Medium,0.036029911624745,0.05,A,1.0,70.0588035350102,0.0921985815602836,0.1546391752577319,53.12202968487241
11.0,7.0,85.0,0.5,80.0,54.0,Medical,Estimate,Medium,0.0142760027192386,0.85,B,0.75,87.42895989123046,0.1276595744680851,0.0824742268041237,47.740732616801935
65.0,16.0,1.0,3.0,40.0,80.0,Medical,Estimate,Medium,0.1842284160435078,0.01,D,0.25,40.430863358259685,0.2198581560283688,0.6391752577319587,70.9658550851795
65.0,16.0,1.0,1.8,60.0,78.0,Medical,Estimate,Medium,0.1026512576478586,0.01,C,0.5,51.19394969408566,0.2127659574468085,0.6391752577319587,71.32046501425751
20.0,10.0,80.0,1.1,85.0,90.0,Medical,Estimate,Medium,0.0550645819170632,0.8,B,0.75,84.29741672331747,0.2553191489361702,0.1752577319587628,45.99692915112964
30.0,10.0,1.0,2.5,30.0,50.0,Medical,Estimate,Medium,0.1502379333786539,0.01,D,0.25,41.79048266485385,0.1134751773049645,0.2783505154639175,58.24376690794766
30.0,10.0,1.0,2.3,50.0,55.0,Medical,Estimate,Medium,0.1366417403127124,0.01,C,0.5,49.8343303874915,0.1312056737588652,0.2783505154639175,57.357242085252615
25.0,9.0,85.0,0.7,60.0,80.0,Medical,Estimate,Medium,0.0278721957851801,0.85,C,0.5,79.3851121685928,0.2198581560283688,0.2268041237113402,50.34729838414857
20.0,20.0,5.0,1.3,88.0,50.0,Industrial,Estimate,Medium,0.0686607749830047,0.05,B,0.75,61.25356900067982,0.1134751773049645,0.1752577319587628,53.08912773268992
20.0,20.0,5.0,0.9,93.0,46.0,Industrial,Estimate,Medium,0.0414683888511216,0.05,A,1.0,69.84126444595513,0.0992907801418439,0.1752577319587628,53.79834759084594
70.0,30.0,1.0,4.0,50.0,100.0,Industrial,Estimate,Medium,0.2522093813732154,0.01,C,0.5,45.211624745071376,0.2907801418439716,0.6907216494845361,69.99707538202821
70.0,30.0,1.0,2.8,65.0,95.0,Industrial,Estimate,Medium,0.1706322229775662,0.01,C,0.5,48.47471108089735,0.2730496453900709,0.6907216494845361,70.88360020472327
80.0,35.0,0.0,7.0,90.0,140.0,Industrial,Estimate,Medium,0.4561522773623385,0.0,A,1.0,51.753908905506464,0.4326241134751773,0.7938144329896907,68.05951597572566
50.0,25.0,30.0,2.5,55.0,120.0,Industrial,Estimate,Medium,0.1502379333786539,0.3,C,0.5,57.99048266485385,0.3617021276595745,0.4845360824742268,56.141697740732624
18.0,16.0,5.0,1.2,88.0,48.0,Chemicals,Estimate,Medium,0.0618626784500339,0.05,B,0.75,61.52549286199864,0.1063829787234042,0.1546391752577319,52.41280982671639
18.0,16.0,5.0,0.82,93.0,44.0,Chemicals,Estimate,Medium,0.036029911624745,0.05,A,1.0,70.0588035350102,0.0921985815602836,0.1546391752577319,53.12202968487241
70.0,35.0,1.0,4.0,50.0,100.0,Chemicals,Estimate,Medium,0.2522093813732154,0.01,C,0.5,45.211624745071376,0.2907801418439716,0.6907216494845361,69.99707538202821
70.0,35.0,1.0,2.8,65.0,95.0,Chemicals,Estimate,Medium,0.1706322229775662,0.01,C,0.5,48.47471108089735,0.2730496453900709,0.6907216494845361,70.88360020472327
85.0,40.0,0.0,8.0,90.0,140.0,Chemicals,Literature,High,0.5241332426920462,0.0,A,1.0,49.03467029231815,0.4326241134751773,0.845360824742268,70.63683556335454
80.0,38.0,1.0,7.0,70.0,150.0,Chemicals,Estimate,Medium,0.4561522773623385,0.01,B,0.75,44.55390890550645,0.4680851063829787,0.7938144329896907,66.28646633033559
16.0,12.0,5.0,1.1,90.0,45.0,Cosmetic Shipping,Estimate,Medium,0.0550645819170632,0.05,A,1.0,69.29741672331747,0.0957446808510638,0.134020618556701,51.91379688528186
16.0,12.0,5.0,0.8,95.0,41.0,Cosmetic Shipping,Estimate,Medium,0.0346702923181509,0.05,A,1.0,70.11318830727397,0.0815602836879432,0.134020618556701,52.62301674343789
10.0,6.0,80.0,0.8,90.0,35.0,Cosmetic Shipping,Estimate,Medium,0.0346702923181509,0.8,A,1.0,92.61318830727396,0.0602836879432624,0.0721649484536082,50.594063025517286
30.0,10.0,1.0,2.5,30.0,50.0,Cosmetic Shipping,Estimate,Medium,0.1502379333786539,0.01,D,0.25,41.79048266485385,0.1134751773049645,0.2783505154639175,58.24376690794766
30.0,10.0,1.0,1.8,50.0,48.0,Cosmetic Shipping,Estimate,Medium,0.1026512576478586,0.01,C,0.5,51.19394969408566,0.1063829787234042,0.2783505154639175,58.59837683702567
20.0,8.0,85.0,0.7,60.0,80.0,Cosmetic Shipping,Estimate,Medium,0.0278721957851801,0.85,C,0.5,79.3851121685928,0.2198581560283688,0.1752577319587628,47.76997879651971
16.0,12.0,5.0,1.1,90.0,45.0,Subscription,Estimate,Medium,0.0550645819170632,0.05,A,1.0,69.29741672331747,0.0957446808510638,0.134020618556701,51.91379688528186
16.0,12.0,5.0,0.8,95.0,41.0,Subscription,Estimate,Medium,0.0346702923181509,0.05,A,1.0,70.11318830727397,0.0815602836879432,0.134020618556701,52.62301674343789
10.0,6.0,80.0,0.8,90.0,35.0,Subscription,Estimate,Medium,0.0346702923181509,0.8,A,1.0,92.61318830727396,0.0602836879432624,0.0721649484536082,50.594063025517286
30.0,10.0,1.0,2.5,30.0,50.0,Subscription,Estimate,Medium,0.1502379333786539,0.01,D,0.25,41.79048266485385,0.1134751773049645,0.2783505154639175,58.24376690794766
30.0,10.0,1.0,1.8,50.0,48.0,Subscription,Estimate,Medium,0.1026512576478586,0.01,C,0.5,51.19394969408566,0.1063829787234042,0.2783505154639175,58.59837683702567
20.0,8.0,85.0,0.7,60.0,80.0,Subscription,Estimate,Medium,0.0278721957851801,0.85,C,0.5,79.3851121685928,0.2198581560283688,0.1752577319587628,47.76997879651971
16.0,12.0,5.0,1.1,90.0,50.0,Gifts,Estimate,Medium,0.0550645819170632,0.05,A,1.0,69.29741672331747,0.1134751773049645,0.134020618556701,51.027272062586825
16.0,12.0,5.0,0.8,95.0,45.0,Gifts,Estimate,Medium,0.0346702923181509,0.05,A,1.0,70.11318830727397,0.0957446808510638,0.134020618556701,51.91379688528186
10.0,6.0,80.0,0.8,90.0,40.0,Gifts,Estimate,Medium,0.0346702923181509,0.8,A,1.0,92.61318830727396,0.0780141843971631,0.0721649484536082,49.707538202822256
30.0,10.0,1.0,2.5,30.0,55.0,Gifts,Estimate,Medium,0.1502379333786539,0.01,D,0.25,41.79048266485385,0.1312056737588652,0.2783505154639175,57.357242085252615
30.0,10.0,1.0,1.8,50.0,50.0,Gifts,Estimate,Medium,0.1026512576478586,0.01,C,0.5,51.19394969408566,0.1134751773049645,0.2783505154639175,58.24376690794766
20.0,8.0,85.0,0.7,60.0,85.0,Gifts,Estimate,Medium,0.0278721957851801,0.85,C,0.5,79.3851121685928,0.2375886524822695,0.1752577319587628,46.88345397382467
15.0,11.0,5.0,1.1,90.0,44.0,Electronics Accessory,Estimate,Medium,0.0550645819170632,0.05,A,1.0,69.29741672331747,0.0921985815602836,0.1237113402061855,51.575637932295095
15.0,11.0,5.0,0.8,95.0,40.0,Electronics Accessory,Estimate,Medium,0.0346702923181509,0.05,A,1.0,70.11318830727397,0.0780141843971631,0.1237113402061855,52.28485779045112
9.0,5.0,85.0,0.5,80.0,50.0,Electronics Accessory,Estimate,Medium,0.0142760027192386,0.85,B,0.75,87.42895989123046,0.1134751773049645,0.0618556701030927,47.41902463990642
60.0,15.0,1.0,3.0,40.0,80.0,Electronics Accessory,Estimate,Medium,0.1842284160435078,0.01,D,0.25,40.430863358259685,0.2198581560283688,0.5876288659793815,68.38853549755063
60.0,15.0,1.0,1.8,60.0,78.0,Electronics Accessory,Estimate,Medium,0.1026512576478586,0.01,C,0.5,51.19394969408566,0.2127659574468085,0.5876288659793815,68.74314542662864
18.0,10.0,80.0,1.0,85.0,70.0,Electronics Accessory,Estimate,Medium,0.0482664853840924,0.8,B,0.75,84.56934058463631,0.1843971631205673,0.1546391752577319,48.51210060685823
18.0,18.0,5.0,1.2,88.0,48.0,Beverage Shipping,Estimate,Medium,0.0618626784500339,0.05,B,0.75,61.52549286199864,0.1063829787234042,0.1546391752577319,52.41280982671639
18.0,18.0,5.0,0.82,93.0,44.0,Beverage Shipping,Estimate,Medium,0.036029911624745,0.05,A,1.0,70.0588035350102,0.0921985815602836,0.1546391752577319,53.12202968487241
12.0,9.0,85.0,0.5,80.0,55.0,Beverage Shipping,Estimate,Medium,0.0142760027192386,0.85,B,0.75,87.42895989123046,0.1312056737588652,0.0927835051546391,48.078891569788695
65.0,18.0,1.0,3.0,40.0,80.0,Beverage Shipping,Estimate,Medium,0.1842284160435078,0.01,D,0.25,40.430863358259685,0.2198581560283688,0.6391752577319587,70.9658550851795
65.0,18.0,1.0,1.8,60.0,78.0,Beverage Shipping,Estimate,Medium,0.1026512576478586,0.01,C,0.5,51.19394969408566,0.2127659574468085,0.6391752577319587,71.32046501425751
16.0,12.0,80.0,1.0,85.0,60.0,Beverage Shipping,Estimate,Medium,0.0482664853840924,0.8,B,0.75,84.56934058463631,0.1489361702127659,0.134020618556701,49.25422241719675
22.0,24.0,5.0,1.3,88.0,55.0,Palletization,Estimate,Medium,0.0686607749830047,0.05,B,0.75,61.25356900067982,0.1312056737588652,0.1958762886597938,53.23353074504643
22.0,24.0,5.0,0.9,93.0,50.0,Palletization,Estimate,Medium,0.0414683888511216,0.05,A,1.0,69.84126444595513,0.1134751773049645,0.1958762886597938,54.12005556774147
70.0,30.0,1.0,4.0,50.0,120.0,Palletization,Estimate,Medium,0.2522093813732154,0.01,C,0.5,45.211624745071376,0.3617021276595745,0.6907216494845361,66.45097609124808
70.0,30.0,1.0,2.8,65.0,115.0,Palletization,Estimate,Medium,0.1706322229775662,0.01,C,0.5,48.47471108089735,0.3439716312056737,0.6907216494845361,67.33750091394312
80.0,35.0,0.0,7.0,90.0,150.0,Palletization,Estimate,Medium,0.4561522773623385,0.0,A,1.0,51.753908905506464,0.4680851063829787,0.7938144329896907,66.28646633033559
50.0,25.0,30.0,2.5,55.0,130.0,Palletization,Estimate,Medium,0.1502379333786539,0.3,C,0.5,57.99048266485385,0.3971631205673759,0.4845360824742268,54.36864809534254
20.0,20.0,5.0,1.3,88.0,55.0,Bulk Liquids,Estimate,Medium,0.0686607749830047,0.05,B,0.75,61.25356900067982,0.1312056737588652,0.1752577319587628,52.20260290999488
20.0,20.0,5.0,0.9,93.0,50.0,Bulk Liquids,Estimate,Medium,0.0414683888511216,0.05,A,1.0,69.84126444595513,0.1134751773049645,0.1752577319587628,53.08912773268992
35.0,15.0,1.0,2.5,30.0,60.0,Bulk Liquids,Estimate,Medium,0.1502379333786539,0.01,D,0.25,41.79048266485385,0.1489361702127659,0.3298969072164948,59.04803685018645
35.0,15.0,1.0,2.3,50.0,65.0,Bulk Liquids,Estimate,Medium,0.1366417403127124,0.01,C,0.5,49.8343303874915,0.1666666666666666,0.3298969072164948,58.16151202749141
30.0,14.0,85.0,0.8,60.0,85.0,Bulk Liquids,Estimate,Medium,0.0346702923181509,0.85,C,0.5,79.11318830727397,0.2375886524822695,0.2783505154639175,52.03809314908241
70.0,35.0,1.0,4.0,50.0,100.0,Bulk Liquids,Estimate,Medium,0.2522093813732154,0.01,C,0.5,45.211624745071376,0.2907801418439716,0.6907216494845361,69.99707538202821
70.0,35.0,1.0,2.8,65.0,95.0,Bulk Liquids,Estimate,Medium,0.1706322229775662,0.01,C,0.5,48.47471108089735,0.2730496453900709,0.6907216494845361,70.88360020472327
80.0,40.0,0.0,7.0,90.0,140.0,Bulk Liquids,Estimate,Medium,0.4561522773623385,0.0,A,1.0,51.753908905506464,0.4326241134751773,0.7938144329896907,68.05951597572566
18.0,16.0,5.0,1.2,90.0,48.0,Shipping,Estimate,Medium,0.0618626784500339,0.05,A,1.0,69.02549286199864,0.1063829787234042,0.1546391752577319,52.41280982671639
18.0,16.0,5.0,0.82,95.0,44.0,Shipping,Estimate,Medium,0.036029911624745,0.05,A,1.0,70.0588035350102,0.0921985815602836,0.1546391752577319,53.12202968487241
15.0,12.0,80.0,1.0,90.0,42.0,Shipping,Estimate,Medium,0.0482664853840924,0.8,A,1.0,92.06934058463632,0.0851063829787234,0.1237113402061855,51.930247861373104
35.0,12.0,1.0,2.5,30.0,50.0,Shipping,Estimate,Medium,0.1502379333786539,0.01,D,0.25,41.79048266485385,0.1134751773049645,0.3298969072164948,60.82108649557652
35.0,12.0,1.0,1.8,50.0,48.0,Shipping,Estimate,Medium,0.1026512576478586,0.01,C,0.5,51.19394969408566,0.1063829787234042,0.3298969072164948,61.175696424654525
25.0,10.0,85.0,0.7,60.0,80.0,Shipping,Estimate,Medium,0.0278721957851801,0.85,C,0.5,79.3851121685928,0.2198581560283688,0.2268041237113402,50.34729838414857
16.0,14.0,5.0,1.1,90.0,46.0,Retail,Estimate,Medium,0.0550645819170632,0.05,A,1.0,69.29741672331747,0.0992907801418439,0.134020618556701,51.73649192074286
16.0,14.0,5.0,0.8,95.0,42.0,Retail,Estimate,Medium,0.0346702923181509,0.05,A,1.0,70.11318830727397,0.0851063829787234,0.134020618556701,52.44571177889888
14.0,12.0,80.0,0.9,90.0,40.0,Retail,Estimate,Medium,0.0414683888511216,0.8,A,1.0,92.34126444595516,0.0780141843971631,0.1134020618556701,51.76939387292535
60.0,15.0,1.0,3.0,40.0,80.0,Retail,Estimate,Medium,0.1842284160435078,0.01,D,0.25,40.430863358259685,0.2198581560283688,0.5876288659793815,68.38853549755063
60.0,15.0,1.0,1.8,60.0,78.0,Retail,Estimate,Medium,0.1026512576478586,0.01,C,0.5,51.19394969408566,0.2127659574468085,0.5876288659793815,68.74314542662864
30.0,10.0,85.0,0.7,60.0,90.0,Retail,Estimate,Medium,0.0278721957851801,0.85,C,0.5,79.3851121685928,0.2553191489361702,0.2783505154639175,51.15156832638736
18.0,14.0,5.0,1.2,88.0,50.0,POS,Estimate,Medium,0.0618626784500339,0.05,B,0.75,61.52549286199864,0.1134751773049645,0.1546391752577319,52.05819989763838
18.0,14.0,5.0,0.9,93.0,46.0,POS,Estimate,Medium,0.0414683888511216,0.05,A,1.0,69.84126444595513,0.0992907801418439,0.1546391752577319,52.7674197557944
16.0,12.0,80.0,1.0,90.0,45.0,POS,Estimate,Medium,0.0482664853840924,0.8,A,1.0,92.06934058463632,0.0957446808510638,0.134020618556701,51.91379688528186
65.0,18.0,1.0,3.0,40.0,90.0,POS,Estimate,Medium,0.1842284160435078,0.01,D,0.25,40.430863358259685,0.2553191489361702,0.6391752577319587,69.19280543978942
65.0,18.0,1.0,1.8,60.0,88.0,POS,Estimate,Medium,0.1026512576478586,0.01,C,0.5,51.19394969408566,0.2482269503546099,0.6391752577319587,69.54741536886743
30.0,10.0,85.0,0.7,60.0,95.0,POS,Estimate,Medium,0.0278721957851801,0.85,C,0.5,79.3851121685928,0.2730496453900709,0.2783505154639175,50.26504350369233
16.0,12.0,5.0,1.1,90.0,45.0,Secondary,Estimate,Medium,0.0550645819170632,0.05,A,1.0,69.29741672331747,0.0957446808510638,0.134020618556701,51.91379688528186
16.0,12.0,5.0,0.8,95.0,41.0,Secondary,Estimate,Medium,0.0346702923181509,0.05,A,1.0,70.11318830727397,0.0815602836879432,0.134020618556701,52.62301674343789
