product_id,product_weight_kg,fragility_index,product_name,category,shipping_type
-1.7308964916742056,-0.26503664191024934,-0.5679246172826027,-1.3374714388018938,0.3140232898242012,-1.3367600660243681
-1.7285870900842466,-0.38973433896508486,2.1919682312829614,0.844910939630209,-0.2937637227387689,-1.3367600660243681
-1.7262776884942879,-0.4520831874925027,1.2720039484277732,0.2963851860822906,-1.509337747864709,0.41905438146823454
-1.723968286904329,-0.5144320360199205,0.3520396655725853,-0.034136742337608994,1.5295973149501414,-1.3367600660243681
-1.72165888531437,-0.1403389448554138,-0.5679246172826027,1.0465058746948286,0.3140232898242012,0.41905438146823454
-1.719349483724411,0.17140529778167515,-1.4878889001377906,-1.5812606626009686,0.9218103023871712,2.174868828960837
-1.717040082134452,-0.07799009632799593,1.2720039484277732,-0.6975247263293223,-0.901550735301739,2.174868828960837
-1.7147306805444933,-0.3273854904376671,1.2720039484277732,-0.9999171289262517,-0.2937637227387689,0.41905438146823454
-1.7124212789545343,-0.20268779338283155,-0.5679246172826027,-1.5203133566512,0.3140232898242012,-1.3367600660243681
-1.7101118773645754,-0.38973433896508486,-0.5679246172826027,1.0933884177331121,-1.509337747864709,0.41905438146823454
-1.7078024757746164,-0.4520831874925027,0.3520396655725853,1.5082989236219222,1.5295973149501414,-1.3367600660243681
-1.7054930741846575,0.04670760072683961,0.3520396655725853,-0.3107437462634824,-0.901550735301739,0.41905438146823454
-1.7031836725946987,0.9819403286381064,2.1919682312829614,-0.20994627873117258,-0.2937637227387689,-1.3367600660243681
-1.7008742710047398,-0.26503664191024934,1.2720039484277732,1.2363801739998772,-0.2937637227387689,-1.3367600660243681
-1.6985648694147808,-0.3273854904376671,0.3520396655725853,0.6831661661481304,-1.509337747864709,0.41905438146823454
-1.6962554678248218,-0.26503664191024934,-0.5679246172826027,-1.5250016109550282,0.3140232898242012,2.174868828960837
-1.6939460662348629,-0.4520831874925027,-0.5679246172826027,0.9269553899472053,0.3140232898242012,0.41905438146823454
-1.6916366646449041,0.17140529778167515,1.2720039484277732,1.660667188496344,-0.901550735301739,2.174868828960837
-1.6893272630549452,-0.3273854904376671,-0.5679246172826027,-1.4265482705746326,0.3140232898242012,-1.3367600660243681
-1.6870178614649862,-0.38973433896508486,0.3520396655725853,0.017434055004502992,1.5295973149501414,-1.3367600660243681
-1.6847084598750273,-0.20268779338283155,1.2720039484277732,0.35498836488014507,-1.509337747864709,0.41905438146823454
-1.6823990582850683,-0.5144320360199205,0.3520396655725853,0.4065591622222571,-0.2937637227387689,0.41905438146823454
-1.6800896566951096,-0.4520831874925027,0.3520396655725853,1.2879509713419892,-0.2937637227387689,-1.3367600660243681
-1.6777802551051506,-0.1403389448554138,-1.4878889001377906,0.16276993842318224,0.9218103023871712,-1.3367600660243681
-1.6754708535151916,-0.26503664191024934,-0.5679246172826027,-1.5226574838031142,0.3140232898242012,0.41905438146823454
-1.6731614519252327,-0.4520831874925027,-0.5679246172826027,-1.093682215002819,-1.509337747864709,0.41905438146823454
-1.6708520503352737,-0.20268779338283155,-0.5679246172826027,0.9738379329854889,0.3140232898242012,-1.3367600660243681
-1.668542648745315,-0.07799009632799593,0.3520396655725853,1.6020640096984895,-0.901550735301739,0.41905438146823454
-1.666233247155356,-0.26503664191024934,-0.5679246172826027,-0.9928847474705091,-0.901550735301739,0.41905438146823454
-1.663923845565397,-0.38973433896508486,1.2720039484277732,-0.41154121379579217,-0.2937637227387689,-1.3367600660243681
-1.6616144439754381,0.9819403286381064,-1.4878889001377906,-1.5320339924107709,0.9218103023871712,2.174868828960837
-1.6593050423854794,-0.38973433896508486,0.3520396655725853,-0.03882499664143736,1.5295973149501414,-1.3367600660243681
-1.6569956407955204,-0.26503664191024934,0.3520396655725853,0.7394252177940708,-1.509337747864709,0.41905438146823454
-1.6546862392055615,-0.1403389448554138,-0.5679246172826027,1.0910442905811981,0.3140232898242012,0.41905438146823454
-1.6523768376156025,-0.3273854904376671,-0.5679246172826027,-1.3773216003844349,0.3140232898242012,-1.3367600660243681
-1.6500674360256435,-0.38973433896508486,-0.5679246172826027,-1.288244768611696,0.3140232898242012,-1.3367600660243681
-1.6477580344356848,-0.3273854904376671,0.3520396655725853,-0.09977230259120608,-1.509337747864709,0.41905438146823454
-1.6454486328457258,-0.20268779338283155,1.2720039484277732,1.2902950984939034,-0.2937637227387689,-1.3367600660243681
-1.6431392312557669,-0.4520831874925027,1.2720039484277732,0.9222671356433769,-0.2937637227387689,-1.3367600660243681
-1.640829829665808,-0.26503664191024934,0.3520396655725853,1.55752559381212,1.5295973149501414,-1.3367600660243681
-1.638520428075849,-0.38973433896508486,-0.5679246172826027,1.3207687514687878,0.3140232898242012,-1.3367600660243681
-1.6362110264858902,-0.1403389448554138,1.2720039484277732,0.3526442377282309,-1.509337747864709,0.41905438146823454
-1.6339016248959313,-0.3273854904376671,-0.5679246172826027,-1.4734308136129164,0.3140232898242012,0.41905438146823454
-1.6315922233059723,-0.26503664191024934,-0.5679246172826027,-0.30371136480773986,0.3140232898242012,0.41905438146823454
-1.6292828217160134,-0.20268779338283155,-0.5679246172826027,1.0207204760237725,0.3140232898242012,0.41905438146823454
-1.6269734201260544,-0.38973433896508486,-1.4878889001377906,-1.5296898652588566,0.9218103023871712,-1.3367600660243681
-1.6246640185360957,-0.4520831874925027,-0.5679246172826027,-0.9952288746224233,0.3140232898242012,0.41905438146823454
-1.6223546169461367,-0.5144320360199205,0.3520396655725853,-0.03648086948952318,1.5295973149501414,-1.3367600660243681
-1.6200452153561777,0.6701960860010175,0.3520396655725853,1.6536348070406015,-0.901550735301739,2.174868828960837
-1.6177358137662188,0.04670760072683961,1.2720039484277732,-0.9975730017743375,-0.2937637227387689,0.41905438146823454
-1.6154264121762598,-0.48325761175621157,0.3520396655725853,1.7052056043827135,-0.2937637227387689,-1.3367600660243681
-1.613117010586301,1.2936845712751954,1.2720039484277732,-0.6998688534812365,-0.2937637227387689,0.41905438146823454
-1.6108076089963421,2.041870753604209,1.2720039484277732,-0.24510818600988532,-0.2937637227387689,2.174868828960837
-1.6084982074063832,-0.40220410867056844,0.3520396655725853,0.5073566297545669,-0.2937637227387689,-1.3367600660243681
-1.6061888058164242,-0.046815672064287085,1.2720039484277732,-1.5836047897528829,-0.2937637227387689,0.41905438146823454
-1.6038794042264652,0.10905644925425746,1.2720039484277732,-0.5076504270242737,-0.2937637227387689,-1.3367600660243681
-1.6015700026365065,-0.3273854904376671,0.3520396655725853,-0.35997041645368016,-0.2937637227387689,0.41905438146823454
-1.5992606010465475,4.847568937338009,1.2720039484277732,0.8050607780476678,-0.2937637227387689,2.174868828960837
-1.5969511994565886,-0.26503664191024934,0.3520396655725853,1.65832306134443,-0.2937637227387689,0.41905438146823454
-1.5946417978666296,-0.5393715754308875,-0.5679246172826027,1.5059547964700082,-0.2937637227387689,-1.3367600660243681
-1.592332396276671,-0.015641247800578163,-1.4878889001377906,-0.46076788398599,0.9218103023871712,0.41905438146823454
-1.590022994686712,0.8572426315832707,-1.4878889001377906,0.22606137152486513,0.9218103023871712,0.41905438146823454
-1.587713593096753,-0.20268779338283155,-1.4878889001377906,0.793340142288097,0.9218103023871712,0.41905438146823454
-1.585404191506794,-0.3273854904376671,-1.4878889001377906,-1.0913380878509047,0.9218103023871712,-1.3367600660243681
-1.583094789916835,0.04670760072683961,-1.4878889001377906,-0.09508404828737771,0.9218103023871712,0.41905438146823454
-1.5807853883268763,-0.26503664191024934,-1.4878889001377906,0.40890328937417125,0.9218103023871712,-1.3367600660243681
-1.5784759867369174,-0.35855991470137605,-1.4878889001377906,-1.4242041434227184,0.9218103023871712,-1.3367600660243681
-1.5761665851469584,0.17140529778167515,-1.4878889001377906,-1.2413622255734122,0.9218103023871712,0.41905438146823454
-1.5738571835569994,-0.1403389448554138,-1.4878889001377906,0.5354861555775371,0.9218103023871712,0.41905438146823454
-1.5715477819670405,-0.07799009632799593,-1.4878889001377906,0.2166848629172084,0.9218103023871712,0.41905438146823454
-1.5692383803770817,-0.3273854904376671,-0.5679246172826027,0.5120448840583952,0.3140232898242012,0.41905438146823454
-1.5669289787871228,-0.26503664191024934,-0.5679246172826027,-0.357626289301766,0.3140232898242012,0.41905438146823454
-1.5646195771971638,-0.20268779338283155,-0.5679246172826027,0.2916969317784622,0.3140232898242012,0.41905438146823454
-1.5623101756072049,2.540661541823551,-1.4878889001377906,0.6198747330464476,0.3140232898242012,0.41905438146823454
-1.560000774017246,0.6701960860010175,-1.4878889001377906,1.1519915965309666,0.3140232898242012,0.41905438146823454
-1.5576913724272872,-0.015641247800578163,-0.5679246172826027,-1.1358765037372742,0.3140232898242012,0.41905438146823454
-1.5553819708373282,0.04670760072683961,0.3520396655725853,0.2799762960188913,0.3140232898242012,0.41905438146823454
-1.5530725692473693,0.17140529778167515,-0.5679246172826027,-0.7444072693676059,0.3140232898242012,-1.3367600660243681
-1.5507631676574103,-0.26503664191024934,-0.5679246172826027,-0.6061037674046692,0.3140232898242012,0.41905438146823454
-1.5484537660674513,-0.1403389448554138,-0.5679246172826027,1.0957325448850264,0.3140232898242012,-1.3367600660243681
-1.5461443644774926,-0.5144320360199205,0.3520396655725853,-0.15368722708523225,-1.509337747864709,0.41905438146823454
-1.5438349628875336,-0.48325761175621157,1.2720039484277732,-0.8475488640518299,-1.509337747864709,0.41905438146823454
-1.5415255612975747,-0.38973433896508486,0.3520396655725853,-0.04116912379335154,-1.509337747864709,0.41905438146823454
-1.5392161597076157,-0.501962266314437,0.3520396655725853,-1.1874473010793862,-1.509337747864709,0.41905438146823454
-1.5369067581176568,-0.4209087632287938,0.3520396655725853,0.06431659804278661,-1.509337747864709,0.41905438146823454
-1.534597356527698,-0.4520831874925027,-0.5679246172826027,-0.7959780667097179,-1.509337747864709,0.41905438146823454
-1.532287954937739,-0.4396134177870192,0.3520396655725853,-0.8991196613939418,-1.509337747864709,0.41905438146823454
-1.52997855334778,-0.38973433896508486,-0.5679246172826027,1.182465249505851,-1.509337747864709,0.41905438146823454
-1.5276691517578211,-0.4645529571979863,0.3520396655725853,-1.686746384437107,-1.509337747864709,0.41905438146823454
-1.5253597501678624,-0.35855991470137605,-0.5679246172826027,-0.5053062998723594,-1.509337747864709,0.41905438146823454
-1.5230503485779034,-0.07799009632799593,0.3520396655725853,-0.7912898124058896,1.5295973149501414,0.41905438146823454
-1.5207409469879445,-0.5269018057254041,0.3520396655725853,-1.042111417660707,1.5295973149501414,-1.3367600660243681
-1.5184315453979855,-0.20268779338283155,0.3520396655725853,-1.637519714246909,1.5295973149501414,0.41905438146823454
-1.5161221438080266,-0.4520831874925027,0.3520396655725853,-0.6529863104429529,1.5295973149501414,-1.3367600660243681
-1.5138127422180678,-0.5456064602836294,0.3520396655725853,-0.9460022044322255,1.5295973149501414,-1.3367600660243681
-1.5115033406281089,-0.5331366905781458,0.3520396655725853,0.11823152253681278,1.5295973149501414,-1.3367600660243681
-1.50919393903815,-0.501962266314437,0.3520396655725853,0.28232042317080547,1.5295973149501414,0.41905438146823454
-1.506884537448191,-0.4645529571979863,-0.5679246172826027,-1.7336289274753904,1.5295973149501414,0.41905438146823454
-1.504575135858232,-0.35855991470137605,-0.5679246172826027,-1.2905888957636102,-0.901550735301739,0.41905438146823454
-1.5022657342682733,-0.20268779338283155,0.3520396655725853,1.3676512945070713,-0.901550735301739,0.41905438146823454
-1.4999563326783143,-0.3273854904376671,0.3520396655725853,1.414533837545355,-0.901550735301739,0.41905438146823454
-1.4976469310883553,0.10905644925425746,0.3520396655725853,-0.30605549195965404,-0.901550735301739,0.41905438146823454
-1.4953375294983964,0.233754146309093,1.2720039484277732,0.5097007569064811,-0.901550735301739,2.174868828960837
-1.4930281279084374,0.4208006918913464,1.2720039484277732,-0.6576745647467812,-0.901550735301739,2.174868828960837
-1.4907187263184787,0.04670760072683961,0.3520396655725853,1.6161287726099747,-0.901550735301739,0.41905438146823454
-1.4884093247285197,-0.015641247800578163,-0.5679246172826027,-0.9483463315841397,-0.901550735301739,0.41905438146823454
-1.4860999231385608,-0.07799009632799593,-0.5679246172826027,1.0183763488718585,0.3140232898242012,0.41905438146823454
-1.4837905215486018,-0.4209087632287938,-0.5679246172826027,0.9292995170991195,0.3140232898242012,0.41905438146823454
-1.4814811199586428,-0.20268779338283155,-0.5679246172826027,-1.2976212772193527,0.3140232898242012,-1.3367600660243681
-1.479171718368684,-0.015641247800578163,-0.5679246172826027,-1.508592720891629,0.3140232898242012,0.41905438146823454
-1.4768623167787251,-0.3273854904376671,-0.5679246172826027,1.3653071673551571,0.3140232898242012,-1.3367600660243681
-1.4745529151887662,-0.35855991470137605,-0.5679246172826027,-1.2554269884848974,0.3140232898242012,-1.3367600660243681
-1.4722435135988072,0.04670760072683961,-1.4878889001377906,0.587056952919649,0.3140232898242012,0.41905438146823454
-1.4699341120088483,0.04670760072683961,-1.4878889001377906,1.1355827064675674,0.3140232898242012,0.41905438146823454
-1.4676247104188895,-0.23386221764654042,-0.5679246172826027,-0.5568770972144714,0.3140232898242012,0.41905438146823454
-1.4653153088289306,-0.07799009632799593,-0.5679246172826027,-0.3177761277192249,0.3140232898242012,0.41905438146823454
-1.4630059072389716,-0.37726456925960133,2.1919682312829614,0.9082023727318919,-0.2937637227387689,-1.3367600660243681
-1.4606965056490127,-0.3959692238178267,2.1919682312829614,0.9035141184280635,-0.2937637227387689,-1.3367600660243681
-1.458387104059054,-0.17151336911912263,1.2720039484277732,1.2387243011517914,-0.2937637227387689,-1.3367600660243681
-1.456077702469095,-0.2962110661739582,1.2720039484277732,1.2410684283037057,-0.2937637227387689,-1.3367600660243681
-1.453768300879136,0.8572426315832707,2.1919682312829614,-0.16306373569288896,-0.2937637227387689,-1.3367600660243681
-1.451458899289177,1.1066380256929422,2.1919682312829614,-0.16540786284480316,-0.2937637227387689,-1.3367600660243681
-1.449149497699218,-0.35855991470137605,1.2720039484277732,-0.3623145436055944,-0.2937637227387689,-1.3367600660243681
-1.4468400961092593,-0.015641247800578163,1.2720039484277732,-1.600013679816282,-0.2937637227387689,0.41905438146823454
-1.4445306945193004,-0.501962266314437,0.3520396655725853,1.7075497315346277,-0.2937637227387689,-1.3367600660243681
-1.4422212929293414,-0.4396134177870192,0.3520396655725853,0.4932918668430818,-0.2937637227387689,-1.3367600660243681
-1.4399118913393825,-0.44584830263976094,1.2720039484277732,0.9246112627952912,-0.2937637227387689,-1.3367600660243681
-1.4376024897494235,-0.25256687220476576,0.3520396655725853,0.6339394959579326,-0.2937637227387689,0.41905438146823454
-1.4352930881594648,2.540661541823551,1.2720039484277732,-0.2333875502503144,-0.2937637227387689,2.174868828960837
-1.4329836865695058,6.281592453468618,1.2720039484277732,0.8285020495668097,-0.2937637227387689,2.174868828960837
-1.4306742849795469,2.2289172991864623,-1.4878889001377906,0.2776321688669771,0.9218103023871712,0.41905438146823454
-1.428364883389588,0.10905644925425746,-1.4878889001377906,0.21434073576529422,0.9218103023871712,0.41905438146823454
-1.426055481799629,-0.10916452059170487,-1.4878889001377906,0.7909960151361828,0.9218103023871712,0.41905438146823454
-1.4237460802096702,-0.2962110661739582,-1.4878889001377906,-1.0514879262683636,0.9218103023871712,-1.3367600660243681
-1.4214366786197112,0.17140529778167515,-1.4878889001377906,-0.06461039531249335,0.9218103023871712,0.41905438146823454
-1.4191272770297523,0.04670760072683961,-1.4878889001377906,-1.379665727536349,0.9218103023871712,0.41905438146823454
-1.4168178754397933,0.35845184336392855,-1.4878889001377906,-1.1921355553832145,0.9218103023871712,0.41905438146823454
-1.4145084738498344,-0.07799009632799593,-1.4878889001377906,0.5495509184890222,0.9218103023871712,0.41905438146823454
-1.4121990722598756,0.04670760072683961,-1.4878889001377906,0.22137311722103675,0.9218103023871712,0.41905438146823454
-1.4098896706699167,0.10905644925425746,-1.4878889001377906,-0.44904724822641906,0.9218103023871712,0.41905438146823454
-1.4075802690799577,-0.4209087632287938,1.2720039484277732,0.3338912205129175,-1.509337747864709,0.41905438146823454
-1.4052708674899987,-0.07799009632799593,1.2720039484277732,0.37139725494354436,-1.509337747864709,0.41905438146823454
-1.4029614659000398,-0.20268779338283155,0.3520396655725853,0.6855102933000446,-1.509337747864709,0.41905438146823454
-1.400652064310081,-0.1403389448554138,0.3520396655725853,0.7816195065285261,-1.509337747864709,0.41905438146823454
-1.398342662720122,-0.501962266314437,1.2720039484277732,-0.8053545753173746,-1.509337747864709,0.41905438146823454
-1.3960332611301631,-0.4645529571979863,0.3520396655725853,-0.10211642974312025,-1.509337747864709,0.41905438146823454
-1.3937238595402042,-0.4894924966089534,0.3520396655725853,-1.1429088851930167,-1.509337747864709,0.41905438146823454
-1.3914144579502454,-0.38973433896508486,0.3520396655725853,0.10651088677724188,-1.509337747864709,0.41905438146823454
-1.3891050563602865,-0.2962110661739582,-0.5679246172826027,1.1848093766577652,-1.509337747864709,0.41905438146823454
-1.3867956547703275,-0.3273854904376671,-0.5679246172826027,-0.486553282657046,-1.509337747864709,0.41905438146823454
-1.3844862531803686,-0.48325761175621157,0.3520396655725853,0.010401673548760447,1.5295973149501414,-1.3367600660243681
-1.3821768515904096,-0.4209087632287938,0.3520396655725853,-0.0036630893627246403,1.5295973149501414,0.41905438146823454
-1.3798674500004509,-0.40220410867056844,0.3520396655725853,0.04321945367555898,1.5295973149501414,-1.3367600660243681
-1.377558048410492,-0.35855991470137605,0.3520396655725853,1.5364284494448925,1.5295973149501414,0.41905438146823454
-1.375248646820533,-0.20268779338283155,0.3520396655725853,1.5809668653312619,1.5295973149501414,0.41905438146823454
-1.372939245230574,0.04670760072683961,0.3520396655725853,-0.7631602865829193,1.5295973149501414,0.41905438146823454
-1.370629843640615,-0.1403389448554138,0.3520396655725853,-1.6351755870949949,1.5295973149501414,0.41905438146823454
-1.3683204420506563,-0.4209087632287938,0.3520396655725853,-0.6084478945565834,1.5295973149501414,-1.3367600660243681
-1.3660110404606973,-0.5518413451363712,0.3520396655725853,-0.9061520428496844,1.5295973149501414,-1.3367600660243681
-1.3637016388707384,-0.4520831874925027,0.3520396655725853,0.289352804626548,1.5295973149501414,0.41905438146823454
-1.3613922372807794,-0.38973433896508486,-0.5679246172826027,-1.689090511589021,1.5295973149501414,0.41905438146823454
-1.3590828356908204,0.2961029948365107,0.3520396655725853,1.6512906798886873,-0.901550735301739,0.41905438146823454
-1.3567734341008617,-0.015641247800578163,0.3520396655725853,1.4567281262798102,-0.901550735301739,0.41905438146823454
-1.3544640325109027,-0.046815672064287085,0.3520396655725853,1.3934366931781275,-0.901550735301739,0.41905438146823454
-1.3521546309209438,0.015533176463130691,1.2720039484277732,-0.6740834548101805,-0.901550735301739,2.174868828960837
-1.3498452293309848,1.0442891771655243,1.2720039484277732,1.7028614772307993,-0.901550735301739,2.174868828960837
-1.3475358277410259,0.35845184336392855,0.3520396655725853,-0.2849583475924264,-0.901550735301739,0.41905438146823454
-1.3452264261510671,0.10905644925425746,-0.5679246172826027,-0.9530345858879681,-0.901550735301739,0.41905438146823454
-1.3429170245611082,-0.1403389448554138,-0.5679246172826027,1.0347852389352576,0.3140232898242012,0.41905438146823454
-1.3406076229711492,0.04670760072683961,-0.5679246172826027,0.9855585687450599,0.3140232898242012,0.41905438146823454
-1.3382982213811903,-0.23386221764654042,-0.5679246172826027,-1.339815565953808,0.3140232898242012,-1.3367600660243681
-1.3359888197912313,-0.35855991470137605,-0.5679246172826027,-1.4359247791822893,0.3140232898242012,0.41905438146823454
-1.3336794182012726,-0.17151336911912263,-0.5679246172826027,-0.6037596402527551,0.3140232898242012,0.41905438146823454
-1.3313700166113136,-0.07799009632799593,-0.5679246172826027,0.29404105893037635,0.3140232898242012,0.41905438146823454
-1.3290606150213546,0.4208006918913464,-0.5679246172826027,-0.7303425064561209,0.3140232898242012,-1.3367600660243681
-1.3267512134313957,-0.046815672064287085,-0.5679246172826027,1.1262061978599107,0.3140232898242012,-1.3367600660243681
-1.3244418118414367,5.658103968194441,-1.4878889001377906,0.5894010800715632,0.3140232898242012,2.174868828960837
-1.322132410251478,2.540661541823551,-1.4878889001377906,1.168400486594366,0.3140232898242012,0.41905438146823454
-1.319823008661519,-0.3834994541123431,2.1919682312829614,0.9175788813395486,-0.2937637227387689,-1.3367600660243681
-1.31751360707156,-0.23386221764654042,1.2720039484277732,1.3137363700130453,-0.2937637227387689,-1.3367600660243681
-1.315204205481601,1.2313357227477775,2.1919682312829614,-0.20525802442734423,-0.2937637227387689,-1.3367600660243681
-1.3128948038916424,-0.4770227269034698,0.3520396655725853,1.723958621598027,-0.2937637227387689,-1.3367600660243681
-1.3105854023016834,-0.1403389448554138,1.2720039484277732,-1.5906371712086254,-0.2937637227387689,0.41905438146823454
-1.3082760007117245,-0.5269018057254041,-0.5679246172826027,1.503610669318094,-0.2937637227387689,-1.3367600660243681
-1.3059665991217655,-0.20268779338283155,0.3520396655725853,0.6362836231098469,-0.2937637227387689,0.41905438146823454
-1.3036571975318065,3.2264988756251465,1.2720039484277732,-0.21463453303500096,-0.2937637227387689,2.174868828960837
-1.3013477959418478,8.152057909291152,1.2720039484277732,0.8402226853263806,-0.2937637227387689,2.174868828960837
-1.2990383943518888,0.2961029948365107,1.2720039484277732,-0.5334358256953297,-0.2937637227387689,-1.3367600660243681
-1.2967289927619299,1.0442891771655243,-1.4878889001377906,0.25887915165166364,0.9218103023871712,0.41905438146823454
-1.294419591171971,-0.4209087632287938,-1.4878889001377906,0.20027597285380913,0.9218103023871712,-1.3367600660243681
-1.292110189582012,-0.3273854904376671,-1.4878889001377906,-1.5273457381069424,0.9218103023871712,-1.3367600660243681
-1.2898007879920532,-0.26503664191024934,-1.4878889001377906,-1.3960746175997483,0.9218103023871712,0.41905438146823454
-1.2874913864020943,0.233754146309093,-1.4878889001377906,-1.2132326997504421,0.9218103023871712,0.41905438146823454
-1.2851819848121353,-0.17151336911912263,-1.4878889001377906,0.5425185370332796,0.9218103023871712,0.41905438146823454
-1.2828725832221763,-0.015641247800578163,-1.4878889001377906,0.22371724437295093,0.9218103023871712,0.41905438146823454
-1.2805631816322174,0.233754146309093,-1.4878889001377906,-0.45139137537833324,0.9218103023871712,0.41905438146823454
-1.2782537800422586,0.015533176463130691,-1.4878889001377906,-0.0458573780971799,0.9218103023871712,0.41905438146823454
-1.2759443784522997,-0.23386221764654042,-1.4878889001377906,0.4206239251337422,0.9218103023871712,-1.3367600660243681
-1.2736349768623407,-0.4645529571979863,1.2720039484277732,0.29872931323420476,-1.509337747864709,0.41905438146823454
-1.2713255752723818,-0.015641247800578163,1.2720039484277732,0.366709000639716,-1.509337747864709,0.41905438146823454
-1.2690161736824228,-0.4396134177870192,0.3520396655725853,0.7300487091864141,-1.509337747864709,0.41905438146823454
-1.266706772092464,-0.07799009632799593,0.3520396655725853,0.753489980705556,-1.509337747864709,0.41905438146823454
-1.2643973705025051,-0.2962110661739582,0.3520396655725853,-0.09742817543929189,-1.509337747864709,0.41905438146823454
-1.2620879689125462,-0.4209087632287938,-0.5679246172826027,-0.7936339395578037,-1.509337747864709,0.41905438146823454
-1.2597785673225872,-0.40220410867056844,0.3520396655725853,-0.887399025634371,-1.509337747864709,0.41905438146823454
-1.2574691657326282,-0.37726456925960133,0.3520396655725853,0.08306961525810007,-1.509337747864709,0.41905438146823454
-1.2551597641426695,-0.35855991470137605,-0.5679246172826027,1.2270036653922205,-1.509337747864709,0.41905438146823454
-1.2528503625527105,-0.4894924966089534,0.3520396655725853,-1.651584477158394,-1.509337747864709,0.41905438146823454
-1.2505409609627516,-0.3398552601431507,-0.5679246172826027,-0.4982739184166169,-1.509337747864709,0.41905438146823454
-1.2482315593727926,-0.4645529571979863,0.3520396655725853,-0.006007216514638821,1.5295973149501414,-1.3367600660243681
-1.2459221577828339,-0.37726456925960133,0.3520396655725853,0.019778182156417173,1.5295973149501414,-1.3367600660243681
-1.243612756192875,-0.4396134177870192,0.3520396655725853,1.5293960679891498,1.5295973149501414,0.41905438146823454
-1.241303354602916,-0.23386221764654042,0.3520396655725853,1.5879992467870043,1.5295973149501414,0.41905438146823454
-1.238993953012957,-0.20268779338283155,0.3520396655725853,-0.7561279051271769,1.5295973149501414,0.41905438146823454
-1.236684551422998,-0.5206669208726623,0.3520396655725853,-1.0139818918377368,1.5295973149501414,-1.3367600660243681
-1.2343751498330393,-0.4645529571979863,0.3520396655725853,-0.6436098018352961,1.5295973149501414,-1.3367600660243681
-1.2320657482430803,-0.5456064602836294,0.3520396655725853,-0.9413139501283971,1.5295973149501414,-1.3367600660243681
-1.2297563466531214,-0.5269018057254041,0.3520396655725853,0.12526390399255533,1.5295973149501414,-1.3367600660243681
-1.2274469450631624,-0.4396134177870192,-0.5679246172826027,-1.7219082917158195,1.5295973149501414,0.41905438146823454
-1.2251375434732035,-0.4770227269034698,0.3520396655725853,0.2870086774746338,1.5295973149501414,0.41905438146823454
-1.2228281418832447,-0.23386221764654042,0.3520396655725853,1.6044081368504037,-0.901550735301739,0.41905438146823454
-1.2205187402932858,0.9195914801106886,0.3520396655725853,1.6559789341925157,-0.901550735301739,2.174868828960837
-1.2182093387033268,0.545498388946182,1.2720039484277732,-0.655330437594867,-0.901550735301739,2.174868828960837
-1.2158999371133679,-0.2962110661739582,0.3520396655725853,1.4356309819125828,-0.901550735301739,0.41905438146823454
-1.213590535523409,-0.1403389448554138,0.3520396655725853,1.4075014560896124,-0.901550735301739,0.41905438146823454
-1.2112811339334502,-0.17151336911912263,0.3520396655725853,-0.3083996191115682,-0.901550735301739,0.41905438146823454
-1.2089717323434912,-0.23386221764654042,-0.5679246172826027,-0.9624110944956248,-0.901550735301739,0.41905438146823454
-1.2066623307535322,-0.35855991470137605,-0.5679246172826027,1.0629147647582278,0.3140232898242012,0.41905438146823454
-1.2043529291635733,-0.38973433896508486,-0.5679246172826027,0.9433642800106046,0.3140232898242012,0.41905438146823454
-1.2020435275736143,0.17140529778167515,-0.5679246172826027,1.0113439674161158,0.3140232898242012,0.41905438146823454
-1.1997341259836556,-0.10916452059170487,-0.5679246172826027,-1.314030167282752,0.3140232898242012,-1.3367600660243681
-1.1974247243936966,-0.26503664191024934,-0.5679246172826027,-1.4921838308282298,0.3140232898242012,0.41905438146823454
-1.1951153228037377,-0.1403389448554138,-0.5679246172826027,-1.431236524878461,0.3140232898242012,0.41905438146823454
-1.1928059212137787,-0.35855991470137605,-0.5679246172826027,1.3559306587475004,0.3140232898242012,-1.3367600660243681
-1.1904965196238197,-0.3273854904376671,-0.5679246172826027,-1.276524132852125,0.3140232898242012,-1.3367600660243681
-1.188187118033861,-0.20268779338283155,-0.5679246172826027,-0.5779742415816991,0.3140232898242012,0.41905438146823454
-1.185877716443902,-0.23386221764654042,-0.5679246172826027,-0.32715263632688163,0.3140232898242012,0.41905438146823454
-1.183568314853943,-0.40843899352331026,2.1919682312829614,0.8777287197570075,-0.2937637227387689,-1.3367600660243681
-1.1812589132639841,-0.3710296844068595,2.1919682312829614,0.8824169740608359,-0.2937637227387689,-1.3367600660243681
-1.1789495116740254,-0.26503664191024934,1.2720039484277732,1.2527890640632766,-0.2937637227387689,-1.3367600660243681
-1.1766401100840664,-0.1403389448554138,1.2720039484277732,1.2926392256458177,-0.2937637227387689,-1.3367600660243681
-1.1743307084941075,1.4183822683300311,2.1919682312829614,-0.18650500721203078,-0.2937637227387689,-1.3367600660243681
-1.1720213069041485,-0.37726456925960133,1.2720039484277732,-0.36934692506133693,-0.2937637227387689,-1.3367600660243681
-1.1697119053141896,-0.3273854904376671,0.3520396655725853,0.47219472247585415,-0.2937637227387689,-1.3367600660243681
-1.1674025037242308,-0.2962110661739582,1.2720039484277732,-1.611734315575853,-0.2937637227387689,0.41905438146823454
-1.1650931021342719,-0.5456064602836294,-0.5679246172826027,1.480169397798952,-0.2937637227387689,-1.3367600660243681
-1.162783700544313,-0.1403389448554138,0.3520396655725853,0.6456601317175036,-0.2937637227387689,0.41905438146823454
-1.160474298954354,1.6054288139122843,1.2720039484277732,-0.25448469461754203,-0.2937637227387689,2.174868828960837
-1.158164897364395,4.28642930059125,1.2720039484277732,0.7956842694400111,-0.2937637227387689,2.174868828960837
-1.1558554957744362,-0.015641247800578163,1.2720039484277732,-0.5428123343029864,-0.2937637227387689,-1.3367600660243681
-1.1535460941844773,0.7325449345284354,-1.4878889001377906,0.24715851589209276,0.9218103023871712,0.41905438146823454
-1.1512366925945183,-0.2962110661739582,-1.4878889001377906,0.20496422715763749,0.9218103023871712,0.41905438146823454
-1.1489272910045594,-0.26503664191024934,-1.4878889001377906,-1.5507870096260843,0.9218103023871712,0.41905438146823454
-1.1466178894146004,-0.38973433896508486,-1.4878889001377906,-1.056176180572192,0.9218103023871712,-1.3367600660243681
-1.1443084878246417,-0.3273854904376671,-1.4878889001377906,-1.4148276348150617,0.9218103023871712,0.41905438146823454
-1.1419990862346827,0.10905644925425746,-1.4878889001377906,-1.2343298441176698,0.9218103023871712,0.41905438146823454
-1.1396896846447238,-0.20268779338283155,-1.4878889001377906,0.5612715542485931,0.9218103023871712,0.41905438146823454
-1.1373802830547648,-0.10916452059170487,-1.4878889001377906,0.21902899006912258,0.9218103023871712,0.41905438146823454
-1.1350708814648058,0.015533176463130691,-1.4878889001377906,-0.4209177224034489,0.9218103023871712,0.41905438146823454
-1.132761479874847,-0.046815672064287085,-1.4878889001377906,-0.048201505249094084,0.9218103023871712,0.41905438146823454
-1.1304520782848881,-0.4396134177870192,1.2720039484277732,0.315138203297604,-1.509337747864709,0.41905438146823454
-1.1281426766949292,-0.26503664191024934,1.2720039484277732,0.39952678076651454,-1.509337747864709,0.41905438146823454
-1.1258332751049702,-0.3398552601431507,0.3520396655725853,0.7066074376672723,-1.509337747864709,0.41905438146823454
-1.1235238735150113,-0.23386221764654042,0.3520396655725853,0.741769344945985,-1.509337747864709,0.41905438146823454
-1.1212144719250525,-0.470787842050728,1.2720039484277732,-0.8428606097480015,-1.509337747864709,0.41905438146823454
-1.1189050703350936,-0.5081971511671787,0.3520396655725853,-0.1325900827180046,-1.509337747864709,0.41905438146823454
-1.1165956687451346,-0.49572738146169515,0.3520396655725853,-1.1522853938006734,-1.509337747864709,0.41905438146823454
-1.1142862671551756,-0.4271436480815356,0.3520396655725853,-0.8709901355709717,-1.509337747864709,0.41905438146823454
-1.111976865565217,-0.40843899352331026,0.3520396655725853,0.09244612386575679,-1.509337747864709,0.41905438146823454
-1.109667463975258,-0.37726456925960133,-0.5679246172826027,1.2129389024807353,-1.509337747864709,0.41905438146823454
-1.107358062385299,-0.4894924966089534,0.3520396655725853,0.01508992785258881,1.5295973149501414,-1.3367600660243681
-1.10504866079534,-0.38973433896508486,0.3520396655725853,0.036187072219816444,1.5295973149501414,-1.3367600660243681
-1.102739259205381,-0.4271436480815356,0.3520396655725853,1.555181466660206,1.5295973149501414,0.41905438146823454
-1.1004298576154223,-0.414673878376052,0.3520396655725853,1.5387725765968066,1.5295973149501414,0.41905438146823454
-1.0981204560254634,-0.015641247800578163,0.3520396655725853,-0.7748809223424903,1.5295973149501414,0.41905438146823454
-1.0958110544355044,-0.5269018057254041,0.3520396655725853,-1.018670146141565,1.5295973149501414,-1.3367600660243681
-1.0935016528455455,-0.4520831874925027,0.3520396655725853,-0.6178244031642401,1.5295973149501414,-1.3367600660243681
-1.0911922512555865,-0.5456064602836294,0.3520396655725853,-0.9272491872169121,1.5295973149501414,-1.3367600660243681
-1.0888828496656278,-0.5331366905781458,0.3520396655725853,0.14401692120786877,1.5295973149501414,-1.3367600660243681
-1.0865734480756688,-0.4520831874925027,-0.5679246172826027,-1.7242524188677337,1.5295973149501414,0.41905438146823454
-1.0842640464857098,-0.1403389448554138,0.3520396655725853,1.6395700441291163,-0.901550735301739,0.41905438146823454
-1.0819546448957509,-0.26503664191024934,0.3520396655725853,1.4496957448240677,-0.901550735301739,0.41905438146823454
-1.079645243305792,-0.10916452059170487,0.3520396655725853,1.3981249474819557,-0.901550735301739,0.41905438146823454
-1.0773358417158332,-0.015641247800578163,1.2720039484277732,-0.6600186918986954,-0.901550735301739,2.174868828960837
-1.0750264401258742,0.2961029948365107,1.2720039484277732,1.6794202057116574,-0.901550735301739,2.174868828960837
-1.0727170385359153,0.17140529778167515,0.3520396655725853,-0.2943348562000831,-0.901550735301739,0.41905438146823454
-1.0704076369459563,-0.20268779338283155,-0.5679246172826027,-0.9506904587360538,-0.901550735301739,0.41905438146823454
-1.0680982353559973,-0.17151336911912263,-0.5679246172826027,1.0722912733658845,0.3140232898242012,0.41905438146823454
-1.0657888337660386,-0.40220410867056844,-0.5679246172826027,0.9363318985548621,0.3140232898242012,0.41905438146823454
-1.0634794321760797,-0.015641247800578163,-0.5679246172826027,1.0066557131122875,0.3140232898242012,0.41905438146823454
-1.0611700305861207,-0.23386221764654042,-0.5679246172826027,-1.3234066758904086,0.3140232898242012,-1.3367600660243681
-1.0588606289961617,-0.25256687220476576,-0.5679246172826027,-1.4992162122839723,0.3140232898242012,0.41905438146823454
-1.0565512274062028,-0.2775064116157329,-0.5679246172826027,-1.4663984321571737,0.3140232898242012,0.41905438146823454
-1.054241825816244,-0.3710296844068595,-0.5679246172826027,1.3395217686841012,0.3140232898242012,-1.3367600660243681
-1.051932424226285,-0.35232502984863423,-0.5679246172826027,-1.2671476242444684,0.3140232898242012,-1.3367600660243681
-1.0496230226363261,-0.21515756308831513,-0.5679246172826027,-0.5967272587970125,0.3140232898242012,0.41905438146823454
-1.0473136210463672,-0.3149157207321836,-0.5679246172826027,-0.3482497806941093,0.3140232898242012,0.41905438146823454
-1.0450042194564082,0.6701960860010175,-1.4878889001377906,0.6011217158311342,0.3140232898242012,0.41905438146823454
-1.0426948178664495,0.04670760072683961,-1.4878889001377906,1.1449592150752241,0.3140232898242012,0.41905438146823454
-1.0403854162764905,0.10905644925425746,-0.5679246172826027,-1.1311882494334458,0.3140232898242012,0.41905438146823454
-1.0380760146865315,-0.4894924966089534,0.3520396655725853,1.7192703672941987,-0.2937637227387689,-1.3367600660243681
-1.0357666130965726,-0.36479479955411775,2.1919682312829614,0.8683522111493508,-0.2937637227387689,-1.3367600660243681
-1.0334572115066138,-0.21515756308831513,1.2720039484277732,1.2996716071015602,-0.2937637227387689,-1.3367600660243681
-1.031147809916655,0.6078472374735997,2.1919682312829614,-0.15603135423714642,-0.2937637227387689,-1.3367600660243681
-1.028838408326696,-0.3273854904376671,1.2720039484277732,-0.37872343366899364,-0.2937637227387689,-1.3367600660243681
-1.026529006736737,0.10905644925425746,1.2720039484277732,-1.6093901884239388,-0.2937637227387689,0.41905438146823454
-1.024219605146778,-0.4520831874925027,0.3520396655725853,0.48625948538733926,-0.2937637227387689,-1.3367600660243681
-1.0219102035568193,-0.5393715754308875,-0.5679246172826027,1.4590722534317244,-0.2937637227387689,-1.3367600660243681
-1.0196008019668603,-0.23386221764654042,0.3520396655725853,0.6433160045655893,-0.2937637227387689,0.41905438146823454
-1.0172914003769014,1.2936845712751954,1.2720039484277732,-0.2591729489213704,-0.2937637227387689,2.174868828960837
-1.0149819987869424,4.53582469470092,1.2720039484277732,0.8003725237438395,-0.2937637227387689,2.174868828960837
-1.0126725971969834,-0.046815672064287085,1.2720039484277732,-0.5146828084800161,-0.2937637227387689,-1.3367600660243681
-1.0103631956070247,0.7948937830558532,-1.4878889001377906,0.27294391456314876,0.9218103023871712,0.41905438146823454
-1.0080537940170657,-0.26503664191024934,-1.4878889001377906,0.16980231987892477,0.9218103023871712,0.41905438146823454
-1.0057443924271068,0.233754146309093,-1.4878889001377906,-1.5414105010184276,0.9218103023871712,0.41905438146823454
-1.0034349908371478,-0.20268779338283155,-1.4878889001377906,-1.070240943483677,0.9218103023871712,0.41905438146823454
-1.0011255892471889,-0.2962110661739582,-1.4878889001377906,-1.405451126207405,0.9218103023871712,0.41905438146823454
-0.99881618765723,0.04670760072683961,-1.4878889001377906,-1.236673971269584,0.9218103023871712,0.41905438146823454
-0.9965067860672712,-0.1403389448554138,-1.4878889001377906,0.5800245714639065,0.9218103023871712,0.41905438146823454
-0.9941973844773122,-0.26503664191024934,-1.4878889001377906,0.41124741652608543,0.9218103023871712,-1.3367600660243681
-0.9918879828873534,0.04670760072683961,-1.4878889001377906,-0.42795010385919147,0.9218103023871712,0.41905438146823454
-0.9895785812973944,-0.015641247800578163,-1.4878889001377906,-0.0833634125278068,0.9218103023871712,0.41905438146823454
-0.9872691797074354,-0.43337853293427736,1.2720039484277732,0.3057616946899473,-1.509337747864709,0.41905438146823454
-0.9849597781174766,-0.4271436480815356,1.2720039484277732,0.3503001105763167,-1.509337747864709,0.41905438146823454
-0.9826503765275176,-0.10916452059170487,1.2720039484277732,0.38077376355120107,-1.509337747864709,0.41905438146823454
-0.9803409749375588,-0.3149157207321836,0.3520396655725853,0.690198547603873,-1.509337747864709,0.41905438146823454
-0.9780315733475998,-0.3273854904376671,0.3520396655725853,0.7370810906421567,-1.509337747864709,0.41905438146823454
-0.9757221717576409,-0.4770227269034698,1.2720039484277732,-0.8405164825960874,-1.509337747864709,0.41905438146823454
-0.973412770167682,-0.5144320360199205,0.3520396655725853,-0.13727833702183298,-1.509337747864709,0.41905438146823454
-0.9711033685777231,-0.5081971511671787,0.3520396655725853,-0.1349342098699188,-1.509337747864709,0.41905438146823454
-0.9687939669877642,-0.49572738146169515,0.3520396655725853,-1.185103173927472,-1.509337747864709,0.41905438146823454
-0.9664845653978053,-0.43337853293427736,0.3520396655725853,-0.8545812455075724,-1.509337747864709,0.41905438146823454
-0.9641751638078463,-0.414673878376052,0.3520396655725853,0.1041667596253277,-1.509337747864709,0.41905438146823454
-0.9618657622178874,-0.38973433896508486,-0.5679246172826027,1.1988741395692504,-1.509337747864709,0.41905438146823454
-0.9595563606279285,-0.48325761175621157,0.3520396655725853,-1.6844022572851927,-1.509337747864709,0.41905438146823454
-0.9572469590379696,-0.35232502984863423,-0.5679246172826027,-0.4631120111379042,-1.509337747864709,0.41905438146823454
-0.9549375574480107,-0.4770227269034698,0.3520396655725853,-0.02007197942612391,1.5295973149501414,-1.3367600660243681
-0.9526281558580518,-0.4645529571979863,0.3520396655725853,0.005713419244932085,1.5295973149501414,-1.3367600660243681
-0.9503187542680929,-0.36479479955411775,0.3520396655725853,0.03853119937173062,1.5295973149501414,-1.3367600660243681
-0.9480093526781339,-0.38973433896508486,0.3520396655725853,1.5458049580525492,1.5295973149501414,0.41905438146823454
-0.9456999510881751,-0.26503664191024934,0.3520396655725853,1.566902102419777,1.5295973149501414,0.41905438146823454
-0.9433905494982161,-0.1403389448554138,0.3520396655725853,-0.7866015581020612,1.5295973149501414,0.41905438146823454
-0.9410811479082573,-0.5269018057254041,0.3520396655725853,-1.00460538323008,1.5295973149501414,-1.3367600660243681
-0.9387717463182983,-0.4396134177870192,0.3520396655725853,-0.6506421832910386,1.5295973149501414,-1.3367600660243681
-0.9364623447283393,-0.5456064602836294,0.3520396655725853,-0.913184424305427,1.5295973149501414,-1.3367600660243681
-0.9341529431383805,-0.5331366905781458,0.3520396655725853,0.14636104835978295,1.5295973149501414,-1.3367600660243681
-0.9318435415484215,-0.4271436480815356,-0.5679246172826027,-1.6984670201966776,1.5295973149501414,0.41905438146823454
-0.9295341399584627,-0.4645529571979863,0.3520396655725853,0.28466455032271964,1.5295973149501414,0.41905438146823454
-0.9272247383685037,-0.10916452059170487,0.3520396655725853,1.6372259169772023,-0.901550735301739,0.41905438146823454
-0.9249153367785448,-0.26503664191024934,0.3520396655725853,1.6278494083695456,-0.901550735301739,0.41905438146823454
-0.9226059351885859,-0.2775064116157329,0.3520396655725853,1.4379751090644968,-0.901550735301739,0.41905438146823454
-0.920296533598627,-0.07799009632799593,0.3520396655725853,1.4098455832415266,-0.901550735301739,0.41905438146823454
-0.9179871320086681,0.4831495404187641,1.2720039484277732,-0.6787717091140089,-0.901550735301739,2.174868828960837
-0.9156777304187091,0.26492857057280195,1.2720039484277732,1.6700436971040007,-0.901550735301739,2.174868828960837
-0.9133683288287503,0.10905644925425746,0.3520396655725853,-0.2662053303771129,-0.901550735301739,0.41905438146823454
-0.9110589272387913,-0.21515756308831513,-0.5679246172826027,-0.9788199845590241,-0.901550735301739,0.41905438146823454
-0.9087495256488324,-0.3273854904376671,-0.5679246172826027,1.0793236548216272,0.3140232898242012,0.41905438146823454
-0.9064401240588735,-0.38973433896508486,-0.5679246172826027,0.9339877714029479,0.3140232898242012,0.41905438146823454
-0.9041307224689146,0.04670760072683961,-0.5679246172826027,1.0043115859603733,0.3140232898242012,0.41905438146823454
-0.9018213208789557,-0.20268779338283155,-0.5679246172826027,-1.3093419129789237,0.3140232898242012,-1.3367600660243681
-0.8995119192889968,-0.23386221764654042,-0.5679246172826027,-1.4898397036763156,0.3140232898242012,0.41905438146823454
-0.8972025176990378,-0.26503664191024934,-0.5679246172826027,-1.4546777963976028,0.3140232898242012,0.41905438146823454
-0.894893116109079,-0.36479479955411775,-0.5679246172826027,1.348898277291758,0.3140232898242012,-1.3367600660243681
-0.89258371451912,-0.3398552601431507,-0.5679246172826027,-1.2601152427887259,0.3140232898242012,-1.3367600660243681
-0.8902743129291611,-0.20268779338283155,-0.5679246172826027,-0.563909478670214,0.3140232898242012,0.41905438146823454
-0.8879649113392022,-0.1403389448554138,-0.5679246172826027,-0.34121739923836675,0.3140232898242012,0.41905438146823454
-0.8856555097492433,0.04670760072683961,-1.4878889001377906,0.5964334615273058,0.3140232898242012,0.41905438146823454
-0.8833461081592844,-0.26503664191024934,-1.4878889001377906,1.1637122322905376,0.3140232898242012,0.41905438146823454
-0.8810367065693254,0.04670760072683961,-0.5679246172826027,-1.1147793593700466,0.3140232898242012,0.41905438146823454
-0.8787273049793666,-0.2962110661739582,-0.5679246172826027,0.5190772655141378,0.3140232898242012,0.41905438146823454
-0.8764179033894076,-0.23386221764654042,-0.5679246172826027,1.0418176203910001,0.3140232898242012,0.41905438146823454
-0.8741085017994488,-0.3149157207321836,-0.5679246172826027,-1.3562244560172072,0.3140232898242012,-1.3367600660243681
-0.8717991002094898,-0.190218023677348,-0.5679246172826027,-0.5873507501893558,0.3140232898242012,0.41905438146823454
-0.8694896986195308,-0.015641247800578163,-0.5679246172826027,1.116829689252254,0.3140232898242012,-1.3367600660243681
-0.867180297029572,0.233754146309093,-0.5679246172826027,-0.7233101250003783,0.3140232898242012,-1.3367600660243681
-0.864870895439613,-0.37726456925960133,2.1919682312829614,0.8566315753897799,-0.2937637227387689,-1.3367600660243681
-0.8625614938496542,-0.3710296844068595,2.1919682312829614,0.8472550667821231,-0.2937637227387689,-1.3367600660243681
-0.8602520922596952,-0.1403389448554138,1.2720039484277732,1.2691979541266758,-0.2937637227387689,-1.3367600660243681
-0.8579426906697363,-0.17151336911912263,1.2720039484277732,1.297327479949646,-0.2937637227387689,-1.3367600660243681
-0.8556332890797774,1.3560334198026132,2.1919682312829614,-0.20056977012351587,-0.2937637227387689,-1.3367600660243681
-0.8533238874898185,-0.3398552601431507,1.2720039484277732,-0.3904440694285645,-0.2937637227387689,-1.3367600660243681
-0.8510144858998596,0.015533176463130691,1.2720039484277732,-1.6281432056392522,-0.2937637227387689,0.41905438146823454
-0.8487050843099007,-0.38973433896508486,0.3520396655725853,0.46985059532393997,-0.2937637227387689,-1.3367600660243681
-0.8463956827199418,-0.5331366905781458,-0.5679246172826027,1.4684487620393811,-0.2937637227387689,-1.3367600660243681
-0.8440862811299829,-0.17151336911912263,0.3520396655725853,0.6667572760847312,-0.2937637227387689,0.41905438146823454
-0.8417768795400239,3.0394523300428937,1.2720039484277732,-0.22401104164265767,-0.2937637227387689,2.174868828960837
-0.839467477950065,5.658103968194441,1.2720039484277732,0.8214696681110671,-0.2937637227387689,2.174868828960837
-0.8371580763601061,0.17140529778167515,1.2720039484277732,-0.5404682071510721,-0.2937637227387689,-1.3367600660243681
-0.8348486747701472,0.9195914801106886,-1.4878889001377906,0.2424702615882644,0.9218103023871712,0.41905438146823454
-0.8325392731801883,-0.2775064116157329,-1.4878889001377906,0.18386708279040986,0.9218103023871712,0.41905438146823454
-0.8302298715902293,-0.015641247800578163,-1.4878889001377906,-1.5625076453856552,0.9218103023871712,0.41905438146823454
-0.8279204700002705,-0.23386221764654042,-1.4878889001377906,-1.0843057063951622,0.9218103023871712,0.41905438146823454
-0.8256110684103115,-0.3149157207321836,-1.4878889001377906,-1.4195158891188902,0.9218103023871712,0.41905438146823454
-0.8233016668203527,0.07788202499054854,-1.4878889001377906,-1.2062003182946996,0.9218103023871712,0.41905438146823454
-0.8209922652303937,-0.15280871456089729,-1.4878889001377906,0.5378302827294512,0.9218103023871712,0.41905438146823454
-0.8186828636404347,-0.25256687220476576,-1.4878889001377906,0.45109757810862655,0.9218103023871712,-1.3367600660243681
-0.8163734620504759,0.07788202499054854,-1.4878889001377906,-0.4467031210745049,0.9218103023871712,0.41905438146823454
-0.8140640604605169,-0.02811101750606173,-1.4878889001377906,-0.057578013856750807,0.9218103023871712,0.41905438146823454
-0.8117546588705581,-0.4271436480815356,1.2720039484277732,0.3315470933610033,-1.509337747864709,0.41905438146823454
-0.8094452572805991,-0.06552032662251243,1.2720039484277732,0.39015027215885784,-1.509337747864709,0.41905438146823454
-0.8071358556906403,-0.3336203752904089,0.3520396655725853,0.6972309290596156,-1.509337747864709,0.41905438146823454
-0.8048264541006813,-0.21515756308831513,0.3520396655725853,0.7652106164651268,-1.509337747864709,0.41905438146823454
-0.8025170525107224,-0.4645529571979863,1.2720039484277732,-0.8194193382288597,-1.509337747864709,0.41905438146823454
-0.8002076509207635,-0.5144320360199205,0.3520396655725853,-0.11618119265460534,-1.509337747864709,0.41905438146823454
-0.7978982493308046,-0.4894924966089534,0.3520396655725853,-1.1569736481045019,-1.509337747864709,0.41905438146823454
-0.7955888477408457,-0.4209087632287938,0.3520396655725853,-0.8967755342420277,-1.509337747864709,0.41905438146823454
-0.7932794461508867,-0.3959692238178267,0.3520396655725853,0.06900485234661498,-1.509337747864709,0.41905438146823454
-0.7909700445609278,-0.40220410867056844,-0.5679246172826027,1.194185885265422,-1.509337747864709,0.41905438146823454
-0.7886606429709689,-0.4770227269034698,0.3520396655725853,-1.6422079685507374,-1.509337747864709,0.41905438146823454
-0.78635124138101,-0.34609014499589247,-0.5679246172826027,-0.47483264689747506,-1.509337747864709,0.41905438146823454
-0.7840418397910511,-0.470787842050728,0.3520396655725853,-0.03179261518569482,1.5295973149501414,-1.3367600660243681
-0.7817324382010922,-0.3834994541123431,0.3520396655725853,0.059628343738958256,1.5295973149501414,-1.3367600660243681
-0.7794230366111333,-0.40843899352331026,0.3520396655725853,1.515331305077665,1.5295973149501414,0.41905438146823454
-0.7771136350211744,-0.24633198735202397,0.3520396655725853,1.5786227381793476,1.5295973149501414,0.41905438146823454
-0.7748042334312154,-0.23386221764654042,0.3520396655725853,-0.7819133037982329,1.5295973149501414,0.41905438146823454
-0.7724948318412566,-0.5144320360199205,0.3520396655725853,-1.0210142732934793,1.5295973149501414,-1.3367600660243681
-0.7701854302512976,-0.43337853293427736,0.3520396655725853,-0.6248567846199826,1.5295973149501414,-1.3367600660243681
-0.7678760286613387,-0.5456064602836294,0.3520396655725853,-0.9202168057611695,1.5295973149501414,-1.3367600660243681
-0.7655666270713798,-0.5269018057254041,0.3520396655725853,0.13932866690404042,1.5295973149501414,-1.3367600660243681
-0.7632572254814208,-0.44584830263976094,-0.5679246172826027,-1.7312848003234762,1.5295973149501414,0.41905438146823454
-0.760947823891462,-0.17151336911912263,0.3520396655725853,1.6137846454580604,-0.901550735301739,0.41905438146823454
-0.758638422301503,-0.2837412964684747,0.3520396655725853,1.4426633633683252,-0.901550735301739,0.41905438146823454
-0.7563290207115442,-0.1278691751499302,0.3520396655725853,1.4028132017857842,-0.901550735301739,0.41905438146823454
-0.7540196191215852,-0.02811101750606173,1.2720039484277732,-0.6858040905697513,-0.901550735301739,2.174868828960837
-0.7517102175316263,0.233754146309093,1.2720039484277732,1.700517350078885,-0.901550735301739,2.174868828960837
-0.7494008159416674,0.04670760072683961,0.3520396655725853,-0.28027009328859803,-0.901550735301739,0.41905438146823454
-0.7470914143517084,-0.22139244794105692,-0.5679246172826027,-0.9835082388628524,-0.901550735301739,0.41905438146823454
-0.7447820127617496,-0.3086808358794418,-0.5679246172826027,1.0840119091254554,0.3140232898242012,0.41905438146823454
-0.7424726111717906,-0.3959692238178267,-0.5679246172826027,0.962117297225918,0.3140232898242012,0.41905438146823454
-0.7401632095818318,-0.046815672064287085,-0.5679246172826027,1.0160322217199442,0.3140232898242012,0.41905438146823454
-0.7378538079918728,-0.17151336911912263,-0.5679246172826027,-1.3351273116499796,0.3140232898242012,-1.3367600660243681
-0.7355444064019139,-0.20268779338283155,-0.5679246172826027,-1.4781190679167446,0.3140232898242012,0.41905438146823454
-0.733235004811955,-0.2837412964684747,-0.5679246172826027,-1.433580652030375,0.3140232898242012,0.41905438146823454
-0.7309256032219961,-0.37726456925960133,-0.5679246172826027,1.3465541501398437,0.3140232898242012,-1.3367600660243681
-0.7286162016320372,-0.34609014499589247,-0.5679246172826027,-1.2835565143078675,0.3140232898242012,-1.3367600660243681
-0.7263068000420783,-0.20892267823557334,-0.5679246172826027,-0.5920390044931841,0.3140232898242012,0.41905438146823454
-0.7239973984521193,-0.24633198735202397,-0.5679246172826027,-0.3552821621498518,0.3140232898242012,0.41905438146823454
-0.7216879968621605,1.2936845712751954,-1.4878889001377906,0.6081540972868766,0.3140232898242012,0.41905438146823454
-0.7193785952722015,1.2936845712751954,-1.4878889001377906,1.156679850834795,0.3140232898242012,0.41905438146823454
-0.7170691936822426,0.07788202499054854,-0.5679246172826027,-1.1288441222815317,0.3140232898242012,0.41905438146823454
-0.7147597920922837,-0.2837412964684747,-0.5679246172826027,0.5284537741217945,0.3140232898242012,0.41905438146823454
-0.7124503905023248,-0.20268779338283155,-0.5679246172826027,1.039473493239086,0.3140232898242012,0.41905438146823454
-0.7101409889123659,-0.3024459510267,-0.5679246172826027,-1.3726333460806064,0.3140232898242012,-1.3367600660243681
-0.7078315873224069,-0.003171478095094593,-0.5679246172826027,1.1144855621003398,0.3140232898242012,-1.3367600660243681
-0.7055221857324481,0.10905644925425746,-0.5679246172826027,-0.7162777435446357,0.3140232898242012,-1.3367600660243681
-0.7032127841424891,-0.35855991470137605,2.1919682312829614,0.8988258641242352,-0.2937637227387689,-1.3367600660243681
-0.7009033825525303,-0.414673878376052,2.1919682312829614,0.8613198296936082,-0.2937637227387689,-1.3367600660243681
-0.6985939809625713,-0.190218023677348,1.2720039484277732,1.2645096998228473,-0.2937637227387689,-1.3367600660243681
-0.6962845793726123,-0.22139244794105692,1.2720039484277732,1.3020157342534744,-0.2937637227387689,-1.3367600660243681
-0.6939751777826535,0.9195914801106886,2.1919682312829614,-0.17478437145245987,-0.2937637227387689,-1.3367600660243681
-0.6916657761926945,-0.35232502984863423,1.2720039484277732,-0.39513232373239293,-0.2937637227387689,-1.3367600660243681
-0.6893563746027357,0.233754146309093,1.2720039484277732,-1.6070460612720245,-0.2937637227387689,0.41905438146823454
-0.6870469730127767,-0.4271436480815356,0.3520396655725853,0.49563599399499597,-0.2937637227387689,-1.3367600660243681
-0.6847375714228178,-0.5456064602836294,-0.5679246172826027,1.4731370163432096,-0.2937637227387689,-1.3367600660243681
-0.6824281698328589,-0.26503664191024934,0.3520396655725853,0.6526925131732461,-0.2937637227387689,0.41905438146823454
-0.6801187682429,1.7924753594945375,1.2720039484277732,-0.24979644031371367,-0.2937637227387689,2.174868828960837
-0.6778093666529411,4.722871240283173,1.2720039484277732,0.8027166508957537,-0.2937637227387689,2.174868828960837
-0.6754999650629822,-0.07799009632799593,1.2720039484277732,-0.538124079999158,-0.2937637227387689,-1.3367600660243681
-0.6731905634730233,0.9819403286381064,-1.4878889001377906,0.2518467701959211,0.9218103023871712,0.41905438146823454
-0.6708811618830643,-0.28997618132121644,-1.4878889001377906,0.19558771854998078,0.9218103023871712,0.41905438146823454
-0.6685717602931054,0.015533176463130691,-1.4878889001377906,-1.5789165354490544,0.9218103023871712,0.41905438146823454
-0.6662623587031465,-0.24633198735202397,-1.4878889001377906,-1.0725850706355913,0.9218103023871712,0.41905438146823454
-0.6639529571131876,-0.3086808358794418,-1.4878889001377906,-1.3820098546882633,0.9218103023871712,0.41905438146823454
-0.6616435555232287,0.14023087351796623,-1.4878889001377906,-1.1897914282313005,0.9218103023871712,0.41905438146823454
-0.6593341539332698,-0.1278691751499302,-1.4878889001377906,0.5472067913371079,0.9218103023871712,0.41905438146823454
-0.6570247523433108,-0.2588017570575076,-1.4878889001377906,0.4323445608933131,0.9218103023871712,-1.3367600660243681
-0.654715350753352,0.0965866795487739,-1.4878889001377906,-0.43029423101110564,0.9218103023871712,0.41905438146823454
-0.652405949163393,-0.03434590235880351,-1.4878889001377906,-0.052889759552922445,0.9218103023871712,0.41905438146823454
-0.6500965475734342,-0.4396134177870192,1.2720039484277732,0.33623534766483165,-1.509337747864709,0.41905438146823454
-0.6477871459834752,-0.09045986603347951,1.2720039484277732,0.36436487348780183,-1.509337747864709,0.41905438146823454
-0.6454777443935162,-0.3211506055849254,0.3520396655725853,0.7277045820345,-1.509337747864709,0.41905438146823454
-0.6431683428035574,-0.20268779338283155,0.3520396655725853,0.7605223621612984,-1.509337747864709,0.41905438146823454
-0.6408589412135984,-0.4583180723452445,1.2720039484277732,-0.8006663210135463,-1.509337747864709,0.41905438146823454
-0.6385495396236396,-0.5081971511671787,0.3520396655725853,-0.12790182841417624,-1.509337747864709,0.41905438146823454
-0.6362401380336806,-0.49572738146169515,0.3520396655725853,-1.1475971394968452,-1.509337747864709,0.41905438146823454
-0.6339307364437218,-0.414673878376052,0.3520396655725853,-0.8920872799381994,-1.509337747864709,0.41905438146823454
-0.6316213348537628,-0.40220410867056844,0.3520396655725853,0.09010199671384261,-1.509337747864709,0.41905438146823454
-0.6293119332638039,-0.36479479955411775,-0.5679246172826027,1.2223154110883923,-1.509337747864709,0.41905438146823454
-0.627002531673845,-0.470787842050728,0.3520396655725853,-1.6492403500064798,-1.509337747864709,0.41905438146823454
-0.624693130083886,-0.35855991470137605,-0.5679246172826027,-0.4724885197455609,-1.509337747864709,0.41905438146823454
-0.6223837284939272,-0.48325761175621157,0.3520396655725853,-0.015383725122295546,1.5295973149501414,-1.3367600660243681
-0.6200743269039682,-0.3959692238178267,0.3520396655725853,0.040875326523644805,1.5295973149501414,-1.3367600660243681
-0.6177649253140093,-0.4209087632287938,0.3520396655725853,1.5504932123563775,1.5295973149501414,0.41905438146823454
-0.6154555237240504,-0.25256687220476576,0.3520396655725853,1.5739344838755194,1.5295973149501414,0.41905438146823454
-0.6131461221340915,-0.07799009632799593,0.3520396655725853,-0.7678485408867477,1.5295973149501414,0.41905438146823454
-0.6108367205441326,-0.5206669208726623,0.3520396655725853,-1.0257025275973077,1.5295973149501414,-1.3367600660243681
-0.6085273189541737,-0.44584830263976094,0.3520396655725853,-0.6365774203795536,1.5295973149501414,-1.3367600660243681
-0.6062179173642148,-0.5456064602836294,0.3520396655725853,-0.9342815686726545,1.5295973149501414,-1.3367600660243681
-0.6039085157742559,-0.5331366905781458,0.3520396655725853,0.15573755696743968,1.5295973149501414,-1.3367600660243681
-0.6015991141842969,-0.4583180723452445,-0.5679246172826027,-1.7125317831081628,1.5295973149501414,0.41905438146823454
-0.599289712594338,-0.07799009632799593,0.3520396655725853,1.646602425584859,-0.901550735301739,0.41905438146823454
-0.5969803110043791,-0.2712715267629911,0.3520396655725853,1.42859860045684,-0.901550735301739,0.41905438146823454
-0.5946709094144202,-0.1403389448554138,0.3520396655725853,1.374683675962814,-0.901550735301739,0.41905438146823454
-0.5923615078244613,-0.003171478095094593,1.2720039484277732,-0.6834599634178372,-0.901550735301739,2.174868828960837
-0.5900521062345023,0.25245880086731837,1.2720039484277732,1.6887967143193143,-0.901550735301739,2.174868828960837
-0.5877427046445435,0.07788202499054854,0.3520396655725853,-0.28964660189625474,-0.901550735301739,0.41905438146823454
-0.5854333030545845,-0.20892267823557334,-0.5679246172826027,-0.9905406203185949,-0.901550735301739,0.41905438146823454
-0.5831239014646257,-0.3398552601431507,-0.5679246172826027,1.0558823833024853,0.3140232898242012,0.41905438146823454
-0.5808144998746667,-0.3834994541123431,-0.5679246172826027,0.9714938058335748,0.3140232898242012,0.41905438146823454
-0.5785050982847078,0.233754146309093,-0.5679246172826027,0.9925909502008023,0.3140232898242012,0.41905438146823454
-0.5761956966947489,-0.15280871456089729,-0.5679246172826027,-1.3116860401308377,0.3140232898242012,-1.3367600660243681
-0.57388629510479,-0.22139244794105692,-0.5679246172826027,-1.4804631950686589,0.3140232898242012,0.41905438146823454
-0.5715768935148311,-0.2712715267629911,-0.5679246172826027,-1.4288923977265469,0.3140232898242012,0.41905438146823454
-0.5692674919248721,-0.35232502984863423,-0.5679246172826027,1.3442100229879297,0.3140232898242012,-1.3367600660243681
-0.5669580903349133,-0.35855991470137605,-0.5679246172826027,-1.26245936994064,0.3140232898242012,-1.3367600660243681
-0.5646486887449543,-0.1964529085300898,-0.5679246172826027,-0.6014155131008408,0.3140232898242012,0.41905438146823454
-0.5623392871549954,-0.2400971024992822,-0.5679246172826027,-0.3459056535421951,0.3140232898242012,0.41905438146823454
-0.5600298855650365,1.9171730565493732,-1.4878889001377906,0.6151864787426192,0.3140232898242012,0.41905438146823454
-0.5577204839750776,1.9171730565493732,-1.4878889001377906,1.1613681051386235,0.3140232898242012,0.41905438146823454
-0.5554110823851187,0.17140529778167515,-0.5679246172826027,-1.107746977914304,0.3140232898242012,0.41905438146823454
-0.5531016807951598,-0.28997618132121644,-0.5679246172826027,0.5331420284256229,0.3140232898242012,0.41905438146823454
-0.5507922792052008,-0.21515756308831513,-0.5679246172826027,1.0230646031756867,0.3140232898242012,0.41905438146823454
-0.548482877615242,-0.3086808358794418,-0.5679246172826027,-1.3749774732325206,0.3140232898242012,-1.3367600660243681
-0.546173476025283,-0.02811101750606173,-0.5679246172826027,1.1004207991888548,0.3140232898242012,-1.3367600660243681
-0.5438640744353241,0.14023087351796623,-0.5679246172826027,-0.7350307607599492,0.3140232898242012,-1.3367600660243681
-0.5415546728453652,-0.3834994541123431,2.1919682312829614,0.8894493555165784,-0.2937637227387689,-1.3367600660243681
-0.5392452712554063,-0.36479479955411775,2.1919682312829614,0.8964817369723209,-0.2937637227387689,-1.3367600660243681
-0.5369358696654474,-0.1839831388246062,1.2720039484277732,1.2574773183671049,-0.2937637227387689,-1.3367600660243681
-0.5346264680754884,-0.20268779338283155,1.2720039484277732,1.3160804971649593,-0.2937637227387689,-1.3367600660243681
-0.5323170664855296,1.0442891771655243,2.1919682312829614,-0.19119326151585914,-0.2937637227387689,-1.3367600660243681
-0.5300076648955706,-0.3710296844068595,1.2720039484277732,-0.38809994227665034,-0.2937637227387689,-1.3367600660243681
-0.5276982633056118,-0.17151336911912263,1.2720039484277732,-1.623454951335424,-0.2937637227387689,0.41905438146823454
-0.5253888617156528,-0.44584830263976094,0.3520396655725853,0.4768829767796825,-0.2937637227387689,-1.3367600660243681
-0.5230794601256938,-0.5456064602836294,-0.5679246172826027,1.4637605077355529,-0.2937637227387689,-1.3367600660243681
-0.520770058535735,-0.2775064116157329,0.3520396655725853,0.664413148932817,-0.2937637227387689,0.41905438146823454
-0.518460656945776,1.9171730565493732,1.2720039484277732,-0.23807580455414276,-0.2937637227387689,2.174868828960837
-0.5161512553558172,5.346359725557352,1.2720039484277732,0.819125540959153,-0.2937637227387689,2.174868828960837
-0.5138418537658582,0.04670760072683961,1.2720039484277732,-0.5498447157587288,-0.2937637227387689,-1.3367600660243681
-0.5115324521758993,0.8572426315832707,-1.4878889001377906,0.23309375298060767,0.9218103023871712,0.41905438146823454
-0.5092230505859404,-0.25256687220476576,-1.4878889001377906,0.18621120994232404,0.9218103023871712,0.41905438146823454
-0.5069136489959815,0.034237831021356045,-1.4878889001377906,-1.5648517725375695,0.9218103023871712,0.41905438146823454
-0.5046042474060226,-0.26503664191024934,-1.4878889001377906,-1.0467996719645354,0.9218103023871712,0.41905438146823454
-0.5022948458160637,-0.3024459510267,-1.4878889001377906,-1.393730490447834,0.9218103023871712,0.41905438146823454
-0.49998544422610475,0.12152621895974103,-1.4878889001377906,-1.2015120639908712,0.9218103023871712,0.41905438146823454
-0.49767604263614584,-0.16527848426638087,-1.4878889001377906,0.5636156814005072,0.9218103023871712,0.41905438146823454
-0.49536664104618694,-0.2400971024992822,-1.4878889001377906,0.41827979798182796,0.9218103023871712,-1.3367600660243681
-0.49305723945622804,0.059177370432323184,-1.4878889001377906,-0.4584237568340758,0.9218103023871712,0.41905438146823454
-0.4907478378662691,-0.0405807872115453,-1.4878889001377906,-0.07867515822397844,0.9218103023871712,0.41905438146823454
-0.4884384362763102,-0.43337853293427736,1.2720039484277732,0.3245147119052607,-1.509337747864709,0.41905438146823454
-0.48612903468635127,-0.046815672064287085,1.2720039484277732,0.3690531277916302,-1.509337747864709,0.41905438146823454
-0.48381963309639237,-0.3086808358794418,0.3520396655725853,0.715983946274929,-1.509337747864709,0.41905438146823454
-0.48151023150643346,-0.22139244794105692,0.3520396655725853,0.7464575992498134,-1.509337747864709,0.41905438146823454
-0.4792008299164745,-0.470787842050728,1.2720039484277732,-0.810042829621203,-1.509337747864709,0.41905438146823454
-0.4768914283265156,-0.5144320360199205,0.3520396655725853,-0.11383706550269115,-1.509337747864709,0.41905438146823454
-0.4745820267365567,-0.501962266314437,0.3520396655725853,-1.1640060295602443,-1.509337747864709,0.41905438146823454
-0.4722726251465978,-0.40843899352331026,0.3520396655725853,-0.8663018812671434,-1.509337747864709,0.41905438146823454
-0.4699632235566389,-0.3834994541123431,0.3520396655725853,0.11354326823298443,-1.509337747864709,0.41905438146823454
-0.46765382196668,-0.35232502984863423,-0.5679246172826027,1.234036046847963,-1.509337747864709,0.41905438146823454
-0.465344420376721,-0.4645529571979863,0.3520396655725853,-1.6539286043103083,-1.509337747864709,0.41905438146823454
-0.4630350187867621,-0.3336203752904089,-0.5679246172826027,-0.46545613828981836,-1.509337747864709,0.41905438146823454
-0.4607256171968032,-0.4770227269034698,0.3520396655725853,-0.029448488033780633,1.5295973149501414,-1.3367600660243681
-0.4584162156068443,-0.40843899352331026,0.3520396655725853,0.04790770797938735,1.5295973149501414,-1.3367600660243681
-0.4561068140168854,-0.40220410867056844,0.3520396655725853,1.5411167037487208,1.5295973149501414,0.41905438146823454
-0.4537974124269265,-0.2400971024992822,0.3520396655725853,1.5973757553946613,1.5295973149501414,0.41905438146823454
-0.45148801083696755,-0.17151336911912263,0.3520396655725853,-0.7490955236714343,1.5295973149501414,0.41905438146823454
-0.44917860924700864,-0.5144320360199205,0.3520396655725853,-1.0092936375339083,1.5295973149501414,-1.3367600660243681
-0.44686920765704974,-0.4271436480815356,0.3520396655725853,-0.6459539289872103,1.5295973149501414,-1.3367600660243681
-0.44455980606709083,-0.5456064602836294,0.3520396655725853,-0.9108402971535128,1.5295973149501414,-1.3367600660243681
-0.44225040447713193,-0.5269018057254041,0.3520396655725853,0.15104930266361133,1.5295973149501414,-1.3367600660243681
-0.439941002887173,-0.43337853293427736,-0.5679246172826027,-1.6914346387409351,1.5295973149501414,0.41905438146823454
-0.43763160129721407,-0.15280871456089729,0.3520396655725853,1.6184728997618887,-0.901550735301739,0.41905438146823454
-0.43532219970725516,-0.28997618132121644,0.3520396655725853,1.4215662190010976,-0.901550735301739,0.41905438146823454
-0.43301279811729626,-0.17151336911912263,0.3520396655725853,1.3910925660262132,-0.901550735301739,0.41905438146823454
-0.43070339652733736,-0.0405807872115453,1.2720039484277732,-0.681115836265923,-0.901550735301739,2.174868828960837
-0.42839399493737845,0.24622391601457658,1.2720039484277732,1.6864525871674,-0.901550735301739,2.174868828960837
-0.42608459334741955,0.04670760072683961,0.3520396655725853,-0.3013672376558257,-0.901550735301739,0.41905438146823454
-0.4237751917574606,-0.22762733279379863,-0.5679246172826027,-0.9717876031032815,-0.901550735301739,0.41905438146823454
-0.4214657901675017,-0.3336203752904089,-0.5679246172826027,1.0488500018467428,0.3140232898242012,0.41905438146823454
-0.4191563885775428,-0.3959692238178267,-0.5679246172826027,0.9386760257067762,0.3140232898242012,0.41905438146823454
-0.4168469869875839,0.14023087351796623,-0.5679246172826027,1.01368809456803,0.3140232898242012,0.41905438146823454
-0.414537585397625,-0.15904359941363908,-0.5679246172826027,-1.302309531523181,0.3140232898242012,-1.3367600660243681
-0.412228183807666,-0.2400971024992822,-0.5679246172826027,-1.5109368480435432,0.3140232898242012,0.41905438146823454
-0.4099187822177071,-0.2775064116157329,-0.5679246172826027,-1.4382689063342036,0.3140232898242012,0.41905438146823454
-0.4076093806277482,-0.35855991470137605,-0.5679246172826027,1.325457005772616,0.3140232898242012,-1.3367600660243681
-0.4052999790377893,-0.34609014499589247,-0.5679246172826027,-1.2718358785482966,0.3140232898242012,-1.3367600660243681
-0.4029905774478304,-0.20268779338283155,-0.5679246172826027,-0.5896948773412699,0.3140232898242012,0.41905438146823454
-0.4006811758578715,-0.2588017570575076,-0.5679246172826027,-0.33887327208645257,0.3140232898242012,0.41905438146823454
-0.39837177426791254,3.1641500270977287,-1.4878889001377906,0.6245629873502759,0.3140232898242012,2.174868828960837
-0.39606237267795363,3.1641500270977287,-1.4878889001377906,1.1730887408981943,0.3140232898242012,2.174868828960837
-0.39375297108799473,0.20257972204538408,-0.5679246172826027,-1.1264999951296175,0.3140232898242012,0.41905438146823454
-0.3914435694980358,-0.2775064116157329,-0.5679246172826027,0.5307979012737087,0.3140232898242012,0.41905438146823454
-0.3891341679080769,-0.190218023677348,-0.5679246172826027,1.0300969846314294,0.3140232898242012,0.41905438146823454
-0.386824766318118,-0.2962110661739582,-0.5679246172826027,-1.3679450917767781,0.3140232898242012,-1.3367600660243681
-0.38451536472815906,-0.015641247800578163,-0.5679246172826027,1.105109053492683,0.3140232898242012,-1.3367600660243681
-0.38220596313820016,0.17140529778167515,-0.5679246172826027,-0.7420631422156917,0.3140232898242012,-1.3367600660243681
-0.37989656154824125,-0.3398552601431507,2.1919682312829614,0.9058582455799777,-0.2937637227387689,-1.3367600660243681
-0.37758715995828235,-0.38973433896508486,2.1919682312829614,0.9105464998838061,-0.2937637227387689,-1.3367600660243681
-0.37527775836832344,-0.15280871456089729,1.2720039484277732,1.2481008097594481,-0.2937637227387689,-1.3367600660243681
-0.37296835677836454,-0.22762733279379863,1.2720039484277732,1.3043598614053884,-0.2937637227387689,-1.3367600660243681
-0.3706589551884056,0.7325449345284354,2.1919682312829614,-0.16071960854097478,-0.2937637227387689,-1.3367600660243681
-0.3683495535984467,-0.36479479955411775,1.2720039484277732,-0.4068529594919638,-0.2937637227387689,-1.3367600660243681
-0.3660401520084878,0.7948937830558532,1.2720039484277732,-1.585948916904797,-0.2937637227387689,0.41905438146823454
-0.36373075041852887,-0.3710296844068595,0.3520396655725853,0.4909477396911676,-0.2937637227387689,-1.3367600660243681
-0.36142134882856997,-0.5456064602836294,-0.5679246172826027,1.4825135249508663,-0.2937637227387689,-1.3367600660243681
-0.359111947238611,-0.1403389448554138,0.3520396655725853,0.6573807674770745,-0.2937637227387689,0.41905438146823454
-0.3568025456486521,2.6653592388783873,1.2720039484277732,-0.23104342309840023,-0.2937637227387689,2.174868828960837
-0.3544931440586932,6.593336696105707,1.2720039484277732,0.8331903038706381,-0.2937637227387689,2.174868828960837
-0.3521837424687343,0.233754146309093,1.2720039484277732,-0.512338681328102,-0.2937637227387689,-1.3367600660243681
-0.3498743408787754,0.6701960860010175,-1.4878889001377906,0.26591153310740623,0.9218103023871712,0.41905438146823454
-0.3475649392888165,-0.3024459510267,-1.4878889001377906,0.17449057418275313,0.9218103023871712,0.41905438146823454
-0.34525553769885753,-0.003171478095094593,-1.4878889001377906,-1.571884153993312,0.9218103023871712,0.41905438146823454
-0.3429461361088986,-0.3149157207321836,-1.4878889001377906,-1.0632085620279346,0.9218103023871712,0.41905438146823454
-0.3406367345189397,-0.28997618132121644,-1.4878889001377906,-1.4007628719035767,0.9218103023871712,0.41905438146823454
-0.3383273329289808,0.0965866795487739,-1.4878889001377906,-1.2226092083580988,0.9218103023871712,0.41905438146823454
-0.3360179313390219,-0.17774825397186442,-1.4878889001377906,0.5683039357043356,0.9218103023871712,0.41905438146823454
-0.333708529749063,-0.2712715267629911,-1.4878889001377906,0.4159356708299138,0.9218103023871712,-1.3367600660243681
-0.33139912815910405,0.08411690984329032,-1.4878889001377906,-0.4256059767072773,0.9218103023871712,0.41905438146823454
-0.32908972656914515,-0.021876132653319946,-1.4878889001377906,-0.09039579398354934,0.9218103023871712,0.41905438146823454
-0.32678032497918624,-0.4271436480815356,1.2720039484277732,0.3127940761456898,-1.509337747864709,0.41905438146823454
-0.32447092338922734,-0.02811101750606173,1.2720039484277732,0.38311789070311525,-1.509337747864709,0.41905438146823454
-0.32216152179926844,-0.3273854904376671,0.3520396655725853,0.6925426747557872,-1.509337747864709,0.41905438146823454
-0.31985212020930953,-0.20892267823557334,0.3520396655725853,0.767554743617041,-1.509337747864709,0.41905438146823454
-0.3175427186193506,-0.4645529571979863,1.2720039484277732,-0.8147310839250314,-1.509337747864709,0.41905438146823454
-0.31523331702939167,-0.5081971511671787,0.3520396655725853,-0.15134309993331807,-1.509337747864709,0.41905438146823454
-0.31292391543943276,-0.49572738146169515,0.3520396655725853,-1.1382206308891885,-1.509337747864709,0.41905438146823454
-0.31061451384947386,-0.4271436480815356,0.3520396655725853,-0.8592694998114008,-1.509337747864709,0.41905438146823454
-0.30830511225951496,-0.38973433896508486,0.3520396655725853,0.08775786956192842,-1.509337747864709,0.41905438146823454
-0.305995710669556,-0.3834994541123431,-0.5679246172826027,1.2059065210249929,-1.509337747864709,0.41905438146823454
-0.3036863090795971,-0.4770227269034698,0.3520396655725853,-1.67736987582945,-1.509337747864709,0.41905438146823454
-0.3013769074896382,-0.35232502984863423,-0.5679246172826027,-0.4818650283532176,-1.509337747864709,0.41905438146823454
-0.2990675058996793,-0.470787842050728,0.3520396655725853,-0.017727852274209727,1.5295973149501414,-1.3367600660243681
-0.2967581043097204,-0.3710296844068595,0.3520396655725853,0.05494008943512989,1.5295973149501414,-1.3367600660243681
-0.2944487027197615,-0.3959692238178267,0.3520396655725853,1.5247078136853216,1.5295973149501414,0.41905438146823454
-0.2921393011298025,-0.22762733279379863,0.3520396655725853,1.5622138481159484,1.5295973149501414,0.41905438146823454
-0.2898298995398436,-0.1403389448554138,0.3520396655725853,-0.772536795190576,1.5295973149501414,0.41905438146823454
-0.2875204979498847,-0.5144320360199205,0.3520396655725853,-1.0327349090530502,1.5295973149501414,-1.3367600660243681
-0.2852110963599258,-0.4520831874925027,0.3520396655725853,-0.6295450389238111,1.5295973149501414,-1.3367600660243681
-0.2829016947699669,-0.5456064602836294,0.3520396655725853,-0.938969822976483,1.5295973149501414,-1.3367600660243681
-0.280592293180008,-0.5269018057254041,0.3520396655725853,0.12057564968872697,1.5295973149501414,-1.3367600660243681
-0.27828289159004904,-0.4396134177870192,-0.5679246172826027,-1.6937787658928494,1.5295973149501414,0.41905438146823454
-0.27597349000009014,-0.20268779338283155,0.3520396655725853,1.609096391154232,-0.901550735301739,0.41905438146823454
-0.27366408841013123,-0.2837412964684747,0.3520396655725853,1.440319236216411,-0.901550735301739,0.41905438146823454
-0.27135468682017233,-0.14657382970815558,0.3520396655725853,1.3864043117223848,-0.901550735301739,0.41905438146823454
-0.2690452852302134,-0.015641247800578163,1.2720039484277732,-0.6951805991774082,-0.901550735301739,2.174868828960837
-0.2667358836402545,0.2711634554255437,1.2720039484277732,1.6911408414712283,-0.901550735301739,2.174868828960837
-0.26442648205029556,0.06541225528506497,0.3520396655725853,-0.2755818389847697,-0.901550735301739,0.41905438146823454
-0.26211708046033666,-0.22139244794105692,-0.5679246172826027,-0.9553787130398822,-0.901550735301739,0.41905438146823454
-0.25980767887037776,-0.3273854904376671,-0.5679246172826027,1.0699471462139705,0.3140232898242012,0.41905438146823454
-0.25749827728041885,-0.38973433896508486,-0.5679246172826027,0.9527407886182613,0.3140232898242012,0.41905438146823454
-0.25518887569045995,0.07788202499054854,-0.5679246172826027,0.9902468230488882,0.3140232898242012,0.41905438146823454
-0.252879474100501,-0.16527848426638087,-0.5679246172826027,-1.299965404371267,0.3140232898242012,-1.3367600660243681
-0.2505700725105421,-0.21515756308831513,-0.5679246172826027,-1.485151449372487,0.3140232898242012,0.41905438146823454
-0.24826067092058318,-0.26503664191024934,-0.5679246172826027,-1.4593660507014312,0.3140232898242012,0.41905438146823454
-0.24595126933062428,-0.35855991470137605,-0.5679246172826027,1.3324893872283587,0.3140232898242012,-1.3367600660243681
-0.24364186774066537,-0.3336203752904089,-0.5679246172826027,-1.2741800057002108,0.3140232898242012,-1.3367600660243681
-0.24133246615070644,-0.20268779338283155,-0.5679246172826027,-0.5709418601259565,0.3140232898242012,0.41905438146823454
-0.23902306456074754,-0.26503664191024934,-0.5679246172826027,-0.31543200056731074,0.3140232898242012,0.41905438146823454
-0.23671366297078864,3.7876385123719065,-1.4878889001377906,0.6269071145021902,0.3140232898242012,2.174868828960837
-0.2344042613808297,3.7876385123719065,-1.4878889001377906,1.1754328680501085,0.3140232898242012,2.174868828960837
-0.2320948597908708,0.233754146309093,-0.5679246172826027,-1.0960263421547332,0.3140232898242012,0.41905438146823454
-0.2297854582009119,-0.2712715267629911,-0.5679246172826027,0.5167331383622236,0.3140232898242012,0.41905438146823454
-0.22747605661095296,-0.1839831388246062,-0.5679246172826027,1.0371293660871719,0.3140232898242012,0.41905438146823454
-0.22516665502099406,-0.28997618132121644,-0.5679246172826027,-1.3632568374729497,0.3140232898242012,-1.3367600660243681
-0.22285725343103513,0.009298291610388906,-0.5679246172826027,1.1074531806445973,0.3140232898242012,-1.3367600660243681
-0.22054785184107623,0.20257972204538408,-0.5679246172826027,-0.7209659978484642,0.3140232898242012,-1.3367600660243681
-0.21823845025111732,-0.37726456925960133,2.1919682312829614,0.8730404654531791,-0.2937637227387689,-1.3367600660243681
-0.2159290486611584,-0.3710296844068595,2.1919682312829614,0.8917934826684926,-0.2937637227387689,-1.3367600660243681
-0.2136196470711995,-0.20892267823557334,1.2720039484277732,1.2762303355824183,-0.2937637227387689,-1.3367600660243681
-0.21131024548124058,-0.23386221764654042,1.2720039484277732,1.3184246243168736,-0.2937637227387689,-1.3367600660243681
-0.20900084389128165,1.1066380256929422,2.1919682312829614,-0.18884913436394496,-0.2937637227387689,-1.3367600660243681
-0.20669144230132275,-0.37726456925960133,1.2720039484277732,-0.3740351793651653,-0.2937637227387689,-1.3367600660243681
-0.20438204071136384,-0.1403389448554138,1.2720039484277732,-1.6164225698796812,-0.2937637227387689,0.41905438146823454
-0.2020726391214049,-0.4209087632287938,0.3520396655725853,0.4675064681720258,-0.2937637227387689,-1.3367600660243681
-0.199763237531446,-0.5269018057254041,-0.5679246172826027,1.4778252706470378,-0.2937637227387689,-1.3367600660243681
-0.1974538359414871,-0.15280871456089729,0.3520396655725853,0.6737896575404737,-0.2937637227387689,0.41905438146823454
-0.19514443435152817,2.2912661477138796,1.2720039484277732,-0.21697866018691514,-0.2937637227387689,2.174868828960837
-0.19283503276156927,5.0346154829202625,1.2720039484277732,0.8144372866553247,-0.2937637227387689,2.174868828960837
-0.19052563117161037,0.015533176463130691,1.2720039484277732,-0.5193710627838445,-0.2937637227387689,-1.3367600660243681
-0.18821622958165143,1.1066380256929422,-1.4878889001377906,0.24950264304400693,0.9218103023871712,0.41905438146823454
-0.18590682799169253,-0.26503664191024934,-1.4878889001377906,0.18855533709423822,0.9218103023871712,0.41905438146823454
-0.18359742640173363,-0.02811101750606173,-1.4878889001377906,-1.54844288247417,0.9218103023871712,0.41905438146823454
-0.1812880248117747,-0.2588017570575076,-1.4878889001377906,-1.0655526891798488,0.9218103023871712,0.41905438146823454
-0.1789786232218158,-0.2837412964684747,-1.4878889001377906,-1.4031069990554907,0.9218103023871712,0.41905438146823454
-0.1766692216318569,0.10905644925425746,-1.4878889001377906,-1.2038561911427854,0.9218103023871712,0.41905438146823454
-0.17435982004189796,-0.1839831388246062,-1.4878889001377906,0.5706480628562498,0.9218103023871712,0.41905438146823454
-0.17205041845193905,-0.22762733279379863,-1.4878889001377906,0.42296805228565637,0.9218103023871712,-1.3367600660243681
-0.16974101686198012,0.10905644925425746,-1.4878889001377906,-0.4443589939225907,0.9218103023871712,0.41905438146823454
-0.16743161527202122,-0.015641247800578163,-1.4878889001377906,-0.0716427767682359,0.9218103023871712,0.41905438146823454
-0.1651222136820623,-0.43337853293427736,1.2720039484277732,0.31044994899377565,-1.509337747864709,0.41905438146823454
-0.16281281209210338,-0.10292963573896308,1.2720039484277732,0.4018709079184287,-1.509337747864709,0.41905438146823454
-0.16050341050214448,-0.3336203752904089,0.3520396655725853,0.7136398191230148,-1.509337747864709,0.41905438146823454
-0.15819400891218557,-0.21515756308831513,0.3520396655725853,0.7863077608323544,-1.509337747864709,0.41905438146823454
-0.15588460732222664,-0.470787842050728,1.2720039484277732,-0.8123869567731171,-1.509337747864709,0.41905438146823454
-0.15357520573226774,-0.5144320360199205,0.3520396655725853,-0.1443107184775755,-1.509337747864709,0.41905438146823454
-0.15126580414230884,-0.501962266314437,0.3520396655725853,-1.1804149196236435,-1.509337747864709,0.41905438146823454
-0.1489564025523499,-0.4209087632287938,0.3520396655725853,-0.861613626963315,-1.509337747864709,0.41905438146823454
-0.146647000962391,-0.40220410867056844,0.3520396655725853,0.10885501392915606,-1.509337747864709,0.41905438146823454
-0.1443375993724321,-0.40843899352331026,-0.5679246172826027,1.1871535038096794,-1.509337747864709,0.41905438146823454
-0.14202819778247316,-0.48325761175621157,0.3520396655725853,-1.6679933672217933,-1.509337747864709,0.41905438146823454
-0.13971879619251426,-0.3398552601431507,-0.5679246172826027,-0.4959297912647027,-1.509337747864709,0.41905438146823454
-0.13740939460255536,-0.4770227269034698,0.3520396655725853,0.008057546396846266,1.5295973149501414,-1.3367600660243681
-0.13509999301259643,-0.37726456925960133,0.3520396655725853,0.026810563612159718,1.5295973149501414,-1.3367600660243681
-0.13279059142263752,-0.40843899352331026,0.3520396655725853,1.5481490852044633,1.5295973149501414,0.41905438146823454
-0.13048118983267862,-0.23386221764654042,0.3520396655725853,1.5903433739389186,1.5295973149501414,0.41905438146823454
-0.1281717882427197,-0.046815672064287085,0.3520396655725853,-0.7795691766463186,1.5295973149501414,0.41905438146823454
-0.12586238665276078,-0.5081971511671787,0.3520396655725853,-1.0374231633568787,1.5295973149501414,-1.3367600660243681
-0.12355298506280186,-0.4396134177870192,0.3520396655725853,-0.6201685303161543,1.5295973149501414,-1.3367600660243681
-0.12124358347284295,-0.5456064602836294,0.3520396655725853,-0.9225609329130837,1.5295973149501414,-1.3367600660243681
-0.11893418188288404,-0.5269018057254041,0.3520396655725853,0.15808168411935386,1.5295973149501414,-1.3367600660243681
-0.11662478029292513,-0.4520831874925027,-0.5679246172826027,-1.714875910260077,1.5295973149501414,0.41905438146823454
-0.11431537870296621,-0.1278691751499302,0.3520396655725853,1.6231611540657171,-0.901550735301739,0.41905438146823454
-0.1120059771130073,-0.26503664191024934,0.3520396655725853,1.4543839991278962,-0.901550735301739,0.41905438146823454
-0.10969657552304839,-0.09045986603347951,0.3520396655725853,1.3699954216589856,-0.901550735301739,0.41905438146823454
-0.10738717393308947,-0.021876132653319946,1.2720039484277732,-0.6717393276582663,-0.901550735301739,2.174868828960837
-0.10507777234313057,0.2836332251310271,1.2720039484277732,1.698173222926971,-0.901550735301739,2.174868828960837
-0.10276837075317165,0.07164714013780675,0.3520396655725853,-0.2919907290481689,-0.901550735301739,0.41905438146823454
-0.10045896916321273,-0.21515756308831513,-0.5679246172826027,-0.9670993487994531,-0.901550735301739,0.41905438146823454
-0.09814956757325381,-0.3149157207321836,-0.5679246172826027,1.053538256150571,0.3140232898242012,0.41905438146823454
-0.09584016598329491,-0.3959692238178267,-0.5679246172826027,0.9597731700740039,0.3140232898242012,0.41905438146823454
-0.09353076439333599,-0.015641247800578163,-0.5679246172826027,0.9996233316565449,0.3140232898242012,0.41905438146823454
-0.09122136280337707,-0.22139244794105692,-0.5679246172826027,-1.2929330229155243,0.3140232898242012,-1.3367600660243681
-0.08891196121341817,-0.22762733279379863,-0.5679246172826027,-1.5062485937397148,0.3140232898242012,0.41905438146823454
-0.08660255962345925,-0.26503664191024934,-0.5679246172826027,-1.442957160638032,0.3140232898242012,0.41905438146823454
-0.08429315803350033,-0.36479479955411775,-0.5679246172826027,1.3606189130513289,0.3140232898242012,-1.3367600660243681
-0.08198375644354143,-0.3398552601431507,-0.5679246172826027,-1.2460504798772407,0.3140232898242012,-1.3367600660243681
-0.07967435485358251,-0.190218023677348,-0.5679246172826027,-0.5615653515182998,0.3140232898242012,0.41905438146823454
-0.0773649532636236,-0.2837412964684747,-0.5679246172826027,-0.32949676347879586,0.3140232898242012,0.41905438146823454
-0.07505555167366469,4.411126997646084,-1.4878889001377906,0.6292512416541043,0.3140232898242012,2.174868828960837
-0.07274615008370577,4.411126997646084,-1.4878889001377906,1.1777769952020227,0.3140232898242012,2.174868828960837
-0.07043674849374686,0.14023087351796623,-0.5679246172826027,-1.110091105066218,0.3140232898242012,0.41905438146823454
-0.06812734690378794,-0.26503664191024934,-0.5679246172826027,0.5237655198179662,0.3140232898242012,0.41905438146823454
-0.06581794531382903,-0.17151336911912263,-0.5679246172826027,1.0324411117833434,0.3140232898242012,0.41905438146823454
-0.06350854372387012,-0.2962110661739582,-0.5679246172826027,-1.3609127103210357,0.3140232898242012,-1.3367600660243681
-0.06119914213391121,-0.009406362947836377,-0.5679246172826027,1.1215179435560823,0.3140232898242012,-1.3367600660243681
-0.05888974054395229,0.1589355280761916,-0.5679246172826027,-0.7115894892408073,0.3140232898242012,-1.3367600660243681
-0.05658033895399338,-0.3834994541123431,2.1919682312829614,0.9128906270357202,-0.2937637227387689,-1.3367600660243681
-0.05427093736403447,-0.35232502984863423,2.1919682312829614,0.8847611012127501,-0.2937637227387689,-1.3367600660243681
-0.05196153577407555,-0.16527848426638087,1.2720039484277732,1.2668538269747616,-0.2937637227387689,-1.3367600660243681
-0.04965213418411664,-0.21515756308831513,1.2720039484277732,1.311392242861131,-0.2937637227387689,-1.3367600660243681
-0.04734273259415772,0.8572426315832707,2.1919682312829614,-0.17947262575628822,-0.2937637227387689,-1.3367600660243681
-0.04503333100419881,-0.3834994541123431,1.2720039484277732,-0.3810675608209078,-0.2937637227387689,-1.3367600660243681
-0.0427239294142399,-0.15280871456089729,1.2720039484277732,-1.6023578069681963,-0.2937637227387689,0.41905438146823454
-0.04041452782428098,-0.40220410867056844,0.3520396655725853,0.5003242482988244,-0.2937637227387689,-1.3367600660243681
-0.03810512623432207,-0.5393715754308875,-0.5679246172826027,1.4872017792546945,-0.2937637227387689,-1.3367600660243681
-0.03579572464436316,-0.1278691751499302,0.3520396655725853,0.6480042588694177,-0.2937637227387689,0.41905438146823454
-0.03348632305440424,1.6677776624397023,1.2720039484277732,-0.25214056746562785,-0.2937637227387689,2.174868828960837
-0.03117692146444533,4.909917785865427,1.2720039484277732,0.8097490323514963,-0.2937637227387689,2.174868828960837
-0.02886751987448642,-0.06552032662251243,1.2720039484277732,-0.5475005886068147,-0.2937637227387689,-1.3367600660243681
-0.026558118284527504,0.7948937830558532,-1.4878889001377906,0.25653502449974946,0.9218103023871712,0.41905438146823454
-0.02424871669456859,-0.2837412964684747,-1.4878889001377906,0.2026201000057233,0.9218103023871712,0.41905438146823454
-0.021939315104609676,0.10905644925425746,-1.4878889001377906,-1.5367222467145991,0.9218103023871712,0.41905438146823454
-0.019629913514650765,-0.25256687220476576,-1.4878889001377906,-1.0444555448126212,0.9218103023871712,0.41905438146823454
-0.01732051192469185,-0.2962110661739582,-1.4878889001377906,-1.3890422361440058,0.9218103023871712,0.41905438146823454
-0.015011110334732937,0.10282156440151567,-1.4878889001377906,-1.2296415898138415,0.9218103023871712,0.41905438146823454
-0.012701708744774024,-0.1403389448554138,-1.4878889001377906,0.5847128257677349,0.9218103023871712,0.41905438146823454
-0.01039230715481511,-0.24633198735202397,-1.4878889001377906,0.45344170526054073,0.9218103023871712,-1.3367600660243681
-0.008082905564856196,0.06541225528506497,-1.4878889001377906,-0.434982485314934,0.9218103023871712,0.41905438146823454
-0.005773503974897284,-0.02811101750606173,-1.4878889001377906,-0.08805166683163516,0.9218103023871712,0.41905438146823454
-0.00346410238493837,-0.4396134177870192,1.2720039484277732,0.3034175675380331,-1.509337747864709,0.41905438146823454
-0.0011547007949794567,-0.07799009632799593,1.2720039484277732,0.3596766191839735,-1.509337747864709,0.41905438146823454
0.0011547007949794567,-0.3211506055849254,0.3520396655725853,0.7019191833634439,-1.509337747864709,0.41905438146823454
0.00346410238493837,-0.20268779338283155,0.3520396655725853,0.7698988707689551,-1.509337747864709,0.41905438146823454
0.005773503974897284,-0.4645529571979863,1.2720039484277732,-0.8264517196846023,-1.509337747864709,0.41905438146823454
0.008082905564856196,-0.5081971511671787,0.3520396655725853,-0.11852531980651952,-1.509337747864709,0.41905438146823454
0.01039230715481511,-0.49572738146169515,0.3520396655725853,-1.1546295209525876,-1.509337747864709,0.41905438146823454
0.012701708744774024,-0.414673878376052,0.3520396655725853,-0.8639577541152291,-1.509337747864709,0.41905438146823454
0.015011110334732937,-0.3959692238178267,0.3520396655725853,0.1158873953848986,-1.509337747864709,0.41905438146823454
0.01732051192469185,-0.3959692238178267,-0.5679246172826027,1.1965300124173361,-1.509337747864709,0.41905438146823454
0.019629913514650765,-0.4770227269034698,0.3520396655725853,-1.6820581301332784,-1.509337747864709,0.41905438146823454
0.021939315104609676,-0.34609014499589247,-0.5679246172826027,-0.49124153696087436,-1.509337747864709,0.41905438146823454
0.02424871669456859,-0.470787842050728,0.3520396655725853,-0.013039597970381366,1.5295973149501414,-1.3367600660243681
0.026558118284527504,-0.40220410867056844,0.3520396655725853,0.05025183513130153,1.5295973149501414,-1.3367600660243681
0.02886751987448642,-0.38973433896508486,0.3520396655725853,1.5270519408372356,1.5295973149501414,0.41905438146823454
0.03117692146444533,-0.22139244794105692,0.3520396655725853,1.5715903567236051,1.5295973149501414,0.41905438146823454
0.03348632305440424,0.015533176463130691,0.3520396655725853,-0.7701926680386619,1.5295973149501414,0.41905438146823454
0.03579572464436316,-0.5081971511671787,0.3520396655725853,-1.0022612560781659,1.5295973149501414,-1.3367600660243681
0.03810512623432207,-0.4209087632287938,0.3520396655725853,-0.6272009117718969,1.5295973149501414,-1.3367600660243681
0.04041452782428098,-0.5456064602836294,0.3520396655725853,-0.9038079156977702,1.5295973149501414,-1.3367600660243681
0.0427239294142399,-0.5269018057254041,0.3520396655725853,0.12291977684064115,1.5295973149501414,-1.3367600660243681
0.04503333100419881,-0.44584830263976094,-0.5679246172826027,-1.7054994016524203,1.5295973149501414,0.41905438146823454
0.04734273259415772,-0.1403389448554138,0.3520396655725853,1.6114405183061462,-0.901550735301739,0.41905438146823454
0.04965213418411664,-0.2962110661739582,0.3520396655725853,1.4473516176721535,-0.901550735301739,0.41905438146823454
0.05196153577407555,-0.06552032662251243,0.3520396655725853,1.3840601845704708,-0.901550735301739,0.41905438146823454
0.05427093736403447,0.0030634067576471914,1.2720039484277732,-0.6623628190506096,-0.901550735301739,2.174868828960837
0.05658033895399338,0.25869368572006013,1.2720039484277732,1.6747319514078292,-0.901550735301739,2.174868828960837
0.05888974054395229,0.059177370432323184,0.3520396655725853,-0.27792596613668386,-0.901550735301739,0.41905438146823454
0.06119914213391121,-0.20892267823557334,-0.5679246172826027,-0.9741317302551957,-0.901550735301739,0.41905438146823454
0.06350854372387012,-0.3336203752904089,-0.5679246172826027,1.065258891910142,0.3140232898242012,0.41905438146823454
0.06581794531382903,-0.38973433896508486,-0.5679246172826027,0.9550849157701755,0.3140232898242012,0.41905438146823454
0.06812734690378794,0.10905644925425746,-0.5679246172826027,0.9808703144412315,0.3140232898242012,0.41905438146823454
0.07043674849374686,-0.14657382970815558,-0.5679246172826027,-1.3327831844980653,0.3140232898242012,-1.3367600660243681
0.07274615008370577,-0.20892267823557334,-0.5679246172826027,-1.482807322220573,0.3140232898242012,0.41905438146823454
0.07505555167366469,-0.2588017570575076,-0.5679246172826027,-1.468742559309088,0.3140232898242012,0.41905438146823454
0.0773649532636236,-0.35855991470137605,-0.5679246172826027,1.3301452600764445,0.3140232898242012,-1.3367600660243681
0.07967435485358251,-0.3336203752904089,-0.5679246172826027,-1.2577711156368117,0.3140232898242012,-1.3367600660243681
0.08198375644354143,-0.1964529085300898,-0.5679246172826027,-0.5732859872778707,0.3140232898242012,0.41905438146823454
0.08429315803350033,-0.25256687220476576,-0.5679246172826027,-0.3224643820230533,0.3140232898242012,0.41905438146823454
0.08660255962345925,5.0346154829202625,-1.4878889001377906,0.6315953688060185,0.3140232898242012,2.174868828960837
0.08891196121341817,5.0346154829202625,-1.4878889001377906,1.180121122353937,0.3140232898242012,2.174868828960837
0.09122136280337707,0.22128437660360945,-0.5679246172826027,-1.1030587236104756,0.3140232898242012,0.41905438146823454
0.09353076439333599,-0.2588017570575076,-0.5679246172826027,0.5214213926660519,0.3140232898242012,0.41905438146823454
0.09584016598329491,-0.16527848426638087,-0.5679246172826027,1.0277528574795152,0.3140232898242012,0.41905438146823454
0.09814956757325381,-0.2837412964684747,-0.5679246172826027,-1.3491920745614647,0.3140232898242012,-1.3367600660243681
0.10045896916321273,0.0030634067576471914,-0.5679246172826027,1.0980766720369406,0.3140232898242012,-1.3367600660243681
0.10276837075317165,0.18387506748715873,-0.5679246172826027,-0.7279983793042066,0.3140232898242012,-1.3367600660243681
0.10507777234313057,-0.38973433896508486,2.1919682312829614,0.9199230084914628,-0.2937637227387689,-1.3367600660243681
0.10738717393308947,-0.34609014499589247,2.1919682312829614,0.8871052283646642,-0.2937637227387689,-1.3367600660243681
0.10969657552304839,-0.15280871456089729,1.2720039484277732,1.259821445519019,-0.2937637227387689,-1.3367600660243681
0.1120059771130073,-0.2400971024992822,1.2720039484277732,1.3090481157092169,-0.2937637227387689,-1.3367600660243681
0.11431537870296621,0.545498388946182,2.1919682312829614,-0.1583754813890606,-0.2937637227387689,-1.3367600660243681
0.11662478029292513,-0.3211506055849254,1.2720039484277732,-0.37637930651707946,-0.2937637227387689,-1.3367600660243681
0.11893418188288404,0.35845184336392855,1.2720039484277732,-1.6140784427277672,-0.2937637227387689,0.41905438146823454
0.12124358347284295,-0.3959692238178267,0.3520396655725853,0.4792271039315967,-0.2937637227387689,-1.3367600660243681
0.12355298506280186,-0.5331366905781458,-0.5679246172826027,1.4965782878623515,-0.2937637227387689,-1.3367600660243681
0.12586238665276078,-0.14657382970815558,0.3520396655725853,0.6409718774136752,-0.2937637227387689,0.41905438146823454
0.1281717882427197,1.8548242080219555,1.2720039484277732,-0.24041993170605694,-0.2937637227387689,2.174868828960837
0.13048118983267862,7.029778635797632,1.2720039484277732,0.8355344310225522,-0.2937637227387689,2.174868828960837
0.13279059142263752,0.20257972204538408,1.2720039484277732,-0.5545329700625572,-0.2937637227387689,-1.3367600660243681
0.13509999301259643,0.7325449345284354,-1.4878889001377906,0.27528804171506294,0.9218103023871712,0.41905438146823454
0.13740939460255536,-0.23386221764654042,-1.4878889001377906,0.1908994642461524,0.9218103023871712,0.41905438146823454
0.13971879619251426,0.021768061315872476,-1.4878889001377906,-1.5671958996894835,0.9218103023871712,0.41905438146823454
0.14202819778247316,-0.24633198735202397,-1.4878889001377906,-1.058520307724106,0.9218103023871712,0.41905438146823454
0.1443375993724321,-0.2775064116157329,-1.4878889001377906,-1.4101393805112334,0.9218103023871712,0.41905438146823454
0.146647000962391,0.12776110381248268,-1.4878889001377906,-1.196823809687043,0.9218103023871712,0.41905438146823454
0.1489564025523499,-0.134104060002672,-1.4878889001377906,0.5542391727928505,0.9218103023871712,0.41905438146823454
0.15126580414230884,-0.22139244794105692,-1.4878889001377906,0.4557858324124549,0.9218103023871712,-1.3367600660243681
0.15357520573226774,0.10282156440151567,-1.4878889001377906,-0.4537355025302474,0.9218103023871712,0.41905438146823454
0.15588460732222664,-0.03434590235880351,-1.4878889001377906,-0.08570753967972099,0.9218103023871712,0.41905438146823454
0.15819400891218557,-0.4209087632287938,1.2720039484277732,0.32685883905717494,-1.509337747864709,0.41905438146823454
0.16050341050214448,-0.0405807872115453,1.2720039484277732,0.3854620178550294,-1.509337747864709,0.41905438146823454
0.16281281209210338,-0.3149157207321836,0.3520396655725853,0.7112956919711007,-1.509337747864709,0.41905438146823454
0.1651222136820623,-0.190218023677348,0.3520396655725853,0.7745871250727835,-1.509337747864709,0.41905438146823454
0.16743161527202122,-0.4583180723452445,1.2720039484277732,-0.7983221938616321,-1.509337747864709,0.41905438146823454
0.16974101686198012,-0.5081971511671787,0.3520396655725853,-0.13962246417374716,-1.509337747864709,0.41905438146823454
0.17205041845193905,-0.501962266314437,0.3520396655725853,-1.1710384110159868,-1.509337747864709,0.41905438146823454
0.17435982004189796,-0.40843899352331026,0.3520396655725853,-0.8803666441786284,-1.509337747864709,0.41905438146823454
0.1766692216318569,-0.38973433896508486,0.3520396655725853,0.0666607251947008,-1.509337747864709,0.41905438146823454
0.1789786232218158,-0.3710296844068595,-0.5679246172826027,1.219971283936478,-1.509337747864709,0.41905438146823454
0.1812880248117747,-0.470787842050728,0.3520396655725853,-1.6586168586141365,-1.509337747864709,0.41905438146823454
0.18359742640173363,-0.3398552601431507,-0.5679246172826027,-0.4888974098089602,-1.509337747864709,0.41905438146823454
0.18590682799169253,-0.470787842050728,0.3520396655725853,0.0010251649411037224,1.5295973149501414,-1.3367600660243681
0.18821622958165143,-0.3710296844068595,0.3520396655725853,0.024466436460245534,1.5295973149501414,-1.3367600660243681
0.19052563117161037,-0.3959692238178267,0.3520396655725853,1.5223636865334074,1.5295973149501414,0.41905438146823454
0.19283503276156927,-0.21515756308831513,0.3520396655725853,1.595031628242747,1.5295973149501414,0.41905438146823454
0.19514443435152817,0.04670760072683961,0.3520396655725853,-0.7608161594310052,1.5295973149501414,0.41905438146823454
0.1974538359414871,-0.501962266314437,0.3520396655725853,-1.0397672905087927,1.5295973149501414,-1.3367600660243681
0.199763237531446,-0.414673878376052,0.3520396655725853,-0.6107920217084976,1.5295973149501414,-1.3367600660243681
0.2020726391214049,-0.5456064602836294,0.3520396655725853,-0.9436580772803114,1.5295973149501414,-1.3367600660243681
0.20438204071136384,-0.5206669208726623,0.3520396655725853,0.13229628544829788,1.5295973149501414,-1.3367600660243681
0.20669144230132275,-0.4396134177870192,-0.5679246172826027,-1.703155274500506,1.5295973149501414,0.41905438146823454
0.20900084389128165,-0.12163429029718843,0.3520396655725853,1.620817026913803,-0.901550735301739,0.41905438146823454
0.21131024548124058,-0.2712715267629911,0.3520396655725853,1.4309427276087543,-0.901550735301739,0.41905438146823454
0.2136196470711995,-0.05305055691702887,0.3520396655725853,1.3793719302666423,-0.901550735301739,0.41905438146823454
0.2159290486611584,0.009298291610388906,1.2720039484277732,-0.6647069462025238,-0.901550735301739,2.174868828960837
0.21823845025111732,0.2773983402782855,1.2720039484277732,1.6770760785597434,-0.901550735301739,2.174868828960837
0.22054785184107623,0.0529424855795814,0.3520396655725853,-0.2826142204405122,-0.901550735301739,0.41905438146823454
0.22285725343103513,-0.20268779338283155,-0.5679246172826027,-0.9694434759513674,-0.901550735301739,0.41905438146823454
0.22516665502099406,-0.3086808358794418,-0.5679246172826027,1.0605706376063138,0.3140232898242012,0.41905438146823454
0.22747605661095296,-0.3834994541123431,-0.5679246172826027,0.9644614243778322,0.3140232898242012,0.41905438146823454
0.2297854582009119,0.17140529778167515,-0.5679246172826027,0.9785261872893173,0.3140232898242012,0.41905438146823454
0.2320948597908708,-0.1403389448554138,-0.5679246172826027,-1.3163742944346661,0.3140232898242012,-1.3367600660243681
0.2344042613808297,-0.1964529085300898,-0.5679246172826027,-1.4945279579801438,0.3140232898242012,0.41905438146823454
0.23671366297078864,-0.25256687220476576,-0.5679246172826027,-1.4640543050052595,0.3140232898242012,0.41905438146823454
0.23902306456074754,-0.36479479955411775,-0.5679246172826027,1.3535865315955864,0.3140232898242012,-1.3367600660243681
0.24133246615070644,-0.3273854904376671,-0.5679246172826027,-1.2859006414597818,0.3140232898242012,-1.3367600660243681
0.24364186774066537,-0.1839831388246062,-0.5679246172826027,-0.5850066230374416,0.3140232898242012,0.41905438146823454
0.24595126933062428,-0.24633198735202397,-0.5679246172826027,-0.3201202548711391,0.3140232898242012,0.41905438146823454
0.24826067092058318,5.658103968194441,-1.4878889001377906,0.5917452072234775,0.3140232898242012,2.174868828960837
0.2505700725105421,5.658103968194441,-1.4878889001377906,1.140270960771396,0.3140232898242012,2.174868828960837
0.252879474100501,0.24622391601457658,-0.5679246172826027,-1.1171234865219608,0.3140232898242012,0.41905438146823454
0.25518887569045995,-0.25256687220476576,-0.5679246172826027,0.5261096469698803,0.3140232898242012,0.41905438146823454
0.25749827728041885,-0.15280871456089729,-0.5679246172826027,1.025408730327601,0.3140232898242012,0.41905438146823454
0.25980767887037776,-0.2775064116157329,-0.5679246172826027,-1.351536201713379,0.3140232898242012,-1.3367600660243681
0.26211708046033666,0.015533176463130691,-0.5679246172826027,1.1238620707079965,0.3140232898242012,-1.3367600660243681
0.26442648205029556,0.20881460689812587,-0.5679246172826027,-0.7092453620888932,0.3140232898242012,-1.3367600660243681
0.2667358836402545,-0.35855991470137605,2.1919682312829614,0.9152347541876344,-0.2937637227387689,-1.3367600660243681
0.2690452852302134,-0.36479479955411775,2.1919682312829614,0.8800728469089217,-0.2937637227387689,-1.3367600660243681
0.27135468682017233,-0.1403389448554138,1.2720039484277732,1.2434125554556197,-0.2937637227387689,-1.3367600660243681
0.27366408841013123,-0.20268779338283155,1.2720039484277732,1.3067039885573026,-0.2937637227387689,-1.3367600660243681
0.27597349000009014,1.5430799653848666,2.1919682312829614,-0.18181675290820243,-0.2937637227387689,-1.3367600660243681
0.27828289159004904,-0.3149157207321836,1.2720039484277732,-0.3998205780362213,-0.2937637227387689,-1.3367600660243681
0.280592293180008,0.4208006918913464,1.2720039484277732,-1.5953254255124538,-0.2937637227387689,0.41905438146823454
0.2829016947699669,-0.36479479955411775,0.3520396655725853,0.48157123108351085,-0.2937637227387689,-1.3367600660243681
0.2852110963599258,-0.5393715754308875,-0.5679246172826027,1.4848576521027805,-0.2937637227387689,-1.3367600660243681
0.2875204979498847,-0.10916452059170487,0.3520396655725853,0.6808220389962163,-0.2937637227387689,0.41905438146823454
0.2898298995398436,2.4159638447687155,1.2720039484277732,-0.21932278733882932,-0.2937637227387689,2.174868828960837
0.2921393011298025,7.403871726962139,1.2720039484277732,0.8378785581744664,-0.2937637227387689,2.174868828960837
0.2944487027197615,0.26492857057280195,1.2720039484277732,-0.5217151899357587,-0.2937637227387689,-1.3367600660243681
0.2967581043097204,0.9195914801106886,-1.4878889001377906,0.2682556602593204,0.9218103023871712,0.41905438146823454
0.2990675058996793,-0.2588017570575076,-1.4878889001377906,0.16511406557509642,0.9218103023871712,0.41905438146823454
0.3013769074896382,0.17140529778167515,-1.4878889001377906,-1.5695400268413977,0.9218103023871712,0.41905438146823454
0.3036863090795971,-0.22762733279379863,-1.4878889001377906,-1.0514879262683636,0.9218103023871712,0.41905438146823454
0.305995710669556,-0.2712715267629911,-1.4878889001377906,-1.3866981089920916,0.9218103023871712,0.41905438146823454
0.30830511225951496,0.12152621895974103,-1.4878889001377906,-1.224953335510013,0.9218103023871712,0.41905438146823454
0.31061451384947386,-0.1278691751499302,-1.4878889001377906,0.5448626641851938,0.9218103023871712,0.41905438146823454
0.31292391543943276,-0.23386221764654042,-1.4878889001377906,0.43468868804522726,0.9218103023871712,-1.3367600660243681
0.31523331702939167,0.11529133410699924,-1.4878889001377906,-0.45607962968216165,0.9218103023871712,0.41905438146823454
0.3175427186193506,-0.015641247800578163,-1.4878889001377906,-0.06695452246440753,0.9218103023871712,0.41905438146823454
0.31985212020930953,-0.43337853293427736,1.2720039484277732,0.33857947481674583,-1.509337747864709,0.41905438146823454
0.32216152179926844,-0.06552032662251243,1.2720039484277732,0.3948385264626862,-1.509337747864709,0.41905438146823454
0.32447092338922734,-0.3086808358794418,0.3520396655725853,0.6948868019077014,-1.509337747864709,0.41905438146823454
0.32678032497918624,-0.1964529085300898,0.3520396655725853,0.7581782350093843,-1.509337747864709,0.41905438146823454
0.32908972656914515,-0.4583180723452445,1.2720039484277732,-0.8287958468365164,-1.509337747864709,0.41905438146823454
0.33139912815910405,-0.5081971511671787,0.3520396655725853,-0.1091488111988628,-1.509337747864709,0.41905438146823454
0.333708529749063,-0.49572738146169515,0.3520396655725853,-1.1827590467755578,-1.509337747864709,0.41905438146823454
0.3360179313390219,-0.414673878376052,0.3520396655725853,-0.8756783898748001,-1.509337747864709,0.41905438146823454
0.3383273329289808,-0.38973433896508486,0.3520396655725853,0.0783813609542717,-1.509337747864709,0.41905438146823454
0.3406367345189397,-0.38973433896508486,-0.5679246172826027,1.2105947753288213,-1.509337747864709,0.41905438146823454
0.3429461361088986,-0.470787842050728,0.3520396655725853,-1.6726816215256217,-1.509337747864709,0.41905438146823454
0.34525553769885753,-0.3336203752904089,-0.5679246172826027,-0.4795209012013034,-1.509337747864709,0.41905438146823454
0.3475649392888165,-0.4645529571979863,0.3520396655725853,-0.010695470818467183,1.5295973149501414,-1.3367600660243681
0.3498743408787754,-0.3959692238178267,0.3520396655725853,0.045563580827473166,1.5295973149501414,-1.3367600660243681
0.3521837424687343,-0.40220410867056844,0.3520396655725853,1.5528373395082917,1.5295973149501414,0.41905438146823454
0.3544931440586932,-0.20892267823557334,0.3520396655725853,1.5926875010908328,1.5295973149501414,0.41905438146823454
0.3568025456486521,0.07788202499054854,0.3520396655725853,-0.74675139651952,1.5295973149501414,0.41905438146823454
0.359111947238611,-0.501962266314437,0.3520396655725853,-1.0116377646858226,1.5295973149501414,-1.3367600660243681
0.36142134882856997,-0.40843899352331026,0.3520396655725853,-0.6154802760123259,1.5295973149501414,-1.3367600660243681
0.36373075041852887,-0.5456064602836294,0.3520396655725853,-0.9014637885458561,1.5295973149501414,-1.3367600660243681
0.3660401520084878,-0.5206669208726623,0.3520396655725853,0.1533934298155255,1.5295973149501414,-1.3367600660243681
0.3683495535984467,-0.43337853293427736,-0.5679246172826027,-1.6961228930447636,1.5295973149501414,0.41905438146823454
0.3706589551884056,-0.134104060002672,0.3520396655725853,1.634881789825288,-0.901550735301739,0.41905438146823454
0.37296835677836454,-0.28997618132121644,0.3520396655725853,1.4450074905202395,-0.901550735301739,0.41905438146823454
0.37527775836832344,-0.05928544176977065,0.3520396655725853,1.40046907463387,-0.901550735301739,0.41905438146823454
0.37758715995828235,-0.003171478095094593,1.2720039484277732,-0.6881482177216656,-0.901550735301739,2.174868828960837
0.37989656154824125,0.26492857057280195,1.2720039484277732,1.6653554428001724,-0.901550735301739,2.174868828960837
0.38220596313820016,0.059177370432323184,0.3520396655725853,-0.2732377118328555,-0.901550735301739,0.41905438146823454
0.38451536472815906,-0.20892267823557334,-0.5679246172826027,-0.9858523660147666,-0.901550735301739,0.41905438146823454
0.386824766318118,-0.3211506055849254,-0.5679246172826027,1.0887001634292839,0.3140232898242012,0.41905438146823454
0.3891341679080769,-0.38973433896508486,-0.5679246172826027,0.9457084071625188,0.3140232898242012,0.41905438146823454
0.3914435694980358,0.1589355280761916,-0.5679246172826027,0.987902695896974,0.3140232898242012,0.41905438146823454
0.39375297108799473,-0.15280871456089729,-0.5679246172826027,-1.3257508030423228,0.3140232898242012,-1.3367600660243681
0.39606237267795363,-0.22139244794105692,-0.5679246172826027,-1.4874955765244013,0.3140232898242012,0.41905438146823454
0.39837177426791254,-0.2588017570575076,-0.5679246172826027,-1.4710866864610022,0.3140232898242012,0.41905438146823454
0.4006811758578715,-0.35232502984863423,-0.5679246172826027,1.323112878620702,0.3140232898242012,-1.3367600660243681
0.4029905774478304,-0.3273854904376671,-0.5679246172826027,-1.2437063527253265,0.3140232898242012,-1.3367600660243681
0.4052999790377893,-0.190218023677348,-0.5679246172826027,-0.5943831316450984,0.3140232898242012,0.41905438146823454
0.4076093806277482,-0.24633198735202397,-0.5679246172826027,-0.33184089063071004,0.3140232898242012,0.41905438146823454
0.4099187822177071,2.540661541823551,-1.4878889001377906,0.6222188601983617,0.3140232898242012,2.174868828960837
0.412228183807666,2.540661541823551,-1.4878889001377906,1.1707446137462802,0.3140232898242012,2.174868828960837
0.414537585397625,0.17140529778167515,-0.5679246172826027,-1.1124352322181323,0.3140232898242012,0.41905438146823454
0.4168469869875839,-0.25256687220476576,-0.5679246172826027,0.5143890112103094,0.3140232898242012,0.41905438146823454
0.4191563885775428,-0.17774825397186442,-0.5679246172826027,1.0441617475429144,0.3140232898242012,0.41905438146823454
0.4214657901675017,-0.2837412964684747,-0.5679246172826027,-1.342159693105722,0.3140232898242012,-1.3367600660243681
0.4237751917574606,0.021768061315872476,-0.5679246172826027,1.128550325011825,0.3140232898242012,-1.3367600660243681
0.42608459334741955,0.21504949175086766,-0.5679246172826027,-0.7256542521522925,0.3140232898242012,-1.3367600660243681
0.42839399493737845,-0.3959692238178267,2.1919682312829614,0.8706963383012649,-0.2937637227387689,-1.3367600660243681
0.43070339652733736,-0.35855991470137605,2.1919682312829614,0.8941376098204068,-0.2937637227387689,-1.3367600660243681
0.43301279811729626,-0.20268779338283155,1.2720039484277732,1.2809185898862467,-0.2937637227387689,-1.3367600660243681
0.43532219970725516,-0.24633198735202397,1.2720039484277732,1.2949833527977317,-0.2937637227387689,-1.3367600660243681
0.43763160129721407,0.6701960860010175,2.1919682312829614,-0.20291389727543005,-0.2937637227387689,-1.3367600660243681
0.439941002887173,-0.35232502984863423,1.2720039484277732,-0.3646586707575086,-0.2937637227387689,-1.3367600660243681
0.44225040447713193,0.17140529778167515,1.2720039484277732,-1.6304873327911664,-0.2937637227387689,0.41905438146823454
0.44455980606709083,-0.4520831874925027,0.3520396655725853,0.5050125026026527,-0.2937637227387689,-1.3367600660243681
0.44686920765704974,-0.5393715754308875,-0.5679246172826027,1.4895459064066088,-0.2937637227387689,-1.3367600660243681
0.44917860924700864,-0.26503664191024934,0.3520396655725853,0.638627750261761,-0.2937637227387689,0.41905438146823454
0.45148801083696755,2.041870753604209,1.2720039484277732,-0.23573167740222858,-0.2937637227387689,2.174868828960837
0.4537974124269265,6.1568947564137835,1.2720039484277732,0.8261579224148955,-0.2937637227387689,2.174868828960837
0.4561068140168854,-0.015641247800578163,1.2720039484277732,-0.5264034442395871,-0.2937637227387689,-1.3367600660243681
0.4584162156068443,0.7948937830558532,-1.4878889001377906,0.2705997874112346,0.9218103023871712,0.41905438146823454
0.4607256171968032,-0.26503664191024934,-1.4878889001377906,0.19324359139806657,0.9218103023871712,0.41905438146823454
0.4630350187867621,0.14023087351796623,-1.4878889001377906,-1.5531311367779985,0.9218103023871712,0.41905438146823454
0.465344420376721,-0.2775064116157329,-1.4878889001377906,-1.0889939606989905,0.9218103023871712,0.41905438146823454
0.46765382196668,-0.2837412964684747,-1.4878889001377906,-1.3984187447516625,0.9218103023871712,0.41905438146823454
0.4699632235566389,0.10905644925425746,-1.4878889001377906,-1.2155768269023564,0.9218103023871712,0.41905438146823454
0.4722726251465978,-0.14657382970815558,-1.4878889001377906,0.5401744098813654,0.9218103023871712,0.41905438146823454
0.4745820267365567,-0.25256687220476576,-1.4878889001377906,0.4417210695009698,0.9218103023871712,-1.3367600660243681
0.4768914283265156,0.12152621895974103,-1.4878889001377906,-0.4373266124668482,0.9218103023871712,0.41905438146823454
0.4792008299164745,-0.0405807872115453,-1.4878889001377906,-0.09273992113546353,0.9218103023871712,0.41905438146823454
0.48151023150643346,-0.4396134177870192,1.2720039484277732,0.32217058475334653,-1.509337747864709,0.41905438146823454
0.48381963309639237,-0.07175521147525415,1.2720039484277732,0.3784296363992869,-1.509337747864709,0.41905438146823454
0.48612903468635127,-0.3273854904376671,0.3520396655725853,0.7183280734268432,-1.509337747864709,0.41905438146823454
0.4884384362763102,-0.1839831388246062,0.3520396655725853,0.7511458535536417,-1.509337747864709,0.41905438146823454
0.4907478378662691,-0.4645529571979863,1.2720039484277732,-0.8334841011403448,-1.509337747864709,0.41905438146823454
0.49305723945622804,-0.5081971511671787,0.3520396655725853,-0.10446055689503443,-1.509337747864709,0.41905438146823454
0.49536664104618694,-0.49572738146169515,0.3520396655725853,-1.1663501567121586,-1.509337747864709,0.41905438146823454
0.49767604263614584,-0.4209087632287938,0.3520396655725853,-0.8498929912037441,-1.509337747864709,0.41905438146823454
0.49998544422610475,-0.3959692238178267,0.3520396655725853,0.07369310665044335,-1.509337747864709,0.41905438146823454
0.5022948458160637,-0.3959692238178267,-0.5679246172826027,1.2035623938730786,-1.509337747864709,0.41905438146823454
0.5046042474060226,-0.470787842050728,0.3520396655725853,-1.6398638413988231,-1.509337747864709,0.41905438146823454
0.5069136489959815,-0.34609014499589247,-0.5679246172826027,-0.46780026544173253,-1.509337747864709,0.41905438146823454
0.5092230505859404,-0.4645529571979863,0.3520396655725853,0.01274580070067463,1.5295973149501414,-1.3367600660243681
0.5115324521758993,-0.3834994541123431,0.3520396655725853,0.05728421658704407,1.5295973149501414,-1.3367600660243681
0.5138418537658582,-0.38973433896508486,0.3520396655725853,1.5106430507738364,1.5295973149501414,0.41905438146823454
0.5161512553558172,-0.21515756308831513,0.3520396655725853,1.5598697209640342,1.5295973149501414,0.41905438146823454
0.518460656945776,0.034237831021356045,0.3520396655725853,-0.7889456852539753,1.5295973149501414,0.41905438146823454
0.520770058535735,-0.5081971511671787,0.3520396655725853,-1.0280466547492217,1.5295973149501414,-1.3367600660243681
0.5230794601256938,-0.43337853293427736,0.3520396655725853,-0.6412656746833819,1.5295973149501414,-1.3367600660243681
0.5253888617156528,-0.5456064602836294,0.3520396655725853,-0.9366256958245688,1.5295973149501414,-1.3367600660243681
0.5276982633056118,-0.5269018057254041,0.3520396655725853,0.13698453975212624,1.5295973149501414,-1.3367600660243681
0.5300076648955706,-0.44584830263976094,-0.5679246172826027,-1.728940673171562,1.5295973149501414,0.41905438146823454
0.5323170664855296,-0.11539940544444664,0.3520396655725853,1.648946552736773,-0.901550735301739,0.41905438146823454
0.5346264680754884,-0.2775064116157329,0.3520396655725853,1.4239103461530118,-0.901550735301739,0.41905438146823454
0.5369358696654474,-0.07799009632799593,0.3520396655725853,1.4051573289376984,-0.901550735301739,0.41905438146823454
0.5392452712554063,-0.02811101750606173,1.2720039484277732,-0.6764275819620946,-0.901550735301739,2.174868828960837
0.5415546728453652,0.25245880086731837,1.2720039484277732,1.672387824255915,-0.901550735301739,2.174868828960837
0.5438640744353241,0.06541225528506497,0.3520396655725853,-0.2708935846809413,-0.901550735301739,0.41905438146823454
0.546173476025283,-0.20268779338283155,-0.5679246172826027,-0.9647552216475389,-0.901550735301739,0.41905438146823454
0.548482877615242,-0.3273854904376671,-0.5679246172826027,1.076979527669713,0.3140232898242012,0.41905438146823454
0.5507922792052008,-0.3834994541123431,-0.5679246172826027,0.9574290429220896,0.3140232898242012,0.41905438146823454
0.5531016807951598,0.20257972204538408,-0.5679246172826027,0.9972792045046308,0.3140232898242012,0.41905438146823454
0.5554110823851187,-0.1403389448554138,-0.5679246172826027,-1.2952771500674385,0.3140232898242012,-1.3367600660243681
0.5577204839750776,-0.20268779338283155,-0.5679246172826027,-1.5156251023473715,0.3140232898242012,0.41905438146823454
0.5600298855650365,-0.25256687220476576,-0.5679246172826027,-1.4523336692456887,0.3140232898242012,0.41905438146823454
0.5623392871549954,-0.34609014499589247,-0.5679246172826027,1.3418658958360155,0.3140232898242012,-1.3367600660243681
0.5646486887449543,-0.3211506055849254,-0.5679246172826027,-1.2507387341810692,0.3140232898242012,-1.3367600660243681
0.5669580903349133,-0.17774825397186442,-0.5679246172826027,-0.5826624958855274,0.3140232898242012,0.41905438146823454
0.5692674919248721,-0.2400971024992822,-0.5679246172826027,-0.35293803499793763,0.3140232898242012,0.41905438146823454
0.5715768935148311,6.905080938742796,-1.4878889001377906,0.5940893343753916,0.3140232898242012,2.174868828960837
0.57388629510479,6.905080938742796,-1.4878889001377906,1.14261508792331,0.3140232898242012,2.174868828960837
0.5761956966947489,0.2961029948365107,-0.5679246172826027,-1.1007145964585614,0.3140232898242012,0.41905438146823454
0.5785050982847078,-0.4770227269034698,0.3520396655725853,1.7145821129903702,-0.2937637227387689,-1.3367600660243681
0.5808144998746667,-0.48325761175621157,0.3520396655725853,1.7286468759018554,-0.2937637227387689,-1.3367600660243681
0.5831239014646257,-0.4645529571979863,0.3520396655725853,1.7333351302056836,-0.2937637227387689,-1.3367600660243681
0.5854333030545845,-0.35232502984863423,2.1919682312829614,0.8753845926050934,-0.2937637227387689,-1.3367600660243681
0.5877427046445435,-0.40220410867056844,2.1919682312829614,0.8636639568455224,-0.2937637227387689,-1.3367600660243681
0.5900521062345023,-0.34609014499589247,2.1919682312829614,0.8542874482378657,-0.2937637227387689,-1.3367600660243681
0.5923615078244613,-0.25256687220476576,1.2720039484277732,1.2551331912151906,-0.2937637227387689,-1.3367600660243681
0.5946709094144202,-0.22139244794105692,1.2720039484277732,1.273886208430504,-0.2937637227387689,-1.3367600660243681
0.5969803110043791,-0.14657382970815558,1.2720039484277732,1.2504449369113624,-0.2937637227387689,-1.3367600660243681
0.599289712594338,0.7948937830558532,2.1919682312829614,-0.17009611714863151,-0.2937637227387689,-1.3367600660243681
0.6015991141842969,1.2313357227477775,2.1919682312829614,-0.1724402443005457,-0.2937637227387689,-1.3367600660243681
0.6039085157742559,1.2936845712751954,2.1919682312829614,-0.1982256429716017,-0.2937637227387689,-1.3367600660243681
0.6062179173642148,-0.501962266314437,1.2720039484277732,-0.39278819658047875,-0.2937637227387689,-1.3367600660243681
0.6085273189541737,-0.3273854904376671,1.2720039484277732,-0.38575581512473617,-0.2937637227387689,-1.3367600660243681
0.6108367205441326,-0.38973433896508486,1.2720039484277732,-0.36700279790942275,-0.2937637227387689,-1.3367600660243681
0.6131461221340915,-0.20268779338283155,1.2720039484277732,-1.6257990784873382,-0.2937637227387689,0.41905438146823454
0.6154555237240504,-0.1403389448554138,1.2720039484277732,-1.5976695526643678,-0.2937637227387689,0.41905438146823454
0.6177649253140093,-0.26503664191024934,1.2720039484277732,-1.5929812983605396,-0.2937637227387689,0.41905438146823454
0.6200743269039682,-0.4209087632287938,0.3520396655725853,0.4581299595643691,-0.2937637227387689,-1.3367600660243681
0.6223837284939272,-0.3273854904376671,0.3520396655725853,0.46047408671628326,-0.2937637227387689,-1.3367600660243681
0.624693130083886,-0.4645529571979863,0.3520396655725853,0.46281821386819744,-0.2937637227387689,-1.3367600660243681
0.627002531673845,-0.5456064602836294,-0.5679246172826027,1.4754811434951238,-0.2937637227387689,-1.3367600660243681
0.6293119332638039,-0.5393715754308875,-0.5679246172826027,1.4661046348874671,-0.2937637227387689,-1.3367600660243681
0.6316213348537628,-0.5456064602836294,-0.5679246172826027,1.4707928891912954,-0.2937637227387689,-1.3367600660243681
0.6339307364437218,-0.25256687220476576,0.3520396655725853,0.6550366403251603,-0.2937637227387689,0.41905438146823454
0.6362401380336806,-0.1403389448554138,0.3520396655725853,0.6691014032366454,-0.2937637227387689,0.41905438146823454
0.6385495396236396,-0.3273854904376671,0.3520396655725853,0.6784779118443021,-0.2937637227387689,0.41905438146823454
0.6408589412135984,1.4807311168574486,1.2720039484277732,-0.2568288217694562,-0.2937637227387689,2.174868828960837
0.6431683428035574,2.4783126932961337,1.2720039484277732,-0.22635516879457185,-0.2937637227387689,2.174868828960837
0.6454777443935162,3.351196572679983,1.2720039484277732,-0.21229040588308679,-0.2937637227387689,2.174868828960837
0.6477871459834752,4.348778149118667,1.2720039484277732,0.7980283965919254,-0.2937637227387689,2.174868828960837
0.6500965475734342,5.221662028502516,1.2720039484277732,0.8167814138072388,-0.2937637227387689,2.174868828960837
0.652405949163393,8.77554639456533,1.2720039484277732,0.8425668124782948,-0.2937637227387689,2.174868828960837
0.654715350753352,-0.09045986603347951,1.2720039484277732,-0.5451564614549005,-0.2937637227387689,-1.3367600660243681
0.6570247523433108,0.07788202499054854,1.2720039484277732,-0.5310916985434154,-0.2937637227387689,-1.3367600660243681
0.6593341539332698,0.2961029948365107,1.2720039484277732,-0.5357799528472438,-0.2937637227387689,-1.3367600660243681
0.6616435555232287,0.8572426315832707,-1.4878889001377906,0.2307496258286935,0.9218103023871712,0.41905438146823454
0.6639529571131876,1.7924753594945375,-1.4878889001377906,0.2284054986767793,0.9218103023871712,0.41905438146823454
0.6662623587031465,1.0442891771655243,-1.4878889001377906,0.2541908973478353,0.9218103023871712,0.41905438146823454
0.6685717602931054,-0.4209087632287938,-1.4878889001377906,0.19793184570189495,0.9218103023871712,0.41905438146823454
0.6708811618830643,-0.2775064116157329,-1.4878889001377906,0.1674581927270106,0.9218103023871712,0.41905438146823454
0.6731905634730233,-0.2837412964684747,-1.4878889001377906,0.17214644703083895,0.9218103023871712,0.41905438146823454
0.6754999650629822,-0.015641247800578163,-1.4878889001377906,-1.5460987553222558,0.9218103023871712,0.41905438146823454
0.6778093666529411,0.0030634067576471914,-1.4878889001377906,-1.5578193910818268,0.9218103023871712,0.41905438146823454
0.6801187682429,0.04670760072683961,-1.4878889001377906,-1.5554752639299125,0.9218103023871712,0.41905438146823454
0.6824281698328589,-0.2962110661739582,-1.4878889001377906,-1.0491437991164494,0.9218103023871712,0.41905438146823454
0.6847375714228178,-0.20268779338283155,-1.4878889001377906,-1.0749291977875055,0.9218103023871712,0.41905438146823454
0.6870469730127767,-0.38973433896508486,-1.4878889001377906,-1.0538320534202779,0.9218103023871712,0.41905438146823454
0.6893563746027357,-0.3273854904376671,-1.4878889001377906,-1.417171761966976,0.9218103023871712,0.41905438146823454
0.6916657761926945,-0.26503664191024934,-1.4878889001377906,-1.4218600162708044,0.9218103023871712,0.41905438146823454
0.6939751777826535,0.17140529778167515,-1.4878889001377906,-1.210888572598528,0.9218103023871712,0.41905438146823454
0.6962845793726123,0.4208006918913464,-1.4878889001377906,-1.2179209540542706,0.9218103023871712,0.41905438146823454
0.6985939809625713,-0.015641247800578163,-1.4878889001377906,-1.1944796825351287,0.9218103023871712,0.41905438146823454
0.7009033825525303,-0.20268779338283155,-1.4878889001377906,0.5729921900081639,0.9218103023871712,0.41905438146823454
0.7032127841424891,-0.1403389448554138,-1.4878889001377906,0.5565832999447646,0.9218103023871712,0.41905438146823454
0.7055221857324481,-0.15280871456089729,-1.4878889001377906,0.5776804443119923,0.9218103023871712,0.41905438146823454
0.7078315873224069,-0.25256687220476576,-1.4878889001377906,0.4135915436779996,0.9218103023871712,-1.3367600660243681
0.7101409889123659,-0.24633198735202397,-1.4878889001377906,0.42531217943757055,0.9218103023871712,-1.3367600660243681
0.7124503905023248,-0.2400971024992822,-1.4878889001377906,0.44640932380479814,0.9218103023871712,-1.3367600660243681
0.7147597920922837,0.04670760072683961,-1.4878889001377906,-0.4185735952515347,0.9218103023871712,0.41905438146823454
0.7170691936822426,0.07788202499054854,-1.4878889001377906,-0.4162294680996205,0.9218103023871712,0.41905438146823454
0.7193785952722015,0.10905644925425746,-1.4878889001377906,-0.41388534094770635,0.9218103023871712,0.41905438146823454
0.7216879968621605,-0.06552032662251243,-1.4878889001377906,-0.04351325094526572,0.9218103023871712,0.41905438146823454
0.7239973984521193,-0.015641247800578163,-1.4878889001377906,-0.062266268160579175,0.9218103023871712,0.41905438146823454
0.7263068000420783,0.015533176463130691,-1.4878889001377906,-0.05992214100866499,0.9218103023871712,0.41905438146823454
0.7286162016320372,-0.43337853293427736,1.2720039484277732,0.3174823304495182,-1.509337747864709,0.41905438146823454
0.7309256032219961,-0.414673878376052,1.2720039484277732,0.3292029662090891,-1.509337747864709,0.41905438146823454
0.733235004811955,-0.4396134177870192,1.2720039484277732,0.30810582184186147,-1.509337747864709,0.41905438146823454
0.7355444064019139,-0.07799009632799593,1.2720039484277732,0.37374138209545854,-2.117124760427679,0.41905438146823454
0.7378538079918728,-0.015641247800578163,1.2720039484277732,0.3878061450069436,-2.117124760427679,0.41905438146823454
0.7401632095818318,-0.09045986603347951,1.2720039484277732,0.36202074633588766,-2.117124760427679,0.41905438146823454
0.7424726111717906,-0.3149157207321836,0.3520396655725853,0.7089515648191864,-1.509337747864709,0.41905438146823454
0.7447820127617496,-0.3211506055849254,0.3520396655725853,0.7042633105153581,-1.509337747864709,0.41905438146823454
0.7470914143517084,-0.3086808358794418,0.3520396655725853,0.7206722005787574,-1.509337747864709,0.41905438146823454
0.7494008159416674,-0.10916452059170487,0.3520396655725853,0.7839636336804403,-1.509337747864709,0.41905438146823454
0.7517102175316263,-0.046815672064287085,0.3520396655725853,0.7628664893132127,-2.117124760427679,0.41905438146823454
0.7540196191215852,-0.26503664191024934,0.3520396655725853,0.779275379376612,-1.509337747864709,0.41905438146823454
0.7563290207115442,-0.4645529571979863,1.2720039484277732,-0.835828228292259,-1.509337747864709,0.41905438146823454
0.758638422301503,-0.470787842050728,1.2720039484277732,-0.8076987024692888,-1.509337747864709,0.41905438146823454
0.760947823891462,-0.4583180723452445,1.2720039484277732,-0.8217634653807739,-1.509337747864709,0.41905438146823454
0.7632572254814208,-0.5081971511671787,0.3520396655725853,-0.10680468404694861,-1.509337747864709,0.41905438146823454
0.7655666270713798,-0.5144320360199205,0.3520396655725853,-0.12555770126226207,-1.509337747864709,0.41905438146823454
0.7678760286613387,-0.5144320360199205,0.3520396655725853,-0.12321357411034789,-1.509337747864709,0.41905438146823454
0.7701854302512976,-0.501962266314437,0.3520396655725853,-1.1499412666487592,-1.509337747864709,0.41905438146823454
0.7724948318412566,-0.49572738146169515,0.3520396655725853,-1.1405647580411025,-1.509337747864709,0.41905438146823454
0.7748042334312154,-0.4894924966089534,0.3520396655725853,-1.1757266653198153,-1.509337747864709,0.41905438146823454
0.7771136350211744,-0.414673878376052,0.3520396655725853,-0.8522371183556583,-1.509337747864709,0.41905438146823454
0.7794230366111333,-0.4209087632287938,0.3520396655725853,-0.8827107713305427,-1.509337747864709,0.41905438146823454
0.7817324382010922,-0.4271436480815356,0.3520396655725853,-0.8780225170267143,-1.509337747864709,0.41905438146823454
0.7840418397910511,-0.38973433896508486,0.3520396655725853,0.11119914108107024,-1.509337747864709,0.41905438146823454
0.78635124138101,-0.3959692238178267,0.3520396655725853,0.09479025101767097,-1.509337747864709,0.41905438146823454
0.7886606429709689,-0.37726456925960133,0.3520396655725853,0.10182263247341351,-1.509337747864709,0.41905438146823454
0.7909700445609278,-0.40843899352331026,-0.5679246172826027,1.1894976309615937,-1.509337747864709,0.41905438146823454
0.7932794461508867,-0.3834994541123431,-0.5679246172826027,1.2176271567845638,-1.509337747864709,0.41905438146823454
0.7955888477408457,-0.35232502984863423,-0.5679246172826027,1.231691919696049,-1.509337747864709,0.41905438146823454
0.7978982493308046,-0.470787842050728,0.3520396655725853,-1.675025748677536,-1.509337747864709,0.41905438146823454
0.8002076509207635,-0.4770227269034698,0.3520396655725853,-1.6797140029813642,-1.509337747864709,0.41905438146823454
0.8025170525107224,-0.4645529571979863,0.3520396655725853,-1.6562727314622225,-1.509337747864709,0.41905438146823454
0.8048264541006813,-0.35232502984863423,-0.5679246172826027,-0.49358566411278854,-1.509337747864709,0.41905438146823454
0.8071358556906403,-0.3273854904376671,-0.5679246172826027,-0.47717677404938924,-1.509337747864709,0.41905438146823454
0.8094452572805991,-0.4583180723452445,0.3520396655725853,-0.027104360881866452,1.5295973149501414,-1.3367600660243681
0.8117546588705581,-0.4520831874925027,0.3520396655725853,-0.0013189622108104588,1.5295973149501414,-1.3367600660243681
0.8140640604605169,-0.4645529571979863,0.3520396655725853,-0.024760233729952272,1.5295973149501414,-1.3367600660243681
0.8163734620504759,-0.35855991470137605,0.3520396655725853,0.022122309308331353,1.5295973149501414,-1.3367600660243681
0.8186828636404347,-0.38973433896508486,0.3520396655725853,0.05259596228321571,1.5295973149501414,-1.3367600660243681
0.8209922652303937,-0.36479479955411775,0.3520396655725853,0.06197247089087243,1.5295973149501414,-1.3367600660243681
0.8233016668203527,-0.40843899352331026,0.3520396655725853,1.5200195593814931,1.5295973149501414,0.41905438146823454
0.8256110684103115,-0.40220410867056844,0.3520396655725853,1.517675432229579,1.5295973149501414,0.41905438146823454
0.8279204700002705,-0.414673878376052,0.3520396655725853,1.5340843222929783,1.5295973149501414,0.41905438146823454
0.8302298715902293,-0.20268779338283155,0.3520396655725853,1.5645579752678627,1.5295973149501414,0.41905438146823454
0.8325392731801883,-0.22139244794105692,0.3520396655725853,1.5856551196350903,1.5295973149501414,0.41905438146823454
0.8348486747701472,-0.190218023677348,0.3520396655725853,1.5997198825465753,1.5295973149501414,0.41905438146823454
0.8371580763601061,-0.10916452059170487,0.3520396655725853,-0.784257430950147,1.5295973149501414,0.41905438146823454
0.839467477950065,-0.046815672064287085,0.3520396655725853,-0.758472032279091,1.5295973149501414,0.41905438146823454
0.8417768795400239,-0.20268779338283155,0.3520396655725853,-0.7514396508233485,1.5295973149501414,0.41905438146823454
0.8440862811299829,-0.501962266314437,0.3520396655725853,-1.030390781901136,1.5295973149501414,-1.3367600660243681
0.8463956827199418,-0.5081971511671787,0.3520396655725853,-1.0233584004453935,1.5295973149501414,-1.3367600660243681
0.8487050843099007,-0.49572738146169515,0.3520396655725853,-1.016326018989651,1.5295973149501414,-1.3367600660243681
0.8510144858998596,-0.44584830263976094,0.3520396655725853,-0.6342332932276394,1.5295973149501414,-1.3367600660243681
0.8533238874898185,-0.4209087632287938,0.3520396655725853,-0.6225126574680685,1.5295973149501414,-1.3367600660243681
0.8556332890797774,-0.40843899352331026,0.3520396655725853,-0.6389215475314678,1.5295973149501414,-1.3367600660243681
0.8579426906697363,-0.5456064602836294,0.3520396655725853,-0.9155285514573411,1.5295973149501414,-1.3367600660243681
0.8602520922596952,-0.5456064602836294,0.3520396655725853,-0.9178726786092554,1.5295973149501414,-1.3367600660243681
0.8625614938496542,-0.5456064602836294,0.3520396655725853,-0.9295933143688262,1.5295973149501414,-1.3367600660243681
0.864870895439613,-0.5331366905781458,0.3520396655725853,0.13464041260021206,1.5295973149501414,-1.3367600660243681
0.867180297029572,-0.5206669208726623,0.3520396655725853,0.16042581127126804,1.5295973149501414,-1.3367600660243681
0.8694896986195308,-0.5269018057254041,0.3520396655725853,0.14870517551169715,1.5295973149501414,-1.3367600660243681
0.8717991002094898,-0.4271436480815356,-0.5679246172826027,-1.7195641645639053,1.5295973149501414,0.41905438146823454
0.8741085017994488,-0.44584830263976094,-0.5679246172826027,-1.7101876559562486,1.5295973149501414,0.41905438146823454
0.8764179033894076,-0.4583180723452445,-0.5679246172826027,-1.7078435288043343,1.5295973149501414,0.41905438146823454
0.8787273049793666,-0.10292963573896308,0.3520396655725853,1.6255052812176314,-0.901550735301739,0.41905438146823454
0.8810367065693254,-0.07799009632799593,0.3520396655725853,1.6442582984329448,-0.901550735301739,0.41905438146823454
0.8833461081592844,-0.23386221764654042,0.3520396655725853,1.6301935355214596,-0.901550735301739,0.41905438146823454
0.8856555097492433,-0.26503664191024934,0.3520396655725853,1.4168779646972691,-0.901550735301739,0.41905438146823454
0.8879649113392022,-0.25256687220476576,0.3520396655725853,1.4332868547606685,-0.901550735301739,0.41905438146823454
0.8902743129291611,-0.2712715267629911,0.3520396655725853,1.4192220918491834,-0.901550735301739,0.41905438146823454
0.89258371451912,-0.015641247800578163,0.3520396655725853,1.4121897103934409,-0.901550735301739,0.41905438146823454
0.894893116109079,-0.20268779338283155,0.3520396655725853,1.3957808203300415,-0.901550735301739,0.41905438146823454
0.8972025176990378,-0.0405807872115453,0.3520396655725853,1.3817160574185565,-0.901550735301739,0.41905438146823454
0.8995119192889968,0.015533176463130691,1.2720039484277732,-0.6740834548101805,-0.901550735301739,2.174868828960837
0.9018213208789557,-0.015641247800578163,1.2720039484277732,-0.6670510733544379,-0.901550735301739,2.174868828960837
0.9041307224689146,-0.02811101750606173,1.2720039484277732,-0.6693952005063522,-0.901550735301739,2.174868828960837
0.9064401240588735,0.24622391601457658,1.2720039484277732,1.6934849686231426,-0.901550735301739,2.174868828960837
0.9087495256488324,0.2399890311618348,1.2720039484277732,1.6958290957750568,-0.901550735301739,2.174868828960837
0.9110589272387913,0.2836332251310271,1.2720039484277732,1.6817643328635716,-0.901550735301739,2.174868828960837
0.9133683288287503,0.08411690984329032,0.3520396655725853,-0.2990231105039115,-0.901550735301739,0.41905438146823454
0.9156777304187091,0.07788202499054854,0.3520396655725853,-0.29667898335199727,-0.901550735301739,0.41905438146823454
0.9179871320086681,0.0903517946960321,0.3520396655725853,-0.28730247474434056,-0.901550735301739,0.41905438146823454
0.920296533598627,-0.21515756308831513,-0.5679246172826027,-0.9764758574071098,-0.901550735301739,0.41905438146823454
0.9226059351885859,-0.1839831388246062,-0.5679246172826027,-0.9577228401917964,-0.901550735301739,0.41905438146823454
0.9249153367785448,-0.20268779338283155,-0.5679246172826027,-0.9600669673437106,-0.901550735301739,0.41905438146823454
0.9272247383685037,-0.3398552601431507,-0.5679246172826027,1.0816677819735412,0.3140232898242012,0.41905438146823454
0.9295341399584627,-0.3336203752904089,-0.5679246172826027,1.0676030190620562,0.3140232898242012,0.41905438146823454
0.9318435415484215,-0.34609014499589247,-0.5679246172826027,1.0746354005177987,0.3140232898242012,0.41905438146823454
0.9341529431383805,-0.38973433896508486,-0.5679246172826027,0.9668055515297465,0.3140232898242012,0.41905438146823454
0.9364623447283393,-0.3834994541123431,-0.5679246172826027,0.9410201528586905,0.3140232898242012,0.41905438146823454
0.9387717463182983,-0.38973433896508486,-0.5679246172826027,0.9316436442510336,0.3140232898242012,0.41905438146823454
0.9410811479082573,0.015533176463130691,-0.5679246172826027,1.001967458808459,0.3140232898242012,0.41905438146823454
0.9433905494982161,0.07788202499054854,-0.5679246172826027,1.0089998402642018,0.3140232898242012,0.41905438146823454
0.9456999510881751,0.26492857057280195,-0.5679246172826027,0.9761820601374032,0.3140232898242012,0.41905438146823454
0.9480093526781339,-0.1403389448554138,-0.5679246172826027,-1.3187184215865804,0.3140232898242012,-1.3367600660243681
0.9503187542680929,-0.14657382970815558,-0.5679246172826027,-1.3069977858270094,0.3140232898242012,-1.3367600660243681
0.9526281558580518,-0.134104060002672,-0.5679246172826027,-1.3304390573461513,0.3140232898242012,-1.3367600660243681
0.9549375574480107,-0.20268779338283155,-0.5679246172826027,-1.5179692294992857,0.3140232898242012,0.41905438146823454
0.9572469590379696,-0.20892267823557334,-0.5679246172826027,-1.496872085132058,0.3140232898242012,0.41905438146823454
0.9595563606279285,-0.1964529085300898,-0.5679246172826027,-1.5039044665878007,0.3140232898242012,0.41905438146823454
0.9618657622178874,-0.26503664191024934,-0.5679246172826027,-1.4617101778533454,0.3140232898242012,0.41905438146823454
0.9641751638078463,-0.2588017570575076,-0.5679246172826027,-1.4499895420937745,0.3140232898242012,0.41905438146823454
0.9664845653978053,-0.25256687220476576,-0.5679246172826027,-1.457021923549517,0.3140232898242012,0.41905438146823454
0.9687939669877642,-0.35232502984863423,-0.5679246172826027,1.3278011329245303,0.3140232898242012,-1.3367600660243681
0.9711033685777231,-0.35232502984863423,-0.5679246172826027,1.3348335143802728,0.3140232898242012,-1.3367600660243681
0.973412770167682,-0.35855991470137605,-0.5679246172826027,1.362963040203243,0.3140232898242012,-1.3367600660243681
0.9757221717576409,-0.3273854904376671,-0.5679246172826027,-1.2812123871559535,0.3140232898242012,-1.3367600660243681
0.9780315733475998,-0.3211506055849254,-0.5679246172826027,-1.2788682600040393,0.3140232898242012,-1.3367600660243681
0.9803409749375588,-0.3336203752904089,-0.5679246172826027,-1.2648034970925541,0.3140232898242012,-1.3367600660243681
0.9826503765275176,-0.1839831388246062,-0.5679246172826027,-0.5685977329740424,0.3140232898242012,0.41905438146823454
0.9849597781174766,-0.17774825397186442,-0.5679246172826027,-0.5803183687336132,0.3140232898242012,0.41905438146823454
0.9872691797074354,-0.190218023677348,-0.5679246172826027,-0.5756301144297848,0.3140232898242012,0.41905438146823454
0.9895785812973944,-0.3273854904376671,-0.5679246172826027,-0.35059390784602346,0.3140232898242012,0.41905438146823454
0.9918879828873534,-0.3211506055849254,-0.5679246172826027,-0.32480850917496745,0.3140232898242012,0.41905438146823454
0.9941973844773122,-0.3336203752904089,-0.5679246172826027,-0.31308787341539657,0.3140232898242012,0.41905438146823454
0.9965067860672712,0.6701960860010175,-1.4878889001377906,0.6034658429830483,0.3140232898242012,0.41905438146823454
0.99881618765723,1.2936845712751954,-1.4878889001377906,0.6104982244387909,0.3140232898242012,0.41905438146823454
1.0011255892471889,1.9171730565493732,-1.4878889001377906,0.6175306058945333,0.3140232898242012,0.41905438146823454
1.0034349908371478,0.04670760072683961,-1.4878889001377906,1.1473033422271384,0.3140232898242012,0.41905438146823454
1.0057443924271068,0.6701960860010175,-1.4878889001377906,1.1543357236828808,0.3140232898242012,0.41905438146823454
1.0080537940170657,1.2936845712751954,-1.4878889001377906,1.1590239779867093,0.3140232898242012,0.41905438146823454
1.0103631956070247,0.17140529778167515,-0.5679246172826027,-1.1241558679777033,0.3140232898242012,0.41905438146823454
1.0126725971969834,0.20257972204538408,-0.5679246172826027,-1.1194676136738748,0.3140232898242012,0.41905438146823454
1.0149819987869424,0.233754146309093,-0.5679246172826027,-1.1054028507623899,0.3140232898242012,0.41905438146823454
1.0172914003769014,-0.28997618132121644,-0.5679246172826027,-1.353880328865293,0.3140232898242012,-1.3367600660243681
1.0196008019668603,-0.2837412964684747,-0.5679246172826027,-1.3468479474095505,0.3140232898242012,-1.3367600660243681
1.0219102035568193,-0.2962110661739582,-0.5679246172826027,-1.3702892189286924,0.3140232898242012,-1.3367600660243681
1.024219605146778,0.015533176463130691,-0.5679246172826027,1.1191738164041682,0.3140232898242012,-1.3367600660243681
1.026529006736737,0.034237831021356045,-0.5679246172826027,1.1121414349484255,0.3140232898242012,-1.3367600660243681
1.028838408326696,-0.015641247800578163,-0.5679246172826027,1.1027649263407688,0.3140232898242012,-1.3367600660243681
1.031147809916655,0.17140529778167515,-0.5679246172826027,-0.7139336163927216,0.3140232898242012,-1.3367600660243681
1.0334572115066138,0.20257972204538408,-0.5679246172826027,-0.7186218706965499,0.3140232898242012,-1.3367600660243681
1.0357666130965726,0.18387506748715873,-0.5679246172826027,-0.732686633608035,0.3140232898242012,-1.3367600660243681
1.0380760146865315,0.22128437660360945,-0.5679246172826027,-0.706901234936979,0.3140232898242012,-1.3367600660243681
1.0403854162764905,-0.4894924966089534,0.3520396655725853,1.7309910030537694,-0.2937637227387689,-1.3367600660243681
1.0426948178664495,-0.470787842050728,0.3520396655725853,1.7263027487499412,-0.2937637227387689,-1.3367600660243681
1.0450042194564082,-0.49572738146169515,0.3520396655725853,1.7098938586865418,-0.2937637227387689,-1.3367600660243681
1.0473136210463672,-0.3959692238178267,2.1919682312829614,0.8495991939340374,-0.2937637227387689,-1.3367600660243681
1.0496230226363261,-0.38973433896508486,2.1919682312829614,0.8519433210859515,-0.2937637227387689,-1.3367600660243681
1.051932424226285,-0.35232502984863423,2.1919682312829614,0.8589757025416941,-0.2937637227387689,-1.3367600660243681
1.054241825816244,-0.21515756308831513,1.2720039484277732,1.2621655726709333,-0.2937637227387689,-1.3367600660243681
1.0565512274062028,-0.17774825397186442,1.2720039484277732,1.285606844190075,-0.2937637227387689,-1.3367600660243681
1.0588606289961617,-0.23386221764654042,1.2720039484277732,1.283262717038161,-0.2937637227387689,-1.3367600660243681
1.0611700305861207,0.6701960860010175,2.1919682312829614,-0.1935373886677733,-0.2937637227387689,-1.3367600660243681
1.0634794321760797,0.9819403286381064,2.1919682312829614,-0.17712849860437405,-0.2937637227387689,-1.3367600660243681
1.0657888337660386,1.4183822683300311,2.1919682312829614,-0.16775198999671734,-0.2937637227387689,-1.3367600660243681
1.0680982353559973,-0.40220410867056844,1.2720039484277732,-0.40216470518813546,-0.2937637227387689,-1.3367600660243681
1.0704076369459563,-0.3149157207321836,1.2720039484277732,-0.383411687972822,-0.2937637227387689,-1.3367600660243681
1.0727170385359153,-0.35855991470137605,1.2720039484277732,-0.409197086643878,-0.2937637227387689,-1.3367600660243681
1.0750264401258742,-0.23386221764654042,1.2720039484277732,-1.611734315575853,-0.2937637227387689,0.41905438146823454
1.0773358417158332,0.10905644925425746,1.2720039484277732,-1.6328314599430807,-0.2937637227387689,0.41905438146823454
1.079645243305792,-0.07799009632799593,1.2720039484277732,-1.6047019341201105,-0.2937637227387689,0.41905438146823454
1.0819546448957509,-0.40843899352331026,0.3520396655725853,0.4745388496277683,-0.2937637227387689,-1.3367600660243681
1.0842640464857098,-0.3398552601431507,0.3520396655725853,0.4839153582354251,-0.2937637227387689,-1.3367600660243681
1.0865734480756688,-0.4396134177870192,0.3520396655725853,0.48860361253925344,-0.2937637227387689,-1.3367600660243681
1.0888828496656278,-0.5393715754308875,-0.5679246172826027,1.480169397798952,-0.2937637227387689,-1.3367600660243681
1.0911922512555865,-0.5331366905781458,-0.5679246172826027,1.4614163805836387,-0.2937637227387689,-1.3367600660243681
1.0935016528455455,-0.5393715754308875,-0.5679246172826027,1.4942341607104372,-0.2937637227387689,-1.3367600660243681
1.0958110544355044,-0.2962110661739582,0.3520396655725853,0.6620690217809029,-0.2937637227387689,0.41905438146823454
1.0981204560254634,-0.17151336911912263,0.3520396655725853,0.6597248946289886,-0.2937637227387689,0.41905438146823454
1.1004298576154223,-0.35855991470137605,0.3520396655725853,0.6714455303885596,-0.2937637227387689,0.41905438146823454
1.102739259205381,1.6054288139122843,1.2720039484277732,-0.25448469461754203,-0.2937637227387689,2.174868828960837
1.10504866079534,1.8548242080219555,1.2720039484277732,-0.24276405885797112,-0.2937637227387689,2.174868828960837
1.107358062385299,2.6030103903509687,1.2720039484277732,-0.21463453303500096,-0.2937637227387689,2.174868828960837
1.109667463975258,3.6629408153170715,1.2720039484277732,0.7956842694400111,-0.2937637227387689,2.174868828960837
1.111976865565217,5.09696433144768,1.2720039484277732,0.8120931595034104,-0.2937637227387689,2.174868828960837
1.1142862671551756,7.653267121071809,1.2720039484277732,0.8402226853263806,-0.2937637227387689,2.174868828960837
1.1165956687451346,-0.07799009632799593,1.2720039484277732,-0.5099945541761878,-0.2937637227387689,-1.3367600660243681
1.1189050703350936,0.233754146309093,1.2720039484277732,-0.5334358256953297,-0.2937637227387689,-1.3367600660243681
1.1212144719250525,0.3272774191002196,1.2720039484277732,-0.5240593170876728,-0.2937637227387689,-1.3367600660243681
1.1235238735150113,0.8884170558469798,-1.4878889001377906,0.263567405955492,0.9218103023871712,0.41905438146823454
1.1258332751049702,1.8548242080219555,-1.4878889001377906,0.2612232788035778,0.9218103023871712,0.41905438146823454
1.1281426766949292,0.9195914801106886,-1.4878889001377906,0.23778200728443602,0.9218103023871712,0.41905438146823454
1.1304520782848881,-0.37726456925960133,-1.4878889001377906,0.20965248146146587,0.9218103023871712,0.41905438146823454
1.132761479874847,-0.3273854904376671,-1.4878889001377906,0.21199660861338004,0.9218103023871712,0.41905438146823454
1.1350708814648058,-0.23386221764654042,-1.4878889001377906,0.20730835430955166,0.9218103023871712,0.41905438146823454
1.1373802830547648,-0.003171478095094593,-1.4878889001377906,-1.5742282811452262,0.9218103023871712,0.41905438146823454
1.1396896846447238,0.034237831021356045,-1.4878889001377906,-1.5390663738665133,0.9218103023871712,0.41905438146823454
1.1419990862346827,0.10905644925425746,-1.4878889001377906,-1.5437546281703418,0.9218103023871712,0.41905438146823454
1.1443084878246417,-0.2775064116157329,-1.4878889001377906,-1.0866498335470764,0.9218103023871712,0.41905438146823454
1.1466178894146004,-0.15280871456089729,-1.4878889001377906,-1.067896816331763,0.9218103023871712,0.41905438146823454
1.1489272910045594,-0.3149157207321836,-1.4878889001377906,-1.0796174520913338,0.9218103023871712,0.41905438146823454
1.1512366925945183,-0.3024459510267,-1.4878889001377906,-1.3843539818401773,0.9218103023871712,0.41905438146823454
1.1535460941844773,-0.28997618132121644,-1.4878889001377906,-1.4077952533593192,0.9218103023871712,0.41905438146823454
1.1558554957744362,0.1589355280761916,-1.4878889001377906,-1.2319857169657555,0.9218103023871712,0.41905438146823454
1.158164897364395,0.10905644925425746,-1.4878889001377906,-1.1991679368389572,0.9218103023871712,0.41905438146823454
1.160474298954354,0.233754146309093,-1.4878889001377906,-1.2272974626619273,0.9218103023871712,0.41905438146823454
1.162783700544313,-0.1278691751499302,-1.4878889001377906,0.5518950456409363,0.9218103023871712,0.41905438146823454
1.1650931021342719,-0.17151336911912263,-1.4878889001377906,0.5589274270966789,0.9218103023871712,0.41905438146823454
1.1674025037242308,-0.1403389448554138,-1.4878889001377906,0.5753363171600782,0.9218103023871712,0.41905438146823454
1.1697119053141896,-0.25256687220476576,-1.4878889001377906,0.4487534509567123,0.9218103023871712,-1.3367600660243681
1.1720213069041485,-0.23386221764654042,-1.4878889001377906,0.4276563065894847,0.9218103023871712,-1.3367600660243681
1.1743307084941075,-0.22139244794105692,-1.4878889001377906,0.43703281519714143,0.9218103023871712,-1.3367600660243681
1.1766401100840664,0.059177370432323184,-1.4878889001377906,-0.43967073961876235,0.9218103023871712,0.41905438146823454
1.1789495116740254,0.07164714013780675,-1.4878889001377906,-0.42795010385919147,0.9218103023871712,0.41905438146823454
1.1812589132639841,0.10282156440151567,-1.4878889001377906,-0.4232618495553631,0.9218103023871712,0.41905438146823454
1.183568314853943,-0.05928544176977065,-1.4878889001377906,-0.08101928537589262,0.9218103023871712,0.41905438146823454
1.185877716443902,-0.046815672064287085,-1.4878889001377906,-0.05054563240100827,0.9218103023871712,0.41905438146823454
1.188187118033861,-0.015641247800578163,-1.4878889001377906,-0.06929864961632172,0.9218103023871712,0.41905438146823454
1.1904965196238197,-0.43337853293427736,1.2720039484277732,0.30107344038611894,-1.509337747864709,0.41905438146823454
1.1928059212137787,-0.4271436480815356,1.2720039484277732,0.34561185627248836,-1.509337747864709,0.41905438146823454
1.1951153228037377,-0.4396134177870192,1.2720039484277732,0.31982645760143236,-1.509337747864709,0.41905438146823454
1.1974247243936966,-0.07799009632799593,1.2720039484277732,0.3573324920320593,-1.509337747864709,0.41905438146823454
1.1997341259836556,-0.05928544176977065,1.2720039484277732,0.392494399310772,-1.509337747864709,0.41905438146823454
1.2020435275736143,-0.08422498118073772,1.2720039484277732,0.3760855092473727,-1.509337747864709,0.41905438146823454
1.2043529291635733,-0.3086808358794418,0.3520396655725853,0.6878544204519589,-1.509337747864709,0.41905438146823454
1.2066623307535322,-0.3211506055849254,0.3520396655725853,0.7230163277306716,-1.509337747864709,0.41905438146823454
1.2089717323434912,-0.3149157207321836,0.3520396655725853,0.7323928363383283,-1.509337747864709,0.41905438146823454
1.2112811339334502,-0.1403389448554138,0.3520396655725853,0.7488017264017276,-1.509337747864709,0.41905438146823454
1.213590535523409,-0.015641247800578163,0.3520396655725853,0.7558341078574701,-1.509337747864709,0.41905438146823454
1.2158999371133679,-0.2775064116157329,0.3520396655725853,0.7769312522246977,-1.509337747864709,0.41905438146823454
1.2182093387033268,-0.4645529571979863,1.2720039484277732,-0.8241075925326881,-1.509337747864709,0.41905438146823454
1.2205187402932858,-0.4583180723452445,1.2720039484277732,-0.8452047368999157,-1.509337747864709,0.41905438146823454
1.2228281418832447,-0.470787842050728,1.2720039484277732,-0.8381723554441731,-1.509337747864709,0.41905438146823454
1.2251375434732035,-0.5081971511671787,0.3520396655725853,-0.14899897278140387,-1.509337747864709,0.41905438146823454
1.2274469450631624,-0.5144320360199205,0.3520396655725853,-0.13024595556609042,-1.509337747864709,0.41905438146823454
1.2297563466531214,-0.5144320360199205,0.3520396655725853,-0.1208694469584337,-1.509337747864709,0.41905438146823454
1.2320657482430803,-0.501962266314437,0.3520396655725853,-1.145253012344931,-1.509337747864709,0.41905438146823454
1.2343751498330393,-0.49572738146169515,0.3520396655725853,-1.1686942838640728,-1.509337747864709,0.41905438146823454
1.236684551422998,-0.4894924966089534,0.3520396655725853,-1.173382538167901,-1.509337747864709,0.41905438146823454
1.238993953012957,-0.414673878376052,0.3520396655725853,-0.8733342627228858,-1.509337747864709,0.41905438146823454
1.241303354602916,-0.4271436480815356,0.3520396655725853,-0.8897431527862851,-1.509337747864709,0.41905438146823454
1.243612756192875,-0.4209087632287938,0.3520396655725853,-0.8569253726594867,-1.509337747864709,0.41905438146823454
1.2459221577828339,-0.38973433896508486,0.3520396655725853,0.07134897949852916,-1.509337747864709,0.41905438146823454
1.2482315593727926,-0.3959692238178267,0.3520396655725853,0.09713437816958516,-1.509337747864709,0.41905438146823454
1.2505409609627516,-0.37726456925960133,0.3520396655725853,0.08072548810618589,-1.509337747864709,0.41905438146823454
1.2528503625527105,-0.40220410867056844,-0.5679246172826027,1.191841758113508,-1.509337747864709,0.41905438146823454
1.2551597641426695,-0.38973433896508486,-0.5679246172826027,1.208250648176907,-1.509337747864709,0.41905438146823454
1.2574691657326282,-0.35855991470137605,-0.5679246172826027,1.2246595382403063,-1.509337747864709,0.41905438146823454
1.2597785673225872,-0.470787842050728,0.3520396655725853,-1.6656492400698792,-1.509337747864709,0.41905438146823454
1.2620879689125462,-0.4645529571979863,0.3520396655725853,-1.6609609857660508,-1.509337747864709,0.41905438146823454
1.2643973705025051,-0.4770227269034698,0.3520396655725853,-1.6468962228545656,-1.509337747864709,0.41905438146823454
1.266706772092464,-0.35232502984863423,-0.5679246172826027,-0.5029621727204453,-1.509337747864709,0.41905438146823454
1.2690161736824228,-0.3273854904376671,-0.5679246172826027,-0.4701443925936467,-1.509337747864709,0.41905438146823454
1.2713255752723818,-0.4583180723452445,0.3520396655725853,-0.02241610657803809,1.5295973149501414,-1.3367600660243681
1.2736349768623407,-0.4520831874925027,0.3520396655725853,-0.008351343666553003,1.5295973149501414,-1.3367600660243681
1.2759443784522997,-0.4645529571979863,0.3520396655725853,0.0033692920930179036,1.5295973149501414,-1.3367600660243681
1.2782537800422586,-0.36479479955411775,0.3520396655725853,0.0291546907640739,1.5295973149501414,-1.3367600660243681
1.2805631816322174,-0.3710296844068595,0.3520396655725853,0.03384294506790226,1.5295973149501414,-1.3367600660243681
1.2828725832221763,-0.35232502984863423,0.3520396655725853,0.031498817915988075,1.5295973149501414,-1.3367600660243681
1.2851819848121353,-0.40220410867056844,0.3520396655725853,1.5129871779257507,1.5295973149501414,0.41905438146823454
1.2874913864020943,-0.3959692238178267,0.3520396655725853,1.543460830900635,1.5295973149501414,0.41905438146823454
1.2898007879920532,-0.414673878376052,0.3520396655725853,1.531740195141064,1.5295973149501414,0.41905438146823454
1.292110189582012,-0.1964529085300898,0.3520396655725853,1.569246229571691,1.5295973149501414,0.41905438146823454
1.294419591171971,-0.21515756308831513,0.3520396655725853,1.583310992483176,1.5295973149501414,0.41905438146823454
1.2967289927619299,-0.20268779338283155,0.3520396655725853,1.5762786110274336,1.5295973149501414,0.41905438146823454
1.2990383943518888,-0.21515756308831513,0.3520396655725853,-0.7537837779752626,1.5295973149501414,0.41905438146823454
1.3013477959418478,-0.015641247800578163,0.3520396655725853,-0.7772250494944044,1.5295973149501414,0.41905438146823454
1.3036571975318065,0.10905644925425746,0.3520396655725853,-0.7655044137348336,1.5295973149501414,0.41905438146823454
1.3059665991217655,-0.5081971511671787,0.3520396655725853,-1.018670146141565,1.5295973149501414,-1.3367600660243681
1.3082760007117245,-0.501962266314437,0.3520396655725853,-1.0350790362049644,1.5295973149501414,-1.3367600660243681
1.3105854023016834,-0.49572738146169515,0.3520396655725853,-1.0069495103819943,1.5295973149501414,-1.3367600660243681
1.3128948038916424,-0.4396134177870192,0.3520396655725853,-0.6482980561391245,1.5295973149501414,-1.3367600660243681
1.315204205481601,-0.4271436480815356,0.3520396655725853,-0.6318891660757252,1.5295973149501414,-1.3367600660243681
1.31751360707156,-0.414673878376052,0.3520396655725853,-0.6131361488604118,1.5295973149501414,-1.3367600660243681
1.319823008661519,-0.5456064602836294,0.3520396655725853,-0.9319374415207404,1.5295973149501414,-1.3367600660243681
1.322132410251478,-0.5456064602836294,0.3520396655725853,-0.9084961700015987,1.5295973149501414,-1.3367600660243681
1.3244418118414367,-0.5456064602836294,0.3520396655725853,-0.9249050600649978,1.5295973149501414,-1.3367600660243681
1.3267512134313957,-0.5269018057254041,0.3520396655725853,0.1276080311444695,1.5295973149501414,-1.3367600660243681
1.3290606150213546,-0.5206669208726623,0.3520396655725853,0.12995215829638368,1.5295973149501414,-1.3367600660243681
1.3313700166113136,-0.5269018057254041,0.3520396655725853,0.1416727940559546,1.5295973149501414,-1.3367600660243681
1.3336794182012726,-0.4396134177870192,-0.5679246172826027,-1.717220037411991,1.5295973149501414,0.41905438146823454
1.3359888197912313,-0.44584830263976094,-0.5679246172826027,-1.726596546019648,1.5295973149501414,0.41905438146823454
1.3382982213811903,-0.43337853293427736,-0.5679246172826027,-1.7008111473485918,1.5295973149501414,0.41905438146823454
1.3406076229711492,-0.09045986603347951,0.3520396655725853,1.6419141712810306,-0.901550735301739,0.41905438146823454
1.3429170245611082,-0.20268779338283155,0.3520396655725853,1.606752264002318,-0.901550735301739,0.41905438146823454
1.3452264261510671,-0.22762733279379863,0.3520396655725853,1.6325376626733739,-0.901550735301739,0.41905438146823454
1.3475358277410259,-0.2400971024992822,0.3520396655725853,1.452039871975982,-0.901550735301739,0.41905438146823454
1.3498452293309848,-0.24633198735202397,0.3520396655725853,1.4356309819125828,-0.901550735301739,0.41905438146823454
1.3521546309209438,-0.2775064116157329,0.3520396655725853,1.4262544733049258,-0.901550735301739,0.41905438146823454
1.3544640325109027,-0.06552032662251243,0.3520396655725853,1.3723395488108998,-0.901550735301739,0.41905438146823454
1.3567734341008617,-0.0405807872115453,0.3520396655725853,1.388748438874299,-0.901550735301739,0.41905438146823454
1.3590828356908204,-0.02811101750606173,0.3520396655725853,1.377027803114728,-0.901550735301739,0.41905438146823454
1.3613922372807794,-0.003171478095094593,1.2720039484277732,-0.6904923448735798,-0.901550735301739,2.174868828960837
1.3637016388707384,0.021768061315872476,1.2720039484277732,-0.6928364720254939,-0.901550735301739,2.174868828960837
1.3660110404606973,0.034237831021356045,1.2720039484277732,-0.6600186918986954,-0.901550735301739,2.174868828960837
1.3683204420506563,0.2711634554255437,1.2720039484277732,1.6841084600154859,-0.901550735301739,2.174868828960837
1.370629843640615,0.25245880086731837,1.2720039484277732,1.6676995699520867,-0.901550735301739,2.174868828960837
1.372939245230574,0.28986810998376894,1.2720039484277732,1.6630113156482582,-0.901550735301739,2.174868828960837
1.375248646820533,0.0965866795487739,0.3520396655725853,-0.26386120322519874,-0.901550735301739,0.41905438146823454
1.377558048410492,0.0903517946960321,0.3520396655725853,-0.26854945752902715,-0.901550735301739,0.41905438146823454
1.3798674500004509,0.08411690984329032,0.3520396655725853,-0.26151707607328456,-0.901550735301739,0.41905438146823454
1.3821768515904096,-0.20892267823557334,-0.5679246172826027,-0.9811641117109382,-0.901550735301739,0.41905438146823454
1.3844862531803686,-0.20268779338283155,-0.5679246172826027,-0.9881964931666808,-0.901550735301739,0.41905438146823454
1.3867956547703275,-0.1964529085300898,-0.5679246172826027,-0.9506904587360538,-0.901550735301739,0.41905438146823454
1.3891050563602865,-0.3398552601431507,-0.5679246172826027,1.0511941289986568,0.3140232898242012,0.41905438146823454
1.3914144579502454,-0.34609014499589247,-0.5679246172826027,1.0582265104543995,0.3140232898242012,0.41905438146823454
1.3937238595402042,-0.3336203752904089,-0.5679246172826027,1.0863560362773697,0.3140232898242012,0.41905438146823454
1.3960332611301631,-0.38973433896508486,-0.5679246172826027,0.9691496786816606,0.3140232898242012,0.41905438146823454
1.398342662720122,-0.3959692238178267,-0.5679246172826027,0.9503966614663472,0.3140232898242012,0.41905438146823454
1.400652064310081,-0.3834994541123431,-0.5679246172826027,0.9480525343144329,0.3140232898242012,0.41905438146823454
1.4029614659000398,0.10905644925425746,-0.5679246172826027,0.9832144415931456,0.3140232898242012,0.41905438146823454
1.4052708674899987,0.17140529778167515,-0.5679246172826027,1.0043115859603733,0.3140232898242012,0.41905438146823454
1.4075802690799577,0.04670760072683961,-0.5679246172826027,0.9949350773527166,0.3140232898242012,0.41905438146823454
1.4098896706699167,-0.14657382970815558,-0.5679246172826027,-1.3210625487384946,0.3140232898242012,-1.3367600660243681
1.4121990722598756,-0.134104060002672,-0.5679246172826027,-1.3046536586750952,0.3140232898242012,-1.3367600660243681
1.4145084738498344,-0.1278691751499302,-0.5679246172826027,-1.328094930194237,0.3140232898242012,-1.3367600660243681
1.4168178754397933,-0.190218023677348,-0.5679246172826027,-1.4757749407648304,0.3140232898242012,0.41905438146823454
1.4191272770297523,-0.20268779338283155,-0.5679246172826027,-1.5015603394358865,0.3140232898242012,0.41905438146823454
1.4214366786197112,-0.20892267823557334,-0.5679246172826027,-1.5132809751954575,0.3140232898242012,0.41905438146823454
1.4237460802096702,-0.24633198735202397,-0.5679246172826027,-1.445301287789946,0.3140232898242012,0.41905438146823454
1.426055481799629,-0.25256687220476576,-0.5679246172826027,-1.4406130334861178,0.3140232898242012,0.41905438146823454
1.428364883389588,-0.2588017570575076,-0.5679246172826027,-1.4476454149418603,0.3140232898242012,0.41905438146823454
1.4306742849795469,-0.35855991470137605,-0.5679246172826027,1.3582747858994146,0.3140232898242012,-1.3367600660243681
1.4329836865695058,-0.34609014499589247,-0.5679246172826027,1.3512424044436722,0.3140232898242012,-1.3367600660243681
1.4352930881594648,-0.36479479955411775,-0.5679246172826027,1.337177641532187,0.3140232898242012,-1.3367600660243681
1.4376024897494235,-0.3211506055849254,-0.5679246172826027,-1.248394607029155,0.3140232898242012,-1.3367600660243681
1.4399118913393825,-0.3273854904376671,-0.5679246172826027,-1.2694917513963826,0.3140232898242012,-1.3367600660243681
1.4422212929293414,-0.3149157207321836,-0.5679246172826027,-1.2530828613329832,0.3140232898242012,-1.3367600660243681
1.4445306945193004,-0.17774825397186442,-0.5679246172826027,-0.5990713859489267,0.3140232898242012,0.41905438146823454
1.4468400961092593,-0.17151336911912263,-0.5679246172826027,-0.5592212243663855,0.3140232898242012,0.41905438146823454
1.449149497699218,-0.16527848426638087,-0.5679246172826027,-0.5662536058221281,0.3140232898242012,0.41905438146823454
1.451458899289177,-0.25256687220476576,-0.5679246172826027,-0.3341850177826242,0.3140232898242012,0.41905438146823454
1.453768300879136,-0.24633198735202397,-0.5679246172826027,-0.3365291449345384,0.3140232898242012,0.41905438146823454
1.456077702469095,-0.3149157207321836,-0.5679246172826027,-0.3435615263902809,0.3140232898242012,0.41905438146823454
1.458387104059054,0.04670760072683961,-1.4878889001377906,0.5987775886792199,0.3140232898242012,0.41905438146823454
1.4606965056490127,0.6701960860010175,-1.4878889001377906,0.6058099701349625,0.3140232898242012,0.41905438146823454
1.4630059072389716,1.2936845712751954,-1.4878889001377906,0.612842351590705,0.3140232898242012,0.41905438146823454
1.4653153088289306,-0.26503664191024934,-1.4878889001377906,1.1660563594424518,0.3140232898242012,0.41905438146823454
1.4676247104188895,0.35845184336392855,-1.4878889001377906,1.1379268336194817,0.3140232898242012,0.41905438146823454
1.4699341120088483,0.9819403286381064,-1.4878889001377906,1.1496474693790526,0.3140232898242012,0.41905438146823454
1.4722435135988072,0.18387506748715873,-0.5679246172826027,-1.13353237658536,0.3140232898242012,0.41905438146823454
1.4745529151887662,0.1963448371926423,-0.5679246172826027,-1.121811740825789,0.3140232898242012,0.41905438146823454
1.4768623167787251,0.20881460689812587,-0.5679246172826027,-1.0983704693066474,0.3140232898242012,0.41905438146823454
1.479171718368684,-0.2837412964684747,-0.5679246172826027,-1.3585685831691214,0.3140232898242012,-1.3367600660243681
1.4814811199586428,-0.2775064116157329,-0.5679246172826027,-1.365600964624864,0.3140232898242012,-1.3367600660243681
1.4837905215486018,-0.28997618132121644,-0.5679246172826027,-1.3445038202576363,0.3140232898242012,-1.3367600660243681
1.4860999231385608,0.021768061315872476,-0.5679246172826027,1.1332385793156532,0.3140232898242012,-1.3367600660243681
1.4884093247285197,0.04047271587409783,-0.5679246172826027,1.1308944521637392,0.3140232898242012,-1.3367600660243681
1.4907187263184787,0.02800294616861426,-0.5679246172826027,1.1097973077965115,0.3140232898242012,-1.3367600660243681
1.4930281279084374,0.18387506748715873,-0.5679246172826027,-0.7397190150637776,0.3140232898242012,-1.3367600660243681
1.4953375294983964,0.1963448371926423,-0.5679246172826027,-0.7373748879118633,0.3140232898242012,-1.3367600660243681
1.4976469310883553,0.20881460689812587,-0.5679246172826027,-0.7022129806331506,0.3140232898242012,-1.3367600660243681
1.4999563326783143,0.233754146309093,-0.5679246172826027,-0.7045571077850649,0.3140232898242012,-1.3367600660243681
1.5022657342682733,-0.4583180723452445,0.3520396655725853,1.712237985838456,-0.2937637227387689,-1.3367600660243681
1.504575135858232,-0.4770227269034698,0.3520396655725853,1.7216144944461127,-0.2937637227387689,-1.3367600660243681
1.506884537448191,-0.501962266314437,0.3520396655725853,1.7169262401422845,-0.2937637227387689,-1.3367600660243681
1.50919393903815,-0.40220410867056844,2.1919682312829614,0.8777287197570075,-0.2937637227387689,-1.3367600660243681
1.5115033406281089,-0.34609014499589247,2.1919682312829614,0.9011699912761493,-0.2937637227387689,-1.3367600660243681
1.5138127422180678,-0.35855991470137605,2.1919682312829614,0.8660080839974366,-0.2937637227387689,-1.3367600660243681
1.5161221438080266,-0.1403389448554138,1.2720039484277732,1.27154208127859,-0.2937637227387689,-1.3367600660243681
1.5184315453979855,-0.1839831388246062,1.2720039484277732,1.2785744627343325,-0.2937637227387689,-1.3367600660243681
1.5207409469879445,-0.22762733279379863,1.2720039484277732,1.245756682607534,-0.2937637227387689,-1.3367600660243681
1.5230503485779034,0.7325449345284354,2.1919682312829614,-0.2076021515792584,-0.2937637227387689,-1.3367600660243681
1.5253597501678624,1.6054288139122843,2.1919682312829614,-0.1841608800601166,-0.2937637227387689,-1.3367600660243681
1.5276691517578211,1.4807311168574486,2.1919682312829614,-0.1958815158196875,-0.2937637227387689,-1.3367600660243681
1.52997855334778,-0.3024459510267,1.2720039484277732,-0.3974764508843071,-0.2937637227387689,-1.3367600660243681
1.532287954937739,-0.38973433896508486,1.2720039484277732,-0.3716910522132511,-0.2937637227387689,-1.3367600660243681
1.534597356527698,-0.35232502984863423,1.2720039484277732,-0.40450883234004964,-0.2937637227387689,-1.3367600660243681
1.5369067581176568,0.2961029948365107,1.2720039484277732,-1.5882930440567111,-0.2937637227387689,0.41905438146823454
1.5392161597076157,-0.015641247800578163,1.2720039484277732,-1.6187666970315955,-0.2937637227387689,0.41905438146823454
1.5415255612975747,0.10905644925425746,1.2720039484277732,-1.6211108241835097,-0.2937637227387689,0.41905438146823454
1.5438349628875336,-0.43337853293427736,0.3520396655725853,0.49798012114691015,-0.2937637227387689,-1.3367600660243681
1.5461443644774926,-0.37726456925960133,0.3520396655725853,0.4651623410201116,-0.2937637227387689,-1.3367600660243681
1.5484537660674513,-0.38973433896508486,0.3520396655725853,0.5026683754507385,-0.2937637227387689,-1.3367600660243681
1.5507631676574103,-0.5456064602836294,-0.5679246172826027,1.491890033558523,-0.2937637227387689,-1.3367600660243681
1.5530725692473693,-0.5393715754308875,-0.5679246172826027,1.4989224150142655,-0.2937637227387689,-1.3367600660243681
1.5553819708373282,-0.5393715754308875,-0.5679246172826027,1.5012665421661797,-0.2937637227387689,-1.3367600660243681
1.5576913724272872,-0.20268779338283155,0.3520396655725853,0.6503483860213319,-0.2937637227387689,0.41905438146823454
1.560000774017246,-0.11539940544444664,0.3520396655725853,0.6456601317175036,-0.2937637227387689,0.41905438146823454
1.5623101756072049,-0.23386221764654042,0.3520396655725853,0.6761337846923879,-0.2937637227387689,0.41905438146823454
1.5646195771971638,1.73012651096712,1.2720039484277732,-0.2474523131617995,-0.2937637227387689,2.174868828960837
1.5669289787871228,2.1042196021316264,1.2720039484277732,-0.22869929594648605,-0.2937637227387689,2.174868828960837
1.5692383803770817,2.540661541823551,1.2720039484277732,-0.2216669144907435,-0.2937637227387689,2.174868828960837
1.5715477819670405,4.660522391755756,1.2720039484277732,0.8074049051995821,-0.2937637227387689,2.174868828960837
1.5738571835569994,5.782801665249275,1.2720039484277732,0.8238137952629814,-0.2937637227387689,2.174868828960837
1.5761665851469584,6.343941301996036,1.2720039484277732,0.8308461767187239,-0.2937637227387689,2.174868828960837
1.5784759867369174,-0.003171478095094593,1.2720039484277732,-0.5287475713915012,-0.2937637227387689,-1.3367600660243681
1.5807853883268763,0.22128437660360945,1.2720039484277732,-0.5521888429106431,-0.2937637227387689,-1.3367600660243681
1.583094789916835,0.2836332251310271,1.2720039484277732,-0.5170269356319304,-0.2937637227387689,-1.3367600660243681
1.585404191506794,0.826068207319562,-1.4878889001377906,0.2401261344363502,0.9218103023871712,0.41905438146823454
1.587713593096753,0.8697124012887544,-1.4878889001377906,0.23543788013252184,0.9218103023871712,0.41905438146823454
1.590022994686712,0.7013705102647263,-1.4878889001377906,0.24481438874017858,0.9218103023871712,0.41905438146823454
1.592332396276671,-0.38973433896508486,-1.4878889001377906,0.1791788284865815,0.9218103023871712,0.41905438146823454
1.5946417978666296,-0.26503664191024934,-1.4878889001377906,0.1768347013346673,0.9218103023871712,0.41905438146823454
1.5969511994565886,-0.3149157207321836,-1.4878889001377906,0.1815229556384957,0.9218103023871712,0.41905438146823454
1.5992606010465475,-0.02811101750606173,-1.4878889001377906,-1.534378119562685,0.9218103023871712,0.41905438146823454
1.6015700026365065,0.009298291610388906,-1.4878889001377906,-1.560163518233741,0.9218103023871712,0.41905438146823454
1.6038794042264652,-0.06552032662251243,-1.4878889001377906,-1.5765724082971402,0.9218103023871712,0.41905438146823454
1.6061888058164242,-0.22762733279379863,-1.4878889001377906,-1.081961579243248,0.9218103023871712,0.41905438146823454
1.6084982074063832,-0.25256687220476576,-1.4878889001377906,-1.0772733249394197,0.9218103023871712,0.41905438146823454
1.6108076089963421,-0.26503664191024934,-1.4878889001377906,-1.0608644348760203,0.9218103023871712,0.41905438146823454
1.613117010586301,-0.3086808358794418,-1.4878889001377906,-1.39138636329592,0.9218103023871712,0.41905438146823454
1.6154264121762598,-0.25256687220476576,-1.4878889001377906,-1.4124835076631477,0.9218103023871712,0.41905438146823454
1.6177358137662188,0.14023087351796623,-1.4878889001377906,-1.2085444454466139,0.9218103023871712,0.41905438146823454
1.6200452153561777,0.20257972204538408,-1.4878889001377906,-1.2202650812061848,0.9218103023871712,0.41905438146823454
1.6223546169461367,0.233754146309093,-1.4878889001377906,-1.2390180984214982,0.9218103023871712,0.41905438146823454
1.6246640185360957,-0.15280871456089729,-1.4878889001377906,0.5659598085524215,0.9218103023871712,0.41905438146823454
1.6269734201260544,-0.17774825397186442,-1.4878889001377906,0.5612715542485931,0.9218103023871712,0.41905438146823454
1.6292828217160134,-0.1403389448554138,-1.4878889001377906,0.5823686986158206,0.9218103023871712,0.41905438146823454
1.6315922233059723,-0.22762733279379863,-1.4878889001377906,0.44406519665288396,0.9218103023871712,-1.3367600660243681
1.6339016248959313,-0.21515756308831513,-1.4878889001377906,0.4393769423490556,0.9218103023871712,-1.3367600660243681
1.6362110264858902,-0.23386221764654042,-1.4878889001377906,0.4300004337413989,0.9218103023871712,-1.3367600660243681
1.638520428075849,0.08411690984329032,-1.4878889001377906,-0.4326383581630198,0.9218103023871712,0.41905438146823454
1.640829829665808,0.0965866795487739,-1.4878889001377906,-0.4209177224034489,0.9218103023871712,0.41905438146823454
1.6431392312557669,0.10905644925425746,-1.4878889001377906,-0.44201486677067653,0.9218103023871712,0.41905438146823454
1.6454486328457258,-0.05305055691702887,-1.4878889001377906,-0.07633103107206426,0.9218103023871712,0.41905438146823454
1.6477580344356848,-0.0405807872115453,-1.4878889001377906,-0.05523388670483663,0.9218103023871712,0.41905438146823454
1.6500674360256435,-0.021876132653319946,-1.4878889001377906,-0.07398690392015007,0.9218103023871712,0.41905438146823454
1.6523768376156025,-0.43337853293427736,1.2720039484277732,0.3432677291205742,-1.509337747864709,0.41905438146823454
1.6546862392055615,-0.4209087632287938,1.2720039484277732,0.34795598342440254,-1.509337747864709,0.41905438146823454
1.6569956407955204,-0.4396134177870192,1.2720039484277732,0.34092360196866,-1.509337747864709,0.41905438146823454
1.6593050423854794,-0.08422498118073772,1.2720039484277732,0.39718265361460037,-1.509337747864709,0.41905438146823454
1.6616144439754381,-0.05928544176977065,1.2720039484277732,0.4042150350703429,-1.509337747864709,0.41905438146823454
1.663923845565397,-0.07175521147525415,1.2720039484277732,0.3948385264626862,-1.509337747864709,0.41905438146823454
1.666233247155356,-0.3149157207321836,0.3520396655725853,0.6995750562115297,-1.509337747864709,0.41905438146823454
1.668542648745315,-0.3024459510267,0.3520396655725853,0.7253604548825857,-1.509337747864709,0.41905438146823454
1.6708520503352737,-0.3086808358794418,0.3520396655725853,0.7347369634902424,-1.509337747864709,0.41905438146823454
1.6731614519252327,-0.10292963573896308,0.3520396655725853,0.7441134720978991,-1.509337747864709,0.41905438146823454
1.6754708535151916,-0.09045986603347951,0.3520396655725853,0.7722429979208694,-1.509337747864709,0.41905438146823454
1.6777802551051506,-0.07799009632799593,0.3520396655725853,0.7886518879842687,-1.509337747864709,0.41905438146823454
1.6800896566951096,-0.4583180723452445,1.2720039484277732,-0.8170752110769456,-1.509337747864709,0.41905438146823454
1.6823990582850683,-0.4645529571979863,1.2720039484277732,-0.8311399739884306,-1.509337747864709,0.41905438146823454
1.6847084598750273,-0.470787842050728,1.2720039484277732,-0.8030104481654604,-1.509337747864709,0.41905438146823454
1.6870178614649862,-0.5081971511671787,0.3520396655725853,-0.1466548456294897,-1.509337747864709,0.41905438146823454
1.6893272630549452,-0.5144320360199205,0.3520396655725853,-0.11149293835077698,-1.509337747864709,0.41905438146823454
1.6916366646449041,-0.5144320360199205,0.3520396655725853,-0.14196659132566133,-1.509337747864709,0.41905438146823454
1.6939460662348629,-0.501962266314437,0.3520396655725853,-1.1616619024083301,-1.509337747864709,0.41905438146823454
1.6962554678248218,-0.49572738146169515,0.3520396655725853,-1.159317775256416,-1.509337747864709,0.41905438146823454
1.6985648694147808,-0.4894924966089534,0.3520396655725853,-1.1780707924717295,-1.509337747864709,0.41905438146823454
1.7008742710047398,-0.4209087632287938,0.3520396655725853,-0.8686460084190575,-1.509337747864709,0.41905438146823454
1.7031836725946987,-0.414673878376052,0.3520396655725853,-0.8944314070901135,-1.509337747864709,0.41905438146823454
1.7054930741846575,-0.40843899352331026,0.3520396655725853,-0.8850548984824568,-1.509337747864709,0.41905438146823454
1.7078024757746164,-0.38973433896508486,0.3520396655725853,0.07603723380235752,-1.509337747864709,0.41905438146823454
1.7101118773645754,-0.37726456925960133,0.3520396655725853,0.08541374241001425,-1.509337747864709,0.41905438146823454
1.7124212789545343,-0.3959692238178267,0.3520396655725853,0.09947850532149934,-1.509337747864709,0.41905438146823454
1.7147306805444933,-0.3959692238178267,-0.5679246172826027,1.2012182667211646,-1.509337747864709,0.41905438146823454
1.717040082134452,-0.3834994541123431,-0.5679246172826027,1.2152830296326496,-1.509337747864709,0.41905438146823454
1.719349483724411,-0.35232502984863423,-0.5679246172826027,1.2293477925441347,-1.509337747864709,0.41905438146823454
1.72165888531437,-0.4770227269034698,0.3520396655725853,-1.663305112917965,-1.509337747864709,0.41905438146823454
1.723968286904329,-0.470787842050728,0.3520396655725853,-1.6445520957026516,-1.509337747864709,0.41905438146823454
1.7262776884942879,-0.4645529571979863,0.3520396655725853,-1.6703374943737075,-1.509337747864709,0.41905438146823454
1.7285870900842466,-0.35855991470137605,-0.5679246172826027,-0.5006180455685311,-1.509337747864709,0.41905438146823454
1.7308964916742056,-0.3336203752904089,-0.5679246172826027,-0.48420915550513177,-1.509337747864709,0.41905438146823454
