Material ID,Recyclability (%),Recycled Content (%),Reusability (%),Biodegradation Time (days),End-of-Life Disposal (%),Carbon Footprint (kg CO2/unit),CO2 Emission per kg (estimated),Waste Reduction Impact (%),Sustainability Target Progress (%),Load Handling Score,Moisture Resistance Score,Thermal Resistance Score,Cost per Unit (USD),Annual Usage (units),Total Material Weight (tons),Supplier Sustainability Compliance (%),Packaging Type_Bubble Wrap (Minimal Use),Packaging Type_Cardboard Boxes,Packaging Type_Foldable & Stackable Containers,Packaging Type_Plastic Totes & Pallets,Packaging Type_Protective Fillers (Paper/Biodegradable),Packaging Type_Steel Racks & Containers,Material Type_Cardboard,Material Type_Paper/Bio-Based,Material Type_Plastic,Material Type_Steel,Recyclability Category_High,Recyclability Category_Medium,Supplier Region_AMERICAS,Supplier Region_APAC,Supplier Region_EMEA,Supplier Region_EU,Supplier Region_LATAM,Supplier Region_ROW,"Suitable Product Categories_E-commerce, Food & Beverage, Consumer Goods, Apparel","Suitable Product Categories_Electronics, Medium-Value Goods, Retail Logistics","Suitable Product Categories_Fragile Items, Cosmetics, Pharmaceuticals, Internal Component Protection","Suitable Product Categories_Heavy Industrial Components, High-Security Goods","Suitable Product Categories_Industrial Components, Heavy Machinery, Automotive Parts","Suitable Product Categories_Low-Value Goods, Secondary Protection for Non-Fragile Items",Recommended Packaging Use Cases_Closed-loop logistics and bulk material handling,Recommended Packaging Use Cases_Cross-docking and returnable packaging programs,Recommended Packaging Use Cases_Last-mile delivery and primary e-commerce packaging,"Recommended Packaging Use Cases_Secure, high-load international shipping and long-term storage",Recommended Packaging Use Cases_Surface protection during transit; minimal void-fill,Recommended Packaging Use Cases_Void-fill and cushioning for fragile products,cii,cei,mss
MAT_0001,0.9555555555555556,0.7945205479452053,0.4742268041237113,0.0008713653795989,0.1249999999999999,0.1398809523809523,0.0875420875420875,0.5692307692307692,0.7391304347826089,0.5555555555555556,0.4444444444444445,0.25,0.0788655788655788,0.963447056075286,0.1303820497271073,0.5945945945945945,0.0,1.0,0.0,0.0,0.0,0.0,1.0,0.0,0.0,0.0,1.0,0.0,0.0,0.0,1.0,0.0,0.0,0.0,1.0,0.0,0.0,0.0,0.0,0.0,0.0,0.0,1.0,0.0,0.0,0.0,95.1388422035952,84.20792380586195,44.48453608247422
MAT_0002,1.0,0.9863013698630136,0.2886597938144329,0.0001887033306137,0.0,0.0625,0.0134680134680134,0.676923076923077,0.956521739130435,0.2222222222222222,0.2222222222222222,0.125,0.0625485625485625,0.6597773006885658,0.080857085102082,0.6756756756756757,0.0,0.0,0.0,0.0,1.0,0.0,0.0,1.0,0.0,0.0,1.0,0.0,0.0,1.0,0.0,0.0,0.0,0.0,0.0,0.0,1.0,0.0,0.0,0.0,0.0,0.0,0.0,0.0,0.0,1.0,99.45561836136105,82.64576774886055,21.606529209621993
MAT_0003,0.711111111111111,0.780821917808219,1.0,1.0,0.25,1.0,1.0,0.9384615384615383,0.5434782608695652,0.7777777777777777,0.8888888888888888,0.875,0.9630924630924632,0.0,0.9771578734586618,0.6756756756756757,0.0,0.0,0.0,0.0,0.0,1.0,0.0,0.0,0.0,1.0,1.0,0.0,1.0,0.0,0.0,0.0,0.0,0.0,0.0,0.0,0.0,1.0,0.0,0.0,0.0,0.0,0.0,1.0,0.0,0.0,21.33333333333333,43.17871017871017,87.5
MAT_0004,1.0,0.9315068493150684,0.2886597938144329,0.0001887033306137,0.0416666666666666,0.050595238095238,0.01010101010101,0.6923076923076923,0.7173913043478262,0.0,0.0,0.25,0.0862470862470862,0.6717354305482941,0.1032949262179098,0.4864864864864866,0.0,0.0,0.0,0.0,1.0,0.0,0.0,1.0,0.0,0.0,1.0,0.0,0.0,0.0,0.0,0.0,0.0,1.0,0.0,0.0,1.0,0.0,0.0,0.0,0.0,0.0,0.0,0.0,0.0,1.0,99.5902984960412,81.46084156393434,10.773195876288659
MAT_0005,1.0,0.9726027397260272,0.2577319587628865,0.0005050589142898,0.0416666666666666,0.0297619047619047,0.01010101010101,0.5692307692307692,0.7608695652173914,0.2222222222222222,0.1111111111111111,0.125,0.0574980574980575,0.6069168047877015,0.0816656559531028,0.4864864864864866,0.0,0.0,0.0,0.0,1.0,0.0,0.0,1.0,0.0,0.0,1.0,0.0,0.0,0.0,0.0,0.0,1.0,0.0,0.0,0.0,1.0,0.0,0.0,0.0,0.0,0.0,0.0,0.0,0.0,1.0,99.58080782853091,82.27973630035486,17.65463917525773
MAT_0006,0.6666666666666667,0.2328767123287671,0.865979381443299,0.290691930712577,0.4166666666666667,0.2083333333333333,0.3804713804713804,0.8307692307692309,0.5869565217391306,0.7777777777777777,0.7777777777777777,0.5,0.4755244755244756,0.4700156846168393,0.2177077016373559,0.9189189189189192,0.0,0.0,1.0,0.0,0.0,0.0,0.0,0.0,1.0,0.0,0.0,1.0,0.0,1.0,0.0,0.0,0.0,0.0,0.0,1.0,0.0,0.0,0.0,0.0,0.0,1.0,0.0,0.0,0.0,0.0,66.06038685976748,63.54336385264221,73.98625429553263
MAT_0007,0.7999999999999998,0.7397260273972601,0.9278350515463918,0.8176848321372873,0.25,0.9285714285714288,0.9191919191919192,0.9230769230769232,0.6304347826086958,0.7777777777777777,1.0,0.75,0.981740481740482,0.0976562065474932,0.9846371538306044,0.8378378378378379,0.0,0.0,0.0,0.0,0.0,1.0,0.0,0.0,0.0,1.0,1.0,0.0,0.0,0.0,0.0,0.0,0.0,1.0,0.0,0.0,0.0,1.0,0.0,0.0,0.0,0.0,0.0,1.0,0.0,0.0,32.701778268204606,43.46967694390373,86.89003436426115
MAT_0008,0.911111111111111,0.7397260273972601,0.9587628865979382,0.893760024864439,0.2083333333333333,0.9910714285714284,0.9831649831649834,0.9230769230769232,0.3913043478260869,0.7777777777777777,1.0,0.875,0.9867909867909868,0.0757978575480828,0.9676571659591672,0.6756756756756757,0.0,0.0,0.0,0.0,0.0,1.0,0.0,0.0,0.0,1.0,1.0,0.0,0.0,0.0,0.0,1.0,0.0,0.0,0.0,0.0,0.0,1.0,0.0,0.0,0.0,0.0,0.0,1.0,0.0,0.0,31.193933260800822,47.16904172574276,90.00859106529208
MAT_0009,0.8666666666666667,0.6164383561643836,0.9072164948453608,0.6386553222664381,0.25,0.9761904761904762,0.915824915824916,0.953846153846154,0.4782608695652175,0.7777777777777777,1.0,0.75,0.96969696969697,0.0827391347875902,0.9717000202142712,0.6486486486486485,0.0,0.0,0.0,0.0,0.0,1.0,0.0,0.0,0.0,1.0,1.0,0.0,0.0,0.0,1.0,0.0,0.0,0.0,0.0,0.0,0.0,1.0,0.0,0.0,0.0,0.0,0.0,1.0,0.0,0.0,40.207343699010224,45.659481412058724,86.47766323024054
MAT_0010,0.8666666666666667,0.9452054794520548,0.3195876288659793,0.0,0.0416666666666666,0.0327380952380952,0.0033670033670033,0.6000000000000001,0.8260869565217392,0.0,0.0,0.125,0.0808080808080808,0.6384306484087344,0.0816656559531028,0.4324324324324322,0.0,0.0,0.0,0.0,1.0,0.0,0.0,1.0,0.0,0.0,1.0,0.0,0.0,0.0,0.0,0.0,1.0,0.0,0.0,0.0,1.0,0.0,0.0,0.0,0.0,0.0,0.0,0.0,0.0,1.0,95.86531986531988,78.35134853691554,8.891752577319586
MAT_0011,1.0,0.8493150684931505,0.4845360824742267,0.0009157661632727,0.1666666666666666,0.1041666666666666,0.0875420875420875,0.6307692307692307,0.8260869565217392,0.4444444444444445,0.4444444444444445,0.25,0.127039627039627,0.91158770593012,0.1214877703658783,0.783783783783784,0.0,1.0,0.0,0.0,0.0,0.0,1.0,0.0,0.0,0.0,1.0,0.0,0.0,0.0,0.0,0.0,1.0,0.0,1.0,0.0,0.0,0.0,0.0,0.0,0.0,0.0,1.0,0.0,0.0,0.0,96.47084351341833,83.3387402975032,41.3573883161512
MAT_0012,0.711111111111111,0.6712328767123288,0.9690721649484536,0.4200203133585307,0.2083333333333333,0.9345238095238096,0.9932659932659932,0.9384615384615383,0.4782608695652175,0.7777777777777777,0.8888888888888888,0.75,0.9409479409479412,0.0986907238283813,1.0,0.6756756756756757,0.0,0.0,0.0,0.0,0.0,1.0,0.0,0.0,0.0,1.0,1.0,0.0,0.0,1.0,0.0,0.0,0.0,0.0,0.0,0.0,0.0,1.0,0.0,0.0,0.0,0.0,0.0,1.0,0.0,0.0,39.002084201937684,43.66737958490534,84.38144329896906
MAT_0013,0.4666666666666665,0.1232876712328767,0.0412371134020618,0.3932244404113732,0.9583333333333331,0.5119047619047619,0.4410774410774412,0.0153846153846153,0.0434782608695654,0.6666666666666665,0.8888888888888888,0.5,0.0268065268065268,0.1959575959153253,0.0038407115423489,0.1351351351351351,1.0,0.0,0.0,0.0,0.0,0.0,0.0,0.0,1.0,0.0,0.0,1.0,0.0,1.0,0.0,0.0,0.0,0.0,0.0,0.0,0.0,0.0,0.0,1.0,0.0,0.0,0.0,0.0,1.0,0.0,54.560169144561144,63.484415927714885,57.4914089347079
MAT_0014,1.0,0.8767123287671232,0.3092783505154639,0.0006327111673521,0.0416666666666666,0.0446428571428571,0.0168350168350168,0.7076923076923078,0.847826086956522,0.2222222222222222,0.2222222222222222,0.25,0.0827505827505827,0.6688098601733095,0.0814635132403476,0.4594594594594594,0.0,0.0,0.0,0.0,1.0,0.0,0.0,1.0,0.0,0.0,1.0,0.0,0.0,0.0,1.0,0.0,0.0,0.0,0.0,0.0,1.0,0.0,0.0,0.0,0.0,0.0,0.0,0.0,0.0,1.0,99.30761799157877,82.04803787278014,24.518900343642613
MAT_0015,0.711111111111111,0.273972602739726,0.8144329896907216,0.4052237521992263,0.4583333333333333,0.2142857142857143,0.4377104377104377,0.8153846153846154,0.5869565217391306,0.7777777777777777,0.8888888888888888,0.5,0.4797979797979799,0.4750325372370602,0.227612694562361,0.7567567567567568,0.0,0.0,1.0,0.0,0.0,0.0,0.0,0.0,1.0,0.0,0.0,1.0,1.0,0.0,0.0,0.0,0.0,0.0,0.0,1.0,0.0,0.0,0.0,0.0,0.0,1.0,0.0,0.0,0.0,0.0,61.66820325893902,63.632094137248764,76.28865979381443
MAT_0016,0.8444444444444446,0.8630136986301369,0.4536082474226804,0.0017982317387901,0.1249999999999999,0.1369047619047619,0.0707070707070706,0.5692307692307692,0.7826086956521741,0.4444444444444445,0.4444444444444445,0.125,0.1103341103341103,0.9724907394017598,0.1528198908429351,0.7567567567567568,0.0,1.0,0.0,0.0,0.0,0.0,1.0,0.0,0.0,0.0,1.0,0.0,0.0,0.0,0.0,1.0,0.0,0.0,1.0,0.0,0.0,0.0,0.0,0.0,0.0,0.0,1.0,0.0,0.0,0.0,92.45110355288682,78.88879276508143,38.238831615120276
MAT_0017,0.3555555555555556,0.1232876712328767,0.0618556701030927,0.4014441354889914,0.9583333333333331,0.4970238095238095,0.3737373737373737,0.0615384615384615,0.0869565217391306,0.7777777777777777,0.6666666666666665,0.75,0.0334110334110334,0.1741771138080247,0.026682838083687,0.2702702702702702,1.0,0.0,0.0,0.0,0.0,0.0,0.0,0.0,1.0,0.0,0.0,1.0,0.0,0.0,0.0,0.0,0.0,1.0,0.0,0.0,0.0,0.0,0.0,1.0,0.0,0.0,0.0,0.0,1.0,0.0,53.67384765250198,60.233228398176855,59.57044673539518
MAT_0018,0.1555555555555554,0.0821917808219178,0.0927835051546391,0.2124521997813261,1.0,0.4761904761904761,0.3973063973063973,0.123076923076923,0.2608695652173913,0.6666666666666665,0.8888888888888888,0.75,0.0497280497280497,0.1444542087055185,0.0248635536688902,0.3513513513513515,1.0,0.0,0.0,0.0,0.0,0.0,0.0,0.0,1.0,0.0,0.0,1.0,0.0,0.0,1.0,0.0,0.0,0.0,0.0,0.0,0.0,0.0,0.0,1.0,0.0,0.0,0.0,0.0,1.0,0.0,52.40084478097099,54.03593428335696,63.52233676975945
MAT_0019,0.6888888888888889,0.273972602739726,0.9381443298969072,0.3228436481903905,0.4166666666666667,0.1904761904761904,0.4006734006734007,0.7076923076923078,0.5217391304347827,0.7777777777777777,0.8888888888888888,0.5,0.4634809634809635,0.5031202376052594,0.1821305841924398,0.6486486486486485,0.0,0.0,1.0,0.0,0.0,0.0,0.0,0.0,1.0,0.0,0.0,1.0,0.0,0.0,0.0,0.0,1.0,0.0,0.0,1.0,0.0,0.0,0.0,0.0,0.0,1.0,0.0,0.0,0.0,0.0,64.95442119401893,66.25550509055664,78.76288659793815
MAT_0020,0.8222222222222224,0.780821917808219,0.5154639175257731,0.0010378683183758,0.1666666666666666,0.1428571428571428,0.0841750841750841,0.4923076923076923,0.7391304347826089,0.4444444444444445,0.3333333333333333,0.375,0.1254856254856255,0.9379289631467124,0.1710127349909035,0.5405405405405406,0.0,1.0,0.0,0.0,0.0,0.0,1.0,0.0,0.0,0.0,1.0,0.0,0.0,0.0,0.0,0.0,1.0,0.0,1.0,0.0,0.0,0.0,0.0,0.0,0.0,0.0,1.0,0.0,0.0,0.0,91.26852725011204,78.70166374290086,41.1426116838488
MAT_0021,1.0,0.9999999999999998,0.3195876288659793,0.000172053036736,0.0416666666666666,0.0476190476190476,0.0168350168350168,0.6923076923076923,1.0,0.2222222222222222,0.0,0.25,0.0602175602175602,0.634748656796111,0.1055184960582171,0.3513513513513515,0.0,0.0,0.0,0.0,1.0,0.0,0.0,1.0,0.0,0.0,1.0,0.0,0.0,0.0,0.0,1.0,0.0,0.0,0.0,0.0,1.0,0.0,0.0,0.0,0.0,0.0,0.0,0.0,0.0,1.0,99.32143773549727,83.38087456644156,18.05841924398625
MAT_0022,0.8666666666666667,0.4794520547945205,0.8969072164948454,0.2019458643445056,0.3333333333333333,0.2499999999999999,0.3636363636363637,0.8153846153846154,0.673913043478261,0.7777777777777777,0.8888888888888888,0.625,0.5497280497280498,0.3456622579173943,0.1786941580756013,0.8108108108108107,0.0,0.0,0.0,1.0,0.0,0.0,0.0,0.0,1.0,0.0,0.0,1.0,0.0,1.0,0.0,0.0,0.0,0.0,0.0,0.0,0.0,0.0,1.0,0.0,1.0,0.0,0.0,0.0,0.0,0.0,75.3961695242103,66.45174184349443,80.43814432989691
MAT_0023,0.7777777777777777,0.7397260273972601,0.422680412371134,0.0009990176326612,0.1249999999999999,0.1339285714285714,0.0639730639730639,0.5846153846153846,0.7608695652173914,0.3333333333333333,0.4444444444444445,0.125,0.1383061383061383,0.9343804576348488,0.1229027693551647,0.8108108108108107,0.0,1.0,0.0,0.0,0.0,0.0,1.0,0.0,0.0,0.0,1.0,0.0,1.0,0.0,0.0,0.0,0.0,0.0,1.0,0.0,0.0,0.0,0.0,0.0,0.0,0.0,1.0,0.0,0.0,0.0,90.74444024543095,74.8716346654491,34.286941580756015
MAT_0024,0.7333333333333334,0.1780821917808219,0.8865979381443299,0.0855214594537593,0.4583333333333333,0.2261904761904762,0.3602693602693603,0.7692307692307692,0.6521739130434783,0.7777777777777777,0.6666666666666665,0.625,0.4650349650349651,0.5471817746977096,0.1768748736608045,0.7567567567567568,0.0,0.0,1.0,0.0,0.0,0.0,0.0,0.0,1.0,0.0,0.0,1.0,0.0,0.0,1.0,0.0,0.0,0.0,0.0,1.0,0.0,0.0,0.0,0.0,0.0,1.0,0.0,0.0,0.0,0.0,75.0235818056128,66.48021051113834,73.56529209621992
MAT_0025,0.1777777777777778,0.0410958904109589,0.134020618556701,0.2960755257330291,0.9166666666666666,0.4970238095238095,0.4478114478114479,0.1076923076923077,0.108695652173913,0.6666666666666665,0.8888888888888888,0.75,0.0334110334110334,0.1837881130627273,0.0,0.0,1.0,0.0,0.0,0.0,0.0,0.0,0.0,0.0,1.0,0.0,0.0,1.0,1.0,0.0,0.0,0.0,0.0,0.0,0.0,0.0,0.0,0.0,0.0,1.0,0.0,0.0,0.0,0.0,1.0,0.0,48.538609648884545,56.34319403391569,64.3470790378007
MAT_0026,1.0,0.9315068493150684,0.2886597938144329,0.0002775048979614,0.0416666666666666,0.0773809523809523,0.0067340067340067,0.6461538461538461,0.9782608695652172,0.2222222222222222,0.1111111111111111,0.125,0.0982905982905983,0.6715463252388845,0.0909642207398423,0.6216216216216217,0.0,0.0,0.0,0.0,1.0,0.0,0.0,1.0,0.0,0.0,1.0,0.0,1.0,0.0,0.0,0.0,0.0,0.0,0.0,0.0,1.0,0.0,0.0,0.0,0.0,0.0,0.0,0.0,0.0,1.0,99.72231458370089,80.85866596175875,18.273195876288657
MAT_0027,1.0,0.7945205479452053,0.4845360824742267,0.0003607563673498,0.0833333333333333,0.1458333333333333,0.0707070707070706,0.476923076923077,0.6304347826086958,0.5555555555555556,0.3333333333333333,0.125,0.1138306138306138,0.9345028198938786,0.1166363452597533,0.5945945945945945,0.0,1.0,0.0,0.0,0.0,0.0,1.0,0.0,0.0,0.0,1.0,0.0,0.0,1.0,0.0,0.0,0.0,0.0,1.0,0.0,0.0,0.0,0.0,0.0,0.0,0.0,1.0,0.0,0.0,0.0,97.1608944806967,83.99919095795386,38.8573883161512
MAT_0028,0.8222222222222224,0.3698630136986301,0.9896907216494844,0.2384655089162324,0.3333333333333333,0.2708333333333333,0.4175084175084175,0.8615384615384616,0.6086956521739131,0.8888888888888888,0.6666666666666665,0.625,0.5722610722610724,0.3805577494243412,0.1683848797250859,0.6216216216216217,0.0,0.0,0.0,1.0,0.0,0.0,0.0,0.0,1.0,0.0,0.0,1.0,0.0,0.0,0.0,1.0,0.0,0.0,0.0,0.0,0.0,0.0,1.0,0.0,1.0,0.0,0.0,0.0,0.0,0.0,70.812364698843,65.84742748660274,78.96048109965635
MAT_0029,0.7999999999999998,0.3561643835616437,0.9690721649484536,0.18593383173213,0.3333333333333333,0.2172619047619047,0.4276094276094276,0.8461538461538463,0.8043478260869565,0.7777777777777777,0.6666666666666665,0.625,0.5512820512820513,0.4062983191875146,0.1645441681827369,0.9189189189189192,0.0,0.0,0.0,1.0,0.0,0.0,0.0,0.0,1.0,0.0,0.0,1.0,0.0,0.0,0.0,0.0,1.0,0.0,0.0,0.0,0.0,0.0,1.0,0.0,1.0,0.0,0.0,0.0,0.0,0.0,71.317607943659,65.81734073486649,75.21477663230239
MAT_0030,1.0,0.6575342465753424,0.9587628865979382,0.3521537155130788,0.25,0.9464285714285716,0.8181818181818182,0.9384615384615383,0.4130434782608696,0.8888888888888888,0.8888888888888888,1.0,0.9883449883449884,0.1130960988687052,0.984232868405094,0.6756756756756757,0.0,0.0,0.0,0.0,0.0,1.0,0.0,0.0,0.0,1.0,1.0,0.0,0.0,0.0,1.0,0.0,0.0,0.0,0.0,0.0,0.0,1.0,0.0,0.0,0.0,0.0,0.0,1.0,0.0,0.0,56.708115807334906,49.75800831470934,92.5085910652921
MAT_0031,0.9555555555555556,0.6712328767123288,1.0,0.7458443641530274,0.2916666666666667,0.9285714285714288,0.9090909090909092,0.9230769230769232,0.3913043478260869,0.7777777777777777,0.8888888888888888,0.875,1.0,0.0578217293124353,0.97048716393774,0.783783783783784,0.0,0.0,0.0,0.0,0.0,1.0,0.0,0.0,0.0,1.0,1.0,0.0,0.0,0.0,0.0,1.0,0.0,0.0,0.0,0.0,0.0,1.0,0.0,0.0,0.0,0.0,0.0,1.0,0.0,0.0,39.92769937843948,48.66666666666667,87.5
MAT_0032,0.7777777777777777,0.273972602739726,0.8762886597938144,0.2237466491283571,0.4583333333333333,0.1636904761904761,0.3703703703703703,0.7846153846153847,0.5434782608695652,0.6666666666666665,0.8888888888888888,0.625,0.4510489510489511,0.520962879740147,0.2047705680210228,0.9459459459459458,0.0,0.0,1.0,0.0,0.0,0.0,0.0,0.0,1.0,0.0,0.0,1.0,0.0,0.0,0.0,0.0,0.0,1.0,0.0,1.0,0.0,0.0,0.0,0.0,0.0,1.0,0.0,0.0,0.0,0.0,71.80611904466781,68.30665897676207,76.69243986254295
MAT_0033,0.8666666666666667,0.780821917808219,0.4329896907216495,0.0012987229224595,0.1249999999999999,0.1428571428571428,0.0707070707070706,0.6153846153846154,0.8913043478260869,0.5555555555555556,0.2222222222222222,0.125,0.0951825951825952,0.95022080825834,0.1287649080250656,0.7297297297297296,0.0,1.0,0.0,0.0,0.0,0.0,1.0,0.0,0.0,0.0,1.0,0.0,1.0,0.0,0.0,0.0,0.0,0.0,1.0,0.0,0.0,0.0,0.0,0.0,0.0,0.0,1.0,0.0,0.0,0.0,93.1327554840434,79.90066405530322,34.49312714776633
MAT_0034,0.977777777777778,0.8082191780821917,0.4948453608247423,0.0008935657714358,0.1666666666666666,0.1369047619047619,0.0808080808080808,0.5692307692307692,0.7173913043478262,0.4444444444444445,0.2222222222222222,0.375,0.1017871017871018,0.9130115576715576,0.1148170608449565,0.783783783783784,0.0,1.0,0.0,0.0,0.0,0.0,1.0,0.0,0.0,0.0,1.0,0.0,1.0,0.0,0.0,0.0,0.0,0.0,1.0,0.0,0.0,0.0,0.0,0.0,0.0,0.0,1.0,0.0,0.0,0.0,96.07420312786704,84.14088546047309,37.396907216494846
MAT_0035,0.3333333333333332,0.0,0.0721649484536082,0.2722711555858961,0.9166666666666666,0.4970238095238095,0.367003367003367,0.0461538461538461,0.1739130434782609,0.7777777777777777,0.8888888888888888,0.75,0.0411810411810411,0.1694494810727833,0.0159692743076612,0.0810810810810809,1.0,0.0,0.0,0.0,0.0,0.0,0.0,0.0,1.0,0.0,0.0,1.0,1.0,0.0,0.0,0.0,0.0,0.0,0.0,0.0,0.0,0.0,0.0,1.0,0.0,0.0,0.0,0.0,1.0,0.0,57.151730652288435,59.3842469100201,66.44329896907215
MAT_0036,0.2444444444444444,0.1643835616438356,0.1030927835051546,0.5180128429266777,0.9583333333333331,0.488095238095238,0.4579124579124579,0.123076923076923,0.0,0.7777777777777777,0.7777777777777777,0.75,0.0765345765345765,0.1594046519906114,0.0331514048918536,0.2432432432432432,1.0,0.0,0.0,0.0,0.0,0.0,0.0,0.0,1.0,0.0,0.0,1.0,0.0,0.0,0.0,0.0,0.0,1.0,0.0,0.0,0.0,0.0,0.0,1.0,0.0,0.0,0.0,0.0,1.0,0.0,43.47644972903469,55.5684601767076,63.72852233676976
MAT_0037,0.0,0.0684931506849315,0.0927835051546391,0.4987207024203977,0.9583333333333331,0.4761904761904761,0.3939393939393939,0.123076923076923,0.1521739130434782,0.8888888888888888,0.8888888888888888,0.625,0.0388500388500388,0.1685373260509249,0.0016171417020416,0.1891891891891892,1.0,0.0,0.0,0.0,0.0,0.0,0.0,0.0,1.0,0.0,0.0,1.0,0.0,1.0,0.0,0.0,0.0,0.0,0.0,0.0,0.0,0.0,0.0,1.0,0.0,0.0,0.0,0.0,1.0,0.0,39.28080316981231,49.91316816059084,67.6890034364261
MAT_0038,0.9333333333333332,0.7123287671232876,0.979381443298969,0.3996625540440788,0.25,0.9523809523809522,0.888888888888889,1.0,0.3913043478260869,0.8888888888888888,0.8888888888888888,0.875,0.9374514374514376,0.0954870574101471,0.9781685870224378,0.6216216216216217,0.0,0.0,0.0,0.0,0.0,1.0,0.0,0.0,0.0,1.0,1.0,0.0,0.0,0.0,0.0,1.0,0.0,0.0,0.0,0.0,0.0,1.0,0.0,0.0,0.0,0.0,0.0,1.0,0.0,0.0,50.454567823122076,50.7150569934075,90.42096219931271
MAT_0039,1.0,0.7534246575342465,0.4948453608247423,0.0012487720408265,0.1249999999999999,0.181547619047619,0.0909090909090909,0.5384615384615385,0.9130434782608696,0.3333333333333333,0.4444444444444445,0.375,0.1204351204351204,0.9777523165400402,0.1641398827572265,0.5405405405405406,0.0,1.0,0.0,0.0,0.0,0.0,1.0,0.0,0.0,0.0,1.0,0.0,1.0,0.0,0.0,0.0,0.0,0.0,1.0,0.0,0.0,0.0,0.0,0.0,0.0,0.0,1.0,0.0,0.0,0.0,96.32617320241157,83.87515119473883,40.73024054982818
MAT_0040,1.0,0.8082191780821917,0.4845360824742267,0.0017815814449125,0.1249999999999999,0.1369047619047619,0.0707070707070706,0.6307692307692307,0.8043478260869565,0.3333333333333333,0.4444444444444445,0.125,0.0924630924630924,0.9195078812418656,0.1417020416413988,0.6216216216216217,0.0,1.0,0.0,0.0,0.0,0.0,1.0,0.0,0.0,0.0,1.0,0.0,0.0,0.0,0.0,1.0,0.0,0.0,1.0,0.0,0.0,0.0,0.0,0.0,0.0,0.0,1.0,0.0,0.0,0.0,97.11826972836981,85.06756702632991,35.52405498281787
MAT_0041,0.6888888888888889,0.3835616438356165,0.9484536082474226,0.0747487193148959,0.3333333333333333,0.2261904761904762,0.3737373737373737,0.8769230769230769,0.7391304347826089,0.6666666666666665,0.6666666666666665,0.625,0.5730380730380732,0.3951077344071548,0.1752577319587628,0.9189189189189192,0.0,0.0,0.0,1.0,0.0,0.0,0.0,0.0,1.0,0.0,0.0,1.0,0.0,1.0,0.0,0.0,0.0,0.0,0.0,0.0,0.0,0.0,1.0,0.0,1.0,0.0,0.0,0.0,0.0,0.0,73.47471013772484,60.98383517971146,71.46907216494844
MAT_0042,0.8444444444444446,0.6438356164383561,1.0,0.3649966421907346,0.2916666666666667,0.943452380952381,0.8653198653198654,0.9846153846153848,0.5434782608695652,0.8888888888888888,1.0,1.0,0.9502719502719504,0.0615593401337085,0.9696785930867192,0.4594594594594594,0.0,0.0,0.0,0.0,0.0,1.0,0.0,0.0,0.0,1.0,1.0,0.0,0.0,1.0,0.0,0.0,0.0,0.0,0.0,0.0,0.0,1.0,0.0,0.0,0.0,0.0,0.0,1.0,0.0,0.0,49.77063945481668,47.81973581973581,96.66666666666666
MAT_0043,1.0,0.9589041095890408,0.3092783505154639,0.0006993123428628,0.0,0.0922619047619047,0.01010101010101,0.6000000000000001,0.8043478260869565,0.0,0.2222222222222222,0.0,0.0598290598290598,0.6364506045807979,0.0818677986658581,0.3243243243243243,0.0,0.0,0.0,0.0,1.0,0.0,0.0,1.0,0.0,0.0,1.0,0.0,0.0,0.0,0.0,1.0,0.0,0.0,0.0,0.0,1.0,0.0,0.0,0.0,0.0,0.0,0.0,0.0,0.0,1.0,99.57498022567373,83.19411401885628,12.852233676975944
MAT_0044,0.7555555555555555,0.6712328767123288,0.9690721649484536,0.9416518201546258,0.25,0.994047619047619,0.905723905723906,0.9076923076923078,0.3695652173913044,0.8888888888888888,0.8888888888888888,1.0,0.9331779331779332,0.0485221976261721,0.9824135839902972,0.5945945945945945,0.0,0.0,0.0,0.0,0.0,1.0,0.0,0.0,0.0,1.0,1.0,0.0,0.0,0.0,0.0,1.0,0.0,0.0,0.0,0.0,0.0,1.0,0.0,0.0,0.0,0.0,0.0,1.0,0.0,0.0,28.188155833071647,45.38921330673908,92.7147766323024
MAT_0045,1.0,0.8630136986301369,0.2989690721649484,0.0004051571510237,0.0,0.0535714285714285,0.01010101010101,0.6923076923076923,0.8913043478260869,0.1111111111111111,0.0,0.125,0.0629370629370629,0.7052738133641834,0.1152213462704669,0.5675675675675673,0.0,0.0,0.0,0.0,1.0,0.0,0.0,1.0,0.0,0.0,1.0,0.0,0.0,0.0,1.0,0.0,0.0,0.0,0.0,0.0,1.0,0.0,0.0,0.0,0.0,0.0,0.0,0.0,0.0,1.0,99.5838048814289,82.83252829644583,11.812714776632301
MAT_0046,0.6444444444444444,0.3972602739726027,0.9484536082474226,0.0904665967354323,0.3333333333333333,0.2767857142857143,0.4107744107744108,0.8307692307692309,0.7826086956521741,0.6666666666666665,0.7777777777777777,0.75,0.5578865578865579,0.4143853521252099,0.1956741459470385,0.8648648648648647,0.0,0.0,0.0,1.0,0.0,0.0,0.0,0.0,1.0,0.0,0.0,1.0,0.0,0.0,0.0,0.0,0.0,1.0,0.0,0.0,0.0,0.0,1.0,0.0,1.0,0.0,0.0,0.0,0.0,0.0,70.18835900029391,60.40807760395388,77.30240549828179
MAT_0047,0.5555555555555556,0.2876712328767123,0.9072164948453608,0.5491266920861153,0.4166666666666667,0.1726190476190476,0.3804713804713804,0.8153846153846154,0.8043478260869565,0.7777777777777777,0.7777777777777777,0.75,0.4487179487179488,0.5109069268162453,0.2231655548817465,0.8108108108108107,0.0,0.0,1.0,0.0,0.0,0.0,0.0,0.0,1.0,0.0,0.0,1.0,0.0,0.0,1.0,0.0,0.0,0.0,0.0,1.0,0.0,0.0,0.0,0.0,0.0,1.0,0.0,0.0,0.0,0.0,54.974010685227995,62.37509912767645,79.81099656357388
MAT_0048,1.0,0.7534246575342465,0.5051546391752577,0.0003274557795945,0.1249999999999999,0.1636904761904761,0.0707070707070706,0.5230769230769231,0.673913043478261,0.3333333333333333,0.3333333333333333,0.25,0.1173271173271173,0.908272801094586,0.1459470386092581,0.7027027027027029,0.0,1.0,0.0,0.0,0.0,0.0,1.0,0.0,0.0,0.0,1.0,0.0,0.0,0.0,1.0,0.0,0.0,0.0,1.0,0.0,0.0,0.0,0.0,0.0,0.0,0.0,1.0,0.0,0.0,0.0,97.16189349832935,84.23673691714927,35.103092783505154
MAT_0049,0.7333333333333334,0.4109589041095889,0.9381443298969072,0.3552007192926955,0.3333333333333333,0.2619047619047618,0.3905723905723905,0.7846153846153847,0.6086956521739131,0.8888888888888888,0.8888888888888888,0.625,0.5543900543900545,0.4044628853020678,0.158682029512836,0.8918918918918919,0.0,0.0,0.0,1.0,0.0,0.0,0.0,0.0,1.0,0.0,0.0,1.0,0.0,0.0,1.0,0.0,0.0,0.0,0.0,0.0,0.0,0.0,1.0,0.0,1.0,0.0,0.0,0.0,0.0,0.0,65.72108279832352,63.04338387843542,84.59621993127148
MAT_0050,0.8444444444444446,0.7671232876712328,0.4742268041237113,0.0014818761551141,0.1249999999999999,0.1875,0.0707070707070706,0.4153846153846154,0.7391304347826089,0.4444444444444445,0.4444444444444445,0.125,0.0959595959595959,0.9488859472507424,0.1425106124924196,0.8108108108108107,0.0,1.0,0.0,0.0,0.0,0.0,1.0,0.0,0.0,0.0,1.0,0.0,0.0,0.0,0.0,0.0,0.0,1.0,1.0,0.0,0.0,0.0,0.0,0.0,0.0,0.0,1.0,0.0,0.0,0.0,92.4605942203971,80.01988961782777,38.65120274914089
MAT_0051,0.5111111111111111,0.0410958904109589,0.0721649484536082,0.3552784206641247,0.9583333333333331,0.5446428571428572,0.3905723905723905,0.123076923076923,0.1304347826086958,0.8888888888888888,0.8888888888888888,0.75,0.0376845376845376,0.1380023805021302,0.0343642611683848,0.2432432432432432,1.0,0.0,0.0,0.0,0.0,0.0,0.0,0.0,1.0,0.0,0.0,1.0,0.0,0.0,0.0,0.0,1.0,0.0,0.0,0.0,0.0,0.0,0.0,1.0,0.0,0.0,0.0,0.0,1.0,0.0,59.05208509051397,64.89240541817863,69.77663230240549
MAT_0052,0.5777777777777777,0.2054794520547945,0.8865979381443299,0.3847272404357936,0.4583333333333333,0.2083333333333333,0.430976430976431,0.8461538461538463,0.6304347826086958,0.8888888888888888,0.8888888888888888,0.625,0.4300699300699301,0.5333214679021546,0.2302405498281786,0.7297297297297296,0.0,0.0,1.0,0.0,0.0,0.0,0.0,0.0,1.0,0.0,0.0,1.0,0.0,1.0,0.0,0.0,0.0,0.0,0.0,1.0,0.0,0.0,0.0,0.0,0.0,1.0,0.0,0.0,0.0,0.0,58.552458881202284,63.56179559272343,83.56529209621993
MAT_0053,0.5333333333333332,0.273972602739726,0.8865979381443299,0.3910210515215593,0.4166666666666667,0.181547619047619,0.4006734006734007,0.7384615384615385,0.7173913043478262,0.8888888888888888,0.7777777777777777,0.75,0.4518259518259518,0.5116855957373438,0.2150798463715383,0.8918918918918919,0.0,0.0,1.0,0.0,0.0,0.0,0.0,0.0,1.0,0.0,0.0,1.0,0.0,0.0,1.0,0.0,0.0,0.0,0.0,1.0,0.0,0.0,0.0,0.0,0.0,1.0,0.0,0.0,0.0,0.0,58.24243242741719,61.140661171589,82.73195876288659
MAT_0054,0.711111111111111,0.3835616438356165,0.9381443298969072,0.4991314096693806,0.3333333333333333,0.2619047619047618,0.4478114478114479,0.8615384615384616,0.8043478260869565,0.8888888888888888,0.6666666666666665,0.5,0.5804195804195805,0.4167881019388856,0.1609055993531433,0.9999999999999998,0.0,0.0,0.0,1.0,0.0,0.0,0.0,0.0,1.0,0.0,0.0,1.0,0.0,1.0,0.0,0.0,0.0,0.0,0.0,0.0,0.0,0.0,1.0,0.0,1.0,0.0,0.0,0.0,0.0,0.0,58.446933130794,61.07524091029245,75.4295532646048
MAT_0055,0.5555555555555556,0.2602739726027397,0.8969072164948454,0.2948045533003657,0.4166666666666667,0.1934523809523809,0.4444444444444445,0.7846153846153847,0.6086956521739131,0.6666666666666665,0.8888888888888888,0.625,0.4658119658119658,0.4570675328431427,0.1888012937133616,0.6756756756756757,0.0,0.0,1.0,0.0,0.0,0.0,0.0,0.0,1.0,0.0,0.0,1.0,0.0,0.0,0.0,0.0,0.0,1.0,0.0,1.0,0.0,0.0,0.0,0.0,0.0,1.0,0.0,0.0,0.0,0.0,60.04475228987791,61.31421270596529,77.10481099656357
MAT_0056,1.0,0.9041095890410956,0.2783505154639175,0.0008047642040882,0.0833333333333333,0.0476190476190476,0.0033670033670033,0.7076923076923078,1.0,0.0,0.1111111111111111,0.0,0.0932400932400932,0.6351713627818503,0.0863149383464726,0.4594594594594594,0.0,0.0,0.0,0.0,1.0,0.0,0.0,1.0,0.0,0.0,1.0,0.0,0.0,1.0,0.0,0.0,0.0,0.0,0.0,0.0,1.0,0.0,0.0,0.0,0.0,0.0,0.0,0.0,0.0,1.0,99.84117693919723,80.9050056472737,8.900343642611682
MAT_0057,0.5555555555555556,0.2876712328767123,0.9484536082474226,0.3664674181499303,0.4166666666666667,0.2023809523809523,0.3973063973063973,0.7692307692307692,0.4782608695652175,0.7777777777777777,0.7777777777777777,0.75,0.4475524475524476,0.5088490160961989,0.2106327066909237,0.8378378378378379,0.0,0.0,1.0,0.0,0.0,0.0,0.0,0.0,1.0,0.0,0.0,1.0,0.0,0.0,1.0,0.0,0.0,0.0,0.0,1.0,0.0,0.0,0.0,0.0,0.0,1.0,0.0,0.0,0.0,0.0,59.78038822991286,63.25811645399274,80.63573883161511
MAT_0058,1.0,0.780821917808219,0.4845360824742267,0.0004662082285752,0.1249999999999999,0.1369047619047619,0.0808080808080808,0.6000000000000001,0.8043478260869565,0.4444444444444445,0.4444444444444445,0.375,0.1006216006216006,0.9236125788402282,0.1681827370123307,0.5405405405405406,0.0,1.0,0.0,0.0,0.0,0.0,1.0,0.0,0.0,0.0,1.0,0.0,0.0,0.0,0.0,0.0,0.0,1.0,1.0,0.0,0.0,0.0,0.0,0.0,0.0,0.0,1.0,0.0,0.0,0.0,96.75369052081952,84.6596416184045,43.8573883161512
MAT_0059,0.8888888888888888,0.821917808219178,0.4432989690721649,0.0006493614612297,0.1249999999999999,0.1577380952380952,0.0841750841750841,0.5076923076923077,0.7608695652173914,0.4444444444444445,0.4444444444444445,0.375,0.1048951048951049,1.0,0.1039013543561754,0.5945945945945945,0.0,1.0,0.0,0.0,0.0,0.0,1.0,0.0,0.0,0.0,1.0,0.0,0.0,1.0,0.0,0.0,0.0,0.0,1.0,0.0,0.0,0.0,0.0,0.0,0.0,0.0,1.0,0.0,0.0,0.0,93.2801824558264,80.28789080335473,43.03264604810997
MAT_0060,1.0,0.780821917808219,0.4845360824742267,0.0010378683183758,0.1666666666666666,0.1279761904761904,0.0875420875420875,0.5692307692307692,0.7391304347826089,0.3333333333333333,0.3333333333333333,0.375,0.1064491064491064,0.958597061081015,0.1627248837679401,0.7297297297297296,0.0,1.0,0.0,0.0,0.0,0.0,1.0,0.0,0.0,0.0,1.0,0.0,0.0,0.0,0.0,0.0,1.0,0.0,1.0,0.0,0.0,0.0,0.0,0.0,0.0,0.0,1.0,0.0,0.0,0.0,96.46718044876523,84.3682663270292,37.19072164948454
MAT_0061,0.911111111111111,0.821917808219178,0.4742268041237113,0.0014208250775626,0.1666666666666666,0.181547619047619,0.0841750841750841,0.6307692307692307,0.7608695652173914,0.5555555555555556,0.3333333333333333,0.25,0.1324786324786325,0.964615059456934,0.1313927632908833,0.4864864864864866,0.0,1.0,0.0,0.0,0.0,0.0,1.0,0.0,0.0,0.0,1.0,0.0,0.0,0.0,0.0,1.0,0.0,0.0,1.0,0.0,0.0,0.0,0.0,0.0,0.0,0.0,1.0,0.0,0.0,0.0,93.92370521400308,80.19393779187594,41.15120274914089
MAT_0062,0.8888888888888888,0.8630136986301369,0.2474226804123711,7.215127346997676e-05,0.0416666666666666,0.0,0.0,0.6923076923076923,1.0,0.1111111111111111,0.1111111111111111,0.25,0.0551670551670551,0.6770526268952245,0.1107742065898524,0.6216216216216217,0.0,0.0,0.0,0.0,1.0,0.0,0.0,1.0,0.0,0.0,1.0,0.0,0.0,0.0,0.0,0.0,1.0,0.0,0.0,0.0,1.0,0.0,0.0,0.0,0.0,0.0,0.0,0.0,0.0,1.0,96.66450212846256,78.85676751656132,16.615120274914087
MAT_0063,0.5777777777777777,0.6712328767123288,0.9278350515463918,0.999539341869384,0.25,0.9732142857142856,0.888888888888889,1.0,0.3695652173913044,0.8888888888888888,0.8888888888888888,1.0,0.9763014763014763,0.0516035017853765,0.988275722660198,0.783783783783784,0.0,0.0,0.0,0.0,0.0,1.0,0.0,0.0,0.0,1.0,1.0,0.0,0.0,1.0,0.0,0.0,0.0,0.0,0.0,0.0,0.0,1.0,0.0,0.0,0.0,0.0,0.0,1.0,0.0,0.0,21.791597521696254,37.07496054918735,91.89003436426117
MAT_0064,0.3111111111111111,0.136986301369863,0.0721649484536082,0.094262863739545,1.0,0.5148809523809523,0.4343434343434343,0.1076923076923077,0.1956521739130434,0.7777777777777777,0.6666666666666665,0.75,0.0,0.1575247227382449,0.0111178492015362,0.2432432432432432,1.0,0.0,0.0,0.0,0.0,0.0,0.0,0.0,1.0,0.0,0.0,1.0,0.0,0.0,1.0,0.0,0.0,0.0,0.0,0.0,0.0,0.0,0.0,1.0,0.0,0.0,0.0,0.0,1.0,0.0,59.13171004740961,60.776632302405496,59.77663230240549
MAT_0065,0.5555555555555556,0.4109589041095889,1.0,0.2220039183691592,0.3333333333333333,0.2351190476190476,0.4343434343434343,0.8923076923076922,0.6304347826086958,0.8888888888888888,0.6666666666666665,0.75,0.5586635586635588,0.334238072460705,0.1811198706286638,0.9459459459459458,0.0,0.0,0.0,1.0,0.0,0.0,0.0,0.0,1.0,0.0,0.0,1.0,0.0,0.0,1.0,0.0,0.0,0.0,0.0,0.0,0.0,0.0,1.0,0.0,1.0,0.0,0.0,0.0,0.0,0.0,62.632811741854525,58.73348873348873,81.66666666666667
MAT_0066,1.0,0.7397260273972601,0.4845360824742267,0.0013986246857257,0.1249999999999999,0.1369047619047619,0.0909090909090909,0.6153846153846154,0.8260869565217392,0.5555555555555556,0.2222222222222222,0.375,0.1173271173271173,0.9801773140371758,0.134020618556701,0.5405405405405406,0.0,1.0,0.0,0.0,0.0,0.0,1.0,0.0,0.0,0.0,1.0,0.0,0.0,0.0,0.0,0.0,0.0,1.0,1.0,0.0,0.0,0.0,0.0,0.0,0.0,0.0,1.0,0.0,0.0,0.0,96.32167762306459,83.82436578312866,40.52405498281787
MAT_0067,0.6444444444444444,0.2876712328767123,0.8865979381443299,0.2823889841655705,0.375,0.2023809523809523,0.4242424242424243,0.7846153846153847,0.6086956521739131,0.7777777777777777,0.8888888888888888,0.5,0.4324009324009324,0.512175044773463,0.2181119870628663,0.7297297297297296,0.0,0.0,1.0,0.0,0.0,0.0,0.0,0.0,1.0,0.0,0.0,1.0,0.0,0.0,0.0,0.0,0.0,1.0,0.0,1.0,0.0,0.0,0.0,0.0,0.0,1.0,0.0,0.0,0.0,0.0,63.89196683866925,65.44524547617331,77.7319587628866
MAT_0068,0.9333333333333332,0.8630136986301369,0.5257731958762887,0.0007603634204143,0.1249999999999999,0.1636904761904761,0.0673400673400673,0.6000000000000001,0.9130434782608696,0.5555555555555556,0.4444444444444445,0.375,0.0963480963480963,0.9786088523532488,0.1287649080250656,0.4054054054054055,0.0,1.0,0.0,0.0,0.0,0.0,1.0,0.0,0.0,0.0,1.0,0.0,0.0,0.0,1.0,0.0,0.0,0.0,1.0,0.0,0.0,0.0,0.0,0.0,0.0,0.0,1.0,0.0,0.0,0.0,95.28358640378487,83.69805910012096,48.01546391752577
MAT_0069,0.5999999999999999,0.2465753424657533,0.8247422680412371,0.1205203771846573,0.4166666666666667,0.175595238095238,0.4276094276094276,0.8,0.5,0.8888888888888888,0.7777777777777777,0.625,0.4864024864024864,0.4987263201219173,0.2031534263189811,0.5135135135135134,0.0,0.0,1.0,0.0,0.0,0.0,0.0,0.0,1.0,0.0,0.0,1.0,0.0,0.0,1.0,0.0,0.0,0.0,0.0,1.0,0.0,0.0,0.0,0.0,0.0,1.0,0.0,0.0,0.0,0.0,67.28001158008318,60.17472104070042,78.99484536082474
MAT_0070,0.3999999999999999,0.1506849315068493,0.1030927835051546,0.2930063215615755,0.9583333333333331,0.4851190476190475,0.4511784511784512,0.1692307692307693,0.0434782608695654,0.8888888888888888,0.8888888888888888,0.5,0.0703185703185703,0.1438757689355595,0.0460885385081867,0.162162162162162,1.0,0.0,0.0,0.0,0.0,0.0,0.0,0.0,1.0,0.0,0.0,1.0,1.0,0.0,0.0,0.0,0.0,0.0,0.0,0.0,0.0,0.0,0.0,1.0,0.0,0.0,0.0,0.0,1.0,0.0,55.16267230601469,60.54592715417457,65.39518900343643
MAT_0071,0.2888888888888887,0.0958904109589041,0.0618556701030927,0.3394384410884852,1.0,0.5029761904761905,0.3838383838383838,0.123076923076923,0.1739130434782609,0.6666666666666665,0.8888888888888888,0.75,0.0489510489510489,0.1471350545624436,0.024661410956135,0.2972972972972971,1.0,0.0,0.0,0.0,0.0,0.0,0.0,0.0,1.0,0.0,0.0,1.0,0.0,1.0,0.0,0.0,0.0,0.0,0.0,0.0,0.0,0.0,0.0,1.0,0.0,0.0,0.0,0.0,1.0,0.0,53.12997808047675,57.45622762117606,62.90378006872852
MAT_0072,0.3999999999999999,0.1506849315068493,0.0515463917525773,0.3926194797338173,0.9583333333333331,0.4791666666666666,0.3636363636363637,0.0,0.1521739130434782,0.6666666666666665,0.7777777777777777,0.5,0.066045066045066,0.1926093195546014,0.0224378411158277,0.0,1.0,0.0,0.0,0.0,0.0,0.0,0.0,0.0,1.0,0.0,0.0,1.0,0.0,0.0,1.0,0.0,0.0,0.0,0.0,0.0,0.0,0.0,0.0,1.0,0.0,0.0,0.0,0.0,1.0,0.0,55.67596106253093,59.728674532798244,54.364261168384864
MAT_0073,0.8222222222222224,0.2876712328767123,0.9381443298969072,0.2586845157817035,0.4583333333333333,0.1994047619047619,0.4006734006734007,0.8461538461538463,0.4565217391304348,0.8888888888888888,0.7777777777777777,0.625,0.445998445998446,0.4449647930409246,0.2110369921164341,0.6756756756756757,0.0,0.0,1.0,0.0,0.0,0.0,0.0,0.0,1.0,0.0,0.0,1.0,0.0,0.0,0.0,0.0,0.0,1.0,0.0,1.0,0.0,0.0,0.0,0.0,0.0,1.0,0.0,0.0,0.0,0.0,70.87919516627954,71.1296309646825,81.26288659793815
MAT_0074,1.0,0.7671232876712328,0.4432989690721649,0.0007659135183735,0.0833333333333333,0.1309523809523809,0.0774410774410774,0.5076923076923077,0.7173913043478262,0.5555555555555556,0.2222222222222222,0.125,0.1013986013986014,0.9118769258150996,0.1374570446735395,0.7297297297297296,0.0,1.0,0.0,0.0,0.0,0.0,1.0,0.0,0.0,0.0,1.0,0.0,0.0,0.0,0.0,1.0,0.0,0.0,1.0,0.0,0.0,0.0,0.0,0.0,0.0,0.0,1.0,0.0,0.0,0.0,96.8793794968057,83.79604931151323,34.69931271477663
MAT_0075,0.5999999999999999,0.2191780821917808,0.0412371134020618,0.1215859959928292,0.9166666666666666,0.5,0.4410774410774412,0.1538461538461538,0.1739130434782609,0.8888888888888888,0.8888888888888888,0.75,0.0275835275835275,0.1671802173598674,0.0022235698403072,0.162162162162162,1.0,0.0,0.0,0.0,0.0,0.0,0.0,0.0,1.0,0.0,0.0,1.0,0.0,0.0,1.0,0.0,0.0,0.0,0.0,0.0,0.0,0.0,0.0,1.0,0.0,0.0,0.0,0.0,1.0,0.0,66.70932247711747,67.44556588886485,69.15807560137456
MAT_0076,0.977777777777778,0.9041095890410956,0.3402061855670103,0.000777013714292,0.0,0.0238095238095238,0.0067340067340067,0.6307692307692307,0.8043478260869565,0.1111111111111111,0.1111111111111111,0.125,0.0396270396270396,0.6897449303091315,0.0764099454214675,0.4054054054054055,0.0,0.0,0.0,0.0,1.0,0.0,0.0,1.0,0.0,0.0,1.0,0.0,1.0,0.0,0.0,0.0,0.0,0.0,0.0,0.0,1.0,0.0,0.0,0.0,0.0,0.0,0.0,0.0,0.0,1.0,99.04066265254431,84.15610506332156,15.970790378006875
MAT_0077,0.6444444444444444,0.3150684931506849,0.9381443298969072,0.4663192305344189,0.375,0.2113095238095237,0.4208754208754209,0.7692307692307692,0.6304347826086958,0.8888888888888888,0.7777777777777777,0.75,0.4553224553224553,0.4989932923234368,0.2187184152011319,0.7027027027027029,0.0,0.0,1.0,0.0,0.0,0.0,0.0,0.0,1.0,0.0,0.0,1.0,0.0,1.0,0.0,0.0,0.0,0.0,0.0,1.0,0.0,0.0,0.0,0.0,0.0,1.0,0.0,0.0,0.0,0.0,58.50873958228393,65.3300971651487,83.76288659793813
MAT_0078,0.7333333333333334,0.2465753424657533,0.865979381443299,0.4348446250076314,0.375,0.1875,0.3872053872053872,0.8307692307692309,0.5652173913043479,0.8888888888888888,0.8888888888888888,0.75,0.4844599844599845,0.4628741782261921,0.22175055589246,0.6486486486486485,0.0,0.0,1.0,0.0,0.0,0.0,0.0,0.0,1.0,0.0,0.0,1.0,0.0,0.0,1.0,0.0,0.0,0.0,0.0,1.0,0.0,0.0,0.0,0.0,0.0,1.0,0.0,0.0,0.0,0.0,63.46644576155557,65.09658840586675,85.65292096219932
MAT_0079,0.9555555555555556,0.7945205479452053,0.4639175257731959,0.0012154714530711,0.1249999999999999,0.175595238095238,0.0808080808080808,0.5846153846153846,0.7826086956521741,0.3333333333333333,0.3333333333333333,0.375,0.1235431235431235,0.9530796355829448,0.1204770568021022,0.6486486486486485,0.0,1.0,0.0,0.0,0.0,0.0,1.0,0.0,0.0,0.0,1.0,0.0,0.0,0.0,0.0,0.0,0.0,1.0,1.0,0.0,0.0,0.0,0.0,0.0,0.0,0.0,1.0,0.0,0.0,0.0,95.39787929075129,81.76786100497442,36.77835051546392
MAT_0080,0.8222222222222224,0.2328767123287671,0.8865979381443299,0.1242444929152999,0.4166666666666667,0.2202380952380952,0.4545454545454545,0.8461538461538463,0.5869565217391306,0.6666666666666665,0.8888888888888888,0.625,0.4428904428904429,0.4987596916471072,0.2152819890842935,0.9459459459459458,0.0,0.0,1.0,0.0,0.0,0.0,0.0,0.0,1.0,0.0,0.0,1.0,0.0,0.0,0.0,1.0,0.0,0.0,0.0,1.0,0.0,0.0,0.0,0.0,0.0,1.0,0.0,0.0,0.0,0.0,72.7575136973895,70.25410328503112,76.89862542955326
MAT_0081,0.6888888888888889,0.2602739726027397,0.8556701030927835,0.4788180511386026,0.375,0.2321428571428571,0.4006734006734007,0.8923076923076922,0.5434782608695652,0.8888888888888888,0.8888888888888888,0.75,0.4728049728049729,0.4671791049756943,0.2205376996159288,0.5945945945945945,0.0,0.0,1.0,0.0,0.0,0.0,0.0,0.0,1.0,0.0,0.0,1.0,0.0,0.0,0.0,1.0,0.0,0.0,0.0,1.0,0.0,0.0,0.0,0.0,0.0,1.0,0.0,0.0,0.0,0.0,60.27518910557256,64.1398200882737,85.44673539518901
MAT_0082,0.3555555555555556,0.2328767123287671,0.1030927835051546,0.2129017577160237,0.9583333333333331,0.5297619047619047,0.3939393939393939,0.1538461538461538,0.108695652173913,0.7777777777777777,0.6666666666666665,0.625,0.066045066045066,0.1870807702148013,0.0103092783505154,0.0,1.0,0.0,0.0,0.0,0.0,0.0,0.0,0.0,1.0,0.0,0.0,1.0,0.0,0.0,0.0,0.0,1.0,0.0,0.0,0.0,0.0,0.0,0.0,1.0,0.0,0.0,0.0,0.0,1.0,0.0,58.522038177610206,59.426269034516466,57.89518900343642
MAT_0083,1.0,0.821917808219178,0.422680412371134,0.0009435166530689,0.1666666666666666,0.1636904761904761,0.0875420875420875,0.5230769230769231,0.7608695652173914,0.4444444444444445,0.4444444444444445,0.125,0.0928515928515928,0.9489081949342024,0.1156256316959773,0.5945945945945945,0.0,1.0,0.0,0.0,0.0,0.0,1.0,0.0,0.0,0.0,1.0,0.0,0.0,0.0,0.0,1.0,0.0,0.0,1.0,0.0,0.0,0.0,0.0,0.0,0.0,0.0,1.0,0.0,0.0,0.0,96.47001099872443,83.81102860484305,37.62027491408935
MAT_0084,0.1777777777777778,0.1506849315068493,0.0721649484536082,0.4421985048036098,0.9583333333333331,0.494047619047619,0.3602693602693603,0.123076923076923,0.1739130434782609,0.6666666666666665,0.8888888888888888,0.75,0.0784770784770785,0.1592711658898517,0.0145542753183747,0.0,1.0,0.0,0.0,0.0,0.0,0.0,0.0,0.0,1.0,0.0,0.0,1.0,0.0,0.0,0.0,0.0,1.0,0.0,0.0,0.0,0.0,0.0,0.0,1.0,0.0,0.0,0.0,0.0,1.0,0.0,47.65660377845063,52.85277837855158,63.10996563573883
MAT_0085,0.2888888888888887,0.1095890410958904,0.0618556701030927,0.3619829389988733,0.9583333333333331,0.488095238095238,0.3602693602693603,0.1846153846153846,0.108695652173913,0.6666666666666665,0.6666666666666665,0.625,0.0244755244755244,0.1655895079924802,0.0165757024459268,0.1351351351351351,1.0,0.0,0.0,0.0,0.0,0.0,0.0,0.0,1.0,0.0,0.0,1.0,1.0,0.0,0.0,0.0,0.0,0.0,0.0,0.0,0.0,0.0,0.0,1.0,0.0,0.0,0.0,0.0,1.0,0.0,53.396404085926044,58.68000384495229,53.737113402061844
MAT_0086,1.0,0.821917808219178,0.4639175257731959,0.0015595775265433,0.1249999999999999,0.1845238095238095,0.0808080808080808,0.6153846153846154,0.6304347826086958,0.4444444444444445,0.3333333333333333,0.375,0.1153846153846154,0.9197414819181952,0.1503941782898726,0.4594594594594594,0.0,1.0,0.0,0.0,0.0,0.0,1.0,0.0,0.0,0.0,1.0,0.0,0.0,0.0,0.0,1.0,0.0,0.0,1.0,0.0,0.0,0.0,0.0,0.0,0.0,0.0,1.0,0.0,0.0,0.0,96.72088944188046,83.50911974623314,40.111683848797256
MAT_0087,0.7333333333333334,0.4246575342465753,0.9690721649484536,0.1824872208994488,0.2916666666666667,0.2738095238095238,0.4107744107744108,0.8923076923076922,0.7826086956521741,0.7777777777777777,0.6666666666666665,0.625,0.5571095571095572,0.3493442495300176,0.173438447543966,0.9999999999999998,0.0,0.0,0.0,1.0,0.0,0.0,0.0,0.0,1.0,0.0,0.0,1.0,0.0,0.0,0.0,0.0,1.0,0.0,0.0,0.0,0.0,0.0,1.0,0.0,1.0,0.0,0.0,0.0,0.0,0.0,70.0944069420401,63.5259654434912,75.21477663230239
MAT_0088,0.3111111111111111,0.1917808219178082,0.0,0.250625773544903,1.0,0.4732142857142857,0.3939393939393939,0.0307692307692307,0.0,0.8888888888888888,0.7777777777777777,0.625,0.0244755244755244,0.1650444397477113,0.0080857085102082,0.0810810810810809,1.0,0.0,0.0,0.0,0.0,0.0,0.0,0.0,1.0,0.0,0.0,1.0,0.0,0.0,0.0,1.0,0.0,0.0,0.0,0.0,0.0,0.0,0.0,1.0,0.0,0.0,0.0,0.0,1.0,0.0,56.056984369410486,58.109557109557116,62.5
MAT_0089,0.8888888888888888,0.9726027397260272,0.2886597938144329,0.000194253428573,0.0,0.0327380952380952,0.01010101010101,0.5692307692307692,0.9130434782608696,0.2222222222222222,0.2222222222222222,0.0,0.0796425796425796,0.6555279931477135,0.1020820699413786,0.4594594594594594,0.0,0.0,0.0,0.0,1.0,0.0,0.0,1.0,0.0,0.0,1.0,0.0,0.0,0.0,0.0,0.0,1.0,0.0,0.0,0.0,1.0,0.0,0.0,0.0,0.0,0.0,0.0,0.0,0.0,1.0,96.25679865976909,78.45773356082634,19.106529209621993
MAT_0090,1.0,0.917808219178082,0.2577319587628865,0.0005661099918413,0.0416666666666666,0.0773809523809523,0.0,0.6615384615384616,0.956521739130435,0.1111111111111111,0.2222222222222222,0.25,0.0602175602175602,0.6738489604769903,0.1047099252071962,0.5135135135135134,0.0,0.0,0.0,0.0,1.0,0.0,0.0,1.0,0.0,0.0,1.0,0.0,0.0,0.0,0.0,1.0,0.0,0.0,0.0,0.0,1.0,0.0,0.0,0.0,0.0,0.0,0.0,0.0,0.0,1.0,99.98301670024476,82.14376116437971,20.15463917525773
MAT_0091,0.8888888888888888,0.3013698630136985,0.8969072164948454,0.4961898577509893,0.4166666666666667,0.1934523809523809,0.4074074074074074,0.8153846153846154,0.5,0.7777777777777777,0.8888888888888888,0.75,0.4677544677544678,0.5000611811295148,0.1983020012128562,0.7567567567567568,0.0,0.0,1.0,0.0,0.0,0.0,0.0,0.0,1.0,0.0,0.0,1.0,0.0,0.0,0.0,0.0,1.0,0.0,0.0,1.0,0.0,0.0,0.0,0.0,0.0,1.0,0.0,0.0,0.0,0.0,65.48467463784068,71.21708760884017,82.9381443298969
MAT_0092,0.9333333333333332,0.917808219178082,0.268041237113402,0.0005994105795967,0.0416666666666666,0.0476190476190476,0.0134680134680134,0.6000000000000001,0.7608695652173914,0.0,0.2222222222222222,0.25,0.0909090909090909,0.6920920609141573,0.0751970891449363,0.5675675675675673,0.0,0.0,0.0,0.0,1.0,0.0,0.0,1.0,0.0,0.0,1.0,0.0,0.0,0.0,0.0,0.0,1.0,0.0,0.0,0.0,1.0,0.0,0.0,0.0,0.0,0.0,0.0,0.0,0.0,1.0,97.44329714389157,78.81537019681349,17.027491408934708
MAT_0093,0.5999999999999999,0.2328767123287671,0.9278350515463918,0.2873230212513251,0.375,0.1666666666666666,0.4444444444444445,0.8,0.5217391304347827,0.6666666666666665,0.8888888888888888,0.625,0.4665889665889667,0.4876358499171274,0.2154841317970487,0.6216216216216217,0.0,0.0,1.0,0.0,0.0,0.0,0.0,0.0,1.0,0.0,0.0,1.0,0.0,0.0,1.0,0.0,0.0,0.0,0.0,1.0,0.0,0.0,0.0,0.0,0.0,1.0,0.0,0.0,0.0,0.0,61.60253158468246,63.2272527014795,77.7233676975945
MAT_0094,1.0,0.3698630136986301,0.9587628865979382,0.4533486516037008,0.3333333333333333,0.2470238095238094,0.4141414141414141,0.8923076923076922,0.7826086956521741,0.6666666666666665,0.8888888888888888,0.625,0.5695415695415695,0.3573534155756032,0.190216292702648,0.7567567567567568,0.0,0.0,0.0,1.0,0.0,0.0,0.0,0.0,1.0,0.0,0.0,1.0,0.0,1.0,0.0,0.0,0.0,0.0,0.0,0.0,0.0,0.0,1.0,0.0,1.0,0.0,0.0,0.0,0.0,0.0,69.83388388623241,70.69817925488029,78.34192439862542
MAT_0095,1.0,0.726027397260274,0.4742268041237113,0.0003274557795945,0.1249999999999999,0.1101190476190476,0.0808080808080808,0.5538461538461539,0.7391304347826089,0.4444444444444445,0.2222222222222222,0.125,0.1328671328671329,0.9880196224568116,0.1449363250454821,0.4594594594594594,0.0,1.0,0.0,0.0,0.0,0.0,1.0,0.0,0.0,0.0,1.0,0.0,1.0,0.0,0.0,0.0,0.0,0.0,1.0,0.0,0.0,0.0,0.0,0.0,0.0,0.0,1.0,0.0,0.0,0.0,96.75785309428895,82.84117943911757,31.984536082474225
MAT_0096,0.977777777777778,0.780821917808219,0.4845360824742267,0.000921316261232,0.1249999999999999,0.1369047619047619,0.0639730639730639,0.5384615384615385,0.6304347826086958,0.3333333333333333,0.2222222222222222,0.25,0.1421911421911422,0.912121650333159,0.1208813422276127,0.6486486486486485,0.0,1.0,0.0,0.0,0.0,0.0,1.0,0.0,0.0,0.0,1.0,0.0,1.0,0.0,0.0,0.0,0.0,0.0,1.0,0.0,0.0,0.0,0.0,0.0,0.0,0.0,1.0,0.0,0.0,0.0,96.74677128657383,81.91449787326077,31.3573883161512
MAT_0097,0.9333333333333332,0.8356164383561644,0.5154639175257731,0.0014430254693995,0.1249999999999999,0.1398809523809523,0.0875420875420875,0.5538461538461539,0.847826086956522,0.4444444444444445,0.2222222222222222,0.125,0.101010101010101,0.918295382493298,0.1485748938750757,0.5945945945945945,0.0,1.0,0.0,0.0,0.0,0.0,1.0,0.0,0.0,0.0,1.0,0.0,1.0,0.0,0.0,0.0,0.0,0.0,1.0,0.0,0.0,0.0,0.0,0.0,0.0,0.0,1.0,0.0,0.0,0.0,94.45502573423452,83.25877330001042,32.80927835051546
MAT_0098,0.977777777777778,0.9999999999999998,0.2783505154639175,0.0004884086204121,0.0833333333333333,0.0714285714285714,0.01010101010101,0.6153846153846154,0.8260869565217392,0.2222222222222222,0.2222222222222222,0.125,0.0885780885780886,0.6862520440059179,0.0948049322821912,0.4054054054054055,0.0,0.0,0.0,0.0,1.0,0.0,0.0,1.0,0.0,0.0,1.0,0.0,0.0,1.0,0.0,0.0,0.0,0.0,0.0,0.0,1.0,0.0,0.0,0.0,0.0,0.0,0.0,0.0,0.0,1.0,98.91464067068058,80.47143921370726,21.400343642611684
MAT_0099,0.6444444444444444,0.3972602739726027,0.9278350515463918,0.1060179712171919,0.3333333333333333,0.2648809523809524,0.4242424242424243,0.8769230769230769,0.6521739130434783,0.7777777777777777,0.6666666666666665,0.625,0.6033411033411035,0.4242188282145122,0.1896098645643824,0.8108108108108107,0.0,0.0,0.0,1.0,0.0,0.0,0.0,0.0,1.0,0.0,0.0,1.0,0.0,0.0,0.0,0.0,0.0,1.0,0.0,0.0,0.0,0.0,1.0,0.0,1.0,0.0,0.0,0.0,0.0,0.0,69.1830972271206,57.722979197205994,74.39003436426115
MAT_0100,1.0,0.917808219178082,0.268041237113402,0.0007714636163328,0.0416666666666666,0.0625,0.0,0.5230769230769231,0.847826086956522,0.2222222222222222,0.1111111111111111,0.125,0.0501165501165501,0.5862375830116688,0.0921770770163735,0.2972972972972971,0.0,0.0,0.0,0.0,1.0,0.0,0.0,1.0,0.0,0.0,1.0,0.0,1.0,0.0,0.0,0.0,0.0,0.0,0.0,0.0,1.0,0.0,0.0,0.0,0.0,0.0,0.0,0.0,0.0,1.0,99.97685609151002,82.85499723644054,17.86082474226804
MAT_0101,1.0,0.9589041095890408,0.3092783505154639,0.0005050589142898,0.0,0.0446428571428571,0.01010101010101,0.676923076923077,0.8043478260869565,0.2222222222222222,0.1111111111111111,0.0,0.0703185703185703,0.6977540963547171,0.0816656559531028,0.5945945945945945,0.0,0.0,0.0,0.0,1.0,0.0,0.0,1.0,0.0,0.0,1.0,0.0,0.0,0.0,1.0,0.0,0.0,0.0,0.0,0.0,1.0,0.0,0.0,0.0,0.0,0.0,0.0,0.0,0.0,1.0,99.58080782853091,82.66963849438076,16.185567010309278
MAT_0102,0.8666666666666667,0.6438356164383561,0.9587628865979382,0.898732912635908,0.25,0.9732142857142856,0.915824915824916,0.9384615384615383,0.4130434782608696,0.7777777777777777,0.8888888888888888,0.75,0.9887334887334888,0.0726831818636884,0.994137861330099,0.7567567567567568,0.0,0.0,0.0,0.0,0.0,1.0,0.0,0.0,0.0,1.0,1.0,0.0,0.0,0.0,0.0,0.0,1.0,0.0,0.0,0.0,0.0,1.0,0.0,0.0,0.0,0.0,0.0,1.0,0.0,0.0,32.40501598792612,45.73858329528433,84.17525773195875
MAT_0103,0.977777777777778,0.8082191780821917,0.5051546391752577,0.0011710706693973,0.1249999999999999,0.1428571428571428,0.0774410774410774,0.5538461538461539,0.7826086956521741,0.3333333333333333,0.3333333333333333,0.375,0.1138306138306138,0.9835033427144398,0.1287649080250656,0.6756756756756757,0.0,1.0,0.0,0.0,0.0,0.0,1.0,0.0,0.0,0.0,1.0,0.0,0.0,1.0,0.0,0.0,0.0,0.0,1.0,0.0,0.0,0.0,0.0,0.0,0.0,0.0,1.0,0.0,0.0,0.0,96.20055811560833,83.7448954253078,37.603092783505154
MAT_0104,1.0,0.7671232876712328,0.4432989690721649,0.0008658152816397,0.0833333333333333,0.1607142857142857,0.0808080808080808,0.6307692307692307,0.7391304347826089,0.5555555555555556,0.2222222222222222,0.375,0.0967365967365967,0.9472952378833552,0.1160299171214877,0.5405405405405406,0.0,1.0,0.0,0.0,0.0,0.0,1.0,0.0,0.0,0.0,1.0,0.0,0.0,0.0,0.0,1.0,0.0,0.0,1.0,0.0,0.0,0.0,0.0,0.0,0.0,0.0,1.0,0.0,0.0,0.0,96.74170230922758,84.02914954461347,39.69931271477664
MAT_0105,0.6666666666666667,0.273972602739726,0.8556701030927835,0.2892655555370552,0.4583333333333333,0.181547619047619,0.3905723905723905,0.8461538461538463,0.5217391304347827,0.6666666666666665,0.8888888888888888,0.75,0.4860139860139861,0.503832163475978,0.2270062664240953,0.7297297297297296,0.0,0.0,1.0,0.0,0.0,0.0,0.0,0.0,1.0,0.0,0.0,1.0,0.0,0.0,0.0,0.0,1.0,0.0,0.0,1.0,0.0,0.0,0.0,0.0,0.0,1.0,0.0,0.0,0.0,0.0,65.69913771099272,62.812702761156366,78.78006872852235
MAT_0106,0.1333333333333333,0.0136986301369863,0.0927835051546391,0.3981862279869239,0.9583333333333331,0.4910714285714286,0.3771043771043771,0.123076923076923,0.1304347826086958,0.6666666666666665,0.7777777777777777,0.5,0.0485625485625485,0.1747333058945237,0.0066707095209217,0.1081081081081081,1.0,0.0,0.0,0.0,0.0,0.0,0.0,0.0,1.0,0.0,0.0,1.0,0.0,0.0,0.0,0.0,1.0,0.0,0.0,0.0,0.0,0.0,0.0,1.0,0.0,0.0,0.0,0.0,1.0,0.0,46.97023807621719,53.42754267496536,55.1890034364261
MAT_0107,0.6888888888888889,0.3972602739726027,0.9587628865979382,0.1400789223929802,0.375,0.2559523809523809,0.4444444444444445,0.8,0.6086956521739131,0.6666666666666665,0.7777777777777777,0.625,0.5466200466200467,0.3766866525023081,0.1859712957347887,0.8648648648648647,0.0,0.0,0.0,1.0,0.0,0.0,0.0,0.0,1.0,0.0,0.0,1.0,0.0,0.0,0.0,1.0,0.0,0.0,0.0,0.0,0.0,0.0,1.0,0.0,1.0,0.0,0.0,0.0,0.0,0.0,68.68652121709948,62.5109220676231,75.00859106529208
MAT_0108,0.8222222222222224,0.3013698630136985,0.8865979381443299,0.3436676157334177,0.4166666666666667,0.2261904761904762,0.3838383838383838,0.7846153846153847,0.5652173913043479,0.7777777777777777,0.8888888888888888,0.625,0.4650349650349651,0.5156234357097567,0.2136648473822518,0.7027027027027029,0.0,0.0,1.0,0.0,0.0,0.0,0.0,0.0,1.0,0.0,0.0,1.0,0.0,0.0,0.0,1.0,0.0,0.0,0.0,1.0,0.0,0.0,0.0,0.0,0.0,1.0,0.0,0.0,0.0,0.0,69.00310284112878,69.14687717780501,80.2319587628866
MAT_0109,0.8666666666666667,0.3150684931506849,0.865979381443299,0.1987989588016228,0.4583333333333333,0.2291666666666666,0.4074074074074074,0.7692307692307692,0.5652173913043479,0.7777777777777777,0.6666666666666665,0.625,0.4405594405594406,0.4974804498481595,0.2025469981807155,0.7027027027027029,0.0,0.0,1.0,0.0,0.0,0.0,0.0,0.0,1.0,0.0,0.0,1.0,0.0,0.0,0.0,1.0,0.0,0.0,0.0,1.0,0.0,0.0,0.0,0.0,0.0,1.0,0.0,0.0,0.0,0.0,73.73973493965502,71.29161560089395,73.1529209621993
MAT_0110,0.8222222222222224,0.3698630136986301,0.9690721649484536,0.2381436032345971,0.375,0.244047619047619,0.4175084175084175,0.8615384615384616,0.7826086956521741,0.6666666666666665,0.6666666666666665,0.5,0.5594405594405595,0.3812807991367898,0.1795027289266221,0.9459459459459458,0.0,0.0,0.0,1.0,0.0,0.0,0.0,0.0,1.0,0.0,0.0,1.0,0.0,0.0,0.0,0.0,1.0,0.0,0.0,0.0,0.0,0.0,1.0,0.0,1.0,0.0,0.0,0.0,0.0,0.0,70.82202186929206,66.07608199360777,69.38144329896906
MAT_0111,1.0,0.7671232876712328,0.4845360824742267,0.0006715618530667,0.1249999999999999,0.1339285714285714,0.0774410774410774,0.5538461538461539,0.7391304347826089,0.4444444444444445,0.2222222222222222,0.125,0.0963480963480963,0.967918840450738,0.1303820497271073,0.5405405405405406,0.0,1.0,0.0,0.0,0.0,0.0,1.0,0.0,0.0,0.0,1.0,0.0,0.0,0.0,0.0,0.0,1.0,0.0,1.0,0.0,0.0,0.0,0.0,0.0,0.0,0.0,1.0,0.0,0.0,0.0,96.8822100467649,84.87331683207972,32.19072164948453
MAT_0112,0.8888888888888888,0.7123287671232876,0.9896907216494844,0.4188214921993373,0.2083333333333333,0.9821428571428572,0.9663299663299664,0.9076923076923078,0.3913043478260869,0.7777777777777777,1.0,0.875,0.9487179487179488,0.085052893867426,0.9747321609055992,0.7027027027027029,0.0,0.0,0.0,0.0,0.0,1.0,0.0,0.0,0.0,1.0,1.0,0.0,0.0,0.0,1.0,0.0,0.0,0.0,0.0,0.0,0.0,1.0,0.0,0.0,0.0,0.0,0.0,1.0,0.0,0.0,45.448823247487894,49.02458366375891,90.62714776632302
MAT_0113,0.7777777777777777,0.3561643835616437,0.9278350515463918,0.3711184002397642,0.3333333333333333,0.2678571428571428,0.3703703703703703,0.8769230769230769,0.7173913043478262,0.8888888888888888,0.6666666666666665,0.5,0.6021756021756023,0.4097022147568884,0.1697998787143723,0.7027027027027029,0.0,0.0,0.0,1.0,0.0,0.0,0.0,0.0,1.0,0.0,0.0,1.0,0.0,0.0,1.0,0.0,0.0,0.0,0.0,0.0,0.0,0.0,1.0,0.0,1.0,0.0,0.0,0.0,0.0,0.0,67.3849665113256,61.781254255481045,75.2233676975945
MAT_0114,1.0,0.9726027397260272,0.3092783505154639,0.0005883103836782,0.0416666666666666,0.0744047619047619,0.0033670033670033,0.6461538461538461,0.8913043478260869,0.1111111111111111,0.1111111111111111,0.25,0.067987567987568,0.6721025173253835,0.0994542146755609,0.4324324324324322,0.0,0.0,0.0,0.0,1.0,0.0,0.0,1.0,0.0,0.0,1.0,0.0,0.0,0.0,1.0,0.0,0.0,0.0,0.0,0.0,1.0,0.0,0.0,0.0,0.0,0.0,0.0,0.0,0.0,1.0,99.84767055380952,82.78618861093088,17.852233676975946
MAT_0115,0.8666666666666667,0.7945205479452053,0.4639175257731959,0.0006826620489851,0.1249999999999999,0.175595238095238,0.0909090909090909,0.5538461538461539,0.7826086956521741,0.4444444444444445,0.2222222222222222,0.25,0.1169386169386169,0.9145021524633746,0.1449363250454821,0.6216216216216217,0.0,1.0,0.0,0.0,0.0,0.0,1.0,0.0,0.0,0.0,1.0,0.0,0.0,1.0,0.0,0.0,0.0,0.0,1.0,0.0,0.0,0.0,0.0,0.0,0.0,0.0,1.0,0.0,0.0,0.0,92.3431565021668,79.43141966853308,34.27835051546392
MAT_0116,0.8444444444444446,0.7945205479452053,0.4639175257731959,0.0013375736081741,0.1249999999999999,0.175595238095238,0.074074074074074,0.5230769230769231,0.8260869565217392,0.5555555555555556,0.3333333333333333,0.375,0.1017871017871018,0.9407099235792072,0.1279563371740448,0.783783783783784,0.0,1.0,0.0,0.0,0.0,0.0,1.0,0.0,0.0,0.0,1.0,0.0,1.0,0.0,0.0,0.0,0.0,0.0,1.0,0.0,0.0,0.0,0.0,0.0,0.0,0.0,1.0,0.0,0.0,0.0,92.33024316212517,79.52232875944216,43.445017182130584
MAT_0117,0.711111111111111,0.3972602739726027,0.9484536082474226,0.1713870249809909,0.3333333333333333,0.2648809523809524,0.3737373737373737,0.8923076923076922,0.673913043478261,0.8888888888888888,0.7777777777777777,0.625,0.5621600621600622,0.4172219317663548,0.1956741459470385,0.9189189189189192,0.0,0.0,0.0,1.0,0.0,0.0,0.0,0.0,1.0,0.0,0.0,1.0,0.0,0.0,0.0,0.0,0.0,1.0,0.0,0.0,0.0,0.0,1.0,0.0,1.0,0.0,0.0,0.0,0.0,0.0,71.24222763440865,62.19440239027867,81.46907216494846
MAT_0118,0.711111111111111,0.3013698630136985,0.8865979381443299,0.3777507673010428,0.4166666666666667,0.2232142857142857,0.404040404040404,0.8153846153846154,0.5869565217391306,0.7777777777777777,0.8888888888888888,0.75,0.4584304584304585,0.4719623569195857,0.2166969880735799,0.783783783783784,0.0,0.0,1.0,0.0,0.0,0.0,0.0,0.0,1.0,0.0,0.0,1.0,0.0,1.0,0.0,0.0,0.0,0.0,0.0,1.0,0.0,0.0,0.0,0.0,0.0,1.0,0.0,0.0,0.0,0.0,63.839194152685884,66.143769174697,82.73195876288659
MAT_0119,0.6888888888888889,0.4246575342465753,0.9896907216494844,0.1399346198460403,0.3333333333333333,0.2589285714285714,0.3872053872053872,0.8923076923076922,0.6086956521739131,0.6666666666666665,0.7777777777777777,0.625,0.5516705516705518,0.3896014327508148,0.1718213058419243,0.6216216216216217,0.0,0.0,0.0,1.0,0.0,0.0,0.0,0.0,1.0,0.0,0.0,1.0,0.0,0.0,0.0,1.0,0.0,0.0,0.0,0.0,0.0,0.0,1.0,0.0,1.0,0.0,0.0,0.0,0.0,0.0,70.98041258306996,62.876953516128765,75.627147766323
MAT_0120,1.0,0.9589041095890408,0.3092783505154639,0.0008103143020474,0.0416666666666666,0.0476190476190476,0.0067340067340067,0.6153846153846154,0.9130434782608696,0.1111111111111111,0.2222222222222222,0.25,0.0773115773115773,0.666240252733684,0.079846371538306,0.5675675675675673,0.0,0.0,0.0,0.0,1.0,0.0,0.0,1.0,0.0,0.0,1.0,0.0,0.0,0.0,1.0,0.0,0.0,0.0,0.0,0.0,1.0,0.0,0.0,0.0,0.0,0.0,0.0,0.0,0.0,1.0,99.70633030157832,82.3199881447304,21.18556701030928
MAT_0121,1.0,0.8082191780821917,0.4639175257731959,0.0015484773306248,0.1249999999999999,0.1458333333333333,0.0639730639730639,0.5692307692307692,0.7826086956521741,0.4444444444444445,0.3333333333333333,0.25,0.1204351204351204,0.9847492129881976,0.1239134829189407,0.8108108108108107,0.0,1.0,0.0,0.0,0.0,0.0,1.0,0.0,0.0,0.0,1.0,0.0,0.0,0.0,0.0,1.0,0.0,0.0,1.0,0.0,0.0,0.0,0.0,0.0,0.0,0.0,1.0,0.0,0.0,0.0,97.3946231211587,83.25659449370791,37.61168384879725
MAT_0122,0.3111111111111111,0.1232876712328767,0.0927835051546391,0.3660511608029881,0.9583333333333331,0.4910714285714286,0.4444444444444445,0.1076923076923077,0.1956521739130434,0.8888888888888888,0.8888888888888888,0.625,0.0641025641025641,0.1751782595637229,0.0309278350515463,0.162162162162162,1.0,0.0,0.0,0.0,0.0,0.0,0.0,0.0,1.0,0.0,0.0,1.0,0.0,0.0,0.0,0.0,0.0,1.0,0.0,0.0,0.0,0.0,0.0,1.0,0.0,0.0,0.0,0.0,1.0,0.0,50.57402073146592,57.98387523129791,67.6890034364261
MAT_0123,0.9333333333333332,0.7534246575342465,0.4845360824742267,0.0016705794857279,0.1249999999999999,0.125,0.0808080808080808,0.5846153846153846,0.7391304347826089,0.4444444444444445,0.4444444444444445,0.25,0.106060606060606,0.9741259441360668,0.120274914089347,0.5675675675675673,0.0,1.0,0.0,0.0,0.0,0.0,1.0,0.0,0.0,0.0,1.0,0.0,0.0,0.0,0.0,0.0,0.0,1.0,1.0,0.0,0.0,0.0,0.0,0.0,0.0,0.0,1.0,0.0,0.0,0.0,94.71755938310493,82.38769134645423,41.3573883161512
MAT_0124,0.8666666666666667,0.6986301369863013,0.9896907216494844,0.5748069953434679,0.2083333333333333,0.9672619047619048,0.9090909090909092,0.8923076923076922,0.4782608695652175,0.8888888888888888,1.0,0.875,0.9483294483294484,0.0784675795632779,0.994137861330099,0.7297297297297296,0.0,0.0,0.0,0.0,0.0,1.0,0.0,0.0,0.0,1.0,1.0,0.0,0.0,1.0,0.0,0.0,0.0,0.0,0.0,0.0,0.0,1.0,0.0,0.0,0.0,0.0,0.0,1.0,0.0,0.0,42.3921537760596,48.37734201651727,93.96048109965636
MAT_0125,0.5999999999999999,0.3698630136986301,0.9278350515463918,0.1624680175605099,0.375,0.2410714285714286,0.3703703703703703,0.8461538461538463,0.6304347826086958,0.6666666666666665,0.8888888888888888,0.5,0.5788655788655789,0.4054195356908462,0.1659591671720234,0.8108108108108107,0.0,0.0,0.0,1.0,0.0,0.0,0.0,0.0,1.0,0.0,0.0,1.0,0.0,0.0,0.0,1.0,0.0,0.0,0.0,0.0,0.0,0.0,1.0,0.0,1.0,0.0,0.0,0.0,0.0,0.0,68.3111446583699,57.61342208764889,75.2233676975945
MAT_0126,0.6888888888888889,0.2054794520547945,0.9175257731958762,0.0605182681474328,0.4583333333333333,0.2232142857142857,0.3838383838383838,0.7846153846153847,0.5869565217391306,0.7777777777777777,0.6666666666666665,0.5,0.480963480963481,0.5278151662458146,0.2233676975945017,0.7567567567567568,0.0,0.0,1.0,0.0,0.0,0.0,0.0,0.0,1.0,0.0,0.0,1.0,0.0,1.0,0.0,0.0,0.0,0.0,0.0,1.0,0.0,0.0,0.0,0.0,0.0,1.0,0.0,0.0,0.0,0.0,73.49758326870834,64.96900808241014,71.68384879725085
MAT_0127,1.0,0.7671232876712328,0.5154639175257731,0.0006771119510259,0.1249999999999999,0.1488095238095238,0.0774410774410774,0.5846153846153846,0.6521739130434783,0.3333333333333333,0.4444444444444445,0.25,0.1017871017871018,0.96688432316985,0.1253284819082271,0.6216216216216217,0.0,1.0,0.0,0.0,0.0,0.0,1.0,0.0,0.0,0.0,1.0,0.0,0.0,0.0,1.0,0.0,0.0,0.0,1.0,0.0,0.0,0.0,0.0,0.0,0.0,0.0,1.0,0.0,0.0,0.0,96.88204354382613,85.21992326116037,38.64261168384879
MAT_0128,0.8444444444444446,0.6849315068493149,0.979381443298969,0.5523790494902235,0.2083333333333333,0.9702380952380952,0.9595959595959596,0.9076923076923078,0.4565217391304348,0.7777777777777777,1.0,0.75,0.9895104895104896,0.0562643914702381,0.9690721649484536,0.8378378378378379,0.0,0.0,0.0,0.0,0.0,1.0,0.0,0.0,0.0,1.0,1.0,0.0,1.0,0.0,0.0,0.0,0.0,0.0,0.0,0.0,0.0,1.0,0.0,0.0,0.0,0.0,0.0,1.0,0.0,0.0,40.378123464788246,45.44543772378824,87.9209621993127
MAT_0129,1.0,0.917808219178082,0.2989690721649484,0.0008047642040882,0.0,0.0654761904761904,0.0067340067340067,0.6923076923076923,0.9130434782608696,0.1111111111111111,0.1111111111111111,0.25,0.0703185703185703,0.6591766132351469,0.0913685061653527,0.5405405405405406,0.0,0.0,0.0,0.0,1.0,0.0,0.0,1.0,0.0,0.0,1.0,0.0,0.0,0.0,0.0,0.0,1.0,0.0,0.0,0.0,1.0,0.0,0.0,0.0,0.0,0.0,0.0,0.0,0.0,1.0,99.70649680451709,82.46345292737045,17.646048109965633
MAT_0130,0.911111111111111,0.8493150684931505,0.4742268041237113,0.0013542239020518,0.1666666666666666,0.1607142857142857,0.0808080808080808,0.6307692307692307,0.7608695652173914,0.5555555555555556,0.3333333333333333,0.25,0.1153846153846154,0.958085364361436,0.1362441883970082,0.783783783783784,0.0,1.0,0.0,0.0,0.0,0.0,1.0,0.0,0.0,0.0,1.0,0.0,1.0,0.0,0.0,0.0,0.0,0.0,1.0,0.0,0.0,0.0,0.0,0.0,0.0,0.0,1.0,0.0,0.0,0.0,94.06038338394853,81.04863864657679,41.15120274914089
MAT_0131,0.6444444444444444,0.3698630136986301,0.9690721649484536,0.2297518551202428,0.2916666666666667,0.2232142857142857,0.404040404040404,0.8615384615384616,0.7173913043478262,0.7777777777777777,0.6666666666666665,0.625,0.6041181041181042,0.3806244924747211,0.1835455831817262,0.9189189189189192,0.0,0.0,0.0,1.0,0.0,0.0,0.0,0.0,1.0,0.0,0.0,1.0,0.0,0.0,0.0,0.0,1.0,0.0,0.0,0.0,0.0,0.0,1.0,0.0,1.0,0.0,0.0,0.0,0.0,0.0,66.27916151810989,58.5088714263972,75.21477663230239
MAT_0132,0.977777777777778,0.7945205479452053,0.4639175257731959,0.000388506857146,0.1249999999999999,0.1458333333333333,0.0841750841750841,0.5846153846153846,0.7173913043478262,0.5555555555555556,0.3333333333333333,0.25,0.1122766122766123,0.983903801016719,0.1229027693551647,0.5405405405405406,0.0,1.0,0.0,0.0,0.0,0.0,1.0,0.0,0.0,0.0,1.0,0.0,0.0,1.0,0.0,0.0,0.0,0.0,1.0,0.0,0.0,0.0,0.0,0.0,0.0,0.0,1.0,0.0,0.0,0.0,95.9546747606156,82.99785323496664,40.945017182130584
MAT_0133,0.3111111111111111,0.0958904109589041,0.1237113402061855,0.2801522946880012,1.0,0.4910714285714286,0.3973063973063973,0.0769230769230769,0.1521739130434782,0.8888888888888888,0.6666666666666665,0.5,0.0435120435120435,0.1580697909830139,0.0149585607438851,0.1891891891891892,1.0,0.0,0.0,0.0,0.0,0.0,0.0,0.0,1.0,0.0,0.0,1.0,0.0,0.0,0.0,0.0,1.0,0.0,0.0,0.0,0.0,0.0,0.0,1.0,0.0,0.0,0.0,0.0,1.0,0.0,55.036508600437415,59.63195796185487,59.14089347079038
MAT_0134,0.977777777777778,0.7945205479452053,0.5051546391752577,0.0011710706693973,0.1249999999999999,0.1220238095238095,0.0707070707070706,0.5692307692307692,0.847826086956522,0.4444444444444445,0.3333333333333333,0.25,0.1006216006216006,0.96688432316985,0.1372549019607843,0.8108108108108107,0.0,1.0,0.0,0.0,0.0,0.0,1.0,0.0,0.0,0.0,1.0,0.0,0.0,0.0,1.0,0.0,0.0,0.0,1.0,0.0,0.0,0.0,0.0,0.0,0.0,0.0,1.0,0.0,0.0,0.0,96.46991838496861,84.40534608575847,38.43642611683848
MAT_0135,1.0,0.8630136986301369,0.3092783505154639,0.0007437131265366,0.0416666666666666,0.0684523809523809,0.01010101010101,0.6153846153846154,0.8913043478260869,0.2222222222222222,0.0,0.25,0.0644910644910645,0.682825900753084,0.1081463513240347,0.4594594594594594,0.0,0.0,0.0,0.0,1.0,0.0,0.0,1.0,0.0,0.0,1.0,0.0,1.0,0.0,0.0,0.0,0.0,0.0,0.0,0.0,1.0,0.0,0.0,0.0,0.0,0.0,0.0,0.0,0.0,1.0,99.5736482021635,82.96101378575604,17.852233676975946
MAT_0136,0.9333333333333332,0.780821917808219,0.4948453608247423,0.0009379665551096,0.1666666666666666,0.1696428571428571,0.0673400673400673,0.6153846153846154,0.7391304347826089,0.4444444444444445,0.2222222222222222,0.375,0.1204351204351204,0.9665394840762206,0.1356377602587426,0.5675675675675673,0.0,1.0,0.0,0.0,0.0,0.0,1.0,0.0,0.0,0.0,1.0,0.0,0.0,0.0,0.0,0.0,0.0,1.0,1.0,0.0,0.0,0.0,0.0,0.0,0.0,0.0,1.0,0.0,0.0,0.0,95.27825830974402,81.87515119473883,37.396907216494846
MAT_0137,0.9333333333333332,0.8630136986301369,0.5051546391752577,0.0005494596979636,0.1249999999999999,0.1279761904761904,0.0774410774410774,0.5692307692307692,0.7826086956521741,0.4444444444444445,0.4444444444444445,0.25,0.106060606060606,0.92810661089914,0.1287649080250656,0.6756756756756757,0.0,1.0,0.0,0.0,0.0,0.0,1.0,0.0,0.0,0.0,1.0,0.0,0.0,1.0,0.0,0.0,0.0,0.0,1.0,0.0,0.0,0.0,0.0,0.0,0.0,0.0,1.0,0.0,0.0,0.0,94.88587311141798,82.80006248047485,41.76975945017182
MAT_0138,0.6444444444444444,0.4109589041095889,0.9587628865979382,0.1398402681807334,0.375,0.2470238095238094,0.3905723905723905,0.8461538461538463,0.6521739130434783,0.7777777777777777,0.7777777777777777,0.625,0.5609945609945611,0.4116933824265548,0.1748534465332524,0.8648648648648647,0.0,0.0,0.0,1.0,0.0,0.0,0.0,0.0,1.0,0.0,0.0,1.0,0.0,1.0,0.0,0.0,0.0,0.0,0.0,0.0,0.0,0.0,1.0,0.0,1.0,0.0,0.0,0.0,0.0,0.0,69.51522966501571,60.45886301556405,78.34192439862542
MAT_0139,0.6666666666666667,0.2328767123287671,0.9381443298969072,0.4674792010078977,0.375,0.2232142857142857,0.4175084175084175,0.8307692307692309,0.5434782608695652,0.7777777777777777,0.7777777777777777,0.5,0.4860139860139861,0.4587249852609096,0.2100262785526581,0.6756756756756757,0.0,0.0,1.0,0.0,0.0,0.0,0.0,0.0,1.0,0.0,0.0,1.0,0.0,0.0,0.0,0.0,1.0,0.0,0.0,1.0,0.0,0.0,0.0,0.0,0.0,1.0,0.0,0.0,0.0,0.0,59.27528726942637,64.46218729723884,75.42955326460479
MAT_0140,0.977777777777778,0.8082191780821917,0.4639175257731959,0.0012265716489896,0.1249999999999999,0.1488095238095238,0.0774410774410774,0.6153846153846154,0.8043478260869565,0.3333333333333333,0.3333333333333333,0.375,0.0998445998445998,0.9566615126199984,0.1287649080250656,0.5945945945945945,0.0,1.0,0.0,0.0,0.0,0.0,1.0,0.0,0.0,0.0,1.0,0.0,1.0,0.0,0.0,0.0,0.0,0.0,1.0,0.0,0.0,0.0,0.0,0.0,0.0,0.0,1.0,0.0,0.0,0.0,96.19889308622056,83.61945385656726,36.77835051546392
MAT_0141,0.8666666666666667,0.6438356164383561,0.9587628865979382,0.8520399385049147,0.2083333333333333,0.9732142857142856,0.9090909090909092,0.8923076923076922,0.4565217391304348,0.8888888888888888,0.8888888888888888,0.875,0.9615384615384616,0.0825500294781805,0.9886800080857084,0.6486486486486485,0.0,0.0,0.0,0.0,0.0,1.0,0.0,0.0,0.0,1.0,1.0,0.0,0.0,0.0,0.0,0.0,1.0,0.0,0.0,0.0,0.0,1.0,0.0,0.0,0.0,0.0,0.0,1.0,0.0,0.0,34.075165481216196,47.09833465503569,90.0085910652921
MAT_0142,1.0,0.917808219178082,0.3195876288659793,0.0008214144979658,0.0416666666666666,0.0803571428571428,0.0067340067340067,0.6153846153846154,0.9130434782608696,0.0,0.1111111111111111,0.125,0.0889665889665889,0.6907127045396397,0.1069334950475035,0.4054054054054055,0.0,0.0,0.0,0.0,1.0,0.0,0.0,1.0,0.0,0.0,1.0,0.0,0.0,0.0,0.0,0.0,0.0,1.0,0.0,0.0,1.0,0.0,0.0,0.0,0.0,0.0,0.0,0.0,0.0,1.0,99.70599729570075,81.94342312899015,12.225085910652918
MAT_0143,0.1555555555555554,0.0273972602739726,0.0927835051546391,0.4134933981584774,1.0,0.4910714285714286,0.3703703703703703,0.123076923076923,0.1304347826086958,0.6666666666666665,0.7777777777777777,0.5,0.0501165501165501,0.173999132340345,0.0226399838285829,0.1081081081081081,1.0,0.0,0.0,0.0,0.0,0.0,0.0,0.0,1.0,0.0,0.0,1.0,0.0,0.0,0.0,0.0,1.0,0.0,0.0,0.0,0.0,0.0,0.0,1.0,0.0,0.0,0.0,0.0,1.0,0.0,47.44704990709754,54.01650926393194,55.1890034364261
MAT_0144,0.5999999999999999,0.273972602739726,0.865979381443299,0.2053813749812684,0.4166666666666667,0.2232142857142857,0.4242424242424243,0.7384615384615385,0.6304347826086958,0.6666666666666665,0.6666666666666665,0.5,0.4860139860139861,0.4763006551942779,0.2084091368506165,0.8918918918918919,0.0,0.0,1.0,0.0,0.0,0.0,0.0,0.0,1.0,0.0,0.0,1.0,0.0,0.0,0.0,0.0,1.0,0.0,0.0,1.0,0.0,0.0,0.0,0.0,0.0,1.0,0.0,0.0,0.0,0.0,64.86886178086498,61.018888328166675,67.31958762886597
MAT_0145,0.8444444444444446,0.3972602739726027,0.9175257731958762,0.1770980757810375,0.375,0.2678571428571428,0.4107744107744108,0.8307692307692309,0.6956521739130435,0.7777777777777777,0.6666666666666665,0.625,0.5516705516705518,0.3663970989020768,0.1677784515868202,0.7027027027027029,0.0,0.0,0.0,1.0,0.0,0.0,0.0,0.0,1.0,0.0,0.0,1.0,1.0,0.0,0.0,0.0,0.0,0.0,0.0,0.0,0.0,0.0,1.0,0.0,1.0,0.0,0.0,0.0,0.0,0.0,73.58941462892578,66.10032121372326,74.18384879725085
MAT_0146,0.5777777777777777,0.2054794520547945,0.9175257731958762,0.3464482148109914,0.4166666666666667,0.181547619047619,0.4074074074074074,0.7692307692307692,0.5,0.7777777777777777,0.8888888888888888,0.75,0.4689199689199689,0.5083929385852698,0.1966848595108146,0.7297297297297296,0.0,0.0,1.0,0.0,0.0,0.0,0.0,0.0,1.0,0.0,0.0,1.0,0.0,0.0,0.0,0.0,0.0,1.0,0.0,1.0,0.0,0.0,0.0,0.0,0.0,1.0,0.0,0.0,0.0,0.0,60.6435905927073,62.23785035125241,83.35051546391752
MAT_0147,1.0,0.8356164383561644,0.4845360824742267,0.0006826620489851,0.1249999999999999,0.1339285714285714,0.0841750841750841,0.5384615384615385,0.8043478260869565,0.3333333333333333,0.3333333333333333,0.25,0.1076146076146076,0.9863955415642346,0.1196684859510814,0.5945945945945945,0.0,1.0,0.0,0.0,0.0,0.0,1.0,0.0,0.0,0.0,1.0,0.0,0.0,0.0,0.0,1.0,0.0,0.0,1.0,0.0,0.0,0.0,0.0,0.0,0.0,0.0,1.0,0.0,0.0,0.0,96.61251677152708,84.30999126875416,34.69072164948454
MAT_0148,0.7777777777777777,0.3835616438356165,0.9381443298969072,0.4269856862973631,0.3333333333333333,0.2232142857142857,0.3905723905723905,0.9076923076923078,0.7826086956521741,0.6666666666666665,0.6666666666666665,0.625,0.5609945609945611,0.3896014327508148,0.1724277339801899,0.783783783783784,0.0,0.0,0.0,1.0,0.0,0.0,0.0,0.0,1.0,0.0,0.0,1.0,0.0,0.0,1.0,0.0,0.0,0.0,0.0,0.0,0.0,0.0,1.0,0.0,1.0,0.0,0.0,0.0,0.0,0.0,64.90086712151681,64.0464918815434,71.26288659793813
MAT_0149,0.911111111111111,0.6712328767123288,0.979381443298969,0.5025946707959396,0.25,0.9910714285714284,0.9360269360269362,0.9384615384615383,0.4782608695652175,0.8888888888888888,1.0,0.75,0.97979797979798,0.0736732037776566,0.9765514453203962,0.8108108108108107,0.0,0.0,0.0,0.0,0.0,1.0,0.0,0.0,0.0,1.0,1.0,0.0,1.0,0.0,0.0,0.0,0.0,0.0,0.0,0.0,0.0,1.0,0.0,0.0,0.0,0.0,0.0,1.0,0.0,0.0,44.81441576837769,47.93106320941371,91.25429553264604
MAT_0150,0.8666666666666667,0.9041095890410956,0.3092783505154639,0.0005272593061267,0.0,0.0744047619047619,0.0,0.6615384615384616,0.8913043478260869,0.2222222222222222,0.2222222222222222,0.125,0.0866355866355866,0.6269285960599352,0.0988477865372953,0.5675675675675673,0.0,0.0,0.0,0.0,1.0,0.0,0.0,1.0,0.0,0.0,1.0,0.0,0.0,1.0,0.0,0.0,0.0,0.0,0.0,0.0,1.0,0.0,0.0,0.0,0.0,0.0,0.0,0.0,0.0,1.0,95.9841822208162,77.85378767852995,22.01890034364261
MAT_0151,0.8666666666666667,0.3972602739726027,0.9587628865979382,0.2221093702303845,0.375,0.2499999999999999,0.4175084175084175,0.8923076923076922,0.7826086956521741,0.6666666666666665,0.6666666666666665,0.625,0.5843045843045844,0.3944180562198961,0.1906205781281584,0.8918918918918919,0.0,0.0,0.0,1.0,0.0,0.0,0.0,0.0,1.0,0.0,0.0,1.0,0.0,1.0,0.0,0.0,0.0,0.0,0.0,0.0,0.0,0.0,1.0,0.0,1.0,0.0,0.0,0.0,0.0,0.0,72.63638219275177,65.96002851672954,71.67525773195875
MAT_0152,0.977777777777778,0.7123287671232876,0.979381443298969,0.8755779039500048,0.25,0.9732142857142856,0.9393939393939394,0.9384615384615383,0.4130434782608696,1.0,0.8888888888888888,0.875,0.9370629370629372,0.0658976384084007,0.9688700222356984,0.7567567567567568,0.0,0.0,0.0,0.0,0.0,1.0,0.0,0.0,0.0,1.0,1.0,0.0,0.0,1.0,0.0,0.0,0.0,0.0,0.0,0.0,0.0,1.0,0.0,0.0,0.0,0.0,0.0,1.0,0.0,0.0,35.49023863907561,52.06781534616586,93.75429553264605
MAT_0153,0.711111111111111,0.273972602739726,0.8865979381443299,0.3790439401255432,0.4166666666666667,0.2053571428571428,0.4444444444444445,0.7538461538461538,0.5869565217391306,0.8888888888888888,0.7777777777777777,0.75,0.4852369852369853,0.5103507347297462,0.1964827167980594,0.6216216216216217,0.0,0.0,1.0,0.0,0.0,0.0,0.0,0.0,1.0,0.0,0.0,1.0,0.0,1.0,0.0,0.0,0.0,0.0,0.0,1.0,0.0,0.0,0.0,0.0,0.0,1.0,0.0,0.0,0.0,0.0,62.18423735178925,64.80344283437066,82.73195876288659
MAT_0154,1.0,0.780821917808219,0.4536082474226804,0.0006993123428628,0.1249999999999999,0.1339285714285714,0.0774410774410774,0.5692307692307692,0.7826086956521741,0.5555555555555556,0.4444444444444445,0.375,0.0994560994560994,0.959119881642324,0.141904184354154,0.7297297297297296,0.0,1.0,0.0,0.0,0.0,0.0,1.0,0.0,0.0,0.0,1.0,0.0,0.0,0.0,1.0,0.0,0.0,0.0,1.0,0.0,0.0,0.0,0.0,0.0,0.0,0.0,1.0,0.0,0.0,0.0,96.88137753207103,84.09935997564864,46.57216494845361
MAT_0155,0.6666666666666667,0.3972602739726027,0.9690721649484536,0.2297518551202428,0.3333333333333333,0.2678571428571428,0.430976430976431,0.8615384615384616,0.7608695652173914,0.8888888888888888,0.5555555555555556,0.625,0.5621600621600622,0.4172219317663548,0.1706084495653931,0.9189189189189192,0.0,0.0,0.0,1.0,0.0,0.0,0.0,0.0,1.0,0.0,0.0,1.0,0.0,0.0,0.0,0.0,1.0,0.0,0.0,0.0,0.0,0.0,1.0,0.0,1.0,0.0,0.0,0.0,0.0,0.0,65.86838710733547,61.273440190965964,75.2147766323024
MAT_0156,0.711111111111111,0.3835616438356165,0.9484536082474226,0.1570566720502617,0.3333333333333333,0.2529761904761904,0.404040404040404,0.8769230769230769,0.673913043478261,0.7777777777777777,0.8888888888888888,0.625,0.6037296037296038,0.3612467601810961,0.1788963007883565,0.8648648648648647,0.0,0.0,0.0,1.0,0.0,0.0,0.0,0.0,1.0,0.0,0.0,1.0,0.0,1.0,0.0,0.0,0.0,0.0,0.0,0.0,0.0,0.0,1.0,0.0,1.0,0.0,0.0,0.0,0.0,0.0,70.46001701020931,60.11592531180159,81.46907216494846
MAT_0157,0.4888888888888889,0.1232876712328767,0.0927835051546391,0.1752221426708181,0.9583333333333331,0.5178571428571428,0.4074074074074074,0.0923076923076923,0.0434782608695654,0.7777777777777777,0.7777777777777777,0.75,0.047008547008547,0.1820861652780404,0.0052557105316353,0.1891891891891892,1.0,0.0,0.0,0.0,0.0,0.0,0.0,0.0,1.0,0.0,0.0,1.0,0.0,0.0,0.0,1.0,0.0,0.0,0.0,0.0,0.0,0.0,0.0,1.0,0.0,0.0,0.0,0.0,1.0,0.0,63.11370609024583,64.17190941933211,63.522336769759434
MAT_0158,0.977777777777778,0.7671232876712328,0.5154639175257731,0.000388506857146,0.1249999999999999,0.1369047619047619,0.0774410774410774,0.5692307692307692,0.7173913043478262,0.5555555555555556,0.4444444444444445,0.125,0.1076146076146076,0.983903801016719,0.149787750151607,0.6216216216216217,0.0,1.0,0.0,0.0,0.0,0.0,1.0,0.0,0.0,0.0,1.0,0.0,0.0,1.0,0.0,0.0,0.0,0.0,1.0,0.0,0.0,0.0,0.0,0.0,0.0,0.0,1.0,0.0,0.0,0.0,96.22403502997588,84.26188130311843,42.80927835051547
MAT_0159,0.5777777777777777,0.2602739726027397,0.9175257731958762,0.3350982644843681,0.4166666666666667,0.2053571428571428,0.4074074074074074,0.7846153846153847,0.5,0.7777777777777777,0.8888888888888888,0.5,0.4584304584304585,0.4719623569195857,0.1904184354154032,0.6756756756756757,0.0,0.0,1.0,0.0,0.0,0.0,0.0,0.0,1.0,0.0,0.0,1.0,0.0,0.0,0.0,0.0,1.0,0.0,0.0,1.0,0.0,0.0,0.0,0.0,0.0,1.0,0.0,0.0,0.0,0.0,60.98408910250599,62.76232587572793,78.35051546391753
MAT_0160,1.0,0.821917808219178,0.4742268041237113,0.0009879174367427,0.1249999999999999,0.125,0.0909090909090909,0.6153846153846154,0.8043478260869565,0.4444444444444445,0.2222222222222222,0.125,0.1107226107226107,0.946961522631456,0.1212856276531231,0.6216216216216217,0.0,1.0,0.0,0.0,0.0,0.0,1.0,0.0,0.0,0.0,1.0,0.0,0.0,0.0,0.0,0.0,1.0,0.0,1.0,0.0,0.0,0.0,0.0,0.0,0.0,0.0,1.0,0.0,0.0,0.0,96.33399884053408,83.94840554634368,31.984536082474225
MAT_0161,0.977777777777778,0.9726027397260272,0.2989690721649484,0.0006715618530667,0.0416666666666666,0.0654761904761904,0.0067340067340067,0.6153846153846154,0.847826086956522,0.1111111111111111,0.2222222222222222,0.25,0.0905205905205905,0.6454720402238117,0.0853042247826965,0.4054054054054055,0.0,0.0,0.0,0.0,1.0,0.0,0.0,1.0,0.0,0.0,1.0,0.0,0.0,1.0,0.0,0.0,0.0,0.0,0.0,0.0,1.0,0.0,0.0,0.0,0.0,0.0,0.0,0.0,0.0,1.0,99.04382620838108,80.78668525060277,20.97938144329897
MAT_0162,0.8888888888888888,0.6986301369863013,0.9896907216494844,0.4188214921993373,0.25,0.943452380952381,0.9595959595959596,0.9846153846153848,0.4347826086956523,0.8888888888888888,0.8888888888888888,0.875,0.9487179487179488,0.085052893867426,0.9870628663836668,0.7027027027027029,0.0,0.0,0.0,0.0,0.0,1.0,0.0,0.0,0.0,1.0,1.0,0.0,0.0,0.0,1.0,0.0,0.0,0.0,0.0,0.0,0.0,1.0,0.0,0.0,0.0,0.0,0.0,1.0,0.0,0.0,45.718183516848164,49.02458366375891,90.62714776632302
MAT_0163,1.0,0.7945205479452053,0.5154639175257731,0.0007603634204143,0.1249999999999999,0.1607142857142857,0.0774410774410774,0.5538461538461539,0.8695652173913042,0.4444444444444445,0.3333333333333333,0.375,0.1227661227661227,0.916092861830762,0.1279563371740448,0.5675675675675673,0.0,1.0,0.0,0.0,0.0,0.0,1.0,0.0,0.0,0.0,1.0,0.0,0.0,0.0,1.0,0.0,0.0,0.0,1.0,0.0,0.0,0.0,0.0,0.0,0.0,0.0,1.0,0.0,0.0,0.0,96.87954599974447,84.17097221220932,41.1426116838488
MAT_0164,0.7333333333333334,0.3698630136986301,0.9278350515463918,0.3091904072106872,0.375,0.2470238095238094,0.3804713804713804,0.8307692307692309,0.7826086956521741,0.6666666666666665,0.7777777777777777,0.5,0.5718725718725719,0.4179227337953435,0.1764705882352941,0.9189189189189192,0.0,0.0,0.0,1.0,0.0,0.0,0.0,0.0,1.0,0.0,0.0,1.0,0.0,0.0,0.0,0.0,1.0,0.0,0.0,0.0,0.0,0.0,1.0,0.0,1.0,0.0,0.0,0.0,0.0,0.0,67.50543256482416,61.96307243729924,71.89003436426115
MAT_0165,0.6888888888888889,0.6986301369863013,0.9690721649484536,0.6273386725275701,0.2083333333333333,0.9821428571428572,0.9461279461279462,0.9076923076923078,0.4130434782608696,0.7777777777777777,0.8888888888888888,0.875,0.9327894327894328,0.1023838392827346,0.9834242975540732,0.5675675675675673,0.0,0.0,0.0,0.0,0.0,1.0,0.0,0.0,0.0,1.0,1.0,0.0,0.0,0.0,0.0,1.0,0.0,0.0,0.0,0.0,0.0,1.0,0.0,0.0,0.0,0.0,0.0,1.0,0.0,0.0,34.00138864572171,43.408638326164095,86.88144329896906
MAT_0166,0.977777777777778,0.821917808219178,0.4845360824742267,0.0011044694938865,0.1249999999999999,0.1636904761904761,0.0774410774410774,0.5846153846153846,0.673913043478261,0.5555555555555556,0.2222222222222222,0.25,0.1111111111111111,0.9359822908439658,0.1186577723873054,0.5405405405405406,0.0,1.0,0.0,0.0,0.0,0.0,1.0,0.0,0.0,0.0,1.0,0.0,1.0,0.0,0.0,0.0,0.0,0.0,1.0,0.0,0.0,0.0,0.0,0.0,0.0,0.0,1.0,0.0,0.0,0.0,96.20255615087365,83.46849942726232,38.024054982817866
MAT_0167,0.9555555555555556,0.9589041095890408,0.2783505154639175,0.0007437131265366,0.0416666666666666,0.0684523809523809,0.0067340067340067,0.6615384615384616,0.8913043478260869,0.2222222222222222,0.2222222222222222,0.125,0.085081585081585,0.6398100047832519,0.085708510208207,0.4324324324324322,0.0,0.0,0.0,0.0,1.0,0.0,0.0,1.0,0.0,0.0,1.0,0.0,0.0,0.0,0.0,1.0,0.0,0.0,0.0,0.0,1.0,0.0,0.0,0.0,0.0,0.0,0.0,0.0,0.0,1.0,98.3749950035103,79.97959772186576,21.400343642611684
MAT_0168,0.7777777777777777,0.2328767123287671,0.8762886597938144,0.4782574912447204,0.4166666666666667,0.2232142857142857,0.3838383838383838,0.7846153846153847,0.5869565217391306,0.7777777777777777,0.6666666666666665,0.625,0.4588189588189588,0.5117634626294537,0.2211441277541944,0.8378378378378379,0.0,0.0,1.0,0.0,0.0,0.0,0.0,0.0,1.0,0.0,0.0,1.0,0.0,0.0,0.0,1.0,0.0,0.0,0.0,1.0,0.0,0.0,0.0,0.0,0.0,1.0,0.0,0.0,0.0,0.0,63.632073242456364,67.91815858826168,73.35910652920961
MAT_0169,0.4888888888888889,0.1095890410958904,0.0515463917525773,0.3360140306476409,1.0,0.5089285714285714,0.4343434343434343,0.123076923076923,0.1304347826086958,0.7777777777777777,0.8888888888888888,0.625,0.0407925407925408,0.1747333058945237,0.0133414190418435,0.1891891891891892,1.0,0.0,0.0,0.0,0.0,0.0,0.0,0.0,1.0,0.0,0.0,1.0,0.0,1.0,0.0,0.0,0.0,0.0,0.0,0.0,0.0,0.0,0.0,1.0,0.0,0.0,0.0,0.0,1.0,0.0,57.21250837350007,63.65796746209118,63.53092783505154
MAT_0170,0.8888888888888888,0.3972602739726027,0.9587628865979382,0.1224684615683466,0.375,0.2559523809523809,0.3939393939393939,0.8615384615384616,0.6956521739130435,0.7777777777777777,0.6666666666666665,0.5,0.5609945609945611,0.3896014327508148,0.1718213058419243,0.6216216216216217,0.0,0.0,0.0,1.0,0.0,0.0,0.0,0.0,1.0,0.0,0.0,1.0,0.0,0.0,1.0,0.0,0.0,0.0,0.0,0.0,0.0,0.0,1.0,0.0,1.0,0.0,0.0,0.0,0.0,0.0,77.23503706204052,67.79219634889738,72.50859106529208
MAT_0171,1.0,0.9041095890410956,0.2886597938144329,0.0006105107755151,0.0416666666666666,0.0595238095238095,0.0,0.676923076923077,0.8043478260869565,0.0,0.1111111111111111,0.125,0.054001554001554,0.6590097556091972,0.0768142308469779,0.5945945945945945,0.0,0.0,0.0,0.0,1.0,0.0,0.0,1.0,0.0,0.0,1.0,0.0,0.0,0.0,0.0,0.0,1.0,0.0,0.0,0.0,1.0,0.0,0.0,0.0,0.0,0.0,0.0,0.0,0.0,1.0,99.98168467673455,83.07311817621095,11.606529209621993
MAT_0172,0.9333333333333332,0.7534246575342465,0.4948453608247423,0.0016705794857279,0.1249999999999999,0.1428571428571428,0.0774410774410774,0.5384615384615385,0.6956521739130435,0.3333333333333333,0.4444444444444445,0.25,0.106060606060606,0.9741259441360668,0.120274914089347,0.5675675675675673,0.0,1.0,0.0,0.0,0.0,0.0,1.0,0.0,0.0,0.0,1.0,0.0,0.0,1.0,0.0,0.0,0.0,0.0,1.0,0.0,0.0,0.0,0.0,0.0,0.0,0.0,1.0,0.0,0.0,0.0,94.85223951778508,82.59387691346454,38.230240549828174
MAT_0173,0.911111111111111,0.7671232876712328,0.4536082474226804,0.0006715618530667,0.1249999999999999,0.1428571428571428,0.074074074074074,0.5538461538461539,0.6956521739130435,0.5555555555555556,0.4444444444444445,0.125,0.1107226107226107,0.946961522631456,0.1212856276531231,0.6216216216216217,0.0,1.0,0.0,0.0,0.0,0.0,1.0,0.0,0.0,0.0,1.0,0.0,0.0,0.0,0.0,0.0,1.0,0.0,1.0,0.0,0.0,0.0,0.0,0.0,0.0,0.0,1.0,0.0,0.0,0.0,94.35022351477838,80.8693677456564,41.57216494845361
MAT_0174,0.711111111111111,0.3698630136986301,0.9587628865979382,0.1858949810464154,0.3333333333333333,0.2678571428571428,0.3771043771043771,0.8769230769230769,0.7173913043478262,0.8888888888888888,0.6666666666666665,0.5,0.6033411033411035,0.4242188282145122,0.1835455831817262,0.9189189189189192,0.0,0.0,0.0,1.0,0.0,0.0,0.0,0.0,1.0,0.0,0.0,1.0,0.0,0.0,0.0,0.0,0.0,1.0,0.0,0.0,0.0,0.0,1.0,0.0,1.0,0.0,0.0,0.0,0.0,0.0,70.67230881776577,60.34153589823692,75.84192439862542
MAT_0175,0.977777777777778,0.821917808219178,0.5051546391752577,0.0011710706693973,0.1249999999999999,0.1458333333333333,0.0808080808080808,0.6000000000000001,0.847826086956522,0.5555555555555556,0.2222222222222222,0.375,0.1138306138306138,0.9835033427144398,0.1287649080250656,0.6756756756756757,0.0,1.0,0.0,0.0,0.0,0.0,1.0,0.0,0.0,0.0,1.0,0.0,0.0,0.0,0.0,0.0,1.0,0.0,1.0,0.0,0.0,0.0,0.0,0.0,0.0,0.0,1.0,0.0,0.0,0.0,96.0658779809282,83.7448954253078,40.93642611683849
MAT_0176,0.7333333333333334,0.2054794520547945,0.8762886597938144,0.2301015112916743,0.4166666666666667,0.175595238095238,0.404040404040404,0.7692307692307692,0.6521739130434783,0.6666666666666665,0.6666666666666665,0.625,0.4852369852369853,0.5103507347297462,0.1964827167980594,0.6216216216216217,0.0,0.0,1.0,0.0,0.0,0.0,0.0,0.0,1.0,0.0,0.0,1.0,1.0,0.0,0.0,0.0,0.0,0.0,0.0,1.0,0.0,0.0,0.0,0.0,0.0,1.0,0.0,0.0,0.0,0.0,68.93533849963362,65.26392393402702,70.02577319587628
MAT_0177,0.8222222222222224,0.3698630136986301,0.9278350515463918,0.2381436032345971,0.375,0.2470238095238094,0.3771043771043771,0.8153846153846154,0.7391304347826089,0.8888888888888888,0.6666666666666665,0.625,0.5594405594405595,0.3812807991367898,0.1795027289266221,0.9459459459459458,0.0,0.0,0.0,1.0,0.0,0.0,0.0,0.0,1.0,0.0,0.0,1.0,0.0,0.0,0.0,0.0,0.0,1.0,0.0,0.0,0.0,0.0,1.0,0.0,1.0,0.0,0.0,0.0,0.0,0.0,72.43818348545366,65.25133972556654,77.7233676975945
MAT_0178,0.8888888888888888,0.7671232876712328,0.4639175257731959,0.0013542239020518,0.1249999999999999,0.181547619047619,0.0808080808080808,0.6307692307692307,0.7391304347826089,0.5555555555555556,0.3333333333333333,0.375,0.1153846153846154,0.958085364361436,0.1362441883970082,0.783783783783784,0.0,1.0,0.0,0.0,0.0,0.0,1.0,0.0,0.0,0.0,1.0,0.0,0.0,0.0,1.0,0.0,0.0,0.0,1.0,0.0,0.0,0.0,0.0,0.0,0.0,0.0,1.0,0.0,0.0,0.0,93.39371671728188,80.17578641289982,43.445017182130584
MAT_0179,0.8666666666666667,0.6849315068493149,0.9690721649484536,0.5523790494902235,0.25,0.9732142857142856,0.9595959595959596,0.9076923076923078,0.4130434782608696,0.8888888888888888,0.8888888888888888,0.875,0.9895104895104896,0.0562643914702381,0.994137861330099,0.8378378378378379,0.0,0.0,0.0,0.0,0.0,1.0,0.0,0.0,0.0,1.0,1.0,0.0,0.0,1.0,0.0,0.0,0.0,0.0,0.0,0.0,0.0,1.0,0.0,0.0,0.0,0.0,0.0,1.0,0.0,0.0,41.04479013145491,45.905918823444594,90.2147766323024
MAT_0180,0.5111111111111111,0.1232876712328767,0.0515463917525773,0.3552784206641247,1.0,0.5238095238095237,0.4444444444444445,0.1384615384615384,0.1304347826086958,0.6666666666666665,0.7777777777777777,0.5,0.0407925407925408,0.1747333058945237,0.0133414190418435,0.1891891891891892,1.0,0.0,0.0,0.0,0.0,0.0,0.0,0.0,1.0,0.0,0.0,1.0,0.0,1.0,0.0,0.0,0.0,0.0,0.0,0.0,0.0,0.0,0.0,1.0,0.0,0.0,0.0,0.0,1.0,0.0,56.89720293563182,64.32463412875784,54.364261168384864
MAT_0181,0.9555555555555556,0.7671232876712328,0.5154639175257731,0.0006771119510259,0.1249999999999999,0.1458333333333333,0.0774410774410774,0.5846153846153846,0.6521739130434783,0.4444444444444445,0.4444444444444445,0.25,0.1017871017871018,0.96688432316985,0.1253284819082271,0.6216216216216217,0.0,1.0,0.0,0.0,0.0,0.0,1.0,0.0,0.0,0.0,1.0,0.0,0.0,0.0,0.0,1.0,0.0,0.0,1.0,0.0,0.0,0.0,0.0,0.0,0.0,0.0,1.0,0.0,0.0,0.0,95.54871021049279,83.88658992782705,41.97594501718213
MAT_0182,0.7555555555555555,0.3972602739726027,0.9587628865979382,0.1570566720502617,0.3333333333333333,0.2648809523809524,0.367003367003367,0.8461538461538463,0.673913043478261,0.8888888888888888,0.8888888888888888,0.625,0.6037296037296038,0.3612467601810961,0.1788963007883565,0.8648648648648647,0.0,0.0,0.0,1.0,0.0,0.0,0.0,0.0,1.0,0.0,0.0,1.0,1.0,0.0,0.0,0.0,0.0,0.0,0.0,0.0,0.0,0.0,1.0,0.0,1.0,0.0,0.0,0.0,0.0,0.0,73.27483182502414,61.65544421214524,85.0085910652921
MAT_0183,0.8444444444444446,0.3972602739726027,0.9484536082474226,0.1713870249809909,0.3333333333333333,0.2261904761904762,0.404040404040404,0.8769230769230769,0.6956521739130435,0.6666666666666665,0.6666666666666665,0.5,0.5621600621600622,0.4172219317663548,0.1748534465332524,0.8648648648648647,0.0,0.0,0.0,1.0,0.0,0.0,0.0,0.0,1.0,0.0,0.0,1.0,1.0,0.0,0.0,0.0,0.0,0.0,0.0,0.0,0.0,0.0,1.0,0.0,1.0,0.0,0.0,0.0,0.0,0.0,74.03010642228745,66.19440239027867,68.96907216494844
MAT_0184,0.6666666666666667,0.2054794520547945,0.9381443298969072,0.2232193898222303,0.4166666666666667,0.1934523809523809,0.404040404040404,0.7692307692307692,0.5217391304347827,0.8888888888888888,0.8888888888888888,0.5,0.4518259518259518,0.5116855957373438,0.1966848595108146,0.8918918918918919,0.0,0.0,1.0,0.0,0.0,0.0,0.0,0.0,1.0,0.0,0.0,1.0,0.0,1.0,0.0,0.0,0.0,0.0,0.0,1.0,0.0,0.0,0.0,0.0,0.0,1.0,0.0,0.0,0.0,0.0,67.14180214371693,66.17158900664054,82.09621993127148
MAT_0185,0.977777777777778,0.9315068493150684,0.2886597938144329,0.0004051571510237,0.0416666666666666,0.0625,0.0033670033670033,0.6461538461538461,0.8043478260869565,0.1111111111111111,0.1111111111111111,0.125,0.067987567987568,0.6721025173253835,0.0994542146755609,0.4324324324324322,0.0,0.0,0.0,0.0,1.0,0.0,0.0,1.0,0.0,0.0,1.0,0.0,0.0,1.0,0.0,0.0,0.0,0.0,0.0,0.0,1.0,0.0,0.0,0.0,0.0,0.0,0.0,0.0,0.0,1.0,99.18649848412251,81.7071508102436,14.939862542955327
MAT_0186,0.9333333333333332,0.821917808219178,0.4742268041237113,0.0009879174367427,0.1249999999999999,0.1607142857142857,0.0841750841750841,0.5692307692307692,0.7826086956521741,0.4444444444444445,0.2222222222222222,0.125,0.1107226107226107,0.946961522631456,0.1212856276531231,0.6216216216216217,0.0,1.0,0.0,0.0,0.0,0.0,1.0,0.0,0.0,0.0,1.0,0.0,0.0,0.0,0.0,0.0,0.0,1.0,1.0,0.0,0.0,0.0,0.0,0.0,0.0,0.0,1.0,0.0,0.0,0.0,94.60335910989437,81.94840554634368,31.984536082474225
MAT_0187,0.7777777777777777,0.3698630136986301,0.9278350515463918,0.1858949810464154,0.375,0.2499999999999999,0.4208754208754209,0.8923076923076922,0.7826086956521741,0.6666666666666665,0.7777777777777777,0.5,0.6033411033411035,0.4242188282145122,0.1896098645643824,0.8108108108108107,0.0,0.0,0.0,1.0,0.0,0.0,0.0,0.0,1.0,0.0,0.0,1.0,1.0,0.0,0.0,0.0,0.0,0.0,0.0,0.0,0.0,0.0,1.0,0.0,1.0,0.0,0.0,0.0,0.0,0.0,70.92146706692402,61.722979197205994,71.89003436426115
MAT_0188,0.6666666666666667,0.3150684931506849,0.865979381443299,0.1987989588016228,0.4583333333333333,0.2291666666666666,0.404040404040404,0.8461538461538463,0.6304347826086958,0.8888888888888888,0.7777777777777777,0.75,0.4405594405594406,0.4974804498481595,0.2025469981807155,0.7027027027027029,0.0,0.0,1.0,0.0,0.0,0.0,0.0,0.0,1.0,0.0,0.0,1.0,0.0,1.0,0.0,0.0,0.0,0.0,0.0,1.0,0.0,0.0,0.0,0.0,0.0,1.0,0.0,0.0,0.0,0.0,67.87441507433516,65.29161560089396,82.31958762886597
MAT_0189,0.8666666666666667,0.6986301369863013,0.9896907216494844,0.5748069953434679,0.25,0.943452380952381,0.8585858585858587,0.9384615384615383,0.4782608695652175,0.7777777777777777,0.8888888888888888,0.875,0.9483294483294484,0.0784675795632779,0.994137861330099,0.7297297297297296,0.0,0.0,0.0,0.0,0.0,1.0,0.0,0.0,0.0,1.0,1.0,0.0,0.0,0.0,0.0,0.0,0.0,1.0,0.0,0.0,0.0,1.0,0.0,0.0,0.0,0.0,0.0,1.0,0.0,0.0,44.412355796261615,48.37734201651727,87.29381443298968
MAT_0190,0.8888888888888888,0.3835616438356165,0.9381443298969072,0.4269856862973631,0.3333333333333333,0.2678571428571428,0.3939393939393939,0.8307692307692309,0.6086956521739131,0.7777777777777777,0.8888888888888888,0.5,0.5609945609945611,0.3896014327508148,0.1724277339801899,0.783783783783784,0.0,0.0,0.0,1.0,0.0,0.0,0.0,0.0,1.0,0.0,0.0,1.0,0.0,0.0,1.0,0.0,0.0,0.0,0.0,0.0,0.0,0.0,1.0,0.0,1.0,0.0,0.0,0.0,0.0,0.0,68.09952032017001,67.37982521487676,78.76288659793815
MAT_0191,0.7999999999999998,0.3972602739726027,0.9587628865979382,0.2221093702303845,0.3333333333333333,0.2291666666666666,0.404040404040404,0.8769230769230769,0.7826086956521741,0.6666666666666665,0.6666666666666665,0.5,0.5843045843045844,0.3944180562198961,0.1906205781281584,0.8918918918918919,0.0,0.0,0.0,1.0,0.0,0.0,0.0,0.0,1.0,0.0,0.0,1.0,0.0,0.0,1.0,0.0,0.0,0.0,0.0,0.0,0.0,0.0,1.0,0.0,1.0,0.0,0.0,0.0,0.0,0.0,71.1751027314723,63.96002851672953,69.17525773195875
MAT_0192,0.1555555555555554,0.0273972602739726,0.0927835051546391,0.4134933981584774,0.9583333333333331,0.488095238095238,0.4175084175084175,0.0615384615384615,0.108695652173913,0.7777777777777777,0.6666666666666665,0.625,0.0501165501165501,0.173999132340345,0.0226399838285829,0.1081081081081081,1.0,0.0,0.0,0.0,0.0,0.0,0.0,0.0,1.0,0.0,0.0,1.0,0.0,1.0,0.0,0.0,0.0,0.0,0.0,0.0,0.0,0.0,0.0,1.0,0.0,0.0,0.0,0.0,1.0,0.0,45.56152802157564,54.01650926393194,57.6890034364261
MAT_0193,0.9555555555555556,0.7671232876712328,0.4639175257731959,0.0012265716489896,0.1249999999999999,0.1696428571428571,0.0875420875420875,0.6153846153846154,0.8043478260869565,0.5555555555555556,0.3333333333333333,0.25,0.0998445998445998,0.9566615126199984,0.1287649080250656,0.5945945945945945,0.0,1.0,0.0,0.0,0.0,0.0,1.0,0.0,0.0,0.0,1.0,0.0,0.0,0.0,0.0,1.0,0.0,0.0,1.0,0.0,0.0,0.0,0.0,0.0,0.0,0.0,1.0,0.0,0.0,0.0,95.12818601551348,82.9527871899006,40.945017182130584
MAT_0194,0.6888888888888889,0.273972602739726,0.8556701030927835,0.2892655555370552,0.4583333333333333,0.2261904761904762,0.3973063973063973,0.8461538461538463,0.6304347826086958,0.7777777777777777,0.8888888888888888,0.5,0.4860139860139861,0.503832163475978,0.2270062664240953,0.7297297297297296,0.0,0.0,1.0,0.0,0.0,0.0,0.0,0.0,1.0,0.0,0.0,1.0,0.0,1.0,0.0,0.0,0.0,0.0,0.0,1.0,0.0,0.0,0.0,0.0,0.0,1.0,0.0,0.0,0.0,0.0,66.09644410829912,63.47936942782304,77.11340206185567
MAT_0195,0.7333333333333334,0.7123287671232876,0.979381443298969,0.8755779039500048,0.2083333333333333,1.0,0.9595959595959596,0.9076923076923078,0.3913043478260869,0.7777777777777777,1.0,0.875,0.9370629370629372,0.0658976384084007,0.9688700222356984,0.7567567567567568,0.0,0.0,0.0,0.0,0.0,1.0,0.0,0.0,0.0,1.0,1.0,0.0,1.0,0.0,0.0,0.0,0.0,0.0,0.0,0.0,0.0,1.0,0.0,0.0,0.0,0.0,0.0,1.0,0.0,0.0,27.34882449766147,44.73448201283252,90.4209621993127
MAT_0196,0.9333333333333332,0.780821917808219,0.4948453608247423,0.0016705794857279,0.1666666666666666,0.1607142857142857,0.0808080808080808,0.6307692307692307,0.6956521739130435,0.3333333333333333,0.2222222222222222,0.125,0.106060606060606,0.9741259441360668,0.120274914089347,0.5675675675675673,0.0,1.0,0.0,0.0,0.0,0.0,1.0,0.0,0.0,0.0,1.0,0.0,0.0,0.0,0.0,0.0,0.0,1.0,1.0,0.0,0.0,0.0,0.0,0.0,0.0,0.0,1.0,0.0,0.0,0.0,94.71755938310493,82.59387691346454,29.06357388316151
MAT_0197,1.0,0.917808219178082,0.3195876288659793,0.0008214144979658,0.0416666666666666,0.0744047619047619,0.0067340067340067,0.6923076923076923,0.9130434782608696,0.1111111111111111,0.2222222222222222,0.25,0.0889665889665889,0.6907127045396397,0.1069334950475035,0.4054054054054055,0.0,0.0,0.0,0.0,1.0,0.0,0.0,1.0,0.0,0.0,1.0,0.0,0.0,0.0,0.0,0.0,0.0,1.0,0.0,0.0,1.0,0.0,0.0,0.0,0.0,0.0,0.0,0.0,0.0,1.0,99.70599729570075,81.94342312899015,21.39175257731959
MAT_0198,0.8666666666666667,0.3561643835616437,0.9278350515463918,0.18593383173213,0.3333333333333333,0.2499999999999999,0.4006734006734007,0.8615384615384616,0.8043478260869565,0.8888888888888888,0.6666666666666665,0.5,0.5512820512820513,0.4062983191875146,0.1645441681827369,0.9189189189189192,0.0,0.0,0.0,1.0,0.0,0.0,0.0,0.0,1.0,0.0,0.0,1.0,0.0,0.0,1.0,0.0,0.0,0.0,0.0,0.0,0.0,0.0,1.0,0.0,1.0,0.0,0.0,0.0,0.0,0.0,74.39504902110006,66.99259846682527,75.2233676975945
MAT_0199,0.911111111111111,0.8630136986301369,0.4536082474226804,0.0017982317387901,0.1249999999999999,0.1220238095238095,0.0639730639730639,0.5384615384615385,0.7826086956521741,0.4444444444444445,0.2222222222222222,0.125,0.1103341103341103,0.9724907394017598,0.1528198908429351,0.7567567567567568,0.0,1.0,0.0,0.0,0.0,0.0,1.0,0.0,0.0,0.0,1.0,0.0,0.0,0.0,0.0,0.0,1.0,0.0,1.0,0.0,0.0,0.0,0.0,0.0,0.0,0.0,1.0,0.0,0.0,0.0,94.72046382224705,80.8887927650814,31.572164948453608
MAT_0200,0.711111111111111,0.3972602739726027,0.9484536082474226,0.1770980757810375,0.375,0.2499999999999999,0.4343434343434343,0.8615384615384616,0.6956521739130435,0.8888888888888888,0.7777777777777777,0.625,0.5516705516705518,0.3663970989020768,0.1677784515868202,0.7027027027027029,0.0,0.0,0.0,1.0,0.0,0.0,0.0,0.0,1.0,0.0,0.0,1.0,0.0,0.0,0.0,0.0,0.0,1.0,0.0,0.0,0.0,0.0,1.0,0.0,1.0,0.0,0.0,0.0,0.0,0.0,68.64665368616483,62.71887791475419,81.46907216494846
MAT_0201,0.5999999999999999,0.273972602739726,0.8865979381443299,0.3847272404357936,0.4166666666666667,0.2083333333333333,0.4175084175084175,0.8307692307692309,0.6304347826086958,0.7777777777777777,0.7777777777777777,0.625,0.4300699300699301,0.5333214679021546,0.2302405498281786,0.7297297297297296,0.0,0.0,1.0,0.0,0.0,0.0,0.0,0.0,1.0,0.0,0.0,1.0,1.0,0.0,0.0,0.0,0.0,0.0,0.0,1.0,0.0,0.0,0.0,0.0,0.0,1.0,0.0,0.0,0.0,0.0,59.757846086589495,64.22846225939008,76.89862542955326
MAT_0202,0.977777777777778,0.8082191780821917,0.4948453608247423,0.0011044694938865,0.1249999999999999,0.125,0.074074074074074,0.5846153846153846,0.673913043478261,0.3333333333333333,0.3333333333333333,0.25,0.1111111111111111,0.9359822908439658,0.1186577723873054,0.5405405405405406,0.0,1.0,0.0,0.0,0.0,0.0,1.0,0.0,0.0,0.0,1.0,0.0,1.0,0.0,0.0,0.0,0.0,0.0,1.0,0.0,0.0,0.0,0.0,0.0,0.0,0.0,1.0,0.0,0.0,0.0,96.3372362855538,83.67468499427262,34.896907216494846
MAT_0203,1.0,0.780821917808219,0.4536082474226804,0.0006993123428628,0.1249999999999999,0.181547619047619,0.0841750841750841,0.5230769230769231,0.7826086956521741,0.3333333333333333,0.2222222222222222,0.125,0.0994560994560994,0.959119881642324,0.141904184354154,0.7297297297297296,0.0,1.0,0.0,0.0,0.0,0.0,1.0,0.0,0.0,0.0,1.0,0.0,0.0,0.0,0.0,0.0,1.0,0.0,1.0,0.0,0.0,0.0,0.0,0.0,0.0,0.0,1.0,0.0,0.0,0.0,96.61201726271076,84.09935997564864,28.238831615120276
MAT_0204,0.8666666666666667,0.4109589041095889,0.9587628865979382,0.2220039183691592,0.3333333333333333,0.244047619047619,0.3905723905723905,0.8461538461538463,0.6304347826086958,0.8888888888888888,0.8888888888888888,0.625,0.5586635586635588,0.334238072460705,0.1811198706286638,0.9459459459459458,0.0,0.0,0.0,1.0,0.0,0.0,0.0,0.0,1.0,0.0,0.0,1.0,0.0,0.0,0.0,0.0,1.0,0.0,0.0,0.0,0.0,0.0,1.0,0.0,1.0,0.0,0.0,0.0,0.0,0.0,73.71698682602961,67.24207979878084,85.0085910652921
MAT_0205,0.8666666666666667,0.2876712328767123,0.9381443298969072,0.2586845157817035,0.4166666666666667,0.2232142857142857,0.3973063973063973,0.7846153846153847,0.4565217391304348,0.7777777777777777,0.7777777777777777,0.75,0.445998445998446,0.4449647930409246,0.2110369921164341,0.6756756756756757,0.0,0.0,1.0,0.0,0.0,0.0,0.0,0.0,1.0,0.0,0.0,1.0,0.0,0.0,0.0,1.0,0.0,0.0,0.0,1.0,0.0,0.0,0.0,0.0,0.0,1.0,0.0,0.0,0.0,0.0,72.347208634293,72.46296429801585,80.4295532646048
MAT_0206,0.7777777777777777,0.3561643835616437,0.9690721649484536,0.2297518551202428,0.3333333333333333,0.2589285714285714,0.3939393939393939,0.8923076923076922,0.7173913043478262,0.8888888888888888,0.6666666666666665,0.5,0.6041181041181042,0.3806244924747211,0.1835455831817262,0.9189189189189192,0.0,0.0,0.0,1.0,0.0,0.0,0.0,0.0,1.0,0.0,0.0,1.0,0.0,1.0,0.0,0.0,0.0,0.0,0.0,0.0,0.0,0.0,1.0,0.0,1.0,0.0,0.0,0.0,0.0,0.0,70.68320192215029,62.50887142639719,76.04810996563573
MAT_0207,0.2888888888888887,0.1232876712328767,0.0927835051546391,0.3660511608029881,0.9583333333333331,0.5178571428571428,0.4343434343434343,0.123076923076923,0.1956521739130434,0.7777777777777777,0.8888888888888888,0.5,0.0641025641025641,0.1751782595637229,0.0309278350515463,0.162162162162162,1.0,0.0,0.0,0.0,0.0,0.0,0.0,0.0,1.0,0.0,0.0,1.0,0.0,0.0,0.0,0.0,0.0,1.0,0.0,0.0,0.0,0.0,0.0,1.0,0.0,0.0,0.0,0.0,1.0,0.0,50.311394468839644,57.31720856463124,61.85567010309278
MAT_0208,0.6444444444444444,0.2602739726027397,0.9175257731958762,0.3350982644843681,0.4166666666666667,0.2232142857142857,0.3872053872053872,0.8,0.5,0.8888888888888888,0.7777777777777777,0.625,0.4584304584304585,0.4719623569195857,0.1904184354154032,0.6756756756756757,0.0,0.0,1.0,0.0,0.0,0.0,0.0,0.0,1.0,0.0,0.0,1.0,0.0,0.0,0.0,0.0,1.0,0.0,0.0,1.0,0.0,0.0,0.0,0.0,0.0,1.0,0.0,0.0,0.0,0.0,63.79216991058681,64.76232587572794,80.85051546391753
MAT_0209,0.9333333333333332,0.6712328767123288,0.979381443298969,0.5025946707959396,0.25,0.9732142857142856,0.9595959595959596,0.9076923076923078,0.4782608695652175,0.7777777777777777,1.0,1.0,0.97979797979798,0.0736732037776566,0.9765514453203962,0.8108108108108107,0.0,0.0,0.0,0.0,0.0,1.0,0.0,0.0,0.0,1.0,1.0,0.0,0.0,1.0,0.0,0.0,0.0,0.0,0.0,0.0,0.0,1.0,0.0,0.0,0.0,0.0,0.0,1.0,0.0,0.0,44.53832149228343,48.59772987608038,92.9209621993127
MAT_0210,0.7777777777777777,0.4246575342465753,0.9896907216494844,0.1400789223929802,0.3333333333333333,0.2589285714285714,0.3838383838383838,0.8615384615384616,0.6086956521739131,0.6666666666666665,0.6666666666666665,0.625,0.5466200466200467,0.3766866525023081,0.1859712957347887,0.8648648648648647,0.0,0.0,0.0,1.0,0.0,0.0,0.0,0.0,1.0,0.0,0.0,1.0,0.0,1.0,0.0,0.0,0.0,0.0,0.0,0.0,0.0,0.0,1.0,0.0,1.0,0.0,0.0,0.0,0.0,0.0,73.77743030800858,65.79614543532068,72.29381443298968
MAT_0211,1.0,0.7671232876712328,0.4639175257731959,0.0006826620489851,0.1249999999999999,0.1339285714285714,0.0774410774410774,0.5538461538461539,0.8043478260869565,0.4444444444444445,0.3333333333333333,0.25,0.1076146076146076,0.9863955415642346,0.1196684859510814,0.5945945945945945,0.0,1.0,0.0,0.0,0.0,0.0,1.0,0.0,0.0,0.0,1.0,0.0,0.0,0.0,1.0,0.0,0.0,0.0,1.0,0.0,0.0,0.0,0.0,0.0,0.0,0.0,1.0,0.0,0.0,0.0,96.88187704088736,83.89762013473354,37.61168384879725
MAT_0212,1.0,0.8767123287671232,0.2989690721649484,0.0004051571510237,0.0,0.0476190476190476,0.0067340067340067,0.6153846153846154,0.8913043478260869,0.2222222222222222,0.1111111111111111,0.125,0.0629370629370629,0.7052738133641834,0.1152213462704669,0.5675675675675673,0.0,0.0,0.0,0.0,1.0,0.0,0.0,1.0,0.0,0.0,1.0,0.0,1.0,0.0,0.0,0.0,0.0,0.0,0.0,0.0,1.0,0.0,0.0,0.0,0.0,0.0,0.0,0.0,0.0,1.0,99.71848501610903,82.83252829644583,18.479381443298966
MAT_0213,0.911111111111111,0.821917808219178,0.4845360824742267,0.0009435166530689,0.1249999999999999,0.1279761904761904,0.0774410774410774,0.5692307692307692,0.7826086956521741,0.4444444444444445,0.3333333333333333,0.25,0.0928515928515928,0.9489081949342024,0.1156256316959773,0.5945945945945945,0.0,1.0,0.0,0.0,0.0,0.0,1.0,0.0,0.0,0.0,1.0,0.0,0.0,0.0,0.0,0.0,0.0,1.0,1.0,0.0,0.0,0.0,0.0,0.0,0.0,0.0,1.0,0.0,0.0,0.0,94.20738473609815,82.38147534023821,38.024054982817866
MAT_0214,0.6444444444444444,0.2876712328767123,0.8865979381443299,0.2823889841655705,0.375,0.181547619047619,0.3703703703703703,0.8153846153846154,0.6086956521739131,0.6666666666666665,0.7777777777777777,0.75,0.4324009324009324,0.512175044773463,0.2181119870628663,0.7297297297297296,0.0,0.0,1.0,0.0,0.0,0.0,0.0,0.0,1.0,0.0,0.0,1.0,0.0,1.0,0.0,0.0,0.0,0.0,0.0,1.0,0.0,0.0,0.0,0.0,0.0,1.0,0.0,0.0,0.0,0.0,66.04684899355141,65.44524547617331,76.06529209621993
MAT_0215,0.5999999999999999,0.3698630136986301,0.9278350515463918,0.1624680175605099,0.375,0.2589285714285714,0.4175084175084175,0.8461538461538463,0.6304347826086958,0.6666666666666665,0.8888888888888888,0.625,0.5788655788655789,0.4054195356908462,0.1659591671720234,0.8108108108108107,0.0,0.0,0.0,1.0,0.0,0.0,0.0,0.0,1.0,0.0,0.0,1.0,0.0,0.0,0.0,0.0,1.0,0.0,0.0,0.0,0.0,0.0,1.0,0.0,1.0,0.0,0.0,0.0,0.0,0.0,66.42562277284799,57.61342208764889,77.7233676975945
MAT_0216,0.9333333333333332,0.7397260273972601,0.422680412371134,0.0009990176326612,0.1249999999999999,0.1607142857142857,0.074074074074074,0.5692307692307692,0.7608695652173914,0.4444444444444445,0.3333333333333333,0.25,0.1383061383061383,0.9343804576348488,0.1229027693551647,0.8108108108108107,0.0,1.0,0.0,0.0,0.0,0.0,1.0,0.0,0.0,0.0,1.0,0.0,0.0,1.0,0.0,0.0,0.0,0.0,1.0,0.0,0.0,0.0,0.0,0.0,0.0,0.0,1.0,0.0,0.0,0.0,95.00706650805722,79.53830133211576,36.786941580756015
MAT_0217,0.8444444444444446,0.3972602739726027,0.9690721649484536,0.1824872208994488,0.3333333333333333,0.2648809523809524,0.4175084175084175,0.8615384615384616,0.7826086956521741,0.7777777777777777,0.6666666666666665,0.625,0.5571095571095572,0.3493442495300176,0.173438447543966,0.9999999999999998,0.0,0.0,0.0,1.0,0.0,0.0,0.0,0.0,1.0,0.0,0.0,1.0,0.0,0.0,0.0,0.0,1.0,0.0,0.0,0.0,0.0,0.0,1.0,0.0,1.0,0.0,0.0,0.0,0.0,0.0,73.15838000601318,66.85929877682455,75.21477663230239
MAT_0218,1.0,0.9726027397260272,0.2783505154639175,0.0006105107755151,0.0416666666666666,0.056547619047619,0.0067340067340067,0.6307692307692307,0.847826086956522,0.1111111111111111,0.1111111111111111,0.125,0.054001554001554,0.6590097556091972,0.0768142308469779,0.5945945945945945,0.0,0.0,0.0,0.0,1.0,0.0,0.0,1.0,0.0,0.0,1.0,0.0,0.0,0.0,0.0,0.0,1.0,0.0,0.0,0.0,1.0,0.0,0.0,0.0,0.0,0.0,0.0,0.0,0.0,1.0,99.71232440737427,82.86693260920063,14.733676975945018
MAT_0219,0.8888888888888888,0.3972602739726027,0.9587628865979382,0.1399346198460403,0.375,0.2589285714285714,0.3973063973063973,0.8307692307692309,0.6086956521739131,0.7777777777777777,0.6666666666666665,0.625,0.5516705516705518,0.3896014327508148,0.1718213058419243,0.6216216216216217,0.0,0.0,0.0,1.0,0.0,0.0,0.0,0.0,1.0,0.0,0.0,1.0,0.0,0.0,1.0,0.0,0.0,0.0,0.0,0.0,0.0,0.0,1.0,0.0,1.0,0.0,0.0,0.0,0.0,0.0,76.57637217902958,68.25839681509784,75.00859106529208
MAT_0220,0.977777777777778,0.780821917808219,0.4845360824742267,0.000921316261232,0.1249999999999999,0.1369047619047619,0.0673400673400673,0.5384615384615385,0.6304347826086958,0.4444444444444445,0.3333333333333333,0.25,0.1421911421911422,0.912121650333159,0.1208813422276127,0.6486486486486485,0.0,1.0,0.0,0.0,0.0,0.0,1.0,0.0,0.0,0.0,1.0,0.0,1.0,0.0,0.0,0.0,0.0,0.0,1.0,0.0,0.0,0.0,0.0,0.0,0.0,0.0,1.0,0.0,0.0,0.0,96.61209115189368,81.91449787326077,38.024054982817866
MAT_0221,1.0,0.8082191780821917,0.4639175257731959,0.0012265716489896,0.1666666666666666,0.1339285714285714,0.074074074074074,0.6153846153846154,0.8043478260869565,0.3333333333333333,0.3333333333333333,0.25,0.0998445998445998,0.9566615126199984,0.1287649080250656,0.5945945945945945,0.0,1.0,0.0,0.0,0.0,0.0,1.0,0.0,0.0,0.0,1.0,0.0,0.0,0.0,1.0,0.0,0.0,0.0,1.0,0.0,0.0,0.0,0.0,0.0,0.0,0.0,1.0,0.0,0.0,0.0,97.00023988756736,84.28612052323392,34.27835051546392
MAT_0222,0.8888888888888888,0.2876712328767123,0.865979381443299,0.2053813749812684,0.4583333333333333,0.181547619047619,0.4006734006734007,0.7384615384615385,0.6304347826086958,0.8888888888888888,0.8888888888888888,0.625,0.4860139860139861,0.4763006551942779,0.2084091368506165,0.8918918918918919,0.0,0.0,1.0,0.0,0.0,0.0,0.0,0.0,1.0,0.0,0.0,1.0,0.0,0.0,0.0,1.0,0.0,0.0,0.0,1.0,0.0,0.0,0.0,0.0,0.0,1.0,0.0,0.0,0.0,0.0,74.47828939029259,69.68555499483335,83.15292096219932
MAT_0223,1.0,0.9589041095890408,0.3092783505154639,0.0005050589142898,0.0,0.056547619047619,0.0033670033670033,0.676923076923077,0.8043478260869565,0.0,0.1111111111111111,0.125,0.0703185703185703,0.6977540963547171,0.0816656559531028,0.5945945945945945,0.0,0.0,0.0,0.0,1.0,0.0,0.0,1.0,0.0,0.0,1.0,0.0,0.0,0.0,0.0,0.0,1.0,0.0,0.0,0.0,1.0,0.0,0.0,0.0,0.0,0.0,0.0,0.0,0.0,1.0,99.85016809789118,82.66963849438076,12.01890034364261
MAT_0224,0.911111111111111,0.8356164383561644,0.4845360824742267,0.0006826620489851,0.1249999999999999,0.1607142857142857,0.074074074074074,0.5538461538461539,0.7826086956521741,0.4444444444444445,0.2222222222222222,0.25,0.1169386169386169,0.9145021524633746,0.1449363250454821,0.6216216216216217,0.0,1.0,0.0,0.0,0.0,0.0,1.0,0.0,0.0,0.0,1.0,0.0,0.0,1.0,0.0,0.0,0.0,0.0,1.0,0.0,0.0,0.0,0.0,0.0,0.0,0.0,1.0,0.0,0.0,0.0,94.34989050890081,81.17712413588703,34.69072164948454
MAT_0225,0.3999999999999999,0.1232876712328767,0.0927835051546391,0.1752221426708181,1.0,0.4910714285714286,0.3771043771043771,0.0923076923076923,0.0434782608695654,0.8888888888888888,0.6666666666666665,0.5,0.047008547008547,0.1820861652780404,0.0052557105316353,0.1891891891891892,1.0,0.0,0.0,0.0,0.0,0.0,0.0,0.0,1.0,0.0,0.0,1.0,0.0,0.0,0.0,0.0,1.0,0.0,0.0,0.0,0.0,0.0,0.0,1.0,0.0,0.0,0.0,0.0,1.0,0.0,61.659160635700374,61.50524275266543,58.52233676975944
MAT_0226,0.6666666666666667,0.2328767123287671,0.865979381443299,0.290691930712577,0.4166666666666667,0.181547619047619,0.4006734006734007,0.7846153846153847,0.5869565217391306,0.8888888888888888,0.8888888888888888,0.625,0.4755244755244756,0.4700156846168393,0.2177077016373559,0.9189189189189192,0.0,0.0,1.0,0.0,0.0,0.0,0.0,0.0,1.0,0.0,0.0,1.0,0.0,1.0,0.0,0.0,0.0,0.0,0.0,1.0,0.0,0.0,0.0,0.0,0.0,1.0,0.0,0.0,0.0,0.0,65.25230605168666,63.54336385264221,83.15292096219932
MAT_0227,0.977777777777778,0.8493150684931505,0.4742268041237113,0.0013542239020518,0.1666666666666666,0.1488095238095238,0.074074074074074,0.6307692307692307,0.7608695652173914,0.4444444444444445,0.2222222222222222,0.375,0.1153846153846154,0.958085364361436,0.1362441883970082,0.783783783783784,0.0,1.0,0.0,0.0,0.0,0.0,1.0,0.0,0.0,0.0,1.0,0.0,0.0,1.0,0.0,0.0,0.0,0.0,1.0,0.0,0.0,0.0,0.0,0.0,0.0,0.0,1.0,0.0,0.0,0.0,96.32974365330884,83.04863864657679,36.98453608247423
MAT_0228,1.0,0.8082191780821917,0.4845360824742267,0.0011044694938865,0.1249999999999999,0.125,0.0707070707070706,0.5538461538461539,0.673913043478261,0.4444444444444445,0.4444444444444445,0.25,0.1111111111111111,0.9359822908439658,0.1186577723873054,0.5405405405405406,0.0,1.0,0.0,0.0,0.0,0.0,1.0,0.0,0.0,0.0,1.0,0.0,0.0,0.0,0.0,1.0,0.0,0.0,1.0,0.0,0.0,0.0,0.0,0.0,0.0,0.0,1.0,0.0,0.0,0.0,97.13858308690058,84.13516609392897,41.3573883161512
MAT_0229,0.7777777777777777,0.3698630136986301,0.9896907216494844,0.2384655089162324,0.3333333333333333,0.2678571428571428,0.4175084175084175,0.8,0.6086956521739131,0.8888888888888888,0.6666666666666665,0.625,0.5722610722610724,0.3805577494243412,0.1683848797250859,0.6216216216216217,0.0,0.0,0.0,1.0,0.0,0.0,0.0,0.0,1.0,0.0,0.0,1.0,0.0,0.0,0.0,0.0,1.0,0.0,0.0,0.0,0.0,0.0,1.0,0.0,1.0,0.0,0.0,0.0,0.0,0.0,69.47903136550966,64.5140941532694,78.96048109965635
MAT_0230,0.7333333333333334,0.6849315068493149,0.9690721649484536,0.5523790494902235,0.25,0.9791666666666666,0.9225589225589226,0.9076923076923078,0.4130434782608696,0.8888888888888888,0.8888888888888888,1.0,0.9895104895104896,0.0562643914702381,0.994137861330099,0.8378378378378379,0.0,0.0,0.0,0.0,0.0,1.0,0.0,0.0,0.0,1.0,1.0,0.0,1.0,0.0,0.0,0.0,0.0,0.0,0.0,0.0,0.0,1.0,0.0,0.0,0.0,0.0,0.0,1.0,0.0,0.0,38.52627161293639,41.905918823444594,92.7147766323024
MAT_0231,0.9333333333333332,0.7671232876712328,0.4639175257731959,0.0012154714530711,0.1249999999999999,0.1220238095238095,0.074074074074074,0.5692307692307692,0.7826086956521741,0.4444444444444445,0.3333333333333333,0.25,0.1235431235431235,0.9530796355829448,0.1204770568021022,0.6486486486486485,0.0,1.0,0.0,0.0,0.0,0.0,1.0,0.0,0.0,0.0,1.0,0.0,1.0,0.0,0.0,0.0,0.0,0.0,1.0,0.0,0.0,0.0,0.0,0.0,0.0,0.0,1.0,0.0,0.0,0.0,95.0005728934449,81.10119433830774,37.61168384879725
MAT_0232,1.0,0.917808219178082,0.268041237113402,0.0005661099918413,0.0416666666666666,0.0625,0.0033670033670033,0.6461538461538461,0.956521739130435,0.1111111111111111,0.1111111111111111,0.125,0.0602175602175602,0.6738489604769903,0.1047099252071962,0.5135135135135134,0.0,0.0,0.0,0.0,1.0,0.0,0.0,1.0,0.0,0.0,1.0,0.0,0.0,0.0,0.0,0.0,1.0,0.0,0.0,0.0,1.0,0.0,0.0,0.0,0.0,0.0,0.0,0.0,0.0,1.0,99.84833656556464,82.34994673139002,14.527491408934706
MAT_0233,0.6444444444444444,0.273972602739726,0.8556701030927835,0.2892655555370552,0.4583333333333333,0.2232142857142857,0.404040404040404,0.8153846153846154,0.5217391304347827,0.6666666666666665,0.8888888888888888,0.75,0.4860139860139861,0.503832163475978,0.2270062664240953,0.7297297297297296,0.0,0.0,1.0,0.0,0.0,0.0,0.0,0.0,1.0,0.0,0.0,1.0,0.0,0.0,0.0,0.0,1.0,0.0,0.0,1.0,0.0,0.0,0.0,0.0,0.0,1.0,0.0,0.0,0.0,0.0,64.49375050560552,62.1460360944897,78.78006872852235
MAT_0234,0.1555555555555554,0.0273972602739726,0.0927835051546391,0.4134933981584774,0.9583333333333331,0.5,0.4175084175084175,0.123076923076923,0.1304347826086958,0.6666666666666665,0.7777777777777777,0.5,0.0501165501165501,0.173999132340345,0.0226399838285829,0.1081081081081081,1.0,0.0,0.0,0.0,0.0,0.0,0.0,0.0,1.0,0.0,0.0,1.0,0.0,1.0,0.0,0.0,0.0,0.0,0.0,0.0,0.0,0.0,0.0,1.0,0.0,0.0,0.0,0.0,1.0,0.0,45.56152802157564,54.01650926393194,55.1890034364261
MAT_0235,1.0,0.821917808219178,0.4845360824742267,0.0009435166530689,0.1249999999999999,0.1607142857142857,0.0841750841750841,0.5538461538461539,0.7608695652173914,0.5555555555555556,0.2222222222222222,0.25,0.0928515928515928,0.9489081949342024,0.1156256316959773,0.5945945945945945,0.0,1.0,0.0,0.0,0.0,0.0,1.0,0.0,0.0,0.0,1.0,0.0,0.0,0.0,1.0,0.0,0.0,0.0,1.0,0.0,0.0,0.0,0.0,0.0,0.0,0.0,1.0,0.0,0.0,0.0,96.60469113340457,85.0481420069049,38.024054982817866
MAT_0236,0.6888888888888889,0.3972602739726027,0.9587628865979382,0.1400789223929802,0.375,0.2499999999999999,0.430976430976431,0.8,0.6086956521739131,0.7777777777777777,0.7777777777777777,0.625,0.5466200466200467,0.3766866525023081,0.1859712957347887,0.8648648648648647,0.0,0.0,0.0,1.0,0.0,0.0,0.0,0.0,1.0,0.0,0.0,1.0,1.0,0.0,0.0,0.0,0.0,0.0,0.0,0.0,0.0,0.0,1.0,0.0,1.0,0.0,0.0,0.0,0.0,0.0,69.22524175582002,62.5109220676231,78.34192439862542
MAT_0237,0.9555555555555556,0.7671232876712328,0.4432989690721649,0.0007659135183735,0.1249999999999999,0.1398809523809523,0.074074074074074,0.5230769230769231,0.7173913043478262,0.5555555555555556,0.3333333333333333,0.375,0.1013986013986014,0.9118769258150996,0.1374570446735395,0.7297297297297296,0.0,1.0,0.0,0.0,0.0,0.0,1.0,0.0,0.0,0.0,1.0,0.0,0.0,0.0,0.0,0.0,1.0,0.0,1.0,0.0,0.0,0.0,0.0,0.0,0.0,0.0,1.0,0.0,0.0,0.0,95.68072629815249,82.46271597817989,43.03264604810997
MAT_0238,0.977777777777778,0.821917808219178,0.5051546391752577,0.0011710706693973,0.1249999999999999,0.1428571428571428,0.0841750841750841,0.5538461538461539,0.7826086956521741,0.4444444444444445,0.3333333333333333,0.25,0.1138306138306138,0.9835033427144398,0.1287649080250656,0.6756756756756757,0.0,1.0,0.0,0.0,0.0,0.0,1.0,0.0,0.0,0.0,1.0,0.0,1.0,0.0,0.0,0.0,0.0,0.0,1.0,0.0,0.0,0.0,0.0,0.0,0.0,0.0,1.0,0.0,0.0,0.0,95.93119784624807,83.7448954253078,38.43642611683848
MAT_0239,0.6444444444444444,0.2054794520547945,0.9381443298969072,0.2232193898222303,0.4583333333333333,0.181547619047619,0.4175084175084175,0.8461538461538463,0.5217391304347827,0.8888888888888888,0.8888888888888888,0.5,0.4518259518259518,0.5116855957373438,0.1966848595108146,0.8918918918918919,0.0,0.0,1.0,0.0,0.0,0.0,0.0,0.0,1.0,0.0,0.0,1.0,0.0,0.0,0.0,0.0,1.0,0.0,0.0,1.0,0.0,0.0,0.0,0.0,0.0,1.0,0.0,0.0,0.0,0.0,65.93641493832972,65.50492233997389,82.09621993127148
MAT_0240,0.6888888888888889,0.3972602739726027,0.9484536082474226,0.1770980757810375,0.3333333333333333,0.2559523809523809,0.3973063973063973,0.9076923076923078,0.6956521739130435,0.6666666666666665,0.6666666666666665,0.625,0.5516705516705518,0.3663970989020768,0.1677784515868202,0.7027027027027029,0.0,0.0,0.0,1.0,0.0,0.0,0.0,0.0,1.0,0.0,0.0,1.0,0.0,0.0,0.0,1.0,0.0,0.0,0.0,0.0,0.0,0.0,1.0,0.0,1.0,0.0,0.0,0.0,0.0,0.0,69.46146850097965,62.05221124808753,71.46907216494844
MAT_0241,0.7777777777777777,0.3698630136986301,0.9278350515463918,0.1858949810464154,0.375,0.2589285714285714,0.3872053872053872,0.8615384615384616,0.7826086956521741,0.7777777777777777,0.6666666666666665,0.625,0.6033411033411035,0.4242188282145122,0.1835455831817262,0.9189189189189192,0.0,0.0,0.0,1.0,0.0,0.0,0.0,0.0,1.0,0.0,0.0,1.0,0.0,1.0,0.0,0.0,0.0,0.0,0.0,0.0,0.0,0.0,1.0,0.0,1.0,0.0,0.0,0.0,0.0,0.0,72.26826841372538,61.722979197205994,74.39003436426115
MAT_0242,1.0,0.8356164383561644,0.5154639175257731,0.0014430254693995,0.1249999999999999,0.1398809523809523,0.074074074074074,0.5384615384615385,0.847826086956522,0.4444444444444445,0.3333333333333333,0.25,0.101010101010101,0.918295382493298,0.1485748938750757,0.5945945945945945,0.0,1.0,0.0,0.0,0.0,0.0,1.0,0.0,0.0,0.0,1.0,0.0,0.0,0.0,0.0,1.0,0.0,0.0,1.0,0.0,0.0,0.0,0.0,0.0,0.0,0.0,1.0,0.0,0.0,0.0,96.99374627295508,85.25877330001042,38.64261168384879
MAT_0243,0.9333333333333332,0.7534246575342465,0.4948453608247423,0.0016705794857279,0.1666666666666666,0.1428571428571428,0.0841750841750841,0.5538461538461539,0.6956521739130435,0.4444444444444445,0.2222222222222222,0.25,0.106060606060606,0.9741259441360668,0.120274914089347,0.5675675675675673,0.0,1.0,0.0,0.0,0.0,0.0,1.0,0.0,0.0,0.0,1.0,0.0,0.0,0.0,0.0,0.0,1.0,0.0,1.0,0.0,0.0,0.0,0.0,0.0,0.0,0.0,1.0,0.0,0.0,0.0,94.58287924842482,82.59387691346454,34.896907216494846
MAT_0244,0.8888888888888888,0.6849315068493149,0.9690721649484536,0.5025946707959396,0.25,0.9732142857142856,0.9663299663299664,0.9076923076923078,0.4782608695652175,0.7777777777777777,0.8888888888888888,0.75,0.97979797979798,0.0736732037776566,0.9765514453203962,0.8108108108108107,0.0,0.0,0.0,0.0,0.0,1.0,0.0,0.0,0.0,1.0,1.0,0.0,1.0,0.0,0.0,0.0,0.0,0.0,0.0,0.0,0.0,1.0,0.0,0.0,0.0,0.0,0.0,1.0,0.0,0.0,42.935627889589824,47.058210975736735,84.38144329896906
MAT_0245,0.8666666666666667,0.9041095890410956,0.3402061855670103,0.000777013714292,0.0,0.0476190476190476,0.0033670033670033,0.6615384615384616,0.8043478260869565,0.2222222222222222,0.2222222222222222,0.125,0.0396270396270396,0.6897449303091315,0.0764099454214675,0.4054054054054055,0.0,0.0,0.0,0.0,1.0,0.0,0.0,1.0,0.0,0.0,1.0,0.0,0.0,1.0,0.0,0.0,0.0,0.0,0.0,0.0,1.0,0.0,0.0,0.0,0.0,0.0,0.0,0.0,0.0,1.0,95.84200945389112,80.82277172998823,22.63745704467354
MAT_0246,0.7777777777777777,0.3698630136986301,0.9381443298969072,0.4269856862973631,0.3333333333333333,0.2499999999999999,0.4175084175084175,0.7846153846153847,0.6086956521739131,0.8888888888888888,0.6666666666666665,0.5,0.5609945609945611,0.3896014327508148,0.1724277339801899,0.783783783783784,0.0,0.0,0.0,1.0,0.0,0.0,0.0,0.0,1.0,0.0,0.0,1.0,0.0,0.0,1.0,0.0,0.0,0.0,0.0,0.0,0.0,0.0,1.0,0.0,1.0,0.0,0.0,0.0,0.0,0.0,63.82342604407574,64.0464918815434,75.4295532646048
MAT_0247,0.711111111111111,0.3150684931506849,0.865979381443299,0.1987989588016228,0.4583333333333333,0.2232142857142857,0.3804713804713804,0.7692307692307692,0.6304347826086958,0.8888888888888888,0.7777777777777777,0.75,0.4405594405594406,0.4974804498481595,0.2025469981807155,0.7027027027027029,0.0,0.0,1.0,0.0,0.0,0.0,0.0,0.0,1.0,0.0,0.0,1.0,0.0,0.0,0.0,0.0,1.0,0.0,0.0,1.0,0.0,0.0,0.0,0.0,0.0,1.0,0.0,0.0,0.0,0.0,70.15050935042943,66.62494893422728,82.31958762886597
MAT_0248,0.3999999999999999,0.1232876712328767,0.0927835051546391,0.1752221426708181,0.9583333333333331,0.5178571428571428,0.404040404040404,0.1076923076923077,0.0434782608695654,0.7777777777777777,0.6666666666666665,0.625,0.047008547008547,0.1820861652780404,0.0052557105316353,0.1891891891891892,1.0,0.0,0.0,0.0,0.0,0.0,0.0,0.0,1.0,0.0,0.0,1.0,0.0,0.0,1.0,0.0,0.0,0.0,0.0,0.0,0.0,0.0,0.0,1.0,0.0,0.0,0.0,0.0,1.0,0.0,60.581719558259294,61.50524275266543,57.6890034364261
MAT_0249,0.8666666666666667,0.3972602739726027,0.9587628865979382,0.2221093702303845,0.3333333333333333,0.2678571428571428,0.4208754208754209,0.8461538461538463,0.7826086956521741,0.7777777777777777,0.6666666666666665,0.5,0.5843045843045844,0.3944180562198961,0.1906205781281584,0.8918918918918919,0.0,0.0,0.0,1.0,0.0,0.0,0.0,0.0,1.0,0.0,0.0,1.0,0.0,0.0,0.0,0.0,0.0,1.0,0.0,0.0,0.0,0.0,1.0,0.0,1.0,0.0,0.0,0.0,0.0,0.0,72.50170205807163,65.96002851672954,72.50859106529208
MAT_0250,0.9333333333333332,0.7123287671232876,0.979381443298969,0.8755779039500048,0.25,0.943452380952381,0.8484848484848485,0.9384615384615383,0.4130434782608696,0.8888888888888888,1.0,1.0,0.9370629370629372,0.0658976384084007,0.9688700222356984,0.7567567567567568,0.0,0.0,0.0,0.0,0.0,1.0,0.0,0.0,0.0,1.0,1.0,0.0,0.0,1.0,0.0,0.0,0.0,0.0,0.0,0.0,0.0,1.0,0.0,0.0,0.0,0.0,0.0,1.0,0.0,0.0,37.79326894210591,50.734482012832515,96.25429553264604
MAT_0251,0.9555555555555556,0.7671232876712328,0.4639175257731959,0.0012154714530711,0.1666666666666666,0.1220238095238095,0.0673400673400673,0.5692307692307692,0.7826086956521741,0.3333333333333333,0.3333333333333333,0.375,0.1235431235431235,0.9530796355829448,0.1204770568021022,0.6486486486486485,0.0,1.0,0.0,0.0,0.0,0.0,1.0,0.0,0.0,0.0,1.0,0.0,0.0,0.0,0.0,1.0,0.0,0.0,1.0,0.0,0.0,0.0,0.0,0.0,0.0,0.0,1.0,0.0,0.0,0.0,95.93659982947185,81.76786100497442,36.77835051546392
MAT_0252,1.0,0.917808219178082,0.268041237113402,0.0005661099918413,0.0,0.056547619047619,0.0067340067340067,0.6461538461538461,0.956521739130435,0.0,0.2222222222222222,0.0,0.0602175602175602,0.6738489604769903,0.1047099252071962,0.5135135135135134,0.0,0.0,0.0,0.0,1.0,0.0,0.0,1.0,0.0,0.0,1.0,0.0,1.0,0.0,0.0,0.0,0.0,0.0,0.0,0.0,1.0,0.0,0.0,0.0,0.0,0.0,0.0,0.0,0.0,1.0,99.7136564308845,82.34994673139002,12.027491408934706
MAT_0253,0.8222222222222224,0.3698630136986301,0.9896907216494844,0.2384655089162324,0.3333333333333333,0.2499999999999999,0.3703703703703703,0.8615384615384616,0.6086956521739131,0.7777777777777777,0.7777777777777777,0.625,0.5722610722610724,0.3805577494243412,0.1683848797250859,0.6216216216216217,0.0,0.0,0.0,1.0,0.0,0.0,0.0,0.0,1.0,0.0,0.0,1.0,1.0,0.0,0.0,0.0,0.0,0.0,0.0,0.0,0.0,0.0,1.0,0.0,1.0,0.0,0.0,0.0,0.0,0.0,72.6978865843649,65.84742748660274,78.96048109965635
MAT_0254,1.0,0.780821917808219,0.4536082474226804,0.0006993123428628,0.1249999999999999,0.1339285714285714,0.0707070707070706,0.5692307692307692,0.7826086956521741,0.5555555555555556,0.2222222222222222,0.25,0.0994560994560994,0.959119881642324,0.141904184354154,0.7297297297297296,0.0,1.0,0.0,0.0,0.0,0.0,1.0,0.0,0.0,0.0,1.0,0.0,0.0,0.0,0.0,0.0,0.0,1.0,1.0,0.0,0.0,0.0,0.0,0.0,0.0,0.0,1.0,0.0,0.0,0.0,97.15073780143129,84.09935997564864,37.40549828178694
MAT_0255,0.7333333333333334,0.3561643835616437,0.9690721649484536,0.18593383173213,0.3333333333333333,0.2232142857142857,0.3905723905723905,0.8461538461538463,0.8043478260869565,0.6666666666666665,0.7777777777777777,0.5,0.5512820512820513,0.4062983191875146,0.1645441681827369,0.9189189189189192,0.0,0.0,0.0,1.0,0.0,0.0,0.0,0.0,1.0,0.0,0.0,1.0,0.0,0.0,0.0,1.0,0.0,0.0,0.0,0.0,0.0,0.0,1.0,0.0,1.0,0.0,0.0,0.0,0.0,0.0,70.79908942514047,63.8173407348665,72.71477663230239
MAT_0256,0.711111111111111,0.2054794520547945,0.9175257731958762,0.0605182681474328,0.4583333333333333,0.1904761904761904,0.430976430976431,0.8,0.5869565217391306,0.7777777777777777,0.6666666666666665,0.625,0.480963480963481,0.5278151662458146,0.2233676975945017,0.7567567567567568,0.0,0.0,1.0,0.0,0.0,0.0,0.0,0.0,1.0,0.0,0.0,1.0,0.0,0.0,0.0,0.0,0.0,1.0,0.0,1.0,0.0,0.0,0.0,0.0,0.0,1.0,0.0,0.0,0.0,0.0,72.2787280498531,65.6356747490768,74.18384879725085
MAT_0257,0.9333333333333332,0.7534246575342465,0.4948453608247423,0.0016705794857279,0.1666666666666666,0.125,0.074074074074074,0.5538461538461539,0.6956521739130435,0.4444444444444445,0.3333333333333333,0.25,0.106060606060606,0.9741259441360668,0.120274914089347,0.5675675675675673,0.0,1.0,0.0,0.0,0.0,0.0,1.0,0.0,0.0,0.0,1.0,0.0,0.0,1.0,0.0,0.0,0.0,0.0,1.0,0.0,0.0,0.0,0.0,0.0,0.0,0.0,1.0,0.0,0.0,0.0,94.98691965246522,82.59387691346454,38.230240549828174
MAT_0258,0.7777777777777777,0.3972602739726027,0.9484536082474226,0.1713870249809909,0.3333333333333333,0.2678571428571428,0.4107744107744108,0.8769230769230769,0.673913043478261,0.8888888888888888,0.6666666666666665,0.5,0.5621600621600622,0.4172219317663548,0.1748534465332524,0.8648648648648647,0.0,0.0,0.0,1.0,0.0,0.0,0.0,0.0,1.0,0.0,0.0,1.0,0.0,0.0,0.0,0.0,0.0,1.0,0.0,0.0,0.0,0.0,1.0,0.0,1.0,0.0,0.0,0.0,0.0,0.0,71.76074615292717,64.19440239027867,75.63573883161511
MAT_0259,0.977777777777778,0.9315068493150684,0.2886597938144329,0.0004051571510237,0.0,0.0625,0.01010101010101,0.6461538461538461,0.8043478260869565,0.1111111111111111,0.2222222222222222,0.0,0.067987567987568,0.6721025173253835,0.0994542146755609,0.4324324324324322,0.0,0.0,0.0,0.0,1.0,0.0,0.0,1.0,0.0,0.0,1.0,0.0,1.0,0.0,0.0,0.0,0.0,0.0,0.0,0.0,1.0,0.0,0.0,0.0,0.0,0.0,0.0,0.0,0.0,1.0,98.91713821476225,81.7071508102436,15.773195876288659
MAT_0260,0.8666666666666667,0.7945205479452053,0.4639175257731959,0.0006826620489851,0.1249999999999999,0.181547619047619,0.0841750841750841,0.5384615384615385,0.7826086956521741,0.4444444444444445,0.4444444444444445,0.25,0.1169386169386169,0.9145021524633746,0.1449363250454821,0.6216216216216217,0.0,1.0,0.0,0.0,0.0,0.0,1.0,0.0,0.0,0.0,1.0,0.0,0.0,0.0,1.0,0.0,0.0,0.0,1.0,0.0,0.0,0.0,0.0,0.0,0.0,0.0,1.0,0.0,0.0,0.0,92.61251677152708,79.43141966853308,40.945017182130584
MAT_0261,0.4666666666666665,0.1232876712328767,0.0515463917525773,0.3552784206641247,0.9583333333333331,0.5446428571428572,0.3905723905723905,0.123076923076923,0.1304347826086958,0.8888888888888888,0.6666666666666665,0.625,0.0376845376845376,0.1380023805021302,0.0343642611683848,0.2432432432432432,1.0,0.0,0.0,0.0,0.0,0.0,0.0,0.0,1.0,0.0,0.0,1.0,0.0,0.0,0.0,1.0,0.0,0.0,0.0,0.0,0.0,0.0,0.0,1.0,0.0,0.0,0.0,0.0,1.0,0.0,57.71875175718064,63.146700950824666,60.1975945017182
MAT_0262,0.8888888888888888,0.3972602739726027,0.9587628865979382,0.1399346198460403,0.375,0.2470238095238094,0.3838383838383838,0.8615384615384616,0.6086956521739131,0.7777777777777777,0.6666666666666665,0.625,0.5516705516705518,0.3896014327508148,0.1718213058419243,0.6216216216216217,0.0,0.0,0.0,1.0,0.0,0.0,0.0,0.0,1.0,0.0,0.0,1.0,0.0,0.0,0.0,0.0,0.0,1.0,0.0,0.0,0.0,0.0,1.0,0.0,1.0,0.0,0.0,0.0,0.0,0.0,77.1150927177501,68.25839681509784,75.00859106529208
MAT_0263,1.0,0.821917808219178,0.5051546391752577,0.0011710706693973,0.1249999999999999,0.1428571428571428,0.0841750841750841,0.6000000000000001,0.847826086956522,0.5555555555555556,0.2222222222222222,0.375,0.1138306138306138,0.9835033427144398,0.1287649080250656,0.6756756756756757,0.0,1.0,0.0,0.0,0.0,0.0,1.0,0.0,0.0,0.0,1.0,0.0,0.0,0.0,1.0,0.0,0.0,0.0,1.0,0.0,0.0,0.0,0.0,0.0,0.0,0.0,1.0,0.0,0.0,0.0,96.59786451291473,84.41156209197447,40.93642611683849
MAT_0264,0.6444444444444444,0.273972602739726,0.8865979381443299,0.3847272404357936,0.4583333333333333,0.2232142857142857,0.3973063973063973,0.7384615384615385,0.6304347826086958,0.6666666666666665,0.8888888888888888,0.75,0.4300699300699301,0.5333214679021546,0.2302405498281786,0.7297297297297296,0.0,0.0,1.0,0.0,0.0,0.0,0.0,0.0,1.0,0.0,0.0,1.0,0.0,1.0,0.0,0.0,0.0,0.0,0.0,1.0,0.0,0.0,0.0,0.0,0.0,1.0,0.0,0.0,0.0,0.0,61.89926022800363,65.56179559272341,79.39862542955328
MAT_0265,1.0,0.9726027397260272,0.2783505154639175,0.0006105107755151,0.0416666666666666,0.056547619047619,0.0067340067340067,0.6307692307692307,0.847826086956522,0.2222222222222222,0.2222222222222222,0.125,0.054001554001554,0.6590097556091972,0.0768142308469779,0.5945945945945945,0.0,0.0,0.0,0.0,1.0,0.0,0.0,1.0,0.0,0.0,1.0,0.0,0.0,0.0,1.0,0.0,0.0,0.0,0.0,0.0,1.0,0.0,0.0,0.0,0.0,0.0,0.0,0.0,0.0,1.0,99.71232440737427,82.86693260920063,21.400343642611684
MAT_0266,0.8666666666666667,0.7945205479452053,0.4639175257731959,0.0006826620489851,0.1249999999999999,0.181547619047619,0.0774410774410774,0.5538461538461539,0.7826086956521741,0.5555555555555556,0.2222222222222222,0.25,0.1169386169386169,0.9145021524633746,0.1449363250454821,0.6216216216216217,0.0,1.0,0.0,0.0,0.0,0.0,1.0,0.0,0.0,0.0,1.0,0.0,0.0,0.0,0.0,0.0,1.0,0.0,1.0,0.0,0.0,0.0,0.0,0.0,0.0,0.0,1.0,0.0,0.0,0.0,92.88187704088735,79.43141966853308,37.61168384879725
MAT_0267,0.5999999999999999,0.273972602739726,0.8556701030927835,0.2892655555370552,0.4583333333333333,0.181547619047619,0.3838383838383838,0.8,0.5217391304347827,0.8888888888888888,0.7777777777777777,0.75,0.4860139860139861,0.503832163475978,0.2270062664240953,0.7297297297297296,0.0,0.0,1.0,0.0,0.0,0.0,0.0,0.0,1.0,0.0,0.0,1.0,0.0,0.0,1.0,0.0,0.0,0.0,0.0,1.0,0.0,0.0,0.0,0.0,0.0,1.0,0.0,0.0,0.0,0.0,63.96849798035299,60.812702761156366,82.11340206185567
MAT_0268,0.7777777777777777,0.3698630136986301,0.9278350515463918,0.1858949810464154,0.3333333333333333,0.2678571428571428,0.4175084175084175,0.8461538461538463,0.7826086956521741,0.7777777777777777,0.6666666666666665,0.625,0.6033411033411035,0.4242188282145122,0.1835455831817262,0.9189189189189192,0.0,0.0,0.0,1.0,0.0,0.0,0.0,0.0,1.0,0.0,0.0,1.0,1.0,0.0,0.0,0.0,0.0,0.0,0.0,0.0,0.0,0.0,1.0,0.0,1.0,0.0,0.0,0.0,0.0,0.0,71.05614720160416,61.722979197205994,74.39003436426115
MAT_0269,0.9333333333333332,0.6986301369863013,0.9896907216494844,0.5748069953434679,0.25,0.9672619047619048,0.905723905723906,0.9384615384615383,0.4782608695652175,0.8888888888888888,0.8888888888888888,0.875,0.9483294483294484,0.0784675795632779,0.994137861330099,0.7297297297297296,0.0,0.0,0.0,0.0,0.0,1.0,0.0,0.0,0.0,1.0,1.0,0.0,1.0,0.0,0.0,0.0,0.0,0.0,0.0,0.0,0.0,1.0,0.0,0.0,0.0,0.0,0.0,1.0,0.0,0.0,44.52683391073972,50.37734201651727,90.62714776632302
MAT_0270,0.977777777777778,0.780821917808219,0.4845360824742267,0.000921316261232,0.1249999999999999,0.1607142857142857,0.0774410774410774,0.5692307692307692,0.6304347826086958,0.5555555555555556,0.3333333333333333,0.375,0.1421911421911422,0.912121650333159,0.1208813422276127,0.6486486486486485,0.0,1.0,0.0,0.0,0.0,0.0,1.0,0.0,0.0,0.0,1.0,0.0,0.0,0.0,0.0,1.0,0.0,0.0,1.0,0.0,0.0,0.0,0.0,0.0,0.0,0.0,1.0,0.0,0.0,0.0,96.20805074785328,81.91449787326077,43.8573883161512
MAT_0271,0.8888888888888888,0.2876712328767123,0.9381443298969072,0.2586845157817035,0.4166666666666667,0.1994047619047619,0.4107744107744108,0.7692307692307692,0.4565217391304348,0.8888888888888888,0.8888888888888888,0.625,0.445998445998446,0.4449647930409246,0.2110369921164341,0.6756756756756757,0.0,0.0,1.0,0.0,0.0,0.0,0.0,0.0,1.0,0.0,0.0,1.0,1.0,0.0,0.0,0.0,0.0,0.0,0.0,1.0,0.0,0.0,0.0,0.0,0.0,1.0,0.0,0.0,0.0,0.0,72.47515476223913,73.1296309646825,84.59621993127148
MAT_0272,0.8222222222222224,0.3698630136986301,0.9896907216494844,0.2384655089162324,0.3333333333333333,0.2499999999999999,0.4175084175084175,0.8307692307692309,0.6086956521739131,0.6666666666666665,0.6666666666666665,0.5,0.5722610722610724,0.3805577494243412,0.1683848797250859,0.6216216216216217,0.0,0.0,0.0,1.0,0.0,0.0,0.0,0.0,1.0,0.0,0.0,1.0,0.0,0.0,0.0,0.0,0.0,1.0,0.0,0.0,0.0,0.0,1.0,0.0,1.0,0.0,0.0,0.0,0.0,0.0,70.812364698843,65.84742748660274,69.79381443298968
MAT_0273,0.9555555555555556,0.7671232876712328,0.4432989690721649,0.0007659135183735,0.0833333333333333,0.1220238095238095,0.0808080808080808,0.5692307692307692,0.7173913043478262,0.4444444444444445,0.2222222222222222,0.25,0.1013986013986014,0.9118769258150996,0.1374570446735395,0.7297297297297296,0.0,1.0,0.0,0.0,0.0,0.0,1.0,0.0,0.0,0.0,1.0,0.0,1.0,0.0,0.0,0.0,0.0,0.0,1.0,0.0,0.0,0.0,0.0,0.0,0.0,0.0,1.0,0.0,0.0,0.0,95.41136602879223,82.46271597817989,33.8659793814433
MAT_0274,1.0,0.7671232876712328,0.5154639175257731,0.0006771119510259,0.1249999999999999,0.1607142857142857,0.074074074074074,0.5538461538461539,0.6521739130434783,0.4444444444444445,0.3333333333333333,0.25,0.1017871017871018,0.96688432316985,0.1253284819082271,0.6216216216216217,0.0,1.0,0.0,0.0,0.0,0.0,1.0,0.0,0.0,0.0,1.0,0.0,0.0,0.0,0.0,0.0,1.0,0.0,1.0,0.0,0.0,0.0,0.0,0.0,0.0,0.0,1.0,0.0,0.0,0.0,97.01672367850627,85.21992326116037,38.64261168384879
MAT_0275,0.711111111111111,0.3150684931506849,0.865979381443299,0.1987989588016228,0.4583333333333333,0.2232142857142857,0.404040404040404,0.8461538461538463,0.6304347826086958,0.7777777777777777,0.7777777777777777,0.625,0.4405594405594406,0.4974804498481595,0.2025469981807155,0.7027027027027029,0.0,0.0,1.0,0.0,0.0,0.0,0.0,0.0,1.0,0.0,0.0,1.0,0.0,0.0,0.0,0.0,0.0,1.0,0.0,1.0,0.0,0.0,0.0,0.0,0.0,1.0,0.0,0.0,0.0,0.0,69.20774840766849,66.62494893422728,76.48625429553265
MAT_0276,0.7333333333333334,0.3972602739726027,0.9587628865979382,0.2221093702303845,0.3333333333333333,0.2589285714285714,0.4175084175084175,0.8461538461538463,0.7826086956521741,0.6666666666666665,0.7777777777777777,0.625,0.5843045843045844,0.3944180562198961,0.1906205781281584,0.8918918918918919,0.0,0.0,0.0,1.0,0.0,0.0,0.0,0.0,1.0,0.0,0.0,1.0,1.0,0.0,0.0,0.0,0.0,0.0,0.0,0.0,0.0,0.0,1.0,0.0,1.0,0.0,0.0,0.0,0.0,0.0,68.63638219275177,61.96002851672954,75.00859106529208
MAT_0277,1.0,0.821917808219178,0.4845360824742267,0.0009879174367427,0.1249999999999999,0.125,0.0774410774410774,0.6153846153846154,0.8043478260869565,0.4444444444444445,0.3333333333333333,0.25,0.1107226107226107,0.946961522631456,0.1212856276531231,0.6216216216216217,0.0,1.0,0.0,0.0,0.0,0.0,1.0,0.0,0.0,0.0,1.0,0.0,0.0,0.0,0.0,1.0,0.0,0.0,1.0,0.0,0.0,0.0,0.0,0.0,0.0,0.0,1.0,0.0,0.0,0.0,96.87271937925463,84.15459111335399,38.024054982817866
MAT_0278,0.711111111111111,0.2602739726027397,0.9175257731958762,0.3350982644843681,0.4166666666666667,0.2232142857142857,0.4276094276094276,0.7846153846153847,0.5,0.7777777777777777,0.6666666666666665,0.625,0.4584304584304585,0.4719623569195857,0.1904184354154032,0.6756756756756757,0.0,0.0,1.0,0.0,0.0,0.0,0.0,0.0,1.0,0.0,0.0,1.0,0.0,1.0,0.0,0.0,0.0,0.0,0.0,1.0,0.0,0.0,0.0,0.0,0.0,1.0,0.0,0.0,0.0,0.0,64.17600829442517,66.76232587572794,74.18384879725085
MAT_0279,0.8666666666666667,0.3972602739726027,0.9587628865979382,0.1399346198460403,0.375,0.2589285714285714,0.3804713804713804,0.8307692307692309,0.6086956521739131,0.8888888888888888,0.6666666666666665,0.5,0.5516705516705518,0.3896014327508148,0.1718213058419243,0.6216216216216217,0.0,0.0,0.0,1.0,0.0,0.0,0.0,0.0,1.0,0.0,0.0,1.0,0.0,0.0,0.0,0.0,1.0,0.0,0.0,0.0,0.0,0.0,1.0,0.0,1.0,0.0,0.0,0.0,0.0,0.0,76.58310618576357,67.59173014843117,75.84192439862542
MAT_0280,0.911111111111111,0.7123287671232876,0.979381443298969,0.8755779039500048,0.2083333333333333,1.0,0.9225589225589226,0.9076923076923078,0.3913043478260869,0.7777777777777777,1.0,0.875,0.9370629370629372,0.0658976384084007,0.9688700222356984,0.7567567567567568,0.0,0.0,0.0,0.0,0.0,1.0,0.0,0.0,0.0,1.0,1.0,0.0,0.0,0.0,0.0,0.0,1.0,0.0,0.0,0.0,0.0,1.0,0.0,0.0,0.0,0.0,0.0,1.0,0.0,0.0,34.16363931247628,50.067815346165844,90.4209621993127
MAT_0281,0.911111111111111,0.780821917808219,0.4845360824742267,0.000921316261232,0.1666666666666666,0.1607142857142857,0.074074074074074,0.5384615384615385,0.6304347826086958,0.3333333333333333,0.3333333333333333,0.375,0.1421911421911422,0.912121650333159,0.1208813422276127,0.6486486486486485,0.0,1.0,0.0,0.0,0.0,0.0,1.0,0.0,0.0,0.0,1.0,0.0,1.0,0.0,0.0,0.0,0.0,0.0,1.0,0.0,0.0,0.0,0.0,0.0,0.0,0.0,1.0,0.0,0.0,0.0,94.3427308825334,79.91449787326074,37.19072164948454
MAT_0282,0.7777777777777777,0.3972602739726027,0.9484536082474226,0.1713870249809909,0.3333333333333333,0.2648809523809524,0.4276094276094276,0.8769230769230769,0.673913043478261,0.6666666666666665,0.6666666666666665,0.5,0.5621600621600622,0.4172219317663548,0.1748534465332524,0.8648648648648647,0.0,0.0,0.0,1.0,0.0,0.0,0.0,0.0,1.0,0.0,0.0,1.0,0.0,0.0,1.0,0.0,0.0,0.0,0.0,0.0,0.0,0.0,1.0,0.0,1.0,0.0,0.0,0.0,0.0,0.0,71.0873454795265,64.19440239027867,68.96907216494844
MAT_0283,0.977777777777778,0.8356164383561644,0.5154639175257731,0.0014430254693995,0.1249999999999999,0.125,0.0774410774410774,0.5538461538461539,0.847826086956522,0.5555555555555556,0.3333333333333333,0.25,0.101010101010101,0.918295382493298,0.1485748938750757,0.5945945945945945,0.0,1.0,0.0,0.0,0.0,0.0,1.0,0.0,0.0,0.0,1.0,0.0,0.0,1.0,0.0,0.0,0.0,0.0,1.0,0.0,0.0,0.0,0.0,0.0,0.0,0.0,1.0,0.0,0.0,0.0,96.19239947160827,84.59210663334376,41.97594501718213
MAT_0284,0.6666666666666667,0.2328767123287671,0.865979381443299,0.290691930712577,0.4166666666666667,0.181547619047619,0.4175084175084175,0.8307692307692309,0.5869565217391306,0.7777777777777777,0.8888888888888888,0.75,0.4755244755244756,0.4700156846168393,0.2177077016373559,0.9189189189189192,0.0,0.0,1.0,0.0,0.0,0.0,0.0,0.0,1.0,0.0,0.0,1.0,1.0,0.0,0.0,0.0,0.0,0.0,0.0,1.0,0.0,0.0,0.0,0.0,0.0,1.0,0.0,0.0,0.0,0.0,64.578905378286,63.54336385264221,82.31958762886597
MAT_0285,0.9555555555555556,0.7945205479452053,0.4639175257731959,0.0006826620489851,0.1249999999999999,0.1607142857142857,0.0841750841750841,0.5384615384615385,0.7826086956521741,0.4444444444444445,0.2222222222222222,0.125,0.1169386169386169,0.9145021524633746,0.1449363250454821,0.6216216216216217,0.0,1.0,0.0,0.0,0.0,0.0,1.0,0.0,0.0,0.0,1.0,0.0,0.0,0.0,0.0,0.0,1.0,0.0,1.0,0.0,0.0,0.0,0.0,0.0,0.0,0.0,1.0,0.0,0.0,0.0,95.27918343819375,82.09808633519975,31.778350515463917
MAT_0286,0.8222222222222224,0.3698630136986301,0.9278350515463918,0.1624680175605099,0.3333333333333333,0.2410714285714286,0.4175084175084175,0.8461538461538463,0.6304347826086958,0.7777777777777777,0.6666666666666665,0.625,0.5788655788655789,0.4054195356908462,0.1659591671720234,0.8108108108108107,0.0,0.0,0.0,1.0,0.0,0.0,0.0,0.0,1.0,0.0,0.0,1.0,0.0,0.0,0.0,0.0,0.0,1.0,0.0,0.0,0.0,0.0,1.0,0.0,1.0,0.0,0.0,0.0,0.0,0.0,73.09228943951467,64.28008875431557,74.39003436426115
MAT_0287,0.9555555555555556,0.7671232876712328,0.4639175257731959,0.0012154714530711,0.1249999999999999,0.1220238095238095,0.0639730639730639,0.5846153846153846,0.7826086956521741,0.4444444444444445,0.4444444444444445,0.25,0.1235431235431235,0.9530796355829448,0.1204770568021022,0.6486486486486485,0.0,1.0,0.0,0.0,0.0,0.0,1.0,0.0,0.0,0.0,1.0,0.0,0.0,0.0,0.0,1.0,0.0,0.0,1.0,0.0,0.0,0.0,0.0,0.0,0.0,0.0,1.0,0.0,0.0,0.0,96.07127996415197,81.76786100497442,40.945017182130584
MAT_0288,0.7333333333333334,0.273972602739726,0.8865979381443299,0.3847272404357936,0.4583333333333333,0.2083333333333333,0.4343434343434343,0.7846153846153847,0.6304347826086958,0.8888888888888888,0.7777777777777777,0.75,0.4300699300699301,0.5333214679021546,0.2302405498281786,0.7297297297297296,0.0,0.0,1.0,0.0,0.0,0.0,0.0,0.0,1.0,0.0,0.0,1.0,0.0,0.0,0.0,0.0,0.0,1.0,0.0,1.0,0.0,0.0,0.0,0.0,0.0,1.0,0.0,0.0,0.0,0.0,63.08444541318883,68.22846225939008,82.73195876288659
MAT_0289,1.0,0.780821917808219,0.4536082474226804,0.0006993123428628,0.1249999999999999,0.181547619047619,0.0808080808080808,0.5692307692307692,0.7826086956521741,0.3333333333333333,0.2222222222222222,0.125,0.0994560994560994,0.959119881642324,0.141904184354154,0.7297297297297296,0.0,1.0,0.0,0.0,0.0,0.0,1.0,0.0,0.0,0.0,1.0,0.0,1.0,0.0,0.0,0.0,0.0,0.0,1.0,0.0,0.0,0.0,0.0,0.0,0.0,0.0,1.0,0.0,0.0,0.0,96.74669739739088,84.09935997564864,28.238831615120276
MAT_0290,0.711111111111111,0.3561643835616437,0.9278350515463918,0.18593383173213,0.375,0.2499999999999999,0.4107744107744108,0.8923076923076922,0.8043478260869565,0.6666666666666665,0.7777777777777777,0.5,0.5512820512820513,0.4062983191875146,0.1645441681827369,0.9189189189189192,0.0,0.0,0.0,1.0,0.0,0.0,0.0,0.0,1.0,0.0,0.0,1.0,0.0,0.0,0.0,0.0,1.0,0.0,0.0,0.0,0.0,0.0,1.0,0.0,1.0,0.0,0.0,0.0,0.0,0.0,69.32434195039299,62.3259318001586,71.89003436426115
MAT_0291,0.5999999999999999,0.273972602739726,0.8556701030927835,0.2892655555370552,0.4166666666666667,0.2261904761904762,0.404040404040404,0.8,0.5217391304347827,0.6666666666666665,0.8888888888888888,0.75,0.4860139860139861,0.503832163475978,0.2270062664240953,0.7297297297297296,0.0,0.0,1.0,0.0,0.0,0.0,0.0,0.0,1.0,0.0,0.0,1.0,0.0,1.0,0.0,0.0,0.0,0.0,0.0,1.0,0.0,0.0,0.0,0.0,0.0,1.0,0.0,0.0,0.0,0.0,63.16041717227219,60.812702761156366,78.78006872852235
MAT_0292,1.0,0.821917808219178,0.4845360824742267,0.0009435166530689,0.1666666666666666,0.125,0.0841750841750841,0.5538461538461539,0.7608695652173914,0.4444444444444445,0.2222222222222222,0.125,0.0928515928515928,0.9489081949342024,0.1156256316959773,0.5945945945945945,0.0,1.0,0.0,0.0,0.0,0.0,1.0,0.0,0.0,0.0,1.0,0.0,0.0,0.0,0.0,0.0,1.0,0.0,1.0,0.0,0.0,0.0,0.0,0.0,0.0,0.0,1.0,0.0,0.0,0.0,96.60469113340457,85.0481420069049,32.19072164948453
MAT_0293,0.7333333333333334,0.3835616438356165,0.9381443298969072,0.4269856862973631,0.3333333333333333,0.2619047619047618,0.3771043771043771,0.7846153846153847,0.6086956521739131,0.7777777777777777,0.6666666666666665,0.5,0.5609945609945611,0.3896014327508148,0.1724277339801899,0.783783783783784,0.0,0.0,0.0,1.0,0.0,0.0,0.0,0.0,1.0,0.0,0.0,1.0,0.0,0.0,0.0,0.0,0.0,1.0,0.0,0.0,0.0,0.0,1.0,0.0,1.0,0.0,0.0,0.0,0.0,0.0,64.10625432690402,62.71315854821009,72.09621993127146
MAT_0294,0.9333333333333332,0.7534246575342465,0.4948453608247423,0.0016705794857279,0.1249999999999999,0.1428571428571428,0.074074074074074,0.5538461538461539,0.6956521739130435,0.5555555555555556,0.3333333333333333,0.375,0.106060606060606,0.9741259441360668,0.120274914089347,0.5675675675675673,0.0,1.0,0.0,0.0,0.0,0.0,1.0,0.0,0.0,0.0,1.0,0.0,0.0,0.0,1.0,0.0,0.0,0.0,1.0,0.0,0.0,0.0,0.0,0.0,0.0,0.0,1.0,0.0,0.0,0.0,94.98691965246522,82.59387691346454,44.06357388316151
MAT_0295,0.711111111111111,0.3150684931506849,0.865979381443299,0.1987989588016228,0.4583333333333333,0.2291666666666666,0.404040404040404,0.8461538461538463,0.6304347826086958,0.8888888888888888,0.7777777777777777,0.75,0.4405594405594406,0.4974804498481595,0.2025469981807155,0.7027027027027029,0.0,0.0,1.0,0.0,0.0,0.0,0.0,0.0,1.0,0.0,0.0,1.0,0.0,0.0,0.0,0.0,0.0,1.0,0.0,1.0,0.0,0.0,0.0,0.0,0.0,1.0,0.0,0.0,0.0,0.0,69.20774840766849,66.62494893422728,82.31958762886597
MAT_0296,0.6666666666666667,0.3698630136986301,0.9278350515463918,0.1624680175605099,0.375,0.2410714285714286,0.4107744107744108,0.8769230769230769,0.6304347826086958,0.6666666666666665,0.6666666666666665,0.625,0.5788655788655789,0.4054195356908462,0.1659591671720234,0.8108108108108107,0.0,0.0,0.0,1.0,0.0,0.0,0.0,0.0,1.0,0.0,0.0,1.0,0.0,0.0,0.0,1.0,0.0,0.0,0.0,0.0,0.0,0.0,1.0,0.0,1.0,0.0,0.0,0.0,0.0,0.0,68.69498304220826,59.61342208764889,71.05670103092783
MAT_0297,0.977777777777778,0.8356164383561644,0.5154639175257731,0.0014430254693995,0.1249999999999999,0.125,0.0841750841750841,0.5538461538461539,0.847826086956522,0.3333333333333333,0.3333333333333333,0.25,0.101010101010101,0.918295382493298,0.1485748938750757,0.5945945945945945,0.0,1.0,0.0,0.0,0.0,0.0,1.0,0.0,0.0,0.0,1.0,0.0,0.0,1.0,0.0,0.0,0.0,0.0,1.0,0.0,0.0,0.0,0.0,0.0,0.0,0.0,1.0,0.0,0.0,0.0,95.923039202248,84.59210663334376,35.30927835051546
MAT_0298,0.8888888888888888,0.2876712328767123,0.9381443298969072,0.2586845157817035,0.4166666666666667,0.181547619047619,0.4107744107744108,0.7692307692307692,0.4565217391304348,0.7777777777777777,0.7777777777777777,0.75,0.445998445998446,0.4449647930409246,0.2110369921164341,0.6756756756756757,0.0,0.0,1.0,0.0,0.0,0.0,0.0,0.0,1.0,0.0,0.0,1.0,0.0,0.0,0.0,0.0,1.0,0.0,0.0,1.0,0.0,0.0,0.0,0.0,0.0,1.0,0.0,0.0,0.0,0.0,72.47515476223913,73.1296309646825,80.4295532646048
MAT_0299,0.6666666666666667,0.3972602739726027,0.9587628865979382,0.2221093702303845,0.3333333333333333,0.2678571428571428,0.3905723905723905,0.8461538461538463,0.7826086956521741,0.8888888888888888,0.6666666666666665,0.5,0.5843045843045844,0.3944180562198961,0.1906205781281584,0.8918918918918919,0.0,0.0,0.0,1.0,0.0,0.0,0.0,0.0,1.0,0.0,0.0,1.0,0.0,1.0,0.0,0.0,0.0,0.0,0.0,0.0,0.0,0.0,1.0,0.0,1.0,0.0,0.0,0.0,0.0,0.0,67.71382327019285,59.960028516729544,75.84192439862542
MAT_0300,0.977777777777778,0.780821917808219,0.4845360824742267,0.000921316261232,0.1249999999999999,0.1369047619047619,0.0707070707070706,0.5692307692307692,0.6304347826086958,0.5555555555555556,0.2222222222222222,0.25,0.1421911421911422,0.912121650333159,0.1208813422276127,0.6486486486486485,0.0,1.0,0.0,0.0,0.0,0.0,1.0,0.0,0.0,0.0,1.0,0.0,0.0,0.0,0.0,0.0,1.0,0.0,1.0,0.0,0.0,0.0,0.0,0.0,0.0,0.0,1.0,0.0,0.0,0.0,96.47741101721357,81.91449787326077,38.024054982817866
MAT_0301,0.6666666666666667,0.2328767123287671,0.865979381443299,0.290691930712577,0.4166666666666667,0.2083333333333333,0.3872053872053872,0.7846153846153847,0.5869565217391306,0.8888888888888888,0.7777777777777777,0.625,0.4755244755244756,0.4700156846168393,0.2177077016373559,0.9189189189189192,0.0,0.0,1.0,0.0,0.0,0.0,0.0,0.0,1.0,0.0,0.0,1.0,0.0,0.0,1.0,0.0,0.0,0.0,0.0,1.0,0.0,0.0,0.0,0.0,0.0,1.0,0.0,0.0,0.0,0.0,65.79102659040721,63.54336385264221,79.81958762886599
MAT_0302,0.8888888888888888,0.3698630136986301,0.9896907216494844,0.2384655089162324,0.375,0.2708333333333333,0.4175084175084175,0.8615384615384616,0.6086956521739131,0.6666666666666665,0.7777777777777777,0.5,0.5722610722610724,0.3805577494243412,0.1683848797250859,0.6216216216216217,0.0,0.0,0.0,1.0,0.0,0.0,0.0,0.0,1.0,0.0,0.0,1.0,0.0,0.0,0.0,0.0,0.0,1.0,0.0,0.0,0.0,0.0,1.0,0.0,1.0,0.0,0.0,0.0,0.0,0.0,72.812364698843,67.84742748660273,73.127147766323
MAT_0303,1.0,0.7671232876712328,0.4432989690721649,0.0007659135183735,0.1249999999999999,0.1607142857142857,0.0808080808080808,0.6307692307692307,0.7173913043478262,0.3333333333333333,0.3333333333333333,0.375,0.1013986013986014,0.9118769258150996,0.1374570446735395,0.7297297297297296,0.0,1.0,0.0,0.0,0.0,0.0,1.0,0.0,0.0,0.0,1.0,0.0,0.0,0.0,1.0,0.0,0.0,0.0,1.0,0.0,0.0,0.0,0.0,0.0,0.0,0.0,1.0,0.0,0.0,0.0,96.74469936212557,83.79604931151323,36.3659793814433
MAT_0304,0.5999999999999999,0.2602739726027397,0.9175257731958762,0.3350982644843681,0.4166666666666667,0.2053571428571428,0.4208754208754209,0.7692307692307692,0.5,0.8888888888888888,0.7777777777777777,0.75,0.4584304584304585,0.4719623569195857,0.1904184354154032,0.6756756756756757,0.0,0.0,1.0,0.0,0.0,0.0,0.0,0.0,1.0,0.0,0.0,1.0,1.0,0.0,0.0,0.0,0.0,0.0,0.0,1.0,0.0,0.0,0.0,0.0,0.0,1.0,0.0,0.0,0.0,0.0,61.11203523045212,63.4289925423946,83.35051546391752
MAT_0305,0.7777777777777777,0.3972602739726027,0.9484536082474226,0.1713870249809909,0.375,0.2499999999999999,0.4107744107744108,0.8923076923076922,0.673913043478261,0.7777777777777777,0.6666666666666665,0.625,0.5621600621600622,0.4172219317663548,0.1748534465332524,0.8648648648648647,0.0,0.0,0.0,1.0,0.0,0.0,0.0,0.0,1.0,0.0,0.0,1.0,0.0,0.0,0.0,1.0,0.0,0.0,0.0,0.0,0.0,0.0,1.0,0.0,1.0,0.0,0.0,0.0,0.0,0.0,71.76074615292717,64.19440239027867,74.80240549828177
MAT_0306,1.0,0.780821917808219,0.4536082474226804,0.0006993123428628,0.1249999999999999,0.1220238095238095,0.0774410774410774,0.5692307692307692,0.7826086956521741,0.4444444444444445,0.2222222222222222,0.125,0.0994560994560994,0.959119881642324,0.141904184354154,0.7297297297297296,0.0,1.0,0.0,0.0,0.0,0.0,1.0,0.0,0.0,0.0,1.0,0.0,0.0,0.0,0.0,0.0,0.0,1.0,1.0,0.0,0.0,0.0,0.0,0.0,0.0,0.0,1.0,0.0,0.0,0.0,96.88137753207103,84.09935997564864,31.572164948453608
MAT_0307,0.7333333333333334,0.2054794520547945,0.9381443298969072,0.2232193898222303,0.4166666666666667,0.1934523809523809,0.3939393939393939,0.8153846153846154,0.5217391304347827,0.8888888888888888,0.8888888888888888,0.5,0.4518259518259518,0.5116855957373438,0.1966848595108146,0.8918918918918919,0.0,0.0,1.0,0.0,0.0,0.0,0.0,0.0,1.0,0.0,0.0,1.0,0.0,1.0,0.0,0.0,0.0,0.0,0.0,1.0,0.0,0.0,0.0,0.0,0.0,1.0,0.0,0.0,0.0,0.0,69.54584254775733,68.17158900664056,82.09621993127148
MAT_0308,0.711111111111111,0.3835616438356165,0.9381443298969072,0.4269856862973631,0.3333333333333333,0.2619047619047618,0.404040404040404,0.7846153846153847,0.6086956521739131,0.7777777777777777,0.8888888888888888,0.625,0.5609945609945611,0.3896014327508148,0.1724277339801899,0.783783783783784,0.0,0.0,0.0,1.0,0.0,0.0,0.0,0.0,1.0,0.0,0.0,1.0,0.0,0.0,0.0,0.0,1.0,0.0,0.0,0.0,0.0,0.0,1.0,0.0,1.0,0.0,0.0,0.0,0.0,0.0,62.36214658279627,62.04649188154342,81.26288659793815
MAT_0309,1.0,0.821917808219178,0.4845360824742267,0.0009879174367427,0.1666666666666666,0.1428571428571428,0.0774410774410774,0.5538461538461539,0.8043478260869565,0.3333333333333333,0.3333333333333333,0.25,0.1107226107226107,0.946961522631456,0.1212856276531231,0.6216216216216217,0.0,1.0,0.0,0.0,0.0,0.0,1.0,0.0,0.0,0.0,1.0,0.0,1.0,0.0,0.0,0.0,0.0,0.0,1.0,0.0,0.0,0.0,0.0,0.0,0.0,0.0,1.0,0.0,0.0,0.0,96.87271937925463,84.15459111335399,34.69072164948454
MAT_0310,0.7777777777777777,0.3561643835616437,0.9690721649484536,0.18593383173213,0.375,0.2232142857142857,0.4006734006734007,0.8769230769230769,0.8043478260869565,0.8888888888888888,0.7777777777777777,0.625,0.5512820512820513,0.4062983191875146,0.1645441681827369,0.9189189189189192,0.0,0.0,0.0,1.0,0.0,0.0,0.0,0.0,1.0,0.0,0.0,1.0,0.0,0.0,0.0,0.0,0.0,1.0,0.0,0.0,0.0,0.0,1.0,0.0,1.0,0.0,0.0,0.0,0.0,0.0,71.72838235443339,65.15067406819983,81.88144329896907
MAT_0311,0.977777777777778,0.7945205479452053,0.4639175257731959,0.0006826620489851,0.1249999999999999,0.1607142857142857,0.0774410774410774,0.5538461538461539,0.7826086956521741,0.5555555555555556,0.2222222222222222,0.375,0.1169386169386169,0.9145021524633746,0.1449363250454821,0.6216216216216217,0.0,1.0,0.0,0.0,0.0,0.0,1.0,0.0,0.0,0.0,1.0,0.0,0.0,0.0,0.0,1.0,0.0,0.0,1.0,0.0,0.0,0.0,0.0,0.0,0.0,0.0,1.0,0.0,0.0,0.0,96.21521037422069,82.76475300186641,40.111683848797256
MAT_0312,0.6666666666666667,0.3698630136986301,0.9278350515463918,0.1624680175605099,0.375,0.2589285714285714,0.3636363636363637,0.8769230769230769,0.6304347826086958,0.8888888888888888,0.7777777777777777,0.5,0.5788655788655789,0.4054195356908462,0.1659591671720234,0.8108108108108107,0.0,0.0,0.0,1.0,0.0,0.0,0.0,0.0,1.0,0.0,0.0,1.0,0.0,1.0,0.0,0.0,0.0,0.0,0.0,0.0,0.0,0.0,1.0,0.0,1.0,0.0,0.0,0.0,0.0,0.0,70.58050492773016,59.61342208764889,78.55670103092784
MAT_0313,1.0,0.8356164383561644,0.5154639175257731,0.0014430254693995,0.1249999999999999,0.1398809523809523,0.074074074074074,0.5538461538461539,0.847826086956522,0.4444444444444445,0.2222222222222222,0.125,0.101010101010101,0.918295382493298,0.1485748938750757,0.5945945945945945,0.0,1.0,0.0,0.0,0.0,0.0,1.0,0.0,0.0,0.0,1.0,0.0,0.0,0.0,0.0,0.0,1.0,0.0,1.0,0.0,0.0,0.0,0.0,0.0,0.0,0.0,1.0,0.0,0.0,0.0,96.99374627295508,85.25877330001042,32.80927835051546
MAT_0314,0.8888888888888888,0.3698630136986301,0.9587628865979382,0.1399346198460403,0.375,0.2589285714285714,0.4074074074074074,0.8461538461538463,0.6086956521739131,0.6666666666666665,0.7777777777777777,0.625,0.5516705516705518,0.3896014327508148,0.1718213058419243,0.6216216216216217,0.0,0.0,0.0,1.0,0.0,0.0,0.0,0.0,1.0,0.0,0.0,1.0,1.0,0.0,0.0,0.0,0.0,0.0,0.0,0.0,0.0,0.0,1.0,0.0,1.0,0.0,0.0,0.0,0.0,0.0,76.17233177498916,68.25839681509784,75.00859106529208
MAT_0315,0.9333333333333332,0.7534246575342465,0.4948453608247423,0.0016705794857279,0.1666666666666666,0.125,0.0808080808080808,0.5846153846153846,0.6956521739130435,0.4444444444444445,0.4444444444444445,0.25,0.106060606060606,0.9741259441360668,0.120274914089347,0.5675675675675673,0.0,1.0,0.0,0.0,0.0,0.0,1.0,0.0,0.0,0.0,1.0,0.0,0.0,0.0,0.0,1.0,0.0,0.0,1.0,0.0,0.0,0.0,0.0,0.0,0.0,0.0,1.0,0.0,0.0,0.0,94.71755938310493,82.59387691346454,41.56357388316151
MAT_0316,0.7333333333333334,0.3972602739726027,0.9587628865979382,0.2221093702303845,0.375,0.2678571428571428,0.4006734006734007,0.8615384615384616,0.7826086956521741,0.7777777777777777,0.6666666666666665,0.5,0.5843045843045844,0.3944180562198961,0.1906205781281584,0.8918918918918919,0.0,0.0,0.0,1.0,0.0,0.0,0.0,0.0,1.0,0.0,0.0,1.0,0.0,0.0,0.0,0.0,1.0,0.0,0.0,0.0,0.0,0.0,1.0,0.0,1.0,0.0,0.0,0.0,0.0,0.0,69.30978286615243,61.96002851672954,72.50859106529208
MAT_0317,0.977777777777778,0.821917808219178,0.5051546391752577,0.0011710706693973,0.1249999999999999,0.1428571428571428,0.074074074074074,0.5538461538461539,0.7826086956521741,0.4444444444444445,0.2222222222222222,0.25,0.1138306138306138,0.9835033427144398,0.1287649080250656,0.6756756756756757,0.0,1.0,0.0,0.0,0.0,0.0,1.0,0.0,0.0,0.0,1.0,0.0,1.0,0.0,0.0,0.0,0.0,0.0,1.0,0.0,0.0,0.0,0.0,0.0,0.0,0.0,1.0,0.0,0.0,0.0,96.33523825028847,83.7448954253078,35.103092783505154
MAT_0318,0.6666666666666667,0.3972602739726027,0.9690721649484536,0.1824872208994488,0.3333333333333333,0.2648809523809524,0.4276094276094276,0.8769230769230769,0.7826086956521741,0.8888888888888888,0.7777777777777777,0.625,0.5571095571095572,0.3493442495300176,0.173438447543966,0.9999999999999998,0.0,0.0,0.0,1.0,0.0,0.0,0.0,0.0,1.0,0.0,0.0,1.0,0.0,0.0,0.0,1.0,0.0,0.0,0.0,0.0,0.0,0.0,1.0,0.0,1.0,0.0,0.0,0.0,0.0,0.0,67.42100626863943,61.5259654434912,81.88144329896907
MAT_0319,0.9555555555555556,0.7671232876712328,0.4432989690721649,0.0007659135183735,0.0833333333333333,0.1398809523809523,0.0774410774410774,0.5538461538461539,0.7173913043478262,0.5555555555555556,0.2222222222222222,0.125,0.1013986013986014,0.9118769258150996,0.1374570446735395,0.7297297297297296,0.0,1.0,0.0,0.0,0.0,0.0,1.0,0.0,0.0,0.0,1.0,0.0,0.0,0.0,0.0,0.0,0.0,1.0,1.0,0.0,0.0,0.0,0.0,0.0,0.0,0.0,1.0,0.0,0.0,0.0,95.54604616347235,82.46271597817989,34.69931271477663
MAT_0320,0.7777777777777777,0.3972602739726027,0.9484536082474226,0.1713870249809909,0.3333333333333333,0.2499999999999999,0.3973063973063973,0.8461538461538463,0.673913043478261,0.7777777777777777,0.7777777777777777,0.625,0.5621600621600622,0.4172219317663548,0.1748534465332524,0.8648648648648647,0.0,0.0,0.0,1.0,0.0,0.0,0.0,0.0,1.0,0.0,0.0,1.0,0.0,1.0,0.0,0.0,0.0,0.0,0.0,0.0,0.0,0.0,1.0,0.0,1.0,0.0,0.0,0.0,0.0,0.0,72.29946669164771,64.19440239027867,78.13573883161511
MAT_0321,0.911111111111111,0.780821917808219,0.4845360824742267,0.000921316261232,0.1249999999999999,0.1607142857142857,0.0707070707070706,0.5538461538461539,0.6304347826086958,0.4444444444444445,0.3333333333333333,0.25,0.1421911421911422,0.912121650333159,0.1208813422276127,0.6486486486486485,0.0,1.0,0.0,0.0,0.0,0.0,1.0,0.0,0.0,0.0,1.0,0.0,1.0,0.0,0.0,0.0,0.0,0.0,1.0,0.0,0.0,0.0,0.0,0.0,0.0,0.0,1.0,0.0,0.0,0.0,94.47741101721354,79.91449787326074,38.024054982817866
MAT_0322,0.8222222222222224,0.3698630136986301,0.9896907216494844,0.2384655089162324,0.375,0.2499999999999999,0.3973063973063973,0.8307692307692309,0.6086956521739131,0.7777777777777777,0.7777777777777777,0.625,0.5722610722610724,0.3805577494243412,0.1683848797250859,0.6216216216216217,0.0,0.0,0.0,1.0,0.0,0.0,0.0,0.0,1.0,0.0,0.0,1.0,0.0,0.0,0.0,0.0,0.0,1.0,0.0,0.0,0.0,0.0,1.0,0.0,1.0,0.0,0.0,0.0,0.0,0.0,71.62044550692382,65.84742748660274,78.96048109965635
MAT_0323,1.0,0.780821917808219,0.4536082474226804,0.0006993123428628,0.1249999999999999,0.181547619047619,0.074074074074074,0.5692307692307692,0.7826086956521741,0.4444444444444445,0.2222222222222222,0.375,0.0994560994560994,0.959119881642324,0.141904184354154,0.7297297297297296,0.0,1.0,0.0,0.0,0.0,0.0,1.0,0.0,0.0,0.0,1.0,0.0,0.0,0.0,0.0,1.0,0.0,0.0,1.0,0.0,0.0,0.0,0.0,0.0,0.0,0.0,1.0,0.0,0.0,0.0,97.01605766675117,84.09935997564864,36.57216494845361
MAT_0324,0.7333333333333334,0.3561643835616437,0.9278350515463918,0.18593383173213,0.3333333333333333,0.2232142857142857,0.3771043771043771,0.8769230769230769,0.8043478260869565,0.6666666666666665,0.7777777777777777,0.5,0.5512820512820513,0.4062983191875146,0.1645441681827369,0.9189189189189192,0.0,0.0,0.0,1.0,0.0,0.0,0.0,0.0,1.0,0.0,0.0,1.0,1.0,0.0,0.0,0.0,0.0,0.0,0.0,0.0,0.0,0.0,1.0,0.0,1.0,0.0,0.0,0.0,0.0,0.0,71.337809963861,62.992598466825264,71.89003436426115
MAT_0325,0.977777777777778,0.821917808219178,0.4845360824742267,0.0009879174367427,0.1666666666666666,0.1428571428571428,0.0841750841750841,0.5538461538461539,0.8043478260869565,0.4444444444444445,0.3333333333333333,0.25,0.1107226107226107,0.946961522631456,0.1212856276531231,0.6216216216216217,0.0,1.0,0.0,0.0,0.0,0.0,1.0,0.0,0.0,0.0,1.0,0.0,0.0,0.0,0.0,0.0,0.0,1.0,1.0,0.0,0.0,0.0,0.0,0.0,0.0,0.0,1.0,0.0,0.0,0.0,95.93669244322771,83.48792444668733,38.024054982817866
MAT_0326,0.7777777777777777,0.3835616438356165,0.9381443298969072,0.4269856862973631,0.3333333333333333,0.2678571428571428,0.4175084175084175,0.7846153846153847,0.6086956521739131,0.6666666666666665,0.7777777777777777,0.625,0.5609945609945611,0.3896014327508148,0.1724277339801899,0.783783783783784,0.0,0.0,0.0,1.0,0.0,0.0,0.0,0.0,1.0,0.0,0.0,1.0,0.0,0.0,1.0,0.0,0.0,0.0,0.0,0.0,0.0,0.0,1.0,0.0,1.0,0.0,0.0,0.0,0.0,0.0,63.82342604407574,64.0464918815434,74.59621993127146
MAT_0327,0.8666666666666667,0.7945205479452053,0.4639175257731959,0.0006826620489851,0.1249999999999999,0.181547619047619,0.074074074074074,0.5384615384615385,0.7826086956521741,0.5555555555555556,0.2222222222222222,0.25,0.1169386169386169,0.9145021524633746,0.1449363250454821,0.6216216216216217,0.0,1.0,0.0,0.0,0.0,0.0,1.0,0.0,0.0,0.0,1.0,0.0,0.0,1.0,0.0,0.0,0.0,0.0,1.0,0.0,0.0,0.0,0.0,0.0,0.0,0.0,1.0,0.0,0.0,0.0,93.0165571755675,79.43141966853308,37.61168384879725
MAT_0328,0.6666666666666667,0.3698630136986301,0.9278350515463918,0.1624680175605099,0.375,0.2410714285714286,0.4276094276094276,0.8769230769230769,0.6304347826086958,0.7777777777777777,0.6666666666666665,0.625,0.5788655788655789,0.4054195356908462,0.1659591671720234,0.8108108108108107,0.0,0.0,0.0,1.0,0.0,0.0,0.0,0.0,1.0,0.0,0.0,1.0,0.0,0.0,0.0,0.0,1.0,0.0,0.0,0.0,0.0,0.0,1.0,0.0,1.0,0.0,0.0,0.0,0.0,0.0,68.0215823688076,59.61342208764889,74.39003436426115
MAT_0329,0.9333333333333332,0.7534246575342465,0.4948453608247423,0.0016705794857279,0.1666666666666666,0.1428571428571428,0.0774410774410774,0.5846153846153846,0.6956521739130435,0.4444444444444445,0.2222222222222222,0.25,0.106060606060606,0.9741259441360668,0.120274914089347,0.5675675675675673,0.0,1.0,0.0,0.0,0.0,0.0,1.0,0.0,0.0,0.0,1.0,0.0,1.0,0.0,0.0,0.0,0.0,0.0,1.0,0.0,0.0,0.0,0.0,0.0,0.0,0.0,1.0,0.0,0.0,0.0,94.85223951778508,82.59387691346454,34.896907216494846
MAT_0330,0.7333333333333334,0.3972602739726027,0.9587628865979382,0.2221093702303845,0.375,0.2499999999999999,0.4208754208754209,0.8615384615384616,0.7826086956521741,0.7777777777777777,0.6666666666666665,0.625,0.5843045843045844,0.3944180562198961,0.1906205781281584,0.8918918918918919,0.0,0.0,0.0,1.0,0.0,0.0,0.0,0.0,1.0,0.0,0.0,1.0,0.0,0.0,0.0,1.0,0.0,0.0,0.0,0.0,0.0,0.0,1.0,0.0,1.0,0.0,0.0,0.0,0.0,0.0,68.50170205807163,61.96002851672954,75.00859106529208
MAT_0331,0.977777777777778,0.8356164383561644,0.5154639175257731,0.0014430254693995,0.1249999999999999,0.125,0.074074074074074,0.5538461538461539,0.847826086956522,0.4444444444444445,0.3333333333333333,0.25,0.101010101010101,0.918295382493298,0.1485748938750757,0.5945945945945945,0.0,1.0,0.0,0.0,0.0,0.0,1.0,0.0,0.0,0.0,1.0,0.0,0.0,0.0,0.0,0.0,0.0,1.0,1.0,0.0,0.0,0.0,0.0,0.0,0.0,0.0,1.0,0.0,0.0,0.0,96.32707960628841,84.59210663334376,38.64261168384879
MAT_0332,0.8888888888888888,0.3698630136986301,0.9587628865979382,0.1399346198460403,0.375,0.2678571428571428,0.4107744107744108,0.8307692307692309,0.6086956521739131,0.6666666666666665,0.7777777777777777,0.5,0.5516705516705518,0.3896014327508148,0.1718213058419243,0.6216216216216217,0.0,0.0,0.0,1.0,0.0,0.0,0.0,0.0,1.0,0.0,0.0,1.0,0.0,1.0,0.0,0.0,0.0,0.0,0.0,0.0,0.0,0.0,1.0,0.0,1.0,0.0,0.0,0.0,0.0,0.0,76.03765164030902,68.25839681509784,72.50859106529208
MAT_0333,0.9555555555555556,0.7671232876712328,0.4432989690721649,0.0007659135183735,0.0833333333333333,0.1220238095238095,0.0841750841750841,0.5538461538461539,0.7173913043478262,0.5555555555555556,0.2222222222222222,0.375,0.1013986013986014,0.9118769258150996,0.1374570446735395,0.7297297297297296,0.0,1.0,0.0,0.0,0.0,0.0,1.0,0.0,0.0,0.0,1.0,0.0,0.0,0.0,0.0,0.0,1.0,0.0,1.0,0.0,0.0,0.0,0.0,0.0,0.0,0.0,1.0,0.0,0.0,0.0,95.27668589411209,82.46271597817989,39.69931271477664
MAT_0334,0.7333333333333334,0.3561643835616437,0.9690721649484536,0.18593383173213,0.3333333333333333,0.2499999999999999,0.404040404040404,0.8923076923076922,0.8043478260869565,0.8888888888888888,0.6666666666666665,0.5,0.5512820512820513,0.4062983191875146,0.1645441681827369,0.9189189189189192,0.0,0.0,0.0,1.0,0.0,0.0,0.0,0.0,1.0,0.0,0.0,1.0,1.0,0.0,0.0,0.0,0.0,0.0,0.0,0.0,0.0,0.0,1.0,0.0,1.0,0.0,0.0,0.0,0.0,0.0,70.26036888641994,63.8173407348665,76.04810996563573
MAT_0335,0.911111111111111,0.780821917808219,0.4845360824742267,0.000921316261232,0.1249999999999999,0.1369047619047619,0.0639730639730639,0.5538461538461539,0.6304347826086958,0.4444444444444445,0.4444444444444445,0.125,0.1421911421911422,0.912121650333159,0.1208813422276127,0.6486486486486485,0.0,1.0,0.0,0.0,0.0,0.0,1.0,0.0,0.0,0.0,1.0,0.0,0.0,0.0,0.0,1.0,0.0,0.0,1.0,0.0,0.0,0.0,0.0,0.0,0.0,0.0,1.0,0.0,0.0,0.0,94.7467712865738,79.91449787326074,38.8573883161512
MAT_0336,0.7777777777777777,0.3972602739726027,0.9484536082474226,0.1713870249809909,0.375,0.2648809523809524,0.367003367003367,0.8769230769230769,0.673913043478261,0.8888888888888888,0.8888888888888888,0.625,0.5621600621600622,0.4172219317663548,0.1748534465332524,0.8648648648648647,0.0,0.0,0.0,1.0,0.0,0.0,0.0,0.0,1.0,0.0,0.0,1.0,0.0,0.0,0.0,0.0,0.0,1.0,0.0,0.0,0.0,0.0,1.0,0.0,1.0,0.0,0.0,0.0,0.0,0.0,73.51158790376891,64.19440239027867,84.80240549828179
MAT_0337,1.0,0.780821917808219,0.4536082474226804,0.0006993123428628,0.1249999999999999,0.1339285714285714,0.074074074074074,0.5538461538461539,0.7826086956521741,0.4444444444444445,0.2222222222222222,0.25,0.0994560994560994,0.959119881642324,0.141904184354154,0.7297297297297296,0.0,1.0,0.0,0.0,0.0,0.0,1.0,0.0,0.0,0.0,1.0,0.0,1.0,0.0,0.0,0.0,0.0,0.0,1.0,0.0,0.0,0.0,0.0,0.0,0.0,0.0,1.0,0.0,0.0,0.0,97.01605766675117,84.09935997564864,34.07216494845361
MAT_0338,0.8666666666666667,0.3972602739726027,0.9587628865979382,0.2221093702303845,0.375,0.2589285714285714,0.3838383838383838,0.8461538461538463,0.7826086956521741,0.6666666666666665,0.6666666666666665,0.625,0.5843045843045844,0.3944180562198961,0.1906205781281584,0.8918918918918919,0.0,0.0,0.0,1.0,0.0,0.0,0.0,0.0,1.0,0.0,0.0,1.0,0.0,0.0,0.0,1.0,0.0,0.0,0.0,0.0,0.0,0.0,1.0,0.0,1.0,0.0,0.0,0.0,0.0,0.0,73.98318353955311,65.96002851672954,71.67525773195875
MAT_0339,0.8666666666666667,0.7945205479452053,0.4639175257731959,0.0006826620489851,0.1249999999999999,0.1607142857142857,0.0841750841750841,0.5384615384615385,0.7826086956521741,0.4444444444444445,0.2222222222222222,0.125,0.1169386169386169,0.9145021524633746,0.1449363250454821,0.6216216216216217,0.0,1.0,0.0,0.0,0.0,0.0,1.0,0.0,0.0,0.0,1.0,0.0,0.0,0.0,0.0,0.0,0.0,1.0,1.0,0.0,0.0,0.0,0.0,0.0,0.0,0.0,1.0,0.0,0.0,0.0,92.61251677152708,79.43141966853308,31.778350515463917
MAT_0340,0.6666666666666667,0.3698630136986301,0.9278350515463918,0.1624680175605099,0.375,0.2589285714285714,0.4175084175084175,0.8769230769230769,0.6304347826086958,0.6666666666666665,0.8888888888888888,0.5,0.5788655788655789,0.4054195356908462,0.1659591671720234,0.8108108108108107,0.0,0.0,0.0,1.0,0.0,0.0,0.0,0.0,1.0,0.0,0.0,1.0,1.0,0.0,0.0,0.0,0.0,0.0,0.0,0.0,0.0,0.0,1.0,0.0,1.0,0.0,0.0,0.0,0.0,0.0,68.425622772848,59.61342208764889,75.2233676975945
MAT_0341,0.9333333333333332,0.7534246575342465,0.4948453608247423,0.0016705794857279,0.1666666666666666,0.1428571428571428,0.074074074074074,0.5538461538461539,0.6956521739130435,0.4444444444444445,0.3333333333333333,0.25,0.106060606060606,0.9741259441360668,0.120274914089347,0.5675675675675673,0.0,1.0,0.0,0.0,0.0,0.0,1.0,0.0,0.0,0.0,1.0,0.0,0.0,0.0,0.0,1.0,0.0,0.0,1.0,0.0,0.0,0.0,0.0,0.0,0.0,0.0,1.0,0.0,0.0,0.0,94.98691965246522,82.59387691346454,38.230240549828174
MAT_0342,0.8222222222222224,0.3698630136986301,0.9896907216494844,0.2384655089162324,0.3333333333333333,0.2678571428571428,0.404040404040404,0.8,0.6086956521739131,0.7777777777777777,0.6666666666666665,0.625,0.5722610722610724,0.3805577494243412,0.1683848797250859,0.6216216216216217,0.0,0.0,0.0,1.0,0.0,0.0,0.0,0.0,1.0,0.0,0.0,1.0,0.0,0.0,0.0,0.0,0.0,1.0,0.0,0.0,0.0,0.0,1.0,0.0,1.0,0.0,0.0,0.0,0.0,0.0,71.35108523756354,65.84742748660274,75.627147766323
MAT_0343,0.977777777777778,0.8356164383561644,0.5154639175257731,0.0014430254693995,0.1249999999999999,0.1398809523809523,0.0774410774410774,0.5538461538461539,0.847826086956522,0.4444444444444445,0.3333333333333333,0.25,0.101010101010101,0.918295382493298,0.1485748938750757,0.5945945945945945,0.0,1.0,0.0,0.0,0.0,0.0,1.0,0.0,0.0,0.0,1.0,0.0,1.0,0.0,0.0,0.0,0.0,0.0,1.0,0.0,0.0,0.0,0.0,0.0,0.0,0.0,1.0,0.0,0.0,0.0,96.19239947160827,84.59210663334376,38.64261168384879
MAT_0344,0.7333333333333334,0.3561643835616437,0.9690721649484536,0.18593383173213,0.3333333333333333,0.2499999999999999,0.4107744107744108,0.8923076923076922,0.8043478260869565,0.8888888888888888,0.6666666666666665,0.5,0.5512820512820513,0.4062983191875146,0.1645441681827369,0.9189189189189192,0.0,0.0,0.0,1.0,0.0,0.0,0.0,0.0,1.0,0.0,0.0,1.0,0.0,0.0,0.0,1.0,0.0,0.0,0.0,0.0,0.0,0.0,1.0,0.0,1.0,0.0,0.0,0.0,0.0,0.0,69.99100861705966,63.8173407348665,76.04810996563573
MAT_0345,0.911111111111111,0.780821917808219,0.4845360824742267,0.000921316261232,0.1249999999999999,0.1369047619047619,0.0673400673400673,0.5692307692307692,0.6304347826086958,0.5555555555555556,0.2222222222222222,0.375,0.1421911421911422,0.912121650333159,0.1208813422276127,0.6486486486486485,0.0,1.0,0.0,0.0,0.0,0.0,1.0,0.0,0.0,0.0,1.0,0.0,0.0,0.0,0.0,0.0,0.0,1.0,1.0,0.0,0.0,0.0,0.0,0.0,0.0,0.0,1.0,0.0,0.0,0.0,94.61209115189367,79.91449787326074,40.52405498281787
MAT_0346,0.7777777777777777,0.3835616438356165,0.9381443298969072,0.4269856862973631,0.3333333333333333,0.2619047619047618,0.3973063973063973,0.7846153846153847,0.6086956521739131,0.7777777777777777,0.7777777777777777,0.625,0.5609945609945611,0.3896014327508148,0.1724277339801899,0.783783783783784,0.0,0.0,0.0,1.0,0.0,0.0,0.0,0.0,1.0,0.0,0.0,1.0,1.0,0.0,0.0,0.0,0.0,0.0,0.0,0.0,0.0,0.0,1.0,0.0,1.0,0.0,0.0,0.0,0.0,0.0,64.63150685215655,64.0464918815434,77.9295532646048
MAT_0347,1.0,0.7671232876712328,0.4432989690721649,0.0007659135183735,0.0833333333333333,0.1220238095238095,0.0774410774410774,0.5846153846153846,0.7173913043478262,0.4444444444444445,0.2222222222222222,0.125,0.1013986013986014,0.9118769258150996,0.1374570446735395,0.7297297297297296,0.0,1.0,0.0,0.0,0.0,0.0,1.0,0.0,0.0,0.0,1.0,0.0,0.0,0.0,0.0,1.0,0.0,0.0,1.0,0.0,0.0,0.0,0.0,0.0,0.0,0.0,1.0,0.0,0.0,0.0,96.8793794968057,83.79604931151323,31.3659793814433
MAT_0348,0.8888888888888888,0.3698630136986301,0.9587628865979382,0.1399346198460403,0.375,0.2470238095238094,0.3872053872053872,0.8615384615384616,0.6086956521739131,0.7777777777777777,0.7777777777777777,0.625,0.5516705516705518,0.3896014327508148,0.1718213058419243,0.6216216216216217,0.0,0.0,0.0,1.0,0.0,0.0,0.0,0.0,1.0,0.0,0.0,1.0,0.0,0.0,0.0,0.0,0.0,1.0,0.0,0.0,0.0,0.0,1.0,0.0,1.0,0.0,0.0,0.0,0.0,0.0,76.98041258306996,68.25839681509784,78.34192439862542
MAT_0349,0.9555555555555556,0.7945205479452053,0.4639175257731959,0.0006826620489851,0.1249999999999999,0.1607142857142857,0.074074074074074,0.5384615384615385,0.7826086956521741,0.4444444444444445,0.2222222222222222,0.25,0.1169386169386169,0.9145021524633746,0.1449363250454821,0.6216216216216217,0.0,1.0,0.0,0.0,0.0,0.0,1.0,0.0,0.0,0.0,1.0,0.0,1.0,0.0,0.0,0.0,0.0,0.0,1.0,0.0,0.0,0.0,0.0,0.0,0.0,0.0,1.0,0.0,0.0,0.0,95.68322384223416,82.09808633519975,34.27835051546392
MAT_0350,0.7777777777777777,0.3972602739726027,0.9484536082474226,0.1713870249809909,0.3333333333333333,0.2499999999999999,0.3973063973063973,0.8461538461538463,0.673913043478261,0.8888888888888888,0.6666666666666665,0.5,0.5621600621600622,0.4172219317663548,0.1748534465332524,0.8648648648648647,0.0,0.0,0.0,1.0,0.0,0.0,0.0,0.0,1.0,0.0,0.0,1.0,0.0,0.0,0.0,1.0,0.0,0.0,0.0,0.0,0.0,0.0,1.0,0.0,1.0,0.0,0.0,0.0,0.0,0.0,72.29946669164771,64.19440239027867,75.63573883161511
MAT_0351,1.0,0.780821917808219,0.4536082474226804,0.0006993123428628,0.1249999999999999,0.181547619047619,0.074074074074074,0.5538461538461539,0.7826086956521741,0.4444444444444445,0.3333333333333333,0.25,0.0994560994560994,0.959119881642324,0.141904184354154,0.7297297297297296,0.0,1.0,0.0,0.0,0.0,0.0,1.0,0.0,0.0,0.0,1.0,0.0,0.0,0.0,0.0,0.0,0.0,1.0,1.0,0.0,0.0,0.0,0.0,0.0,0.0,0.0,1.0,0.0,0.0,0.0,97.01605766675117,84.09935997564864,37.40549828178694
MAT_0352,0.7333333333333334,0.3972602739726027,0.9587628865979382,0.2221093702303845,0.375,0.2678571428571428,0.3838383838383838,0.8461538461538463,0.7826086956521741,0.7777777777777777,0.7777777777777777,0.625,0.5843045843045844,0.3944180562198961,0.1906205781281584,0.8918918918918919,0.0,0.0,0.0,1.0,0.0,0.0,0.0,0.0,1.0,0.0,0.0,1.0,1.0,0.0,0.0,0.0,0.0,0.0,0.0,0.0,0.0,0.0,1.0,0.0,1.0,0.0,0.0,0.0,0.0,0.0,69.98318353955311,61.96002851672954,78.34192439862542
MAT_0353,0.977777777777778,0.821917808219178,0.5051546391752577,0.0011710706693973,0.1249999999999999,0.125,0.0841750841750841,0.5538461538461539,0.7826086956521741,0.3333333333333333,0.3333333333333333,0.375,0.1138306138306138,0.9835033427144398,0.1287649080250656,0.6756756756756757,0.0,1.0,0.0,0.0,0.0,0.0,1.0,0.0,0.0,0.0,1.0,0.0,0.0,0.0,0.0,1.0,0.0,0.0,1.0,0.0,0.0,0.0,0.0,0.0,0.0,0.0,1.0,0.0,0.0,0.0,95.93119784624807,83.7448954253078,37.603092783505154
MAT_0354,0.6666666666666667,0.3698630136986301,0.9278350515463918,0.1624680175605099,0.375,0.2589285714285714,0.3771043771043771,0.8769230769230769,0.6304347826086958,0.6666666666666665,0.8888888888888888,0.5,0.5788655788655789,0.4054195356908462,0.1659591671720234,0.8108108108108107,0.0,0.0,0.0,1.0,0.0,0.0,0.0,0.0,1.0,0.0,0.0,1.0,0.0,0.0,0.0,0.0,0.0,1.0,0.0,0.0,0.0,0.0,1.0,0.0,1.0,0.0,0.0,0.0,0.0,0.0,70.0417843890096,59.61342208764889,75.2233676975945
MAT_0355,1.0,0.8356164383561644,0.5154639175257731,0.0014430254693995,0.1249999999999999,0.125,0.0808080808080808,0.5384615384615385,0.847826086956522,0.4444444444444445,0.3333333333333333,0.25,0.101010101010101,0.918295382493298,0.1485748938750757,0.5945945945945945,0.0,1.0,0.0,0.0,0.0,0.0,1.0,0.0,0.0,0.0,1.0,0.0,1.0,0.0,0.0,0.0,0.0,0.0,1.0,0.0,0.0,0.0,0.0,0.0,0.0,0.0,1.0,0.0,0.0,0.0,96.72438600359479,85.25877330001042,38.64261168384879
MAT_0356,0.711111111111111,0.3561643835616437,0.9690721649484536,0.18593383173213,0.3333333333333333,0.2232142857142857,0.4006734006734007,0.8769230769230769,0.8043478260869565,0.8888888888888888,0.6666666666666665,0.625,0.5512820512820513,0.4062983191875146,0.1645441681827369,0.9189189189189192,0.0,0.0,0.0,1.0,0.0,0.0,0.0,0.0,1.0,0.0,0.0,1.0,0.0,0.0,0.0,1.0,0.0,0.0,0.0,0.0,0.0,0.0,1.0,0.0,1.0,0.0,0.0,0.0,0.0,0.0,69.72838235443339,63.150674068199834,78.54810996563573
MAT_0357,0.9333333333333332,0.7534246575342465,0.4948453608247423,0.0016705794857279,0.1666666666666666,0.1220238095238095,0.074074074074074,0.5538461538461539,0.6956521739130435,0.4444444444444445,0.2222222222222222,0.125,0.106060606060606,0.9741259441360668,0.120274914089347,0.5675675675675673,0.0,1.0,0.0,0.0,0.0,0.0,1.0,0.0,0.0,0.0,1.0,0.0,0.0,0.0,0.0,0.0,0.0,1.0,1.0,0.0,0.0,0.0,0.0,0.0,0.0,0.0,1.0,0.0,0.0,0.0,94.98691965246522,82.59387691346454,32.396907216494846
MAT_0358,0.8222222222222224,0.3698630136986301,0.9896907216494844,0.2384655089162324,0.375,0.2708333333333333,0.4175084175084175,0.8307692307692309,0.6086956521739131,0.6666666666666665,0.6666666666666665,0.625,0.5722610722610724,0.3805577494243412,0.1683848797250859,0.6216216216216217,0.0,0.0,0.0,1.0,0.0,0.0,0.0,0.0,1.0,0.0,0.0,1.0,1.0,0.0,0.0,0.0,0.0,0.0,0.0,0.0,0.0,0.0,1.0,0.0,1.0,0.0,0.0,0.0,0.0,0.0,70.812364698843,65.84742748660274,72.29381443298968
MAT_0359,0.911111111111111,0.780821917808219,0.4845360824742267,0.000921316261232,0.1249999999999999,0.1607142857142857,0.0707070707070706,0.5692307692307692,0.6304347826086958,0.3333333333333333,0.3333333333333333,0.375,0.1421911421911422,0.912121650333159,0.1208813422276127,0.6486486486486485,0.0,1.0,0.0,0.0,0.0,0.0,1.0,0.0,0.0,0.0,1.0,0.0,0.0,0.0,0.0,1.0,0.0,0.0,1.0,0.0,0.0,0.0,0.0,0.0,0.0,0.0,1.0,0.0,0.0,0.0,94.47741101721354,79.91449787326074,37.19072164948454
MAT_0360,0.7777777777777777,0.3835616438356165,0.9381443298969072,0.4269856862973631,0.3333333333333333,0.2499999999999999,0.3905723905723905,0.9076923076923078,0.6086956521739131,0.7777777777777777,0.6666666666666665,0.625,0.5609945609945611,0.3896014327508148,0.1724277339801899,0.783783783783784,0.0,0.0,0.0,1.0,0.0,0.0,0.0,0.0,1.0,0.0,0.0,1.0,0.0,0.0,0.0,0.0,0.0,1.0,0.0,0.0,0.0,0.0,1.0,0.0,1.0,0.0,0.0,0.0,0.0,0.0,64.90086712151681,64.0464918815434,74.59621993127146
MAT_0361,1.0,0.7671232876712328,0.4432989690721649,0.0007659135183735,0.0833333333333333,0.1398809523809523,0.0808080808080808,0.5692307692307692,0.7173913043478262,0.4444444444444445,0.2222222222222222,0.125,0.1013986013986014,0.9118769258150996,0.1374570446735395,0.7297297297297296,0.0,1.0,0.0,0.0,0.0,0.0,1.0,0.0,0.0,0.0,1.0,0.0,1.0,0.0,0.0,0.0,0.0,0.0,1.0,0.0,0.0,0.0,0.0,0.0,0.0,0.0,1.0,0.0,0.0,0.0,96.74469936212557,83.79604931151323,31.3659793814433
MAT_0362,0.8888888888888888,0.3698630136986301,0.9587628865979382,0.1399346198460403,0.375,0.2678571428571428,0.4107744107744108,0.8615384615384616,0.6086956521739131,0.7777777777777777,0.7777777777777777,0.625,0.5516705516705518,0.3896014327508148,0.1718213058419243,0.6216216216216217,0.0,0.0,0.0,1.0,0.0,0.0,0.0,0.0,1.0,0.0,0.0,1.0,0.0,0.0,0.0,1.0,0.0,0.0,0.0,0.0,0.0,0.0,1.0,0.0,1.0,0.0,0.0,0.0,0.0,0.0,76.03765164030902,68.25839681509784,78.34192439862542
MAT_0363,0.9555555555555556,0.7945205479452053,0.4639175257731959,0.0006826620489851,0.1249999999999999,0.181547619047619,0.0774410774410774,0.5538461538461539,0.7826086956521741,0.5555555555555556,0.2222222222222222,0.25,0.1169386169386169,0.9145021524633746,0.1449363250454821,0.6216216216216217,0.0,1.0,0.0,0.0,0.0,0.0,1.0,0.0,0.0,0.0,1.0,0.0,0.0,0.0,0.0,0.0,0.0,1.0,1.0,0.0,0.0,0.0,0.0,0.0,0.0,0.0,1.0,0.0,0.0,0.0,95.54854370755402,82.09808633519975,37.61168384879725
MAT_0364,0.7777777777777777,0.3972602739726027,0.9484536082474226,0.1713870249809909,0.3333333333333333,0.2648809523809524,0.4242424242424243,0.8461538461538463,0.673913043478261,0.8888888888888888,0.6666666666666665,0.5,0.5621600621600622,0.4172219317663548,0.1748534465332524,0.8648648648648647,0.0,0.0,0.0,1.0,0.0,0.0,0.0,0.0,1.0,0.0,0.0,1.0,1.0,0.0,0.0,0.0,0.0,0.0,0.0,0.0,0.0,0.0,1.0,0.0,1.0,0.0,0.0,0.0,0.0,0.0,71.22202561420663,64.19440239027867,75.63573883161511
MAT_0365,1.0,0.780821917808219,0.4536082474226804,0.0006993123428628,0.1249999999999999,0.1339285714285714,0.0841750841750841,0.5538461538461539,0.7826086956521741,0.4444444444444445,0.3333333333333333,0.25,0.0994560994560994,0.959119881642324,0.141904184354154,0.7297297297297296,0.0,1.0,0.0,0.0,0.0,0.0,1.0,0.0,0.0,0.0,1.0,0.0,0.0,0.0,0.0,1.0,0.0,0.0,1.0,0.0,0.0,0.0,0.0,0.0,0.0,0.0,1.0,0.0,0.0,0.0,96.61201726271076,84.09935997564864,37.40549828178694
MAT_0366,0.7333333333333334,0.3972602739726027,0.9587628865979382,0.2221093702303845,0.375,0.244047619047619,0.3939393939393939,0.8461538461538463,0.7826086956521741,0.6666666666666665,0.6666666666666665,0.5,0.5843045843045844,0.3944180562198961,0.1906205781281584,0.8918918918918919,0.0,0.0,0.0,1.0,0.0,0.0,0.0,0.0,1.0,0.0,0.0,1.0,0.0,0.0,0.0,0.0,0.0,1.0,0.0,0.0,0.0,0.0,1.0,0.0,1.0,0.0,0.0,0.0,0.0,0.0,69.57914313551271,61.96002851672954,69.17525773195875
MAT_0367,0.977777777777778,0.821917808219178,0.5051546391752577,0.0011710706693973,0.1249999999999999,0.1458333333333333,0.0774410774410774,0.6000000000000001,0.7826086956521741,0.5555555555555556,0.2222222222222222,0.375,0.1138306138306138,0.9835033427144398,0.1287649080250656,0.6756756756756757,0.0,1.0,0.0,0.0,0.0,0.0,1.0,0.0,0.0,0.0,1.0,0.0,1.0,0.0,0.0,0.0,0.0,0.0,1.0,0.0,0.0,0.0,0.0,0.0,0.0,0.0,1.0,0.0,0.0,0.0,96.20055811560833,83.7448954253078,40.93642611683849
MAT_0368,0.6666666666666667,0.3698630136986301,0.9278350515463918,0.1624680175605099,0.375,0.2410714285714286,0.3973063973063973,0.8769230769230769,0.6304347826086958,0.6666666666666665,0.8888888888888888,0.625,0.5788655788655789,0.4054195356908462,0.1659591671720234,0.8108108108108107,0.0,0.0,0.0,1.0,0.0,0.0,0.0,0.0,1.0,0.0,0.0,1.0,0.0,0.0,0.0,1.0,0.0,0.0,0.0,0.0,0.0,0.0,1.0,0.0,1.0,0.0,0.0,0.0,0.0,0.0,69.23370358092882,59.61342208764889,77.7233676975945
MAT_0369,1.0,0.8356164383561644,0.5154639175257731,0.0014430254693995,0.1249999999999999,0.125,0.0774410774410774,0.5538461538461539,0.847826086956522,0.3333333333333333,0.3333333333333333,0.25,0.101010101010101,0.918295382493298,0.1485748938750757,0.5945945945945945,0.0,1.0,0.0,0.0,0.0,0.0,1.0,0.0,0.0,0.0,1.0,0.0,0.0,0.0,0.0,0.0,0.0,1.0,1.0,0.0,0.0,0.0,0.0,0.0,0.0,0.0,1.0,0.0,0.0,0.0,96.85906613827493,85.25877330001042,35.30927835051546
MAT_0370,0.711111111111111,0.3561643835616437,0.9690721649484536,0.18593383173213,0.3333333333333333,0.2499999999999999,0.4208754208754209,0.8923076923076922,0.8043478260869565,0.8888888888888888,0.6666666666666665,0.5,0.5512820512820513,0.4062983191875146,0.1645441681827369,0.9189189189189192,0.0,0.0,0.0,1.0,0.0,0.0,0.0,0.0,1.0,0.0,0.0,1.0,1.0,0.0,0.0,0.0,0.0,0.0,0.0,0.0,0.0,0.0,1.0,0.0,1.0,0.0,0.0,0.0,0.0,0.0,68.92030154635259,63.150674068199834,76.04810996563573
MAT_0371,0.9333333333333332,0.7534246575342465,0.4948453608247423,0.0016705794857279,0.1666666666666666,0.1428571428571428,0.0808080808080808,0.5538461538461539,0.6956521739130435,0.4444444444444445,0.3333333333333333,0.25,0.106060606060606,0.9741259441360668,0.120274914089347,0.5675675675675673,0.0,1.0,0.0,0.0,0.0,0.0,1.0,0.0,0.0,0.0,1.0,0.0,0.0,0.0,0.0,1.0,0.0,0.0,1.0,0.0,0.0,0.0,0.0,0.0,0.0,0.0,1.0,0.0,0.0,0.0,94.71755938310493,82.59387691346454,38.230240549828174
MAT_0372,0.8222222222222224,0.3698630136986301,0.9896907216494844,0.2384655089162324,0.375,0.2499999999999999,0.4074074074074074,0.8307692307692309,0.6086956521739131,0.7777777777777777,0.7777777777777777,0.625,0.5722610722610724,0.3805577494243412,0.1683848797250859,0.6216216216216217,0.0,0.0,0.0,1.0,0.0,0.0,0.0,0.0,1.0,0.0,0.0,1.0,0.0,0.0,0.0,0.0,0.0,1.0,0.0,0.0,0.0,0.0,1.0,0.0,1.0,0.0,0.0,0.0,0.0,0.0,71.21640510288341,65.84742748660274,78.96048109965635
MAT_0373,0.911111111111111,0.780821917808219,0.4845360824742267,0.000921316261232,0.1249999999999999,0.1369047619047619,0.0673400673400673,0.5692307692307692,0.6304347826086958,0.4444444444444445,0.4444444444444445,0.125,0.1421911421911422,0.912121650333159,0.1208813422276127,0.6486486486486485,0.0,1.0,0.0,0.0,0.0,0.0,1.0,0.0,0.0,0.0,1.0,0.0,1.0,0.0,0.0,0.0,0.0,0.0,1.0,0.0,0.0,0.0,0.0,0.0,0.0,0.0,1.0,0.0,0.0,0.0,94.61209115189367,79.91449787326074,38.8573883161512
MAT_0374,0.7777777777777777,0.3835616438356165,0.9381443298969072,0.4269856862973631,0.3333333333333333,0.2619047619047618,0.3804713804713804,0.7846153846153847,0.6086956521739131,0.6666666666666665,0.7777777777777777,0.5,0.5609945609945611,0.3896014327508148,0.1724277339801899,0.783783783783784,0.0,0.0,0.0,1.0,0.0,0.0,0.0,0.0,1.0,0.0,0.0,1.0,0.0,0.0,0.0,1.0,0.0,0.0,0.0,0.0,0.0,0.0,1.0,0.0,1.0,0.0,0.0,0.0,0.0,0.0,65.30490752555723,64.0464918815434,72.09621993127146
MAT_0375,0.9555555555555556,0.7671232876712328,0.4432989690721649,0.0007659135183735,0.0833333333333333,0.1220238095238095,0.0841750841750841,0.5538461538461539,0.7173913043478262,0.5555555555555556,0.2222222222222222,0.375,0.1013986013986014,0.9118769258150996,0.1374570446735395,0.7297297297297296,0.0,1.0,0.0,0.0,0.0,0.0,1.0,0.0,0.0,0.0,1.0,0.0,0.0,0.0,0.0,0.0,0.0,1.0,1.0,0.0,0.0,0.0,0.0,0.0,0.0,0.0,1.0,0.0,0.0,0.0,95.27668589411209,82.46271597817989,39.69931271477664
MAT_0376,0.8888888888888888,0.3698630136986301,0.9587628865979382,0.1399346198460403,0.375,0.2678571428571428,0.4107744107744108,0.8615384615384616,0.6086956521739131,0.7777777777777777,0.6666666666666665,0.625,0.5516705516705518,0.3896014327508148,0.1718213058419243,0.6216216216216217,0.0,0.0,0.0,1.0,0.0,0.0,0.0,0.0,1.0,0.0,0.0,1.0,1.0,0.0,0.0,0.0,0.0,0.0,0.0,0.0,0.0,0.0,1.0,0.0,1.0,0.0,0.0,0.0,0.0,0.0,76.03765164030902,68.25839681509784,75.00859106529208
MAT_0377,0.8666666666666667,0.7945205479452053,0.4639175257731959,0.0006826620489851,0.1249999999999999,0.181547619047619,0.074074074074074,0.5538461538461539,0.7826086956521741,0.5555555555555556,0.2222222222222222,0.25,0.1169386169386169,0.9145021524633746,0.1449363250454821,0.6216216216216217,0.0,1.0,0.0,0.0,0.0,0.0,1.0,0.0,0.0,0.0,1.0,0.0,0.0,0.0,0.0,1.0,0.0,0.0,1.0,0.0,0.0,0.0,0.0,0.0,0.0,0.0,1.0,0.0,0.0,0.0,93.0165571755675,79.43141966853308,37.61168384879725
MAT_0378,0.7777777777777777,0.3972602739726027,0.9484536082474226,0.1713870249809909,0.3333333333333333,0.2648809523809524,0.3973063973063973,0.8461538461538463,0.673913043478261,0.6666666666666665,0.6666666666666665,0.5,0.5621600621600622,0.4172219317663548,0.1748534465332524,0.8648648648648647,0.0,0.0,0.0,1.0,0.0,0.0,0.0,0.0,1.0,0.0,0.0,1.0,0.0,0.0,0.0,0.0,0.0,1.0,0.0,0.0,0.0,0.0,1.0,0.0,1.0,0.0,0.0,0.0,0.0,0.0,72.29946669164771,64.19440239027867,68.96907216494844
MAT_0379,1.0,0.780821917808219,0.4536082474226804,0.0006993123428628,0.1249999999999999,0.1339285714285714,0.0774410774410774,0.5692307692307692,0.7826086956521741,0.4444444444444445,0.3333333333333333,0.25,0.0994560994560994,0.959119881642324,0.141904184354154,0.7297297297297296,0.0,1.0,0.0,0.0,0.0,0.0,1.0,0.0,0.0,0.0,1.0,0.0,1.0,0.0,0.0,0.0,0.0,0.0,1.0,0.0,0.0,0.0,0.0,0.0,0.0,0.0,1.0,0.0,0.0,0.0,96.88137753207103,84.09935997564864,37.40549828178694
MAT_0380,0.7333333333333334,0.3972602739726027,0.9587628865979382,0.2221093702303845,0.375,0.244047619047619,0.3973063973063973,0.8461538461538463,0.7826086956521741,0.7777777777777777,0.7777777777777777,0.625,0.5843045843045844,0.3944180562198961,0.1906205781281584,0.8918918918918919,0.0,0.0,0.0,1.0,0.0,0.0,0.0,0.0,1.0,0.0,0.0,1.0,0.0,0.0,0.0,1.0,0.0,0.0,0.0,0.0,0.0,0.0,1.0,0.0,1.0,0.0,0.0,0.0,0.0,0.0,69.44446300083258,61.96002851672954,78.34192439862542
MAT_0381,0.977777777777778,0.821917808219178,0.5051546391752577,0.0011710706693973,0.1249999999999999,0.1458333333333333,0.0808080808080808,0.6000000000000001,0.7826086956521741,0.5555555555555556,0.2222222222222222,0.375,0.1138306138306138,0.9835033427144398,0.1287649080250656,0.6756756756756757,0.0,1.0,0.0,0.0,0.0,0.0,1.0,0.0,0.0,0.0,1.0,0.0,0.0,0.0,0.0,0.0,0.0,1.0,1.0,0.0,0.0,0.0,0.0,0.0,0.0,0.0,1.0,0.0,0.0,0.0,96.0658779809282,83.7448954253078,40.93642611683849
MAT_0382,0.6666666666666667,0.3698630136986301,0.9278350515463918,0.1624680175605099,0.375,0.2410714285714286,0.4208754208754209,0.8769230769230769,0.6304347826086958,0.6666666666666665,0.8888888888888888,0.625,0.5788655788655789,0.4054195356908462,0.1659591671720234,0.8108108108108107,0.0,0.0,0.0,1.0,0.0,0.0,0.0,0.0,1.0,0.0,0.0,1.0,1.0,0.0,0.0,0.0,0.0,0.0,0.0,0.0,0.0,0.0,1.0,0.0,1.0,0.0,0.0,0.0,0.0,0.0,68.29094263816786,59.61342208764889,77.7233676975945
MAT_0383,1.0,0.8356164383561644,0.5154639175257731,0.0014430254693995,0.1249999999999999,0.125,0.0808080808080808,0.5538461538461539,0.847826086956522,0.3333333333333333,0.3333333333333333,0.25,0.101010101010101,0.918295382493298,0.1485748938750757,0.5945945945945945,0.0,1.0,0.0,0.0,0.0,0.0,1.0,0.0,0.0,0.0,1.0,0.0,0.0,0.0,0.0,1.0,0.0,0.0,1.0,0.0,0.0,0.0,0.0,0.0,0.0,0.0,1.0,0.0,0.0,0.0,96.72438600359479,85.25877330001042,35.30927835051546
MAT_0384,0.711111111111111,0.3561643835616437,0.9690721649484536,0.18593383173213,0.3333333333333333,0.2232142857142857,0.404040404040404,0.8769230769230769,0.8043478260869565,0.8888888888888888,0.6666666666666665,0.5,0.5512820512820513,0.4062983191875146,0.1645441681827369,0.9189189189189192,0.0,0.0,0.0,1.0,0.0,0.0,0.0,0.0,1.0,0.0,0.0,1.0,0.0,0.0,0.0,0.0,0.0,1.0,0.0,0.0,0.0,0.0,1.0,0.0,1.0,0.0,0.0,0.0,0.0,0.0,69.59370221975327,63.150674068199834,76.04810996563573
MAT_0385,0.9333333333333332,0.7534246575342465,0.4948453608247423,0.0016705794857279,0.1666666666666666,0.1220238095238095,0.0774410774410774,0.5538461538461539,0.6956521739130435,0.4444444444444445,0.2222222222222222,0.125,0.106060606060606,0.9741259441360668,0.120274914089347,0.5675675675675673,0.0,1.0,0.0,0.0,0.0,0.0,1.0,0.0,0.0,0.0,1.0,0.0,1.0,0.0,0.0,0.0,0.0,0.0,1.0,0.0,0.0,0.0,0.0,0.0,0.0,0.0,1.0,0.0,0.0,0.0,94.85223951778508,82.59387691346454,32.396907216494846
MAT_0386,0.8222222222222224,0.3698630136986301,0.9896907216494844,0.2384655089162324,0.375,0.2708333333333333,0.4107744107744108,0.8307692307692309,0.6086956521739131,0.6666666666666665,0.7777777777777777,0.625,0.5722610722610724,0.3805577494243412,0.1683848797250859,0.6216216216216217,0.0,0.0,0.0,1.0,0.0,0.0,0.0,0.0,1.0,0.0,0.0,1.0,0.0,0.0,0.0,1.0,0.0,0.0,0.0,0.0,0.0,0.0,1.0,0.0,1.0,0.0,0.0,0.0,0.0,0.0,71.08172496820326,65.84742748660274,75.627147766323
MAT_0387,0.911111111111111,0.780821917808219,0.4845360824742267,0.000921316261232,0.1249999999999999,0.1607142857142857,0.0673400673400673,0.5692307692307692,0.6304347826086958,0.4444444444444445,0.4444444444444445,0.25,0.1421911421911422,0.912121650333159,0.1208813422276127,0.6486486486486485,0.0,1.0,0.0,0.0,0.0,0.0,1.0,0.0,0.0,0.0,1.0,0.0,0.0,0.0,0.0,0.0,0.0,1.0,1.0,0.0,0.0,0.0,0.0,0.0,0.0,0.0,1.0,0.0,0.0,0.0,94.61209115189367,79.91449787326074,41.3573883161512
MAT_0388,0.7777777777777777,0.3835616438356165,0.9381443298969072,0.4269856862973631,0.3333333333333333,0.2499999999999999,0.3939393939393939,0.9076923076923078,0.6086956521739131,0.6666666666666665,0.6666666666666665,0.5,0.5609945609945611,0.3896014327508148,0.1724277339801899,0.783783783783784,0.0,0.0,0.0,1.0,0.0,0.0,0.0,0.0,1.0,0.0,0.0,1.0,1.0,0.0,0.0,0.0,0.0,0.0,0.0,0.0,0.0,0.0,1.0,0.0,1.0,0.0,0.0,0.0,0.0,0.0,64.76618698683667,64.0464918815434,68.76288659793813
MAT_0389,0.9555555555555556,0.7671232876712328,0.4432989690721649,0.0007659135183735,0.0833333333333333,0.1398809523809523,0.0841750841750841,0.5538461538461539,0.7173913043478262,0.5555555555555556,0.2222222222222222,0.375,0.1013986013986014,0.9118769258150996,0.1374570446735395,0.7297297297297296,0.0,1.0,0.0,0.0,0.0,0.0,1.0,0.0,0.0,0.0,1.0,0.0,0.0,0.0,0.0,1.0,0.0,0.0,1.0,0.0,0.0,0.0,0.0,0.0,0.0,0.0,1.0,0.0,0.0,0.0,95.27668589411209,82.46271597817989,39.69931271477664
MAT_0390,0.8888888888888888,0.3698630136986301,0.9587628865979382,0.1399346198460403,0.375,0.2470238095238094,0.3804713804713804,0.8307692307692309,0.6086956521739131,0.7777777777777777,0.6666666666666665,0.625,0.5516705516705518,0.3896014327508148,0.1718213058419243,0.6216216216216217,0.0,0.0,0.0,1.0,0.0,0.0,0.0,0.0,1.0,0.0,0.0,1.0,0.0,0.0,0.0,0.0,0.0,1.0,0.0,0.0,0.0,0.0,1.0,0.0,1.0,0.0,0.0,0.0,0.0,0.0,77.24977285243024,68.25839681509784,75.00859106529208
MAT_0391,0.8666666666666667,0.7945205479452053,0.4639175257731959,0.0006826620489851,0.1249999999999999,0.181547619047619,0.0774410774410774,0.5538461538461539,0.7826086956521741,0.4444444444444445,0.2222222222222222,0.125,0.1169386169386169,0.9145021524633746,0.1449363250454821,0.6216216216216217,0.0,1.0,0.0,0.0,0.0,0.0,1.0,0.0,0.0,0.0,1.0,0.0,1.0,0.0,0.0,0.0,0.0,0.0,1.0,0.0,0.0,0.0,0.0,0.0,0.0,0.0,1.0,0.0,0.0,0.0,92.88187704088735,79.43141966853308,31.778350515463917
MAT_0392,0.7777777777777777,0.3972602739726027,0.9484536082474226,0.1713870249809909,0.3333333333333333,0.2648809523809524,0.4175084175084175,0.8769230769230769,0.673913043478261,0.8888888888888888,0.6666666666666665,0.5,0.5621600621600622,0.4172219317663548,0.1748534465332524,0.8648648648648647,0.0,0.0,0.0,1.0,0.0,0.0,0.0,0.0,1.0,0.0,0.0,1.0,0.0,0.0,0.0,1.0,0.0,0.0,0.0,0.0,0.0,0.0,1.0,0.0,1.0,0.0,0.0,0.0,0.0,0.0,71.4913858835669,64.19440239027867,75.63573883161511
MAT_0393,1.0,0.780821917808219,0.4536082474226804,0.0006993123428628,0.1249999999999999,0.1339285714285714,0.0774410774410774,0.5692307692307692,0.7826086956521741,0.4444444444444445,0.3333333333333333,0.25,0.0994560994560994,0.959119881642324,0.141904184354154,0.7297297297297296,0.0,1.0,0.0,0.0,0.0,0.0,1.0,0.0,0.0,0.0,1.0,0.0,0.0,0.0,0.0,0.0,0.0,1.0,1.0,0.0,0.0,0.0,0.0,0.0,0.0,0.0,1.0,0.0,0.0,0.0,96.88137753207103,84.09935997564864,37.40549828178694
MAT_0394,0.7333333333333334,0.3972602739726027,0.9587628865979382,0.2221093702303845,0.375,0.244047619047619,0.4208754208754209,0.8615384615384616,0.7826086956521741,0.6666666666666665,0.7777777777777777,0.625,0.5843045843045844,0.3944180562198961,0.1906205781281584,0.8918918918918919,0.0,0.0,0.0,1.0,0.0,0.0,0.0,0.0,1.0,0.0,0.0,1.0,1.0,0.0,0.0,0.0,0.0,0.0,0.0,0.0,0.0,0.0,1.0,0.0,1.0,0.0,0.0,0.0,0.0,0.0,68.50170205807163,61.96002851672954,75.00859106529208
MAT_0395,0.977777777777778,0.821917808219178,0.5051546391752577,0.0011710706693973,0.1249999999999999,0.1428571428571428,0.0774410774410774,0.5538461538461539,0.7826086956521741,0.4444444444444445,0.3333333333333333,0.25,0.1138306138306138,0.9835033427144398,0.1287649080250656,0.6756756756756757,0.0,1.0,0.0,0.0,0.0,0.0,1.0,0.0,0.0,0.0,1.0,0.0,0.0,0.0,0.0,1.0,0.0,0.0,1.0,0.0,0.0,0.0,0.0,0.0,0.0,0.0,1.0,0.0,0.0,0.0,96.20055811560833,83.7448954253078,38.43642611683848
MAT_0396,0.6666666666666667,0.3698630136986301,0.9278350515463918,0.1624680175605099,0.375,0.2589285714285714,0.3703703703703703,0.8769230769230769,0.6304347826086958,0.8888888888888888,0.6666666666666665,0.5,0.5788655788655789,0.4054195356908462,0.1659591671720234,0.8108108108108107,0.0,0.0,0.0,1.0,0.0,0.0,0.0,0.0,1.0,0.0,0.0,1.0,0.0,0.0,0.0,0.0,0.0,1.0,0.0,0.0,0.0,0.0,1.0,0.0,1.0,0.0,0.0,0.0,0.0,0.0,70.3111446583699,59.61342208764889,75.2233676975945
MAT_0397,1.0,0.8356164383561644,0.5154639175257731,0.0014430254693995,0.1249999999999999,0.125,0.074074074074074,0.5538461538461539,0.847826086956522,0.4444444444444445,0.3333333333333333,0.25,0.101010101010101,0.918295382493298,0.1485748938750757,0.5945945945945945,0.0,1.0,0.0,0.0,0.0,0.0,1.0,0.0,0.0,0.0,1.0,0.0,1.0,0.0,0.0,0.0,0.0,0.0,1.0,0.0,0.0,0.0,0.0,0.0,0.0,0.0,1.0,0.0,0.0,0.0,96.99374627295508,85.25877330001042,38.64261168384879
MAT_0398,0.711111111111111,0.3561643835616437,0.9690721649484536,0.18593383173213,0.3333333333333333,0.2499999999999999,0.4175084175084175,0.8923076923076922,0.8043478260869565,0.6666666666666665,0.7777777777777777,0.625,0.5512820512820513,0.4062983191875146,0.1645441681827369,0.9189189189189192,0.0,0.0,0.0,1.0,0.0,0.0,0.0,0.0,1.0,0.0,0.0,1.0,0.0,0.0,0.0,1.0,0.0,0.0,0.0,0.0,0.0,0.0,1.0,0.0,1.0,0.0,0.0,0.0,0.0,0.0,69.05498168103273,63.150674068199834,75.21477663230239
MAT_0399,0.9333333333333332,0.7534246575342465,0.4948453608247423,0.0016705794857279,0.1666666666666666,0.1428571428571428,0.0841750841750841,0.5538461538461539,0.6956521739130435,0.4444444444444445,0.2222222222222222,0.25,0.106060606060606,0.9741259441360668,0.120274914089347,0.5675675675675673,0.0,1.0,0.0,0.0,0.0,0.0,1.0,0.0,0.0,0.0,1.0,0.0,0.0,0.0,0.0,0.0,0.0,1.0,1.0,0.0,0.0,0.0,0.0,0.0,0.0,0.0,1.0,0.0,0.0,0.0,94.58287924842482,82.59387691346454,34.896907216494846
MAT_0400,0.8222222222222224,0.3698630136986301,0.9896907216494844,0.2384655089162324,0.375,0.2499999999999999,0.404040404040404,0.8307692307692309,0.6086956521739131,0.6666666666666665,0.6666666666666665,0.5,0.5722610722610724,0.3805577494243412,0.1683848797250859,0.6216216216216217,0.0,0.0,0.0,1.0,0.0,0.0,0.0,0.0,1.0,0.0,0.0,1.0,1.0,0.0,0.0,0.0,0.0,0.0,0.0,0.0,0.0,0.0,1.0,0.0,1.0,0.0,0.0,0.0,0.0,0.0,71.35108523756354,65.84742748660274,69.79381443298968
MAT_0401,0.911111111111111,0.780821917808219,0.4845360824742267,0.000921316261232,0.1249999999999999,0.1369047619047619,0.0639730639730639,0.5692307692307692,0.6304347826086958,0.4444444444444445,0.3333333333333333,0.25,0.1421911421911422,0.912121650333159,0.1208813422276127,0.6486486486486485,0.0,1.0,0.0,0.0,0.0,0.0,1.0,0.0,0.0,0.0,1.0,0.0,0.0,0.0,0.0,1.0,0.0,0.0,1.0,0.0,0.0,0.0,0.0,0.0,0.0,0.0,1.0,0.0,0.0,0.0,94.7467712865738,79.91449787326074,38.024054982817866
MAT_0402,0.7777777777777777,0.3835616438356165,0.9381443298969072,0.4269856862973631,0.3333333333333333,0.2619047619047618,0.3973063973063973,0.7846153846153847,0.6086956521739131,0.8888888888888888,0.6666666666666665,0.625,0.5609945609945611,0.3896014327508148,0.1724277339801899,0.783783783783784,0.0,0.0,0.0,1.0,0.0,0.0,0.0,0.0,1.0,0.0,0.0,1.0,0.0,0.0,0.0,0.0,0.0,1.0,0.0,0.0,0.0,0.0,1.0,0.0,1.0,0.0,0.0,0.0,0.0,0.0,64.63150685215655,64.0464918815434,77.9295532646048
MAT_0403,0.9555555555555556,0.7671232876712328,0.4432989690721649,0.0007659135183735,0.0833333333333333,0.1220238095238095,0.074074074074074,0.5846153846153846,0.7173913043478262,0.4444444444444445,0.2222222222222222,0.125,0.1013986013986014,0.9118769258150996,0.1374570446735395,0.7297297297297296,0.0,1.0,0.0,0.0,0.0,0.0,1.0,0.0,0.0,0.0,1.0,0.0,1.0,0.0,0.0,0.0,0.0,0.0,1.0,0.0,0.0,0.0,0.0,0.0,0.0,0.0,1.0,0.0,0.0,0.0,95.68072629815249,82.46271597817989,31.3659793814433
MAT_0404,0.8888888888888888,0.6438356164383561,0.5154639175257731,0.1570566720502617,0.25,0.2023809523809523,0.3771043771043771,0.6923076923076923,0.6956521739130435,0.6666666666666665,0.6666666666666665,0.5,0.1421911421911422,0.503832163475978,0.1528198908429351,0.6756756756756757,0.0,0.0,0.0,1.0,0.0,0.0,0.0,0.0,1.0,0.0,0.0,1.0,0.0,0.0,0.0,1.0,0.0,0.0,0.0,0.0,0.0,0.0,1.0,0.0,1.0,0.0,0.0,0.0,0.0,0.0,76.87079142098372,79.86638790762501,60.30927835051545
