Material ID,Recyclability (%),Recycled Content (%),Reusability (%),Biodegradation Time (days),End-of-Life Disposal (%),Carbon Footprint (kg CO2/unit),CO2 Emission per kg (estimated),Waste Reduction Impact (%),Sustainability Target Progress (%),Load Handling Score,Moisture Resistance Score,Thermal Resistance Score,Cost per Unit (USD),Annual Usage (units),Total Material Weight (tons),Supplier Sustainability Compliance (%),Recyclability_Category_Encoded,Packaging Type_Bubble Wrap (Minimal Use),Packaging Type_Cardboard Boxes,Packaging Type_Foldable & Stackable Containers,Packaging Type_Plastic Totes & Pallets,Packaging Type_Protective Fillers (Paper/Biodegradable),Packaging Type_Steel Racks & Containers,Material Type_Cardboard,Material Type_Paper/Bio-Based,Material Type_Plastic,Material Type_Steel,Supplier Region_AMERICAS,Supplier Region_APAC,Supplier Region_EMEA,Supplier Region_EU,Supplier Region_LATAM,Supplier Region_ROW,Suitable Product Categories_Apparel,Suitable Product Categories_Automotive Parts,Suitable Product Categories_Consumer Goods,Suitable Product Categories_Cosmetics,Suitable Product Categories_E-commerce,Suitable Product Categories_Electronics,Suitable Product Categories_Food & Beverage,Suitable Product Categories_Fragile Items,Suitable Product Categories_Heavy Industrial Components,Suitable Product Categories_Heavy Machinery,Suitable Product Categories_High-Security Goods,Suitable Product Categories_Industrial Components,Suitable Product Categories_Internal Component Protection,Suitable Product Categories_Low-Value Goods,Suitable Product Categories_Medium-Value Goods,Suitable Product Categories_Pharmaceuticals,Suitable Product Categories_Retail Logistics,Suitable Product Categories_Secondary Protection for Non-Fragile Items,CII,CEI,MSS,Final_Recommendation_Score
MAT_0001,0.9555555555555556,0.7945205479452053,0.4742268041237113,0.0008713653795989,0.1249999999999999,0.1398809523809523,0.0875420875420875,0.5692307692307692,0.7391304347826089,0.5555555555555556,0.4444444444444445,0.25,0.0788655788655788,0.963447056075286,0.1303820497271073,0.5945945945945945,0.0,0.0,1.0,0.0,0.0,0.0,0.0,1.0,0.0,0.0,0.0,0.0,0.0,1.0,0.0,0.0,0.0,1.0,0.0,1.0,0.0,1.0,0.0,1.0,0.0,0.0,0.0,0.0,0.0,0.0,0.0,0.0,0.0,0.0,0.0,64.37862094337395,81.62979564738208,42.5,62.9903870715642
MAT_0002,1.0,0.9863013698630136,0.2886597938144329,0.0001887033306137,0.0,0.0625,0.0134680134680134,0.676923076923077,0.956521739130435,0.2222222222222222,0.2222222222222222,0.125,0.0625485625485625,0.6597773006885658,0.080857085102082,0.6756756756756757,0.0,0.0,0.0,0.0,0.0,1.0,0.0,0.0,1.0,0.0,0.0,0.0,1.0,0.0,0.0,0.0,0.0,0.0,0.0,0.0,1.0,0.0,0.0,0.0,1.0,0.0,0.0,0.0,0.0,1.0,0.0,0.0,1.0,0.0,0.0,67.49433890008159,80.22005519579808,19.305555555555554,56.85541878543872
MAT_0003,0.711111111111111,0.780821917808219,1.0,1.0,0.25,1.0,1.0,0.9384615384615383,0.5434782608695652,0.7777777777777777,0.8888888888888888,0.875,0.9630924630924632,0.0,0.9771578734586618,0.6756756756756757,0.0,0.0,0.0,0.0,0.0,0.0,1.0,0.0,0.0,0.0,1.0,1.0,0.0,0.0,0.0,0.0,0.0,0.0,0.0,0.0,0.0,0.0,0.0,0.0,0.0,1.0,0.0,1.0,0.0,0.0,0.0,0.0,0.0,0.0,0.0,0.0,22.530640641616987,84.58333333333331,32.13419219248509
MAT_0004,1.0,0.9315068493150684,0.2886597938144329,0.0001887033306137,0.0416666666666666,0.050595238095238,0.01010101010101,0.6923076923076923,0.7173913043478262,0.0,0.0,0.25,0.0862470862470862,0.6717354305482941,0.1032949262179098,0.4864864864864866,0.0,0.0,0.0,0.0,0.0,1.0,0.0,0.0,1.0,0.0,0.0,0.0,0.0,0.0,0.0,0.0,1.0,0.0,0.0,0.0,1.0,0.0,0.0,0.0,1.0,0.0,0.0,0.0,0.0,1.0,0.0,0.0,1.0,0.0,0.0,67.97052937627205,78.36199377739706,7.5,52.94680988372794
MAT_0005,1.0,0.9726027397260272,0.2577319587628865,0.0005050589142898,0.0416666666666666,0.0297619047619047,0.01010101010101,0.5692307692307692,0.7608695652173914,0.2222222222222222,0.1111111111111111,0.125,0.0574980574980575,0.6069168047877015,0.0816656559531028,0.4864864864864866,0.0,0.0,0.0,0.0,0.0,1.0,0.0,0.0,1.0,0.0,0.0,0.0,0.0,0.0,0.0,1.0,0.0,0.0,0.0,0.0,1.0,0.0,0.0,0.0,1.0,0.0,0.0,0.0,0.0,1.0,0.0,0.0,1.0,0.0,0.0,68.79437204209512,79.82976662176178,15.416666666666664,56.091678803366584
MAT_0006,0.6666666666666667,0.2328767123287671,0.865979381443299,0.290691930712577,0.4166666666666667,0.2083333333333333,0.3804713804713804,0.8307692307692309,0.5869565217391306,0.7777777777777777,0.7777777777777777,0.5,0.4755244755244756,0.4700156846168393,0.2177077016373559,0.9189189189189192,1.0,0.0,0.0,1.0,0.0,0.0,0.0,0.0,0.0,1.0,0.0,0.0,1.0,0.0,0.0,0.0,0.0,0.0,0.0,0.0,0.0,0.0,1.0,0.0,0.0,0.0,0.0,0.0,0.0,0.0,0.0,1.0,0.0,1.0,0.0,82.94590874528936,67.01213280352152,69.44444444444443,74.11533667250552
MAT_0007,0.7999999999999998,0.7397260273972601,0.9278350515463918,0.8176848321372873,0.25,0.9285714285714288,0.9191919191919192,0.9230769230769232,0.6304347826086958,0.7777777777777777,1.0,0.75,0.981740481740482,0.0976562065474932,0.9846371538306044,0.8378378378378379,0.0,0.0,0.0,0.0,0.0,0.0,1.0,0.0,0.0,0.0,1.0,0.0,0.0,0.0,0.0,0.0,1.0,0.0,0.0,0.0,0.0,0.0,0.0,0.0,0.0,1.0,0.0,1.0,0.0,0.0,0.0,0.0,0.0,0.0,0.0,8.326597893024228,19.930562328985605,84.72222222222221,34.72647452257203
MAT_0008,0.911111111111111,0.7397260273972601,0.9587628865979382,0.893760024864439,0.2083333333333333,0.9910714285714284,0.9831649831649834,0.9230769230769232,0.3913043478260869,0.7777777777777777,1.0,0.875,0.9867909867909868,0.0757978575480828,0.9676571659591672,0.6756756756756757,0.0,0.0,0.0,0.0,0.0,0.0,1.0,0.0,0.0,0.0,1.0,0.0,0.0,0.0,1.0,0.0,0.0,0.0,0.0,0.0,0.0,0.0,0.0,0.0,0.0,1.0,0.0,1.0,0.0,0.0,0.0,0.0,0.0,0.0,0.0,3.544342111209696,20.80599341363441,88.47222222222221,34.20120153524087
MAT_0009,0.8666666666666667,0.6164383561643836,0.9072164948453608,0.6386553222664381,0.25,0.9761904761904762,0.915824915824916,0.953846153846154,0.4782608695652175,0.7777777777777777,1.0,0.75,0.96969696969697,0.0827391347875902,0.9717000202142712,0.6486486486486485,0.0,0.0,0.0,0.0,0.0,0.0,1.0,0.0,0.0,0.0,1.0,0.0,0.0,1.0,0.0,0.0,0.0,0.0,0.0,0.0,0.0,0.0,0.0,0.0,0.0,1.0,0.0,1.0,0.0,0.0,0.0,0.0,0.0,0.0,0.0,11.792721284387811,20.508480805630587,84.72222222222221,36.286299422110964
MAT_0010,0.8666666666666667,0.9452054794520548,0.3195876288659793,0.0,0.0416666666666666,0.0327380952380952,0.0033670033670033,0.6000000000000001,0.8260869565217392,0.0,0.0,0.125,0.0808080808080808,0.6384306484087344,0.0816656559531028,0.4324324324324322,0.0,0.0,0.0,0.0,0.0,1.0,0.0,0.0,1.0,0.0,0.0,0.0,0.0,0.0,0.0,1.0,0.0,0.0,0.0,0.0,1.0,0.0,0.0,0.0,1.0,0.0,0.0,0.0,0.0,1.0,0.0,0.0,1.0,0.0,0.0,68.69047619047619,79.90137885832247,3.75,52.57160413368722
MAT_0011,1.0,0.8493150684931505,0.4845360824742267,0.0009157661632727,0.1666666666666666,0.1041666666666666,0.0875420875420875,0.6307692307692307,0.8260869565217392,0.4444444444444445,0.4444444444444445,0.25,0.127039627039627,0.91158770593012,0.1214877703658783,0.783783783783784,0.0,0.0,1.0,0.0,0.0,0.0,0.0,1.0,0.0,0.0,0.0,0.0,0.0,0.0,0.0,1.0,0.0,1.0,0.0,1.0,0.0,1.0,0.0,1.0,0.0,0.0,0.0,0.0,0.0,0.0,0.0,0.0,0.0,0.0,0.0,65.80586034843516,79.69410718652684,38.611111111111114,61.81390962866545
MAT_0012,0.711111111111111,0.6712328767123288,0.9690721649484536,0.4200203133585307,0.2083333333333333,0.9345238095238096,0.9932659932659932,0.9384615384615383,0.4782608695652175,0.7777777777777777,0.8888888888888888,0.75,0.9409479409479412,0.0986907238283813,1.0,0.6756756756756757,0.0,0.0,0.0,0.0,0.0,0.0,1.0,0.0,0.0,0.0,1.0,0.0,1.0,0.0,0.0,0.0,0.0,0.0,0.0,0.0,0.0,0.0,0.0,0.0,0.0,1.0,0.0,1.0,0.0,0.0,0.0,0.0,0.0,0.0,0.0,20.018438218291692,22.334046251572012,80.83333333333333,38.95758916278828
MAT_0013,0.4666666666666665,0.1232876712328767,0.0412371134020618,0.3932244404113732,0.9583333333333331,0.5119047619047619,0.4410774410774412,0.0153846153846153,0.0434782608695654,0.6666666666666665,0.8888888888888888,0.5,0.0268065268065268,0.1959575959153253,0.0038407115423489,0.1351351351351351,1.0,1.0,0.0,0.0,0.0,0.0,0.0,0.0,0.0,1.0,0.0,0.0,1.0,0.0,0.0,0.0,0.0,0.0,0.0,0.0,0.0,0.0,0.0,0.0,0.0,0.0,0.0,0.0,0.0,0.0,1.0,0.0,0.0,0.0,1.0,67.72707631146832,79.36919458144442,69.44444444444443,71.73492223235398
MAT_0014,1.0,0.8767123287671232,0.3092783505154639,0.0006327111673521,0.0416666666666666,0.0446428571428571,0.0168350168350168,0.7076923076923078,0.847826086956522,0.2222222222222222,0.2222222222222222,0.25,0.0827505827505827,0.6688098601733095,0.0814635132403476,0.4594594594594594,0.0,0.0,0.0,0.0,0.0,1.0,0.0,0.0,1.0,0.0,0.0,0.0,0.0,1.0,0.0,0.0,0.0,0.0,0.0,0.0,1.0,0.0,0.0,0.0,1.0,0.0,0.0,0.0,0.0,1.0,0.0,0.0,1.0,0.0,0.0,68.19530437926515,79.60413247556973,23.05555555555555,58.076028161043645
MAT_0015,0.711111111111111,0.273972602739726,0.8144329896907216,0.4052237521992263,0.4583333333333333,0.2142857142857143,0.4377104377104377,0.8153846153846154,0.5869565217391306,0.7777777777777777,0.8888888888888888,0.5,0.4797979797979799,0.4750325372370602,0.227612694562361,0.7567567567567568,1.0,0.0,0.0,1.0,0.0,0.0,0.0,0.0,0.0,1.0,0.0,1.0,0.0,0.0,0.0,0.0,0.0,0.0,0.0,0.0,0.0,0.0,1.0,0.0,0.0,0.0,0.0,0.0,0.0,0.0,0.0,1.0,0.0,1.0,0.0,79.27185886259464,65.47037996704461,73.33333333333333,73.34985753515124
MAT_0016,0.8444444444444446,0.8630136986301369,0.4536082474226804,0.0017982317387901,0.1249999999999999,0.1369047619047619,0.0707070707070706,0.5692307692307692,0.7826086956521741,0.4444444444444445,0.4444444444444445,0.125,0.1103341103341103,0.9724907394017598,0.1528198908429351,0.7567567567567568,0.0,0.0,1.0,0.0,0.0,0.0,0.0,1.0,0.0,0.0,0.0,0.0,0.0,0.0,1.0,0.0,0.0,1.0,0.0,1.0,0.0,1.0,0.0,1.0,0.0,0.0,0.0,0.0,0.0,0.0,0.0,0.0,0.0,0.0,0.0,64.46986257164582,78.97086270646004,34.86111111111111,59.93753717392967
MAT_0017,0.3555555555555556,0.1232876712328767,0.0618556701030927,0.4014441354889914,0.9583333333333331,0.4970238095238095,0.3737373737373737,0.0615384615384615,0.0869565217391306,0.7777777777777777,0.6666666666666665,0.75,0.0334110334110334,0.1741771138080247,0.026682838083687,0.2702702702702702,1.0,1.0,0.0,0.0,0.0,0.0,0.0,0.0,0.0,1.0,0.0,0.0,0.0,0.0,0.0,0.0,1.0,0.0,0.0,0.0,0.0,0.0,0.0,0.0,0.0,0.0,0.0,0.0,0.0,0.0,1.0,0.0,0.0,0.0,1.0,68.07572355437787,78.76607658899957,73.05555555555554,72.77677906511768
MAT_0018,0.1555555555555554,0.0821917808219178,0.0927835051546391,0.2124521997813261,1.0,0.4761904761904761,0.3973063973063973,0.123076923076923,0.2608695652173913,0.6666666666666665,0.8888888888888888,0.75,0.0497280497280497,0.1444542087055185,0.0248635536688902,0.3513513513513515,1.0,1.0,0.0,0.0,0.0,0.0,0.0,0.0,0.0,1.0,0.0,0.0,0.0,1.0,0.0,0.0,0.0,0.0,0.0,0.0,0.0,0.0,0.0,0.0,0.0,0.0,0.0,0.0,0.0,0.0,1.0,0.0,0.0,0.0,1.0,74.57881495894117,78.6233610066236,76.94444444444443,76.50186761889688
MAT_0019,0.6888888888888889,0.273972602739726,0.9381443298969072,0.3228436481903905,0.4166666666666667,0.1904761904761904,0.4006734006734007,0.7076923076923078,0.5217391304347827,0.7777777777777777,0.8888888888888888,0.5,0.4634809634809635,0.5031202376052594,0.1821305841924398,0.6486486486486485,1.0,0.0,0.0,1.0,0.0,0.0,0.0,0.0,0.0,1.0,0.0,0.0,0.0,0.0,0.0,1.0,0.0,0.0,0.0,0.0,0.0,0.0,1.0,0.0,0.0,0.0,0.0,0.0,0.0,0.0,0.0,1.0,0.0,1.0,0.0,82.69564293524067,70.12492089811677,73.33333333333333,76.1157334435313
MAT_0020,0.8222222222222224,0.780821917808219,0.5154639175257731,0.0010378683183758,0.1666666666666666,0.1428571428571428,0.0841750841750841,0.4923076923076923,0.7391304347826089,0.4444444444444445,0.3333333333333333,0.375,0.1254856254856255,0.9379289631467124,0.1710127349909035,0.5405405405405406,0.0,0.0,1.0,0.0,0.0,0.0,0.0,1.0,0.0,0.0,0.0,0.0,0.0,0.0,0.0,1.0,0.0,1.0,0.0,1.0,0.0,1.0,0.0,1.0,0.0,0.0,0.0,0.0,0.0,0.0,0.0,0.0,0.0,0.0,0.0,64.25457823616301,78.90461502650709,38.47222222222222,60.914882469084
MAT_0021,1.0,0.9999999999999998,0.3195876288659793,0.000172053036736,0.0416666666666666,0.0476190476190476,0.0168350168350168,0.6923076923076923,1.0,0.2222222222222222,0.0,0.25,0.0602175602175602,0.634748656796111,0.1055184960582171,0.3513513513513515,0.0,0.0,0.0,0.0,0.0,1.0,0.0,0.0,1.0,0.0,0.0,0.0,0.0,0.0,1.0,0.0,0.0,0.0,0.0,0.0,1.0,0.0,0.0,0.0,1.0,0.0,0.0,0.0,0.0,1.0,0.0,0.0,1.0,0.0,0.0,68.09007650413602,80.21531968469506,15.277777777777777,55.883959840396265
MAT_0022,0.8666666666666667,0.4794520547945205,0.8969072164948454,0.2019458643445056,0.3333333333333333,0.2499999999999999,0.3636363636363637,0.8153846153846154,0.673913043478261,0.7777777777777777,0.8888888888888888,0.625,0.5497280497280498,0.3456622579173943,0.1786941580756013,0.8108108108108107,1.0,0.0,0.0,0.0,1.0,0.0,0.0,0.0,0.0,1.0,0.0,0.0,1.0,0.0,0.0,0.0,0.0,0.0,1.0,0.0,0.0,0.0,0.0,0.0,0.0,0.0,1.0,0.0,1.0,0.0,0.0,0.0,0.0,0.0,0.0,83.94162406966484,65.09091710122638,77.08333333333333,76.22892475823386
MAT_0023,0.7777777777777777,0.7397260273972601,0.422680412371134,0.0009990176326612,0.1249999999999999,0.1339285714285714,0.0639730639730639,0.5846153846153846,0.7608695652173914,0.3333333333333333,0.4444444444444445,0.125,0.1383061383061383,0.9343804576348488,0.1229027693551647,0.8108108108108107,0.0,0.0,1.0,0.0,0.0,0.0,0.0,1.0,0.0,0.0,0.0,1.0,0.0,0.0,0.0,0.0,0.0,1.0,0.0,1.0,0.0,1.0,0.0,1.0,0.0,0.0,0.0,0.0,0.0,0.0,0.0,0.0,0.0,0.0,0.0,64.61288661387732,77.85121825146084,30.972222222222218,58.49218678765585
MAT_0024,0.7333333333333334,0.1780821917808219,0.8865979381443299,0.0855214594537593,0.4583333333333333,0.2261904761904762,0.3602693602693603,0.7692307692307692,0.6521739130434783,0.7777777777777777,0.6666666666666665,0.625,0.4650349650349651,0.5471817746977096,0.1768748736608045,0.7567567567567568,1.0,0.0,0.0,1.0,0.0,0.0,0.0,0.0,0.0,1.0,0.0,0.0,0.0,1.0,0.0,0.0,0.0,0.0,0.0,0.0,0.0,0.0,1.0,0.0,0.0,0.0,0.0,0.0,0.0,0.0,0.0,1.0,0.0,1.0,0.0,88.38673716876816,69.1739643013142,69.30555555555554,76.89855082456819
MAT_0025,0.1777777777777778,0.0410958904109589,0.134020618556701,0.2960755257330291,0.9166666666666666,0.4970238095238095,0.4478114478114479,0.1076923076923077,0.108695652173913,0.6666666666666665,0.8888888888888888,0.75,0.0334110334110334,0.1837881130627273,0.0,0.0,1.0,1.0,0.0,0.0,0.0,0.0,0.0,0.0,0.0,1.0,0.0,1.0,0.0,0.0,0.0,0.0,0.0,0.0,0.0,0.0,0.0,0.0,0.0,0.0,0.0,0.0,0.0,0.0,0.0,0.0,1.0,0.0,0.0,0.0,1.0,71.23678184705675,81.00986070058235,76.94444444444443,75.88100428233074
MAT_0026,1.0,0.9315068493150684,0.2886597938144329,0.0002775048979614,0.0416666666666666,0.0773809523809523,0.0067340067340067,0.6461538461538461,0.9782608695652172,0.2222222222222222,0.1111111111111111,0.125,0.0982905982905983,0.6715463252388845,0.0909642207398423,0.6216216216216217,0.0,0.0,0.0,0.0,0.0,1.0,0.0,0.0,1.0,0.0,0.0,1.0,0.0,0.0,0.0,0.0,0.0,0.0,0.0,0.0,1.0,0.0,0.0,0.0,1.0,0.0,0.0,0.0,0.0,1.0,0.0,0.0,1.0,0.0,0.0,66.89643675782307,78.12973933956347,15.416666666666664,54.82249650499827
MAT_0027,1.0,0.7945205479452053,0.4845360824742267,0.0003607563673498,0.0833333333333333,0.1458333333333333,0.0707070707070706,0.476923076923077,0.6304347826086958,0.5555555555555556,0.3333333333333333,0.125,0.1138306138306138,0.9345028198938786,0.1166363452597533,0.5945945945945945,0.0,0.0,1.0,0.0,0.0,0.0,0.0,1.0,0.0,0.0,0.0,0.0,1.0,0.0,0.0,0.0,0.0,1.0,0.0,1.0,0.0,1.0,0.0,1.0,0.0,0.0,0.0,0.0,0.0,0.0,0.0,0.0,0.0,0.0,0.0,64.15584397564618,80.50010060016125,34.86111111111111,60.27070110364018
MAT_0028,0.8222222222222224,0.3698630136986301,0.9896907216494844,0.2384655089162324,0.3333333333333333,0.2708333333333333,0.4175084175084175,0.8615384615384616,0.6086956521739131,0.8888888888888888,0.6666666666666665,0.625,0.5722610722610724,0.3805577494243412,0.1683848797250859,0.6216216216216217,1.0,0.0,0.0,0.0,1.0,0.0,0.0,0.0,0.0,1.0,0.0,0.0,0.0,0.0,1.0,0.0,0.0,0.0,1.0,0.0,0.0,0.0,0.0,0.0,0.0,0.0,1.0,0.0,1.0,0.0,0.0,0.0,0.0,0.0,0.0,82.01270139917969,66.12921442818349,73.19444444444443,74.60217822146025
MAT_0029,0.7999999999999998,0.3561643835616437,0.9690721649484536,0.18593383173213,0.3333333333333333,0.2172619047619047,0.4276094276094276,0.8461538461538463,0.8043478260869565,0.7777777777777777,0.6666666666666665,0.625,0.5512820512820513,0.4062983191875146,0.1645441681827369,0.9189189189189192,1.0,0.0,0.0,0.0,1.0,0.0,0.0,0.0,0.0,1.0,0.0,0.0,0.0,0.0,0.0,1.0,0.0,0.0,1.0,0.0,0.0,0.0,0.0,0.0,0.0,0.0,1.0,0.0,1.0,0.0,0.0,0.0,0.0,0.0,0.0,85.73150885755992,66.8810156893844,69.30555555555554,75.14857491650594
MAT_0030,1.0,0.6575342465753424,0.9587628865979382,0.3521537155130788,0.25,0.9464285714285716,0.8181818181818182,0.9384615384615383,0.4130434782608696,0.8888888888888888,0.8888888888888888,1.0,0.9883449883449884,0.1130960988687052,0.984232868405094,0.6756756756756757,0.0,0.0,0.0,0.0,0.0,0.0,1.0,0.0,0.0,0.0,1.0,0.0,0.0,1.0,0.0,0.0,0.0,0.0,0.0,0.0,0.0,0.0,0.0,0.0,0.0,1.0,0.0,1.0,0.0,0.0,0.0,0.0,0.0,0.0,0.0,21.57824567746477,20.23102226255652,92.2222222222222,42.36727161641953
MAT_0031,0.9555555555555556,0.6712328767123288,1.0,0.7458443641530274,0.2916666666666667,0.9285714285714288,0.9090909090909092,0.9230769230769232,0.3913043478260869,0.7777777777777777,0.8888888888888888,0.875,1.0,0.0578217293124353,0.97048716393774,0.783783783783784,0.0,0.0,0.0,0.0,0.0,0.0,1.0,0.0,0.0,0.0,1.0,0.0,0.0,0.0,1.0,0.0,0.0,0.0,0.0,0.0,0.0,0.0,0.0,0.0,0.0,1.0,0.0,1.0,0.0,0.0,0.0,0.0,0.0,0.0,0.0,10.481811932552027,20.8853850818678,84.58333333333331,35.833340297581145
MAT_0032,0.7777777777777777,0.273972602739726,0.8762886597938144,0.2237466491283571,0.4583333333333333,0.1636904761904761,0.3703703703703703,0.7846153846153847,0.5434782608695652,0.6666666666666665,0.8888888888888888,0.625,0.4510489510489511,0.520962879740147,0.2047705680210228,0.9459459459459458,1.0,0.0,0.0,1.0,0.0,0.0,0.0,0.0,0.0,1.0,0.0,0.0,0.0,0.0,0.0,0.0,1.0,0.0,0.0,0.0,0.0,0.0,1.0,0.0,0.0,0.0,0.0,0.0,0.0,0.0,0.0,1.0,0.0,1.0,0.0,86.73998147853025,68.83020860279807,73.19444444444443,77.30338850558485
MAT_0033,0.8666666666666667,0.780821917808219,0.4329896907216495,0.0012987229224595,0.1249999999999999,0.1428571428571428,0.0707070707070706,0.6153846153846154,0.8913043478260869,0.5555555555555556,0.2222222222222222,0.125,0.0951825951825952,0.95022080825834,0.1287649080250656,0.7297297297297296,0.0,0.0,1.0,0.0,0.0,0.0,0.0,1.0,0.0,0.0,0.0,1.0,0.0,0.0,0.0,0.0,0.0,1.0,0.0,1.0,0.0,1.0,0.0,1.0,0.0,0.0,0.0,0.0,0.0,0.0,0.0,0.0,0.0,0.0,0.0,64.24675259804052,80.03771681455126,30.972222222222218,59.00168275024825
MAT_0034,0.977777777777778,0.8082191780821917,0.4948453608247423,0.0008935657714358,0.1666666666666666,0.1369047619047619,0.0808080808080808,0.5692307692307692,0.7173913043478262,0.4444444444444445,0.2222222222222222,0.375,0.1017871017871018,0.9130115576715576,0.1148170608449565,0.783783783783784,0.0,0.0,1.0,0.0,0.0,0.0,0.0,1.0,0.0,0.0,0.0,1.0,0.0,0.0,0.0,0.0,0.0,1.0,0.0,1.0,0.0,1.0,0.0,1.0,0.0,0.0,0.0,0.0,0.0,0.0,0.0,0.0,0.0,0.0,0.0,64.49700255066647,81.36304030179106,34.583333333333336,60.58271311080391
MAT_0035,0.3333333333333332,0.0,0.0721649484536082,0.2722711555858961,0.9166666666666666,0.4970238095238095,0.367003367003367,0.0461538461538461,0.1739130434782609,0.7777777777777777,0.8888888888888888,0.75,0.0411810411810411,0.1694494810727833,0.0159692743076612,0.0810810810810809,1.0,1.0,0.0,0.0,0.0,0.0,0.0,0.0,0.0,1.0,0.0,1.0,0.0,0.0,0.0,0.0,0.0,0.0,0.0,0.0,0.0,0.0,0.0,0.0,0.0,0.0,0.0,0.0,0.0,0.0,1.0,0.0,0.0,0.0,1.0,71.95091295147074,78.90516868079027,80.83333333333333,76.70191578482537
MAT_0036,0.2444444444444444,0.1643835616438356,0.1030927835051546,0.5180128429266777,0.9583333333333331,0.488095238095238,0.4579124579124579,0.123076923076923,0.0,0.7777777777777777,0.7777777777777777,0.75,0.0765345765345765,0.1594046519906114,0.0331514048918536,0.2432432432432432,1.0,1.0,0.0,0.0,0.0,0.0,0.0,0.0,0.0,1.0,0.0,0.0,0.0,0.0,0.0,0.0,1.0,0.0,0.0,0.0,0.0,0.0,0.0,0.0,0.0,0.0,0.0,0.0,0.0,0.0,1.0,0.0,0.0,0.0,1.0,64.93580518839015,77.24058469661867,76.94444444444443,72.22983081767498
MAT_0037,0.0,0.0684931506849315,0.0927835051546391,0.4987207024203977,0.9583333333333331,0.4761904761904761,0.3939393939393939,0.123076923076923,0.1521739130434782,0.8888888888888888,0.8888888888888888,0.625,0.0388500388500388,0.1685373260509249,0.0016171417020416,0.1891891891891892,1.0,1.0,0.0,0.0,0.0,0.0,0.0,0.0,0.0,1.0,0.0,0.0,1.0,0.0,0.0,0.0,0.0,0.0,0.0,0.0,0.0,0.0,0.0,0.0,0.0,0.0,0.0,0.0,0.0,0.0,1.0,0.0,0.0,0.0,1.0,65.99075987976903,79.8646539095296,80.97222222222221,74.64736679143314
MAT_0038,0.9333333333333332,0.7123287671232876,0.979381443298969,0.3996625540440788,0.25,0.9523809523809522,0.888888888888889,1.0,0.3913043478260869,0.8888888888888888,0.8888888888888888,0.875,0.9374514374514376,0.0954870574101471,0.9781685870224378,0.6216216216216217,0.0,0.0,0.0,0.0,0.0,0.0,1.0,0.0,0.0,0.0,1.0,0.0,0.0,0.0,1.0,0.0,0.0,0.0,0.0,0.0,0.0,0.0,0.0,0.0,0.0,1.0,0.0,1.0,0.0,0.0,0.0,0.0,0.0,0.0,0.0,19.91488528343955,23.36999938273437,88.47222222222221,41.518620594862796
MAT_0039,1.0,0.7534246575342465,0.4948453608247423,0.0012487720408265,0.1249999999999999,0.181547619047619,0.0909090909090909,0.5384615384615385,0.9130434782608696,0.3333333333333333,0.4444444444444445,0.375,0.1204351204351204,0.9777523165400402,0.1641398827572265,0.5405405405405406,0.0,0.0,1.0,0.0,0.0,0.0,0.0,1.0,0.0,0.0,0.0,1.0,0.0,0.0,0.0,0.0,0.0,1.0,0.0,1.0,0.0,1.0,0.0,1.0,0.0,0.0,0.0,0.0,0.0,0.0,0.0,0.0,0.0,0.0,0.0,62.70063207687044,78.95095471202204,38.47222222222222,60.307205911021455
MAT_0040,1.0,0.8082191780821917,0.4845360824742267,0.0017815814449125,0.1249999999999999,0.1369047619047619,0.0707070707070706,0.6307692307692307,0.8043478260869565,0.3333333333333333,0.4444444444444445,0.125,0.0924630924630924,0.9195078812418656,0.1417020416413988,0.6216216216216217,0.0,0.0,1.0,0.0,0.0,0.0,0.0,1.0,0.0,0.0,0.0,0.0,0.0,0.0,1.0,0.0,0.0,1.0,0.0,1.0,0.0,1.0,0.0,1.0,0.0,0.0,0.0,0.0,0.0,0.0,0.0,0.0,0.0,0.0,0.0,64.47036208046215,80.81650577708795,30.972222222222218,59.32476323197791
MAT_0041,0.6888888888888889,0.3835616438356165,0.9484536082474226,0.0747487193148959,0.3333333333333333,0.2261904761904762,0.3737373737373737,0.8769230769230769,0.7391304347826089,0.6666666666666665,0.6666666666666665,0.625,0.5730380730380732,0.3951077344071548,0.1752577319587628,0.9189189189189192,1.0,0.0,0.0,0.0,1.0,0.0,0.0,0.0,0.0,1.0,0.0,0.0,1.0,0.0,0.0,0.0,0.0,0.0,1.0,0.0,0.0,0.0,0.0,0.0,0.0,0.0,1.0,0.0,1.0,0.0,0.0,0.0,0.0,0.0,0.0,88.70991937293408,65.0594365542819,65.41666666666666,74.62679871545821
MAT_0042,0.8444444444444446,0.6438356164383561,1.0,0.3649966421907346,0.2916666666666667,0.943452380952381,0.8653198653198654,0.9846153846153848,0.5434782608695652,0.8888888888888888,1.0,1.0,0.9502719502719504,0.0615593401337085,0.9696785930867192,0.4594594594594594,0.0,0.0,0.0,0.0,0.0,0.0,1.0,0.0,0.0,0.0,1.0,0.0,1.0,0.0,0.0,0.0,0.0,0.0,0.0,0.0,0.0,0.0,0.0,0.0,0.0,1.0,0.0,1.0,0.0,0.0,0.0,0.0,0.0,0.0,0.0,21.31200549618272,23.396044693800903,96.1111111111111,44.376948939946686
MAT_0043,1.0,0.9589041095890408,0.3092783505154639,0.0006993123428628,0.0,0.0922619047619047,0.01010101010101,0.6000000000000001,0.8043478260869565,0.0,0.2222222222222222,0.0,0.0598290598290598,0.6364506045807979,0.0818677986658581,0.3243243243243243,0.0,0.0,0.0,0.0,0.0,1.0,0.0,0.0,1.0,0.0,0.0,0.0,0.0,0.0,1.0,0.0,0.0,0.0,0.0,0.0,1.0,0.0,0.0,0.0,1.0,0.0,0.0,0.0,0.0,1.0,0.0,0.0,1.0,0.0,0.0,66.28854443923792,80.73808005888054,7.777777777777777,53.07017512669267
MAT_0044,0.7555555555555555,0.6712328767123288,0.9690721649484536,0.9416518201546258,0.25,0.994047619047619,0.905723905723906,0.9076923076923078,0.3695652173913044,0.8888888888888888,0.8888888888888888,1.0,0.9331779331779332,0.0485221976261721,0.9824135839902972,0.5945945945945945,0.0,0.0,0.0,0.0,0.0,0.0,1.0,0.0,0.0,0.0,1.0,0.0,0.0,0.0,1.0,0.0,0.0,0.0,0.0,0.0,0.0,0.0,0.0,0.0,0.0,1.0,0.0,1.0,0.0,0.0,0.0,0.0,0.0,0.0,0.0,1.9885406334564684,23.250139120363496,92.2222222222222,35.437124656158296
MAT_0045,1.0,0.8630136986301369,0.2989690721649484,0.0004051571510237,0.0,0.0535714285714285,0.01010101010101,0.6923076923076923,0.8913043478260869,0.1111111111111111,0.0,0.125,0.0629370629370629,0.7052738133641834,0.1152213462704669,0.5675675675675673,0.0,0.0,0.0,0.0,0.0,1.0,0.0,0.0,1.0,0.0,0.0,0.0,0.0,1.0,0.0,0.0,0.0,0.0,0.0,0.0,1.0,0.0,0.0,0.0,1.0,0.0,0.0,0.0,0.0,1.0,0.0,0.0,1.0,0.0,0.0,67.84498814261215,79.3758879083318,7.638888888888888,53.24242829621107
MAT_0046,0.6444444444444444,0.3972602739726027,0.9484536082474226,0.0904665967354323,0.3333333333333333,0.2767857142857143,0.4107744107744108,0.8307692307692309,0.7826086956521741,0.6666666666666665,0.7777777777777777,0.75,0.5578865578865579,0.4143853521252099,0.1956741459470385,0.8648648648648647,1.0,0.0,0.0,0.0,1.0,0.0,0.0,0.0,0.0,1.0,0.0,0.0,0.0,0.0,0.0,0.0,1.0,0.0,1.0,0.0,0.0,0.0,0.0,0.0,0.0,0.0,1.0,0.0,1.0,0.0,0.0,0.0,0.0,0.0,0.0,86.21457352650846,65.2045198922094,73.05555555555554,75.96385204493286
MAT_0047,0.5555555555555556,0.2876712328767123,0.9072164948453608,0.5491266920861153,0.4166666666666667,0.1726190476190476,0.3804713804713804,0.8153846153846154,0.8043478260869565,0.7777777777777777,0.7777777777777777,0.75,0.4487179487179488,0.5109069268162453,0.2231655548817465,0.8108108108108107,1.0,0.0,0.0,1.0,0.0,0.0,0.0,0.0,0.0,1.0,0.0,0.0,0.0,1.0,0.0,0.0,0.0,0.0,0.0,0.0,0.0,0.0,1.0,0.0,0.0,0.0,0.0,0.0,0.0,0.0,0.0,1.0,0.0,1.0,0.0,76.62143733265464,69.01346581455738,76.94444444444443,74.43594801076239
MAT_0048,1.0,0.7534246575342465,0.5051546391752577,0.0003274557795945,0.1249999999999999,0.1636904761904761,0.0707070707070706,0.5230769230769231,0.673913043478261,0.3333333333333333,0.3333333333333333,0.25,0.1173271173271173,0.908272801094586,0.1459470386092581,0.7027027027027029,0.0,0.0,1.0,0.0,0.0,0.0,0.0,1.0,0.0,0.0,0.0,0.0,0.0,1.0,0.0,0.0,0.0,1.0,0.0,1.0,0.0,1.0,0.0,1.0,0.0,0.0,0.0,0.0,0.0,0.0,0.0,0.0,0.0,0.0,0.0,63.44255727899313,79.85832575887154,30.83333333333333,58.58452063925871
MAT_0049,0.7333333333333334,0.4109589041095889,0.9381443298969072,0.3552007192926955,0.3333333333333333,0.2619047619047618,0.3905723905723905,0.7846153846153847,0.6086956521739131,0.8888888888888888,0.8888888888888888,0.625,0.5543900543900545,0.4044628853020678,0.158682029512836,0.8918918918918919,1.0,0.0,0.0,0.0,1.0,0.0,0.0,0.0,0.0,1.0,0.0,0.0,0.0,1.0,0.0,0.0,0.0,0.0,1.0,0.0,0.0,0.0,0.0,0.0,0.0,0.0,1.0,0.0,1.0,0.0,0.0,0.0,0.0,0.0,0.0,78.86778794502867,66.28292299305033,80.97222222222221,75.72365874259323
MAT_0050,0.8444444444444446,0.7671232876712328,0.4742268041237113,0.0014818761551141,0.1249999999999999,0.1875,0.0707070707070706,0.4153846153846154,0.7391304347826089,0.4444444444444445,0.4444444444444445,0.125,0.0959595959595959,0.9488859472507424,0.1425106124924196,0.8108108108108107,0.0,0.0,1.0,0.0,0.0,0.0,0.0,1.0,0.0,0.0,0.0,0.0,0.0,0.0,0.0,0.0,1.0,1.0,0.0,1.0,0.0,1.0,0.0,1.0,0.0,0.0,0.0,0.0,0.0,0.0,0.0,0.0,0.0,0.0,0.0,62.455543715346586,80.41123790972185,34.86111111111111,59.56392219238852
MAT_0051,0.5111111111111111,0.0410958904109589,0.0721649484536082,0.3552784206641247,0.9583333333333331,0.5446428571428572,0.3905723905723905,0.123076923076923,0.1304347826086958,0.8888888888888888,0.8888888888888888,0.75,0.0376845376845376,0.1380023805021302,0.0343642611683848,0.2432432432432432,1.0,1.0,0.0,0.0,0.0,0.0,0.0,0.0,0.0,1.0,0.0,0.0,0.0,0.0,0.0,1.0,0.0,0.0,0.0,0.0,0.0,0.0,0.0,0.0,0.0,0.0,0.0,0.0,0.0,0.0,1.0,0.0,0.0,0.0,1.0,67.55593309436196,78.52814424979373,84.72222222222221,75.99748317934956
MAT_0052,0.5777777777777777,0.2054794520547945,0.8865979381443299,0.3847272404357936,0.4583333333333333,0.2083333333333333,0.430976430976431,0.8461538461538463,0.6304347826086958,0.8888888888888888,0.8888888888888888,0.625,0.4300699300699301,0.5333214679021546,0.2302405498281786,0.7297297297297296,1.0,0.0,0.0,1.0,0.0,0.0,0.0,0.0,0.0,1.0,0.0,0.0,1.0,0.0,0.0,0.0,0.0,0.0,0.0,0.0,0.0,0.0,1.0,0.0,0.0,0.0,0.0,0.0,0.0,0.0,0.0,1.0,0.0,1.0,0.0,80.12484945359286,69.32124576454474,80.97222222222221,77.13798017746723
MAT_0053,0.5333333333333332,0.273972602739726,0.8865979381443299,0.3910210515215593,0.4166666666666667,0.181547619047619,0.4006734006734007,0.7384615384615385,0.7173913043478262,0.8888888888888888,0.7777777777777777,0.75,0.4518259518259518,0.5116855957373438,0.2150798463715383,0.8918918918918919,1.0,0.0,0.0,1.0,0.0,0.0,0.0,0.0,0.0,1.0,0.0,0.0,0.0,1.0,0.0,0.0,0.0,0.0,0.0,0.0,0.0,0.0,1.0,0.0,0.0,0.0,0.0,0.0,0.0,0.0,0.0,1.0,0.0,1.0,0.0,81.00746369244847,68.68826578044288,80.83333333333333,77.25946521111224
MAT_0054,0.711111111111111,0.3835616438356165,0.9381443298969072,0.4991314096693806,0.3333333333333333,0.2619047619047618,0.4478114478114479,0.8615384615384616,0.8043478260869565,0.8888888888888888,0.6666666666666665,0.5,0.5804195804195805,0.4167881019388856,0.1609055993531433,0.9999999999999998,1.0,0.0,0.0,0.0,1.0,0.0,0.0,0.0,0.0,1.0,0.0,0.0,1.0,0.0,0.0,0.0,0.0,0.0,1.0,0.0,0.0,0.0,0.0,0.0,0.0,0.0,1.0,0.0,1.0,0.0,0.0,0.0,0.0,0.0,0.0,74.5498672337281,64.91473959636483,69.44444444444443,70.12770210573402
MAT_0055,0.5555555555555556,0.2602739726027397,0.8969072164948454,0.2948045533003657,0.4166666666666667,0.1934523809523809,0.4444444444444445,0.7846153846153847,0.6086956521739131,0.6666666666666665,0.8888888888888888,0.625,0.4658119658119658,0.4570675328431427,0.1888012937133616,0.6756756756756757,1.0,0.0,0.0,1.0,0.0,0.0,0.0,0.0,0.0,1.0,0.0,0.0,0.0,0.0,0.0,0.0,1.0,0.0,0.0,0.0,0.0,0.0,1.0,0.0,0.0,0.0,0.0,0.0,0.0,0.0,0.0,1.0,0.0,1.0,0.0,83.4177681628938,68.98350722789776,73.19444444444443,76.02049276686017
MAT_0056,1.0,0.9041095890410956,0.2783505154639175,0.0008047642040882,0.0833333333333333,0.0476190476190476,0.0033670033670033,0.7076923076923078,1.0,0.0,0.1111111111111111,0.0,0.0932400932400932,0.6351713627818503,0.0863149383464726,0.4594594594594594,0.0,0.0,0.0,0.0,0.0,1.0,0.0,0.0,1.0,0.0,0.0,0.0,1.0,0.0,0.0,0.0,0.0,0.0,0.0,0.0,1.0,0.0,0.0,0.0,1.0,0.0,0.0,0.0,0.0,1.0,0.0,0.0,1.0,0.0,0.0,68.07109516911545,78.3155574968795,3.8888888888888884,51.8897719833767
MAT_0057,0.5555555555555556,0.2876712328767123,0.9484536082474226,0.3664674181499303,0.4166666666666667,0.2023809523809523,0.3973063973063973,0.7692307692307692,0.4782608695652175,0.7777777777777777,0.7777777777777777,0.75,0.4475524475524476,0.5088490160961989,0.2106327066909237,0.8378378378378379,1.0,0.0,0.0,1.0,0.0,0.0,0.0,0.0,0.0,1.0,0.0,0.0,0.0,1.0,0.0,0.0,0.0,0.0,0.0,0.0,0.0,0.0,1.0,0.0,0.0,0.0,0.0,0.0,0.0,0.0,0.0,1.0,0.0,1.0,0.0,80.910739360264,70.27246858659836,76.94444444444443,76.52936965341844
MAT_0058,1.0,0.780821917808219,0.4845360824742267,0.0004662082285752,0.1249999999999999,0.1369047619047619,0.0808080808080808,0.6000000000000001,0.8043478260869565,0.4444444444444445,0.4444444444444445,0.375,0.1006216006216006,0.9236125788402282,0.1681827370123307,0.5405405405405406,0.0,0.0,1.0,0.0,0.0,0.0,0.0,1.0,0.0,0.0,0.0,0.0,0.0,0.0,0.0,0.0,1.0,1.0,0.0,1.0,0.0,1.0,0.0,1.0,0.0,0.0,0.0,0.0,0.0,0.0,0.0,0.0,0.0,0.0,0.0,64.50982327695228,79.61415950803458,42.36111111111111,62.39651049652461
MAT_0059,0.8888888888888888,0.821917808219178,0.4432989690721649,0.0006493614612297,0.1249999999999999,0.1577380952380952,0.0841750841750841,0.5076923076923077,0.7608695652173914,0.4444444444444445,0.4444444444444445,0.375,0.1048951048951049,1.0,0.1039013543561754,0.5945945945945945,0.0,0.0,1.0,0.0,0.0,0.0,0.0,1.0,0.0,0.0,0.0,0.0,1.0,0.0,0.0,0.0,0.0,1.0,0.0,1.0,0.0,1.0,0.0,1.0,0.0,0.0,0.0,0.0,0.0,0.0,0.0,0.0,0.0,0.0,0.0,63.670995346639295,80.50418350600279,42.36111111111111,62.32798652378989
MAT_0060,1.0,0.780821917808219,0.4845360824742267,0.0010378683183758,0.1666666666666666,0.1279761904761904,0.0875420875420875,0.5692307692307692,0.7391304347826089,0.3333333333333333,0.3333333333333333,0.375,0.1064491064491064,0.958597061081015,0.1627248837679401,0.7297297297297296,0.0,0.0,1.0,0.0,0.0,0.0,0.0,1.0,0.0,0.0,0.0,0.0,0.0,0.0,0.0,1.0,0.0,1.0,0.0,1.0,0.0,1.0,0.0,1.0,0.0,0.0,0.0,0.0,0.0,0.0,0.0,0.0,0.0,0.0,0.0,64.84981633140112,79.48651981399101,34.583333333333336,60.16088247675775
MAT_0061,0.911111111111111,0.821917808219178,0.4742268041237113,0.0014208250775626,0.1666666666666666,0.181547619047619,0.0841750841750841,0.6307692307692307,0.7608695652173914,0.5555555555555556,0.3333333333333333,0.25,0.1324786324786325,0.964615059456934,0.1313927632908833,0.4864864864864866,0.0,0.0,1.0,0.0,0.0,0.0,0.0,1.0,0.0,0.0,0.0,0.0,0.0,0.0,1.0,0.0,0.0,1.0,0.0,1.0,0.0,1.0,0.0,1.0,0.0,0.0,0.0,0.0,0.0,0.0,0.0,0.0,0.0,0.0,0.0,62.695470485768354,78.9188215598161,38.611111111111114,60.33716799558551
MAT_0062,0.8888888888888888,0.8630136986301369,0.2474226804123711,7.215127346997676e-05,0.0416666666666666,0.0,0.0,0.6923076923076923,1.0,0.1111111111111111,0.1111111111111111,0.25,0.0551670551670551,0.6770526268952245,0.1107742065898524,0.6216216216216217,0.0,0.0,0.0,0.0,0.0,1.0,0.0,0.0,1.0,0.0,0.0,0.0,0.0,0.0,0.0,1.0,0.0,0.0,0.0,0.0,1.0,0.0,0.0,0.0,1.0,0.0,0.0,0.0,0.0,1.0,0.0,0.0,1.0,0.0,0.0,69.9978354617959,78.8668746521991,15.277777777777777,56.24252991371143
MAT_0063,0.5777777777777777,0.6712328767123288,0.9278350515463918,0.999539341869384,0.25,0.9732142857142856,0.888888888888889,1.0,0.3695652173913044,0.8888888888888888,0.8888888888888888,1.0,0.9763014763014763,0.0516035017853765,0.988275722660198,0.783783783783784,0.0,0.0,0.0,0.0,0.0,0.0,1.0,0.0,0.0,0.0,1.0,0.0,1.0,0.0,0.0,0.0,0.0,0.0,0.0,0.0,0.0,0.0,0.0,0.0,0.0,1.0,0.0,1.0,0.0,0.0,0.0,0.0,0.0,0.0,0.0,1.0852483153470573,20.093355536048076,92.2222222222222,34.128772653619905
MAT_0064,0.3111111111111111,0.136986301369863,0.0721649484536082,0.094262863739545,1.0,0.5148809523809523,0.4343434343434343,0.1076923076923077,0.1956521739130434,0.7777777777777777,0.6666666666666665,0.75,0.0,0.1575247227382449,0.0111178492015362,0.2432432432432432,1.0,1.0,0.0,0.0,0.0,0.0,0.0,0.0,0.0,1.0,0.0,0.0,0.0,1.0,0.0,0.0,0.0,0.0,0.0,0.0,0.0,0.0,0.0,0.0,0.0,0.0,0.0,0.0,0.0,0.0,1.0,0.0,0.0,0.0,1.0,76.57687599257555,81.10976349302608,73.05555555555554,76.88034611160471
MAT_0065,0.5555555555555556,0.4109589041095889,1.0,0.2220039183691592,0.3333333333333333,0.2351190476190476,0.4343434343434343,0.8923076923076922,0.6304347826086958,0.8888888888888888,0.6666666666666665,0.75,0.5586635586635588,0.334238072460705,0.1811198706286638,0.9459459459459458,1.0,0.0,0.0,0.0,1.0,0.0,0.0,0.0,0.0,1.0,0.0,0.0,0.0,1.0,0.0,0.0,0.0,0.0,1.0,0.0,0.0,0.0,0.0,0.0,0.0,0.0,1.0,0.0,1.0,0.0,0.0,0.0,0.0,0.0,0.0,83.93512054416333,66.63322594796215,76.94444444444443,76.6473493353873
MAT_0066,1.0,0.7397260273972601,0.4845360824742267,0.0013986246857257,0.1249999999999999,0.1369047619047619,0.0909090909090909,0.6153846153846154,0.8260869565217392,0.5555555555555556,0.2222222222222222,0.375,0.1173271173271173,0.9801773140371758,0.134020618556701,0.5405405405405406,0.0,0.0,1.0,0.0,0.0,0.0,0.0,1.0,0.0,0.0,0.0,0.0,0.0,0.0,0.0,0.0,1.0,1.0,0.0,1.0,0.0,1.0,0.0,1.0,0.0,0.0,0.0,0.0,0.0,0.0,0.0,0.0,0.0,0.0,0.0,64.48185078323776,79.80374722642763,38.47222222222222,61.27553114789006
MAT_0067,0.6444444444444444,0.2876712328767123,0.8865979381443299,0.2823889841655705,0.375,0.2023809523809523,0.4242424242424243,0.7846153846153847,0.6086956521739131,0.7777777777777777,0.8888888888888888,0.5,0.4324009324009324,0.512175044773463,0.2181119870628663,0.7297297297297296,1.0,0.0,0.0,1.0,0.0,0.0,0.0,0.0,0.0,1.0,0.0,0.0,0.0,0.0,0.0,0.0,1.0,0.0,0.0,0.0,0.0,0.0,1.0,0.0,0.0,0.0,0.0,0.0,0.0,0.0,0.0,1.0,0.0,1.0,0.0,83.4330923797948,69.568552530954,73.33333333333333,76.24380271120413
MAT_0068,0.9333333333333332,0.8630136986301369,0.5257731958762887,0.0007603634204143,0.1249999999999999,0.1636904761904761,0.0673400673400673,0.6000000000000001,0.9130434782608696,0.5555555555555556,0.4444444444444445,0.375,0.0963480963480963,0.9786088523532488,0.1287649080250656,0.4054054054054055,0.0,0.0,1.0,0.0,0.0,0.0,0.0,1.0,0.0,0.0,0.0,0.0,0.0,1.0,0.0,0.0,0.0,1.0,0.0,1.0,0.0,1.0,0.0,1.0,0.0,0.0,0.0,0.0,0.0,0.0,0.0,0.0,0.0,0.0,0.0,63.42957004976852,81.83511185936901,46.25,63.797361577718114
MAT_0069,0.5999999999999999,0.2465753424657533,0.8247422680412371,0.1205203771846573,0.4166666666666667,0.175595238095238,0.4276094276094276,0.8,0.5,0.8888888888888888,0.7777777777777777,0.625,0.4864024864024864,0.4987263201219173,0.2031534263189811,0.5135135135135134,1.0,0.0,0.0,1.0,0.0,0.0,0.0,0.0,0.0,1.0,0.0,0.0,0.0,1.0,0.0,0.0,0.0,0.0,0.0,0.0,0.0,0.0,1.0,0.0,0.0,0.0,0.0,0.0,0.0,0.0,0.0,1.0,0.0,1.0,0.0,89.36057916065077,66.08011825113098,77.08333333333333,78.6932671395996
MAT_0070,0.3999999999999999,0.1506849315068493,0.1030927835051546,0.2930063215615755,0.9583333333333331,0.4851190476190475,0.4511784511784512,0.1692307692307693,0.0434782608695654,0.8888888888888888,0.8888888888888888,0.5,0.0703185703185703,0.1438757689355595,0.0460885385081867,0.162162162162162,1.0,1.0,0.0,0.0,0.0,0.0,0.0,0.0,0.0,1.0,0.0,1.0,0.0,0.0,0.0,0.0,0.0,0.0,0.0,0.0,0.0,0.0,0.0,0.0,0.0,0.0,0.0,0.0,0.0,0.0,1.0,0.0,0.0,0.0,1.0,71.80504844839083,77.16327099892898,77.22222222222221,75.03766734570169
MAT_0071,0.2888888888888887,0.0958904109589041,0.0618556701030927,0.3394384410884852,1.0,0.5029761904761905,0.3838383838383838,0.123076923076923,0.1739130434782609,0.6666666666666665,0.8888888888888888,0.75,0.0489510489510489,0.1471350545624436,0.024661410956135,0.2972972972972971,1.0,1.0,0.0,0.0,0.0,0.0,0.0,0.0,0.0,1.0,0.0,0.0,1.0,0.0,0.0,0.0,0.0,0.0,0.0,0.0,0.0,0.0,0.0,0.0,0.0,0.0,0.0,0.0,0.0,0.0,1.0,0.0,0.0,0.0,1.0,69.69779914829783,78.04971862582535,76.94444444444443,74.37736858040006
MAT_0072,0.3999999999999999,0.1506849315068493,0.0515463917525773,0.3926194797338173,0.9583333333333331,0.4791666666666666,0.3636363636363637,0.0,0.1521739130434782,0.6666666666666665,0.7777777777777777,0.5,0.066045066045066,0.1926093195546014,0.0224378411158277,0.0,1.0,1.0,0.0,0.0,0.0,0.0,0.0,0.0,0.0,1.0,0.0,0.0,0.0,1.0,0.0,0.0,0.0,0.0,0.0,0.0,0.0,0.0,0.0,0.0,0.0,0.0,0.0,0.0,0.0,0.0,1.0,0.0,0.0,0.0,1.0,69.05474894131882,77.0555392993234,65.55555555555554,70.4052280329912
MAT_0073,0.8222222222222224,0.2876712328767123,0.9381443298969072,0.2586845157817035,0.4583333333333333,0.1994047619047619,0.4006734006734007,0.8461538461538463,0.4565217391304348,0.8888888888888888,0.7777777777777777,0.625,0.445998445998446,0.4449647930409246,0.2110369921164341,0.6756756756756757,1.0,0.0,0.0,1.0,0.0,0.0,0.0,0.0,0.0,1.0,0.0,0.0,0.0,0.0,0.0,0.0,1.0,0.0,0.0,0.0,0.0,0.0,1.0,0.0,0.0,0.0,0.0,0.0,0.0,0.0,0.0,1.0,0.0,1.0,0.0,84.26327405035843,70.13185453452282,77.08333333333333,77.86986598050022
MAT_0074,1.0,0.7671232876712328,0.4432989690721649,0.0007659135183735,0.0833333333333333,0.1309523809523809,0.0774410774410774,0.5076923076923077,0.7173913043478262,0.5555555555555556,0.2222222222222222,0.125,0.1013986013986014,0.9118769258150996,0.1374570446735395,0.7297297297297296,0.0,0.0,1.0,0.0,0.0,0.0,0.0,1.0,0.0,0.0,0.0,0.0,0.0,0.0,1.0,0.0,0.0,1.0,0.0,1.0,0.0,1.0,0.0,1.0,0.0,0.0,0.0,0.0,0.0,0.0,0.0,0.0,0.0,0.0,0.0,64.73892735635356,79.67233797130704,30.972222222222218,59.0889390006002
MAT_0075,0.5999999999999999,0.2191780821917808,0.0412371134020618,0.1215859959928292,0.9166666666666666,0.5,0.4410774410774412,0.1538461538461538,0.1739130434782609,0.8888888888888888,0.8888888888888888,0.75,0.0275835275835275,0.1671802173598674,0.0022235698403072,0.162162162162162,1.0,1.0,0.0,0.0,0.0,0.0,0.0,0.0,0.0,1.0,0.0,0.0,0.0,1.0,0.0,0.0,0.0,0.0,0.0,0.0,0.0,0.0,0.0,0.0,0.0,0.0,0.0,0.0,0.0,0.0,1.0,0.0,0.0,0.0,1.0,76.35242012021513,79.37885879365565,84.72222222222221,79.77129235284941
MAT_0076,0.977777777777778,0.9041095890410956,0.3402061855670103,0.000777013714292,0.0,0.0238095238095238,0.0067340067340067,0.6307692307692307,0.8043478260869565,0.1111111111111111,0.1111111111111111,0.125,0.0396270396270396,0.6897449303091315,0.0764099454214675,0.4054054054054055,0.0,0.0,0.0,0.0,0.0,1.0,0.0,0.0,1.0,0.0,0.0,1.0,0.0,0.0,0.0,0.0,0.0,0.0,0.0,0.0,1.0,0.0,0.0,0.0,1.0,0.0,0.0,0.0,0.0,1.0,0.0,0.0,1.0,0.0,0.0,69.02430863619028,82.5304733673442,11.527777777777775,55.82719879801271
MAT_0077,0.6444444444444444,0.3150684931506849,0.9381443298969072,0.4663192305344189,0.375,0.2113095238095237,0.4208754208754209,0.7692307692307692,0.6304347826086958,0.8888888888888888,0.7777777777777777,0.75,0.4553224553224553,0.4989932923234368,0.2187184152011319,0.7027027027027029,1.0,0.0,0.0,1.0,0.0,0.0,0.0,0.0,0.0,1.0,0.0,0.0,1.0,0.0,0.0,0.0,0.0,0.0,0.0,0.0,0.0,0.0,1.0,0.0,0.0,0.0,0.0,0.0,0.0,0.0,0.0,1.0,0.0,1.0,0.0,77.55804213158648,69.43521137578142,80.83333333333333,76.10378026536901
MAT_0078,0.7333333333333334,0.2465753424657533,0.865979381443299,0.4348446250076314,0.375,0.1875,0.3872053872053872,0.8307692307692309,0.5652173913043479,0.8888888888888888,0.8888888888888888,0.75,0.4844599844599845,0.4628741782261921,0.22175055589246,0.6486486486486485,1.0,0.0,0.0,1.0,0.0,0.0,0.0,0.0,0.0,1.0,0.0,0.0,0.0,1.0,0.0,0.0,0.0,0.0,0.0,0.0,0.0,0.0,1.0,0.0,0.0,0.0,0.0,0.0,0.0,0.0,0.0,1.0,0.0,1.0,0.0,79.45466124977105,66.44407172909295,84.72222222222221,77.13175268530298
MAT_0079,0.9555555555555556,0.7945205479452053,0.4639175257731959,0.0012154714530711,0.1249999999999999,0.175595238095238,0.0808080808080808,0.5846153846153846,0.7826086956521741,0.3333333333333333,0.3333333333333333,0.375,0.1235431235431235,0.9530796355829448,0.1204770568021022,0.6486486486486485,0.0,0.0,1.0,0.0,0.0,0.0,0.0,1.0,0.0,0.0,0.0,0.0,0.0,0.0,0.0,0.0,1.0,1.0,0.0,1.0,0.0,1.0,0.0,1.0,0.0,0.0,0.0,0.0,0.0,0.0,0.0,0.0,0.0,0.0,0.0,62.93972633259835,79.48688263424467,34.583333333333336,59.39695532331274
MAT_0080,0.8222222222222224,0.2328767123287671,0.8865979381443299,0.1242444929152999,0.4166666666666667,0.2202380952380952,0.4545454545454545,0.8461538461538463,0.5869565217391306,0.6666666666666665,0.8888888888888888,0.625,0.4428904428904429,0.4987596916471072,0.2152819890842935,0.9459459459459458,1.0,0.0,0.0,1.0,0.0,0.0,0.0,0.0,0.0,1.0,0.0,0.0,0.0,0.0,1.0,0.0,0.0,0.0,0.0,0.0,0.0,0.0,1.0,0.0,0.0,0.0,0.0,0.0,0.0,0.0,0.0,1.0,0.0,1.0,0.0,87.46314140301719,69.12897694583565,73.19444444444443,77.6822829782909
MAT_0081,0.6888888888888889,0.2602739726027397,0.8556701030927835,0.4788180511386026,0.375,0.2321428571428571,0.4006734006734007,0.8923076923076922,0.5434782608695652,0.8888888888888888,0.8888888888888888,0.75,0.4728049728049729,0.4671791049756943,0.2205376996159288,0.5945945945945945,1.0,0.0,0.0,1.0,0.0,0.0,0.0,0.0,0.0,1.0,0.0,0.0,0.0,0.0,1.0,0.0,0.0,0.0,0.0,0.0,0.0,0.0,1.0,0.0,0.0,0.0,0.0,0.0,0.0,0.0,0.0,1.0,0.0,1.0,0.0,76.34974418012763,66.85702243312916,84.72222222222221,76.01367106865646
MAT_0082,0.3555555555555556,0.2328767123287671,0.1030927835051546,0.2129017577160237,0.9583333333333331,0.5297619047619047,0.3939393939393939,0.1538461538461538,0.108695652173913,0.7777777777777777,0.6666666666666665,0.625,0.066045066045066,0.1870807702148013,0.0103092783505154,0.0,1.0,1.0,0.0,0.0,0.0,0.0,0.0,0.0,0.0,1.0,0.0,0.0,0.0,0.0,0.0,1.0,0.0,0.0,0.0,0.0,0.0,0.0,0.0,0.0,0.0,0.0,0.0,0.0,0.0,0.0,1.0,0.0,0.0,0.0,1.0,72.42247107804309,78.45032401733432,69.30555555555554,73.2957523030842
MAT_0083,1.0,0.821917808219178,0.422680412371134,0.0009435166530689,0.1666666666666666,0.1636904761904761,0.0875420875420875,0.5230769230769231,0.7608695652173914,0.4444444444444445,0.4444444444444445,0.125,0.0928515928515928,0.9489081949342024,0.1156256316959773,0.5945945945945945,0.0,0.0,1.0,0.0,0.0,0.0,0.0,1.0,0.0,0.0,0.0,0.0,0.0,0.0,1.0,0.0,0.0,1.0,0.0,1.0,0.0,1.0,0.0,1.0,0.0,0.0,0.0,0.0,0.0,0.0,0.0,0.0,0.0,0.0,0.0,63.4240754527889,80.34225965396372,34.86111111111111,59.930641410638
MAT_0084,0.1777777777777778,0.1506849315068493,0.0721649484536082,0.4421985048036098,0.9583333333333331,0.494047619047619,0.3602693602693603,0.123076923076923,0.1739130434782609,0.6666666666666665,0.8888888888888888,0.75,0.0784770784770785,0.1592711658898517,0.0145542753183747,0.0,1.0,1.0,0.0,0.0,0.0,0.0,0.0,0.0,0.0,1.0,0.0,0.0,0.0,0.0,0.0,1.0,0.0,0.0,0.0,0.0,0.0,0.0,0.0,0.0,0.0,0.0,0.0,0.0,0.0,0.0,1.0,0.0,0.0,0.0,1.0,66.97214009398694,77.08281678566699,76.94444444444443,72.9970344066282
MAT_0085,0.2888888888888887,0.1095890410958904,0.0618556701030927,0.3619829389988733,0.9583333333333331,0.488095238095238,0.3602693602693603,0.1846153846153846,0.108695652173913,0.6666666666666665,0.6666666666666665,0.625,0.0244755244755244,0.1655895079924802,0.0165757024459268,0.1351351351351351,1.0,1.0,0.0,0.0,0.0,0.0,0.0,0.0,0.0,1.0,0.0,1.0,0.0,0.0,0.0,0.0,0.0,0.0,0.0,0.0,0.0,0.0,0.0,0.0,0.0,0.0,0.0,0.0,0.0,0.0,1.0,0.0,0.0,0.0,1.0,69.61670230622428,79.51606610490782,65.41666666666666,71.32650075396205
MAT_0086,1.0,0.821917808219178,0.4639175257731959,0.0015595775265433,0.1249999999999999,0.1845238095238095,0.0808080808080808,0.6153846153846154,0.6304347826086958,0.4444444444444445,0.3333333333333333,0.375,0.1153846153846154,0.9197414819181952,0.1503941782898726,0.4594594594594594,0.0,0.0,1.0,0.0,0.0,0.0,0.0,1.0,0.0,0.0,0.0,0.0,0.0,0.0,1.0,0.0,0.0,1.0,0.0,1.0,0.0,1.0,0.0,1.0,0.0,0.0,0.0,0.0,0.0,0.0,0.0,0.0,0.0,0.0,0.0,62.57226029325131,78.99729439753696,38.47222222222222,60.269759103228274
MAT_0087,0.7333333333333334,0.4246575342465753,0.9690721649484536,0.1824872208994488,0.2916666666666667,0.2738095238095238,0.4107744107744108,0.8923076923076922,0.7826086956521741,0.7777777777777777,0.6666666666666665,0.625,0.5571095571095572,0.3493442495300176,0.173438447543966,0.9999999999999998,1.0,0.0,0.0,0.0,1.0,0.0,0.0,0.0,0.0,1.0,0.0,0.0,0.0,0.0,0.0,1.0,0.0,0.0,1.0,0.0,0.0,0.0,0.0,0.0,0.0,0.0,1.0,0.0,1.0,0.0,0.0,0.0,0.0,0.0,0.0,83.57300242063559,66.32281201717223,69.30555555555554,74.11771124007257
MAT_0088,0.3111111111111111,0.1917808219178082,0.0,0.250625773544903,1.0,0.4732142857142857,0.3939393939393939,0.0307692307692307,0.0,0.8888888888888888,0.7777777777777777,0.625,0.0244755244755244,0.1650444397477113,0.0080857085102082,0.0810810810810809,1.0,1.0,0.0,0.0,0.0,0.0,0.0,0.0,0.0,1.0,0.0,0.0,0.0,0.0,1.0,0.0,0.0,0.0,0.0,0.0,0.0,0.0,0.0,0.0,0.0,0.0,0.0,0.0,0.0,0.0,1.0,0.0,0.0,0.0,1.0,73.55265536508149,78.53365252091753,77.08333333333333,76.10615790230786
MAT_0089,0.8888888888888888,0.9726027397260272,0.2886597938144329,0.000194253428573,0.0,0.0327380952380952,0.01010101010101,0.5692307692307692,0.9130434782608696,0.2222222222222222,0.2222222222222222,0.0,0.0796425796425796,0.6555279931477135,0.1020820699413786,0.4594594594594594,0.0,0.0,0.0,0.0,0.0,1.0,0.0,0.0,1.0,0.0,0.0,0.0,0.0,0.0,0.0,1.0,0.0,0.0,0.0,0.0,1.0,0.0,0.0,0.0,1.0,0.0,0.0,0.0,0.0,1.0,0.0,0.0,1.0,0.0,0.0,68.684648587619,78.72860479591833,15.555555555555554,55.75910754048976
MAT_0090,1.0,0.917808219178082,0.2577319587628865,0.0005661099918413,0.0416666666666666,0.0773809523809523,0.0,0.6615384615384616,0.956521739130435,0.1111111111111111,0.2222222222222222,0.25,0.0602175602175602,0.6738489604769903,0.1047099252071962,0.5135135135135134,0.0,0.0,0.0,0.0,0.0,1.0,0.0,0.0,1.0,0.0,0.0,0.0,0.0,0.0,1.0,0.0,0.0,0.0,0.0,0.0,1.0,0.0,0.0,0.0,1.0,0.0,0.0,0.0,0.0,1.0,0.0,0.0,1.0,0.0,0.0,66.88777860500667,79.00246340816383,19.166666666666664,56.20585046445182
MAT_0091,0.8888888888888888,0.3013698630136985,0.8969072164948454,0.4961898577509893,0.4166666666666667,0.1934523809523809,0.4074074074074074,0.8153846153846154,0.5,0.7777777777777777,0.8888888888888888,0.75,0.4677544677544678,0.5000611811295148,0.1983020012128562,0.7567567567567568,1.0,0.0,0.0,1.0,0.0,0.0,0.0,0.0,0.0,1.0,0.0,0.0,0.0,0.0,0.0,1.0,0.0,0.0,0.0,0.0,0.0,0.0,1.0,0.0,0.0,0.0,0.0,0.0,0.0,0.0,0.0,1.0,0.0,1.0,0.0,77.37620902937508,68.60136090578783,80.83333333333333,75.78089188348638
MAT_0092,0.9333333333333332,0.917808219178082,0.268041237113402,0.0005994105795967,0.0416666666666666,0.0476190476190476,0.0134680134680134,0.6000000000000001,0.7608695652173914,0.0,0.2222222222222222,0.25,0.0909090909090909,0.6920920609141573,0.0751970891449363,0.5675675675675673,0.0,0.0,0.0,0.0,0.0,1.0,0.0,0.0,1.0,0.0,0.0,0.0,0.0,0.0,0.0,1.0,0.0,0.0,0.0,0.0,1.0,0.0,0.0,0.0,1.0,0.0,0.0,0.0,0.0,1.0,0.0,0.0,1.0,0.0,0.0,68.0772557778502,78.55945752246541,15.277777777777777,55.38207290121304
MAT_0093,0.5999999999999999,0.2328767123287671,0.9278350515463918,0.2873230212513251,0.375,0.1666666666666666,0.4444444444444445,0.8,0.5217391304347827,0.6666666666666665,0.8888888888888888,0.625,0.4665889665889667,0.4876358499171274,0.2154841317970487,0.6216216216216217,1.0,0.0,0.0,1.0,0.0,0.0,0.0,0.0,0.0,1.0,0.0,0.0,0.0,1.0,0.0,0.0,0.0,0.0,0.0,0.0,0.0,0.0,1.0,0.0,0.0,0.0,0.0,0.0,0.0,0.0,0.0,1.0,0.0,1.0,0.0,84.71364269579358,68.76272874756803,73.19444444444443,76.47260903592118
MAT_0094,1.0,0.3698630136986301,0.9587628865979382,0.4533486516037008,0.3333333333333333,0.2470238095238094,0.4141414141414141,0.8923076923076922,0.7826086956521741,0.6666666666666665,0.8888888888888888,0.625,0.5695415695415695,0.3573534155756032,0.190216292702648,0.7567567567567568,1.0,0.0,0.0,0.0,1.0,0.0,0.0,0.0,0.0,1.0,0.0,0.0,1.0,0.0,0.0,0.0,0.0,0.0,1.0,0.0,0.0,0.0,0.0,0.0,0.0,0.0,1.0,0.0,1.0,0.0,0.0,0.0,0.0,0.0,0.0,76.51858807093659,64.99169047380084,73.19444444444443,72.06327570384822
MAT_0095,1.0,0.726027397260274,0.4742268041237113,0.0003274557795945,0.1249999999999999,0.1101190476190476,0.0808080808080808,0.5538461538461539,0.7391304347826089,0.4444444444444445,0.2222222222222222,0.125,0.1328671328671329,0.9880196224568116,0.1449363250454821,0.4594594594594594,0.0,0.0,1.0,0.0,0.0,0.0,0.0,1.0,0.0,0.0,0.0,1.0,0.0,0.0,0.0,0.0,0.0,1.0,0.0,1.0,0.0,1.0,0.0,1.0,0.0,0.0,0.0,0.0,0.0,0.0,0.0,0.0,0.0,0.0,0.0,65.58541442185026,78.49308968775311,27.083333333333332,57.90709267506604
MAT_0096,0.977777777777778,0.780821917808219,0.4845360824742267,0.000921316261232,0.1249999999999999,0.1369047619047619,0.0639730639730639,0.5384615384615385,0.6304347826086958,0.3333333333333333,0.2222222222222222,0.25,0.1421911421911422,0.912121650333159,0.1208813422276127,0.6486486486486485,0.0,0.0,1.0,0.0,0.0,0.0,0.0,1.0,0.0,0.0,0.0,1.0,0.0,0.0,0.0,0.0,0.0,1.0,0.0,1.0,0.0,1.0,0.0,1.0,0.0,0.0,0.0,0.0,0.0,0.0,0.0,0.0,0.0,0.0,0.0,64.49617003597257,78.95472427309905,26.944444444444443,57.56821862965208
MAT_0097,0.9333333333333332,0.8356164383561644,0.5154639175257731,0.0014430254693995,0.1249999999999999,0.1398809523809523,0.0875420875420875,0.5538461538461539,0.847826086956522,0.4444444444444445,0.2222222222222222,0.125,0.101010101010101,0.918295382493298,0.1485748938750757,0.5945945945945945,0.0,0.0,1.0,0.0,0.0,0.0,0.0,1.0,0.0,0.0,0.0,1.0,0.0,0.0,0.0,0.0,0.0,1.0,0.0,1.0,0.0,1.0,0.0,1.0,0.0,0.0,0.0,0.0,0.0,0.0,0.0,0.0,0.0,0.0,0.0,64.36147114067992,80.80152648375815,27.083333333333332,58.110046401399416
MAT_0098,0.977777777777778,0.9999999999999998,0.2783505154639175,0.0004884086204121,0.0833333333333333,0.0714285714285714,0.01010101010101,0.6153846153846154,0.8260869565217392,0.2222222222222222,0.2222222222222222,0.125,0.0885780885780886,0.6862520440059179,0.0948049322821912,0.4054054054054055,0.0,0.0,0.0,0.0,0.0,1.0,0.0,0.0,1.0,0.0,0.0,0.0,1.0,0.0,0.0,0.0,0.0,0.0,0.0,0.0,1.0,0.0,0.0,0.0,1.0,0.0,0.0,0.0,0.0,1.0,0.0,0.0,1.0,0.0,0.0,67.12820488424478,78.29395791190818,19.305555555555554,56.13113599393703
MAT_0099,0.6444444444444444,0.3972602739726027,0.9278350515463918,0.1060179712171919,0.3333333333333333,0.2648809523809524,0.4242424242424243,0.8769230769230769,0.6521739130434783,0.7777777777777777,0.6666666666666665,0.625,0.6033411033411035,0.4242188282145122,0.1896098645643824,0.8108108108108107,1.0,0.0,0.0,0.0,1.0,0.0,0.0,0.0,0.0,1.0,0.0,0.0,0.0,0.0,0.0,0.0,1.0,0.0,1.0,0.0,0.0,0.0,0.0,0.0,0.0,0.0,1.0,0.0,1.0,0.0,0.0,0.0,0.0,0.0,0.0,86.22422276824615,62.701349926941184,69.30555555555554,74.09176075204748
MAT_0100,1.0,0.917808219178082,0.268041237113402,0.0007714636163328,0.0416666666666666,0.0625,0.0,0.5230769230769231,0.847826086956522,0.2222222222222222,0.1111111111111111,0.125,0.0501165501165501,0.5862375830116688,0.0921770770163735,0.2972972972972971,0.0,0.0,0.0,0.0,0.0,1.0,0.0,0.0,1.0,0.0,0.0,1.0,0.0,0.0,0.0,0.0,0.0,0.0,0.0,0.0,1.0,0.0,0.0,0.0,1.0,0.0,0.0,0.0,0.0,1.0,0.0,0.0,1.0,0.0,0.0,67.47685609151002,80.08968492594933,15.416666666666664,55.6426479143888
MAT_0101,1.0,0.9589041095890408,0.3092783505154639,0.0005050589142898,0.0,0.0446428571428571,0.01010101010101,0.676923076923077,0.8043478260869565,0.2222222222222222,0.1111111111111111,0.0,0.0703185703185703,0.6977540963547171,0.0816656559531028,0.5945945945945945,0.0,0.0,0.0,0.0,0.0,1.0,0.0,0.0,1.0,0.0,0.0,0.0,0.0,1.0,0.0,0.0,0.0,0.0,0.0,0.0,1.0,0.0,0.0,0.0,1.0,0.0,0.0,0.0,0.0,1.0,0.0,0.0,1.0,0.0,0.0,68.19913394685702,80.21966881578768,11.666666666666664,54.84555422347911
MAT_0102,0.8666666666666667,0.6438356164383561,0.9587628865979382,0.898732912635908,0.25,0.9732142857142856,0.915824915824916,0.9384615384615383,0.4130434782608696,0.7777777777777777,0.8888888888888888,0.75,0.9887334887334888,0.0726831818636884,0.994137861330099,0.7567567567567568,0.0,0.0,0.0,0.0,0.0,0.0,1.0,0.0,0.0,0.0,1.0,0.0,0.0,0.0,0.0,1.0,0.0,0.0,0.0,0.0,0.0,0.0,0.0,0.0,0.0,1.0,0.0,1.0,0.0,0.0,0.0,0.0,0.0,0.0,0.0,4.109441192351335,19.914447455381357,80.83333333333333,31.868110713554938
MAT_0103,0.977777777777778,0.8082191780821917,0.5051546391752577,0.0011710706693973,0.1249999999999999,0.1428571428571428,0.0774410774410774,0.5538461538461539,0.7826086956521741,0.3333333333333333,0.3333333333333333,0.375,0.1138306138306138,0.9835033427144398,0.1287649080250656,0.6756756756756757,0.0,0.0,1.0,0.0,0.0,0.0,0.0,1.0,0.0,0.0,0.0,0.0,1.0,0.0,0.0,0.0,0.0,1.0,0.0,1.0,0.0,1.0,0.0,1.0,0.0,0.0,0.0,0.0,0.0,0.0,0.0,0.0,0.0,0.0,0.0,64.25058216563238,80.5486148512225,34.583333333333336,60.2398173216197
MAT_0104,1.0,0.7671232876712328,0.4432989690721649,0.0008658152816397,0.0833333333333333,0.1607142857142857,0.0808080808080808,0.6307692307692307,0.7391304347826089,0.5555555555555556,0.2222222222222222,0.375,0.0967365967365967,0.9472952378833552,0.1160299171214877,0.5405405405405406,0.0,0.0,1.0,0.0,0.0,0.0,0.0,1.0,0.0,0.0,0.0,0.0,0.0,0.0,1.0,0.0,0.0,1.0,0.0,1.0,0.0,1.0,0.0,1.0,0.0,0.0,0.0,0.0,0.0,0.0,0.0,0.0,0.0,0.0,0.0,63.545454112979385,80.54825203096884,38.47222222222222,61.12432392114907
MAT_0105,0.6666666666666667,0.273972602739726,0.8556701030927835,0.2892655555370552,0.4583333333333333,0.181547619047619,0.3905723905723905,0.8461538461538463,0.5217391304347827,0.6666666666666665,0.8888888888888888,0.75,0.4860139860139861,0.503832163475978,0.2270062664240953,0.7297297297297296,1.0,0.0,0.0,1.0,0.0,0.0,0.0,0.0,0.0,1.0,0.0,0.0,0.0,0.0,0.0,1.0,0.0,0.0,0.0,0.0,0.0,0.0,1.0,0.0,0.0,0.0,0.0,0.0,0.0,0.0,0.0,1.0,0.0,1.0,0.0,84.0601285719836,66.00251476843351,76.94444444444443,76.50813919265683
MAT_0106,0.1333333333333333,0.0136986301369863,0.0927835051546391,0.3981862279869239,0.9583333333333331,0.4910714285714286,0.3771043771043771,0.123076923076923,0.1304347826086958,0.6666666666666665,0.7777777777777777,0.5,0.0485625485625485,0.1747333058945237,0.0066707095209217,0.1081081081081081,1.0,1.0,0.0,0.0,0.0,0.0,0.0,0.0,0.0,1.0,0.0,0.0,0.0,0.0,0.0,1.0,0.0,0.0,0.0,0.0,0.0,0.0,0.0,0.0,0.0,0.0,0.0,0.0,0.0,0.0,1.0,0.0,0.0,0.0,1.0,68.41155601753515,79.22742138933769,65.55555555555554,70.79951549048202
MAT_0107,0.6888888888888889,0.3972602739726027,0.9587628865979382,0.1400789223929802,0.375,0.2559523809523809,0.4444444444444445,0.8,0.6086956521739131,0.6666666666666665,0.7777777777777777,0.625,0.5466200466200467,0.3766866525023081,0.1859712957347887,0.8648648648648647,1.0,0.0,0.0,0.0,1.0,0.0,0.0,0.0,0.0,1.0,0.0,0.0,0.0,0.0,1.0,0.0,0.0,0.0,1.0,0.0,0.0,0.0,0.0,0.0,0.0,0.0,1.0,0.0,1.0,0.0,0.0,0.0,0.0,0.0,0.0,85.55953709011537,66.26511652891276,69.30555555555554,74.89501646138663
MAT_0108,0.8222222222222224,0.3013698630136985,0.8865979381443299,0.3436676157334177,0.4166666666666667,0.2261904761904762,0.3838383838383838,0.7846153846153847,0.5652173913043479,0.7777777777777777,0.8888888888888888,0.625,0.4650349650349651,0.5156234357097567,0.2136648473822518,0.7027027027027029,1.0,0.0,0.0,1.0,0.0,0.0,0.0,0.0,0.0,1.0,0.0,0.0,0.0,0.0,1.0,0.0,0.0,0.0,0.0,0.0,0.0,0.0,1.0,0.0,0.0,0.0,0.0,0.0,0.0,0.0,0.0,1.0,0.0,1.0,0.0,80.6423524803784,68.07026508967078,77.08333333333333,75.8030205190526
MAT_0109,0.8666666666666667,0.3150684931506849,0.865979381443299,0.1987989588016228,0.4583333333333333,0.2291666666666666,0.4074074074074074,0.7692307692307692,0.5652173913043479,0.7777777777777777,0.6666666666666665,0.625,0.4405594405594406,0.4974804498481595,0.2025469981807155,0.7027027027027029,1.0,0.0,0.0,1.0,0.0,0.0,0.0,0.0,0.0,1.0,0.0,0.0,0.0,0.0,1.0,0.0,0.0,0.0,0.0,0.0,0.0,0.0,1.0,0.0,0.0,0.0,0.0,0.0,0.0,0.0,0.0,1.0,0.0,1.0,0.0,84.86936456928464,69.21520565547249,69.30555555555554,75.50397419102227
MAT_0110,0.8222222222222224,0.3698630136986301,0.9690721649484536,0.2381436032345971,0.375,0.244047619047619,0.4175084175084175,0.8615384615384616,0.7826086956521741,0.6666666666666665,0.6666666666666665,0.5,0.5594405594405595,0.3812807991367898,0.1795027289266221,0.9459459459459458,1.0,0.0,0.0,0.0,1.0,0.0,0.0,0.0,0.0,1.0,0.0,0.0,0.0,0.0,0.0,1.0,0.0,0.0,1.0,0.0,0.0,0.0,0.0,0.0,0.0,0.0,1.0,0.0,1.0,0.0,0.0,0.0,0.0,0.0,0.0,83.09378714105733,66.02433345914244,61.66666666666665,71.54481489416565
MAT_0111,1.0,0.7671232876712328,0.4845360824742267,0.0006715618530667,0.1249999999999999,0.1339285714285714,0.0774410774410774,0.5538461538461539,0.7391304347826089,0.4444444444444445,0.2222222222222222,0.125,0.0963480963480963,0.967918840450738,0.1303820497271073,0.5405405405405406,0.0,0.0,1.0,0.0,0.0,0.0,0.0,1.0,0.0,0.0,0.0,0.0,0.0,0.0,0.0,1.0,0.0,1.0,0.0,1.0,0.0,1.0,0.0,1.0,0.0,0.0,0.0,0.0,0.0,0.0,0.0,0.0,0.0,0.0,0.0,64.62271028726514,80.96185534026651,27.083333333333332,58.26264071698601
MAT_0112,0.8888888888888888,0.7123287671232876,0.9896907216494844,0.4188214921993373,0.2083333333333333,0.9821428571428572,0.9663299663299664,0.9076923076923078,0.3913043478260869,0.7777777777777777,1.0,0.875,0.9487179487179488,0.085052893867426,0.9747321609055992,0.7027027027027029,0.0,0.0,0.0,0.0,0.0,0.0,1.0,0.0,0.0,0.0,1.0,0.0,0.0,1.0,0.0,0.0,0.0,0.0,0.0,0.0,0.0,0.0,0.0,0.0,0.0,1.0,0.0,1.0,0.0,0.0,0.0,0.0,0.0,0.0,0.0,18.149640948305592,23.11595216992427,88.47222222222221,40.736308696966184
MAT_0113,0.7777777777777777,0.3561643835616437,0.9278350515463918,0.3711184002397642,0.3333333333333333,0.2678571428571428,0.3703703703703703,0.8769230769230769,0.7173913043478262,0.8888888888888888,0.6666666666666665,0.5,0.6021756021756023,0.4097022147568884,0.1697998787143723,0.7027027027027029,1.0,0.0,0.0,0.0,1.0,0.0,0.0,0.0,0.0,1.0,0.0,0.0,0.0,1.0,0.0,0.0,0.0,0.0,1.0,0.0,0.0,0.0,0.0,0.0,0.0,0.0,1.0,0.0,1.0,0.0,0.0,0.0,0.0,0.0,0.0,78.15216227852136,63.35392456071656,69.44444444444443,71.10037561295684
MAT_0114,1.0,0.9726027397260272,0.3092783505154639,0.0005883103836782,0.0416666666666666,0.0744047619047619,0.0033670033670033,0.6461538461538461,0.8913043478260869,0.1111111111111111,0.1111111111111111,0.25,0.067987567987568,0.6721025173253835,0.0994542146755609,0.4324324324324322,0.0,0.0,0.0,0.0,0.0,1.0,0.0,0.0,1.0,0.0,0.0,0.0,0.0,1.0,0.0,0.0,0.0,0.0,0.0,0.0,1.0,0.0,0.0,0.0,1.0,0.0,0.0,0.0,0.0,1.0,0.0,0.0,1.0,0.0,0.0,67.00616021229916,79.80256217066405,15.277777777777777,55.32656606945222
MAT_0115,0.8666666666666667,0.7945205479452053,0.4639175257731959,0.0006826620489851,0.1249999999999999,0.175595238095238,0.0909090909090909,0.5538461538461539,0.7826086956521741,0.4444444444444445,0.2222222222222222,0.25,0.1169386169386169,0.9145021524633746,0.1449363250454821,0.6216216216216217,0.0,0.0,1.0,0.0,0.0,0.0,0.0,1.0,0.0,0.0,0.0,0.0,1.0,0.0,0.0,0.0,0.0,1.0,0.0,1.0,0.0,1.0,0.0,1.0,0.0,0.0,0.0,0.0,0.0,0.0,0.0,0.0,0.0,0.0,0.0,62.95571061472093,79.08332991716861,30.833333333333336,58.15728322103895
MAT_0116,0.8444444444444446,0.7945205479452053,0.4639175257731959,0.0013375736081741,0.1249999999999999,0.175595238095238,0.074074074074074,0.5230769230769231,0.8260869565217392,0.5555555555555556,0.3333333333333333,0.375,0.1017871017871018,0.9407099235792072,0.1279563371740448,0.783783783783784,0.0,0.0,1.0,0.0,0.0,0.0,0.0,1.0,0.0,0.0,0.0,1.0,0.0,0.0,0.0,0.0,0.0,1.0,0.0,1.0,0.0,1.0,0.0,1.0,0.0,0.0,0.0,0.0,0.0,0.0,0.0,0.0,0.0,0.0,0.0,62.93606326794525,80.35030531088748,42.36111111111111,61.98785023377768
MAT_0117,0.711111111111111,0.3972602739726027,0.9484536082474226,0.1713870249809909,0.3333333333333333,0.2648809523809524,0.3737373737373737,0.8923076923076922,0.673913043478261,0.8888888888888888,0.7777777777777777,0.625,0.5621600621600622,0.4172219317663548,0.1956741459470385,0.9189189189189192,1.0,0.0,0.0,0.0,1.0,0.0,0.0,0.0,0.0,1.0,0.0,0.0,0.0,0.0,0.0,0.0,1.0,0.0,1.0,0.0,0.0,0.0,0.0,0.0,0.0,0.0,1.0,0.0,1.0,0.0,0.0,0.0,0.0,0.0,0.0,84.26315115533218,64.99084467853419,77.08333333333333,76.32751386569313
MAT_0118,0.711111111111111,0.3013698630136985,0.8865979381443299,0.3777507673010428,0.4166666666666667,0.2232142857142857,0.404040404040404,0.8153846153846154,0.5869565217391306,0.7777777777777777,0.8888888888888888,0.75,0.4584304584304585,0.4719623569195857,0.2166969880735799,0.783783783783784,1.0,0.0,0.0,1.0,0.0,0.0,0.0,0.0,0.0,1.0,0.0,0.0,1.0,0.0,0.0,0.0,0.0,0.0,0.0,0.0,0.0,0.0,1.0,0.0,0.0,0.0,0.0,0.0,0.0,0.0,0.0,1.0,0.0,1.0,0.0,79.73890555239728,68.30952619915628,80.83333333333333,76.6384200807058
MAT_0119,0.6888888888888889,0.4246575342465753,0.9896907216494844,0.1399346198460403,0.3333333333333333,0.2589285714285714,0.3872053872053872,0.8923076923076922,0.6086956521739131,0.6666666666666665,0.7777777777777777,0.625,0.5516705516705518,0.3896014327508148,0.1718213058419243,0.6216216216216217,1.0,0.0,0.0,0.0,1.0,0.0,0.0,0.0,0.0,1.0,0.0,0.0,0.0,0.0,1.0,0.0,0.0,0.0,1.0,0.0,0.0,0.0,0.0,0.0,0.0,0.0,1.0,0.0,1.0,0.0,0.0,0.0,0.0,0.0,0.0,85.44481854747595,67.05564767420437,69.30555555555554,75.08628838791834
MAT_0120,1.0,0.9589041095890408,0.3092783505154639,0.0008103143020474,0.0416666666666666,0.0476190476190476,0.0067340067340067,0.6153846153846154,0.9130434782608696,0.1111111111111111,0.2222222222222222,0.25,0.0773115773115773,0.666240252733684,0.079846371538306,0.5675675675675673,0.0,0.0,0.0,0.0,0.0,1.0,0.0,0.0,1.0,0.0,0.0,0.0,0.0,1.0,0.0,0.0,0.0,0.0,0.0,0.0,1.0,0.0,0.0,0.0,1.0,0.0,0.0,0.0,0.0,1.0,0.0,0.0,1.0,0.0,0.0,68.07092866617668,79.92459699858124,19.166666666666664,56.95575056604505
MAT_0121,1.0,0.8082191780821917,0.4639175257731959,0.0015484773306248,0.1249999999999999,0.1458333333333333,0.0639730639730639,0.5692307692307692,0.7826086956521741,0.4444444444444445,0.3333333333333333,0.25,0.1204351204351204,0.9847492129881976,0.1239134829189407,0.8108108108108107,0.0,0.0,1.0,0.0,0.0,0.0,0.0,1.0,0.0,0.0,0.0,0.0,0.0,0.0,1.0,0.0,0.0,1.0,0.0,1.0,0.0,1.0,0.0,1.0,0.0,0.0,0.0,0.0,0.0,0.0,0.0,0.0,0.0,0.0,0.0,64.12021234674793,79.53919000613968,34.72222222222222,59.926508607207744
MAT_0122,0.3111111111111111,0.1232876712328767,0.0927835051546391,0.3660511608029881,0.9583333333333331,0.4910714285714286,0.4444444444444445,0.1076923076923077,0.1956521739130434,0.8888888888888888,0.8888888888888888,0.625,0.0641025641025641,0.1751782595637229,0.0309278350515463,0.162162162162162,1.0,1.0,0.0,0.0,0.0,0.0,0.0,0.0,0.0,1.0,0.0,0.0,0.0,0.0,0.0,0.0,1.0,0.0,0.0,0.0,0.0,0.0,0.0,0.0,0.0,0.0,0.0,0.0,0.0,0.0,1.0,0.0,0.0,0.0,1.0,69.3756080330532,77.72270684641818,80.97222222222221,75.3587219338134
MAT_0123,0.9333333333333332,0.7534246575342465,0.4845360824742267,0.0016705794857279,0.1249999999999999,0.125,0.0808080808080808,0.5846153846153846,0.7391304347826089,0.4444444444444445,0.4444444444444445,0.25,0.106060606060606,0.9741259441360668,0.120274914089347,0.5675675675675673,0.0,0.0,1.0,0.0,0.0,0.0,0.0,1.0,0.0,0.0,0.0,0.0,0.0,0.0,0.0,0.0,1.0,1.0,0.0,1.0,0.0,1.0,0.0,1.0,0.0,0.0,0.0,0.0,0.0,0.0,0.0,0.0,0.0,0.0,0.0,64.94988261542817,80.77944392377383,38.611111111111114,61.79711955663675
MAT_0124,0.8666666666666667,0.6986301369863013,0.9896907216494844,0.5748069953434679,0.2083333333333333,0.9672619047619048,0.9090909090909092,0.8923076923076922,0.4782608695652175,0.8888888888888888,1.0,0.875,0.9483294483294484,0.0784675795632779,0.994137861330099,0.7297297297297296,0.0,0.0,0.0,0.0,0.0,0.0,1.0,0.0,0.0,0.0,1.0,0.0,1.0,0.0,0.0,0.0,0.0,0.0,0.0,0.0,0.0,0.0,0.0,0.0,0.0,1.0,0.0,1.0,0.0,0.0,0.0,0.0,0.0,0.0,0.0,14.065313949219775,22.553206176614296,92.3611111111111,40.10042076600553
MAT_0125,0.5999999999999999,0.3698630136986301,0.9278350515463918,0.1624680175605099,0.375,0.2410714285714286,0.3703703703703703,0.8461538461538463,0.6304347826086958,0.6666666666666665,0.8888888888888888,0.5,0.5788655788655789,0.4054195356908462,0.1659591671720234,0.8108108108108107,1.0,0.0,0.0,0.0,1.0,0.0,0.0,0.0,0.0,1.0,0.0,0.0,0.0,0.0,1.0,0.0,0.0,0.0,1.0,0.0,0.0,0.0,0.0,0.0,0.0,0.0,1.0,0.0,1.0,0.0,0.0,0.0,0.0,0.0,0.0,85.48310233032757,64.63464707248818,69.44444444444443,74.4169683872108
MAT_0126,0.6888888888888889,0.2054794520547945,0.9175257731958762,0.0605182681474328,0.4583333333333333,0.2232142857142857,0.3838383838383838,0.7846153846153847,0.5869565217391306,0.7777777777777777,0.6666666666666665,0.5,0.480963480963481,0.5278151662458146,0.2233676975945017,0.7567567567567568,1.0,0.0,0.0,1.0,0.0,0.0,0.0,0.0,0.0,1.0,0.0,0.0,1.0,0.0,0.0,0.0,0.0,0.0,0.0,0.0,0.0,0.0,1.0,0.0,0.0,0.0,0.0,0.0,0.0,0.0,0.0,1.0,0.0,1.0,0.0,89.25588052700559,67.60131048790842,65.55555555555554,75.64941202384142
MAT_0127,1.0,0.7671232876712328,0.5154639175257731,0.0006771119510259,0.1249999999999999,0.1488095238095238,0.0774410774410774,0.5846153846153846,0.6521739130434783,0.3333333333333333,0.4444444444444445,0.25,0.1017871017871018,0.96688432316985,0.1253284819082271,0.6216216216216217,0.0,0.0,1.0,0.0,0.0,0.0,0.0,1.0,0.0,0.0,0.0,0.0,0.0,1.0,0.0,0.0,0.0,1.0,0.0,1.0,0.0,1.0,0.0,1.0,0.0,0.0,0.0,0.0,0.0,0.0,0.0,0.0,0.0,0.0,0.0,64.02730568908828,81.46006880391356,34.72222222222222,60.465609583476045
MAT_0128,0.8444444444444446,0.6849315068493149,0.979381443298969,0.5523790494902235,0.2083333333333333,0.9702380952380952,0.9595959595959596,0.9076923076923078,0.4565217391304348,0.7777777777777777,1.0,0.75,0.9895104895104896,0.0562643914702381,0.9690721649484536,0.8378378378378379,0.0,0.0,0.0,0.0,0.0,0.0,1.0,0.0,0.0,0.0,1.0,1.0,0.0,0.0,0.0,0.0,0.0,0.0,0.0,0.0,0.0,0.0,0.0,0.0,0.0,1.0,0.0,1.0,0.0,0.0,0.0,0.0,0.0,0.0,0.0,14.619104705769484,21.039939442001295,84.72222222222221,37.57629038157485
MAT_0129,1.0,0.917808219178082,0.2989690721649484,0.0008047642040882,0.0,0.0654761904761904,0.0067340067340067,0.6923076923076923,0.9130434782608696,0.1111111111111111,0.1111111111111111,0.25,0.0703185703185703,0.6591766132351469,0.0913685061653527,0.5405405405405406,0.0,0.0,0.0,0.0,0.0,1.0,0.0,0.0,1.0,0.0,0.0,0.0,0.0,0.0,0.0,1.0,0.0,0.0,0.0,0.0,1.0,0.0,0.0,0.0,1.0,0.0,0.0,0.0,0.0,1.0,0.0,0.0,1.0,0.0,0.0,67.35680945482973,79.72239774240988,15.277777777777777,55.44277643798819
MAT_0130,0.911111111111111,0.8493150684931505,0.4742268041237113,0.0013542239020518,0.1666666666666666,0.1607142857142857,0.0808080808080808,0.6307692307692307,0.7608695652173914,0.5555555555555556,0.3333333333333333,0.25,0.1153846153846154,0.958085364361436,0.1362441883970082,0.783783783783784,0.0,0.0,1.0,0.0,0.0,0.0,0.0,1.0,0.0,0.0,0.0,1.0,0.0,0.0,0.0,0.0,0.0,1.0,0.0,1.0,0.0,1.0,0.0,1.0,0.0,0.0,0.0,0.0,0.0,0.0,0.0,0.0,0.0,0.0,0.0,63.53080185436701,79.6279796613332,38.611111111111114,60.8840479734801
MAT_0131,0.6444444444444444,0.3698630136986301,0.9690721649484536,0.2297518551202428,0.2916666666666667,0.2232142857142857,0.404040404040404,0.8615384615384616,0.7173913043478262,0.7777777777777777,0.6666666666666665,0.625,0.6041181041181042,0.3806244924747211,0.1835455831817262,0.9189189189189192,1.0,0.0,0.0,0.0,1.0,0.0,0.0,0.0,0.0,1.0,0.0,0.0,0.0,0.0,0.0,1.0,0.0,0.0,1.0,0.0,0.0,0.0,0.0,0.0,0.0,0.0,1.0,0.0,1.0,0.0,0.0,0.0,0.0,0.0,0.0,84.1788729178213,63.66917059761208,69.30555555555554,73.5639670130788
MAT_0132,0.977777777777778,0.7945205479452053,0.4639175257731959,0.000388506857146,0.1249999999999999,0.1458333333333333,0.0841750841750841,0.5846153846153846,0.7173913043478262,0.5555555555555556,0.3333333333333333,0.25,0.1122766122766123,0.983903801016719,0.1229027693551647,0.5405405405405406,0.0,0.0,1.0,0.0,0.0,0.0,0.0,1.0,0.0,0.0,0.0,0.0,1.0,0.0,0.0,0.0,0.0,1.0,0.0,1.0,0.0,1.0,0.0,1.0,0.0,0.0,0.0,0.0,0.0,0.0,0.0,0.0,0.0,0.0,0.0,64.1550114609523,79.97743682097837,38.611111111111114,61.23856896400776
MAT_0133,0.3111111111111111,0.0958904109589041,0.1237113402061855,0.2801522946880012,1.0,0.4910714285714286,0.3973063973063973,0.0769230769230769,0.1521739130434782,0.8888888888888888,0.6666666666666665,0.5,0.0435120435120435,0.1580697909830139,0.0149585607438851,0.1891891891891892,1.0,1.0,0.0,0.0,0.0,0.0,0.0,0.0,0.0,1.0,0.0,0.0,0.0,0.0,0.0,1.0,0.0,0.0,0.0,0.0,0.0,0.0,0.0,0.0,0.0,0.0,0.0,0.0,0.0,0.0,1.0,0.0,0.0,0.0,1.0,71.95257401650281,79.84986780620498,69.44444444444443,73.56932328179595
MAT_0134,0.977777777777778,0.7945205479452053,0.5051546391752577,0.0011710706693973,0.1249999999999999,0.1220238095238095,0.0707070707070706,0.5692307692307692,0.847826086956522,0.4444444444444445,0.3333333333333333,0.25,0.1006216006216006,0.96688432316985,0.1372549019607843,0.8108108108108107,0.0,0.0,1.0,0.0,0.0,0.0,0.0,1.0,0.0,0.0,0.0,0.0,0.0,1.0,0.0,0.0,0.0,1.0,0.0,1.0,0.0,1.0,0.0,1.0,0.0,0.0,0.0,0.0,0.0,0.0,0.0,0.0,0.0,0.0,0.0,65.08391549896571,80.95436569360159,34.72222222222222,60.73654257433343
MAT_0135,1.0,0.8630136986301369,0.3092783505154639,0.0007437131265366,0.0416666666666666,0.0684523809523809,0.01010101010101,0.6153846153846154,0.8913043478260869,0.2222222222222222,0.0,0.25,0.0644910644910645,0.682825900753084,0.1081463513240347,0.4594594594594594,0.0,0.0,0.0,0.0,0.0,1.0,0.0,0.0,1.0,0.0,0.0,1.0,0.0,0.0,0.0,0.0,0.0,0.0,0.0,0.0,1.0,0.0,0.0,0.0,1.0,0.0,0.0,0.0,0.0,1.0,0.0,0.0,1.0,0.0,0.0,67.23959336810866,79.71662324603501,15.277777777777777,55.39415765438731
MAT_0136,0.9333333333333332,0.780821917808219,0.4948453608247423,0.0009379665551096,0.1666666666666666,0.1696428571428571,0.0673400673400673,0.6153846153846154,0.7391304347826089,0.4444444444444445,0.2222222222222222,0.375,0.1204351204351204,0.9665394840762206,0.1356377602587426,0.5675675675675673,0.0,0.0,1.0,0.0,0.0,0.0,0.0,1.0,0.0,0.0,0.0,0.0,0.0,0.0,0.0,0.0,1.0,1.0,0.0,1.0,0.0,1.0,0.0,1.0,0.0,0.0,0.0,0.0,0.0,0.0,0.0,0.0,0.0,0.0,0.0,63.18614671763243,79.80601838697655,34.583333333333336,59.59126420314594
MAT_0137,0.9333333333333332,0.8630136986301369,0.5051546391752577,0.0005494596979636,0.1249999999999999,0.1279761904761904,0.0774410774410774,0.5692307692307692,0.7826086956521741,0.4444444444444445,0.4444444444444445,0.25,0.106060606060606,0.92810661089914,0.1287649080250656,0.6756756756756757,0.0,0.0,1.0,0.0,0.0,0.0,0.0,1.0,0.0,0.0,0.0,0.0,1.0,0.0,0.0,0.0,0.0,1.0,0.0,1.0,0.0,1.0,0.0,1.0,0.0,0.0,0.0,0.0,0.0,0.0,0.0,0.0,0.0,0.0,0.0,64.86446859001347,80.93711523972289,38.611111111111114,61.81025534125559
MAT_0138,0.6444444444444444,0.4109589041095889,0.9587628865979382,0.1398402681807334,0.375,0.2470238095238094,0.3905723905723905,0.8461538461538463,0.6521739130434783,0.7777777777777777,0.7777777777777777,0.625,0.5609945609945611,0.4116933824265548,0.1748534465332524,0.8648648648648647,1.0,0.0,0.0,0.0,1.0,0.0,0.0,0.0,0.0,1.0,0.0,0.0,1.0,0.0,0.0,0.0,0.0,0.0,1.0,0.0,0.0,0.0,0.0,0.0,0.0,0.0,1.0,0.0,1.0,0.0,0.0,0.0,0.0,0.0,0.0,85.92383957362561,65.87992628623314,73.19444444444443,76.09184704865352
MAT_0139,0.6666666666666667,0.2328767123287671,0.9381443298969072,0.4674792010078977,0.375,0.2232142857142857,0.4175084175084175,0.8307692307692309,0.5434782608695652,0.7777777777777777,0.7777777777777777,0.5,0.4860139860139861,0.4587249852609096,0.2100262785526581,0.6756756756756757,1.0,0.0,0.0,1.0,0.0,0.0,0.0,0.0,0.0,1.0,0.0,0.0,0.0,0.0,0.0,1.0,0.0,0.0,0.0,0.0,0.0,0.0,1.0,0.0,0.0,0.0,0.0,0.0,0.0,0.0,0.0,1.0,0.0,1.0,0.0,77.04705254119165,68.1613989406591,69.44444444444443,72.10057403200771
MAT_0140,0.977777777777778,0.8082191780821917,0.4639175257731959,0.0012265716489896,0.1249999999999999,0.1488095238095238,0.0774410774410774,0.6153846153846154,0.8043478260869565,0.3333333333333333,0.3333333333333333,0.375,0.0998445998445998,0.9566615126199984,0.1287649080250656,0.5945945945945945,0.0,0.0,1.0,0.0,0.0,0.0,0.0,1.0,0.0,0.0,0.0,1.0,0.0,0.0,0.0,0.0,0.0,1.0,0.0,1.0,0.0,1.0,0.0,1.0,0.0,0.0,0.0,0.0,0.0,0.0,0.0,0.0,0.0,0.0,0.0,64.01082189814935,80.42317328248195,34.583333333333336,60.10628074400432
MAT_0141,0.8666666666666667,0.6438356164383561,0.9587628865979382,0.8520399385049147,0.2083333333333333,0.9732142857142856,0.9090909090909092,0.8923076923076922,0.4565217391304348,0.8888888888888888,0.8888888888888888,0.875,0.9615384615384616,0.0825500294781805,0.9886800080857084,0.6486486486486485,0.0,0.0,0.0,0.0,0.0,0.0,1.0,0.0,0.0,0.0,1.0,0.0,0.0,0.0,0.0,1.0,0.0,0.0,0.0,0.0,0.0,0.0,0.0,0.0,0.0,1.0,0.0,1.0,0.0,0.0,0.0,0.0,0.0,0.0,0.0,5.510230416281137,21.437934412464433,88.47222222222221,35.17713915691845
MAT_0142,1.0,0.917808219178082,0.3195876288659793,0.0008214144979658,0.0416666666666666,0.0803571428571428,0.0067340067340067,0.6153846153846154,0.9130434782608696,0.0,0.1111111111111111,0.125,0.0889665889665889,0.6907127045396397,0.1069334950475035,0.4054054054054055,0.0,0.0,0.0,0.0,0.0,1.0,0.0,0.0,1.0,0.0,0.0,0.0,0.0,0.0,0.0,0.0,1.0,0.0,0.0,0.0,1.0,0.0,0.0,0.0,1.0,0.0,0.0,0.0,0.0,1.0,0.0,0.0,1.0,0.0,0.0,66.76107185077531,78.73541827756503,7.638888888888888,52.6167208902463
MAT_0143,0.1555555555555554,0.0273972602739726,0.0927835051546391,0.4134933981584774,1.0,0.4910714285714286,0.3703703703703703,0.123076923076923,0.1304347826086958,0.6666666666666665,0.7777777777777777,0.5,0.0501165501165501,0.173999132340345,0.0226399838285829,0.1081081081081081,1.0,1.0,0.0,0.0,0.0,0.0,0.0,0.0,0.0,1.0,0.0,0.0,0.0,0.0,0.0,1.0,0.0,0.0,0.0,0.0,0.0,0.0,0.0,0.0,0.0,0.0,0.0,0.0,0.0,0.0,1.0,0.0,0.0,0.0,1.0,67.95234091238854,78.67064308240779,65.55555555555554,70.44879595634441
MAT_0144,0.5999999999999999,0.273972602739726,0.865979381443299,0.2053813749812684,0.4166666666666667,0.2232142857142857,0.4242424242424243,0.7384615384615385,0.6304347826086958,0.6666666666666665,0.6666666666666665,0.5,0.4860139860139861,0.4763006551942779,0.2084091368506165,0.8918918918918919,1.0,0.0,0.0,1.0,0.0,0.0,0.0,0.0,0.0,1.0,0.0,0.0,0.0,0.0,0.0,1.0,0.0,0.0,0.0,0.0,0.0,0.0,1.0,0.0,0.0,0.0,0.0,0.0,0.0,0.0,0.0,1.0,0.0,1.0,0.0,84.90998732199051,66.76661422264819,61.66666666666665,72.49397919559064
MAT_0145,0.8444444444444446,0.3972602739726027,0.9175257731958762,0.1770980757810375,0.375,0.2678571428571428,0.4107744107744108,0.8307692307692309,0.6956521739130435,0.7777777777777777,0.6666666666666665,0.625,0.5516705516705518,0.3663970989020768,0.1677784515868202,0.7027027027027029,1.0,0.0,0.0,0.0,1.0,0.0,0.0,0.0,0.0,1.0,0.0,1.0,0.0,0.0,0.0,0.0,0.0,0.0,1.0,0.0,0.0,0.0,0.0,0.0,0.0,0.0,1.0,0.0,1.0,0.0,0.0,0.0,0.0,0.0,0.0,83.97277201228317,65.73363433278533,69.30555555555554,74.10086577141553
MAT_0146,0.5777777777777777,0.2054794520547945,0.9175257731958762,0.3464482148109914,0.4166666666666667,0.181547619047619,0.4074074074074074,0.7692307692307692,0.5,0.7777777777777777,0.8888888888888888,0.75,0.4689199689199689,0.5083929385852698,0.1966848595108146,0.7297297297297296,1.0,0.0,0.0,1.0,0.0,0.0,0.0,0.0,0.0,1.0,0.0,0.0,0.0,0.0,0.0,0.0,1.0,0.0,0.0,0.0,0.0,0.0,1.0,0.0,0.0,0.0,0.0,0.0,0.0,0.0,0.0,1.0,0.0,1.0,0.0,82.34464879376549,69.00397123259464,80.83333333333333,77.88905088728458
MAT_0147,1.0,0.8356164383561644,0.4845360824742267,0.0006826620489851,0.1249999999999999,0.1339285714285714,0.0841750841750841,0.5384615384615385,0.8043478260869565,0.3333333333333333,0.3333333333333333,0.25,0.1076146076146076,0.9863955415642346,0.1196684859510814,0.5945945945945945,0.0,0.0,1.0,0.0,0.0,0.0,0.0,1.0,0.0,0.0,0.0,0.0,0.0,0.0,1.0,0.0,0.0,1.0,0.0,1.0,0.0,1.0,0.0,1.0,0.0,0.0,0.0,0.0,0.0,0.0,0.0,0.0,0.0,0.0,0.0,64.6223772813876,80.71993669022172,30.83333333333333,59.31493191962156
MAT_0148,0.7777777777777777,0.3835616438356165,0.9381443298969072,0.4269856862973631,0.3333333333333333,0.2232142857142857,0.3905723905723905,0.9076923076923078,0.7826086956521741,0.6666666666666665,0.6666666666666665,0.625,0.5609945609945611,0.3896014327508148,0.1724277339801899,0.783783783783784,1.0,0.0,0.0,0.0,1.0,0.0,0.0,0.0,0.0,1.0,0.0,0.0,0.0,1.0,0.0,0.0,0.0,0.0,1.0,0.0,0.0,0.0,0.0,0.0,0.0,0.0,1.0,0.0,1.0,0.0,0.0,0.0,0.0,0.0,0.0,78.26185798250768,65.5403265288044,65.41666666666666,70.59184115164439
MAT_0149,0.911111111111111,0.6712328767123288,0.979381443298969,0.5025946707959396,0.25,0.9910714285714284,0.9360269360269362,0.9384615384615383,0.4782608695652175,0.8888888888888888,1.0,0.75,0.97979797979798,0.0736732037776566,0.9765514453203962,0.8108108108108107,0.0,0.0,0.0,0.0,0.0,0.0,1.0,0.0,0.0,0.0,1.0,1.0,0.0,0.0,0.0,0.0,0.0,0.0,0.0,0.0,0.0,0.0,0.0,0.0,0.0,1.0,0.0,1.0,0.0,0.0,0.0,0.0,0.0,0.0,0.0,15.279302733264677,21.301186516468494,88.6111111111111,39.08541038157975
MAT_0150,0.8666666666666667,0.9041095890410956,0.3092783505154639,0.0005272593061267,0.0,0.0744047619047619,0.0,0.6615384615384616,0.8913043478260869,0.2222222222222222,0.2222222222222222,0.125,0.0866355866355866,0.6269285960599352,0.0988477865372953,0.5675675675675673,0.0,0.0,0.0,0.0,0.0,1.0,0.0,0.0,1.0,0.0,0.0,0.0,1.0,0.0,0.0,0.0,0.0,0.0,0.0,0.0,1.0,0.0,0.0,0.0,1.0,0.0,0.0,0.0,0.0,1.0,0.0,0.0,1.0,0.0,0.0,67.00799174462573,78.88835408241108,19.305555555555554,56.26136958924028
MAT_0151,0.8666666666666667,0.3972602739726027,0.9587628865979382,0.2221093702303845,0.375,0.2499999999999999,0.4175084175084175,0.8923076923076922,0.7826086956521741,0.6666666666666665,0.6666666666666665,0.625,0.5843045843045844,0.3944180562198961,0.1906205781281584,0.8918918918918919,1.0,0.0,0.0,0.0,1.0,0.0,0.0,0.0,0.0,1.0,0.0,0.0,1.0,0.0,0.0,0.0,0.0,0.0,1.0,0.0,0.0,0.0,0.0,0.0,0.0,0.0,1.0,0.0,1.0,0.0,0.0,0.0,0.0,0.0,0.0,83.33671889308847,64.24141117288478,65.41666666666666,72.23211090910083
MAT_0152,0.977777777777778,0.7123287671232876,0.979381443298969,0.8755779039500048,0.25,0.9732142857142856,0.9393939393939394,0.9384615384615383,0.4130434782608696,1.0,0.8888888888888888,0.875,0.9370629370629372,0.0658976384084007,0.9688700222356984,0.7567567567567568,0.0,0.0,0.0,0.0,0.0,0.0,1.0,0.0,0.0,0.0,1.0,0.0,1.0,0.0,0.0,0.0,0.0,0.0,0.0,0.0,0.0,0.0,0.0,0.0,0.0,1.0,0.0,1.0,0.0,0.0,0.0,0.0,0.0,0.0,0.0,4.804091452928433,23.668381345761567,92.3611111111111,36.730484318233174
MAT_0153,0.711111111111111,0.273972602739726,0.8865979381443299,0.3790439401255432,0.4166666666666667,0.2053571428571428,0.4444444444444445,0.7538461538461538,0.5869565217391306,0.8888888888888888,0.7777777777777777,0.75,0.4852369852369853,0.5103507347297462,0.1964827167980594,0.6216216216216217,1.0,0.0,0.0,1.0,0.0,0.0,0.0,0.0,0.0,1.0,0.0,0.0,1.0,0.0,0.0,0.0,0.0,0.0,0.0,0.0,0.0,0.0,1.0,0.0,0.0,0.0,0.0,0.0,0.0,0.0,0.0,1.0,0.0,1.0,0.0,80.414396081948,67.57562799709555,80.83333333333333,76.68844683190787
MAT_0154,1.0,0.780821917808219,0.4536082474226804,0.0006993123428628,0.1249999999999999,0.1339285714285714,0.0774410774410774,0.5692307692307692,0.7826086956521741,0.5555555555555556,0.4444444444444445,0.375,0.0994560994560994,0.959119881642324,0.141904184354154,0.7297297297297296,0.0,0.0,1.0,0.0,0.0,0.0,0.0,1.0,0.0,0.0,0.0,0.0,0.0,1.0,0.0,0.0,0.0,1.0,0.0,1.0,0.0,1.0,0.0,1.0,0.0,0.0,0.0,0.0,0.0,0.0,0.0,0.0,0.0,0.0,0.0,64.62187777257127,79.84223444502402,46.25,63.67642144253571
MAT_0155,0.6666666666666667,0.3972602739726027,0.9690721649484536,0.2297518551202428,0.3333333333333333,0.2678571428571428,0.430976430976431,0.8615384615384616,0.7608695652173914,0.8888888888888888,0.5555555555555556,0.625,0.5621600621600622,0.4172219317663548,0.1706084495653931,0.9189189189189192,1.0,0.0,0.0,0.0,1.0,0.0,0.0,0.0,0.0,1.0,0.0,0.0,0.0,0.0,0.0,1.0,0.0,0.0,1.0,0.0,0.0,0.0,0.0,0.0,0.0,0.0,1.0,0.0,1.0,0.0,0.0,0.0,0.0,0.0,0.0,82.39315863210702,66.15518670400417,69.30555555555556,73.59548613071073
MAT_0156,0.711111111111111,0.3835616438356165,0.9484536082474226,0.1570566720502617,0.3333333333333333,0.2529761904761904,0.404040404040404,0.8769230769230769,0.673913043478261,0.7777777777777777,0.8888888888888888,0.625,0.6037296037296038,0.3612467601810961,0.1788963007883565,0.8648648648648647,1.0,0.0,0.0,0.0,1.0,0.0,0.0,0.0,0.0,1.0,0.0,0.0,1.0,0.0,0.0,0.0,0.0,0.0,1.0,0.0,0.0,0.0,0.0,0.0,0.0,0.0,1.0,0.0,1.0,0.0,0.0,0.0,0.0,0.0,0.0,85.16925221944453,63.41570295481757,77.08333333333333,76.21741177422308
MAT_0157,0.4888888888888889,0.1232876712328767,0.0927835051546391,0.1752221426708181,0.9583333333333331,0.5178571428571428,0.4074074074074074,0.0923076923076923,0.0434782608695654,0.7777777777777777,0.7777777777777777,0.75,0.047008547008547,0.1820861652780404,0.0052557105316353,0.1891891891891892,1.0,1.0,0.0,0.0,0.0,0.0,0.0,0.0,0.0,1.0,0.0,0.0,0.0,0.0,1.0,0.0,0.0,0.0,0.0,0.0,0.0,0.0,0.0,0.0,0.0,0.0,0.0,0.0,0.0,0.0,1.0,0.0,0.0,0.0,1.0,74.02905000558975,79.34757143671636,76.94444444444443,76.49922476658413
MAT_0158,0.977777777777778,0.7671232876712328,0.5154639175257731,0.000388506857146,0.1249999999999999,0.1369047619047619,0.0774410774410774,0.5692307692307692,0.7173913043478262,0.5555555555555556,0.4444444444444445,0.125,0.1076146076146076,0.983903801016719,0.149787750151607,0.6216216216216217,0.0,0.0,1.0,0.0,0.0,0.0,0.0,1.0,0.0,0.0,0.0,0.0,1.0,0.0,0.0,0.0,0.0,1.0,0.0,1.0,0.0,1.0,0.0,1.0,0.0,0.0,0.0,0.0,0.0,0.0,0.0,0.0,0.0,0.0,0.0,64.51215431809516,80.43491546523688,38.74999999999999,61.560336366809125
MAT_0159,0.5777777777777777,0.2602739726027397,0.9175257731958762,0.3350982644843681,0.4166666666666667,0.2053571428571428,0.4074074074074074,0.7846153846153847,0.5,0.7777777777777777,0.8888888888888888,0.5,0.4584304584304585,0.4719623569195857,0.1904184354154032,0.6756756756756757,1.0,0.0,0.0,1.0,0.0,0.0,0.0,0.0,0.0,1.0,0.0,0.0,0.0,0.0,0.0,1.0,0.0,0.0,0.0,0.0,0.0,0.0,1.0,0.0,0.0,0.0,0.0,0.0,0.0,0.0,0.0,1.0,0.0,1.0,0.0,81.73276635118324,69.7164394799325,73.33333333333333,75.60803838445305
MAT_0160,1.0,0.821917808219178,0.4742268041237113,0.0009879174367427,0.1249999999999999,0.125,0.0909090909090909,0.6153846153846154,0.8043478260869565,0.4444444444444445,0.2222222222222222,0.125,0.1107226107226107,0.946961522631456,0.1212856276531231,0.6216216216216217,0.0,0.0,1.0,0.0,0.0,0.0,0.0,1.0,0.0,0.0,0.0,0.0,0.0,0.0,0.0,1.0,0.0,1.0,0.0,1.0,0.0,1.0,0.0,1.0,0.0,0.0,0.0,0.0,0.0,0.0,0.0,0.0,0.0,0.0,0.0,64.97036247689772,80.30983671675,27.083333333333332,58.20609600578409
MAT_0161,0.977777777777778,0.9726027397260272,0.2989690721649484,0.0006715618530667,0.0416666666666666,0.0654761904761904,0.0067340067340067,0.6153846153846154,0.847826086956522,0.1111111111111111,0.2222222222222222,0.25,0.0905205905205905,0.6454720402238117,0.0853042247826965,0.4054054054054055,0.0,0.0,0.0,0.0,0.0,1.0,0.0,0.0,1.0,0.0,0.0,0.0,1.0,0.0,0.0,0.0,0.0,0.0,0.0,0.0,1.0,0.0,0.0,0.0,1.0,0.0,0.0,0.0,0.0,1.0,0.0,0.0,1.0,0.0,0.0,67.36080552536039,78.89422517378854,19.166666666666664,56.36258976228072
MAT_0162,0.8888888888888888,0.6986301369863013,0.9896907216494844,0.4188214921993373,0.25,0.943452380952381,0.9595959595959596,0.9846153846153848,0.4347826086956523,0.8888888888888888,0.8888888888888888,0.875,0.9487179487179488,0.085052893867426,0.9870628663836668,0.7027027027027029,0.0,0.0,0.0,0.0,0.0,0.0,1.0,0.0,0.0,0.0,1.0,0.0,0.0,1.0,0.0,0.0,0.0,0.0,0.0,0.0,0.0,0.0,0.0,0.0,0.0,1.0,0.0,1.0,0.0,0.0,0.0,0.0,0.0,0.0,0.0,19.69725999592464,22.746031005582243,88.47222222222221,41.24437996671119
MAT_0163,1.0,0.7945205479452053,0.5154639175257731,0.0007603634204143,0.1249999999999999,0.1607142857142857,0.0774410774410774,0.5538461538461539,0.8695652173913042,0.4444444444444445,0.3333333333333333,0.375,0.1227661227661227,0.916092861830762,0.1279563371740448,0.5675675675675673,0.0,0.0,1.0,0.0,0.0,0.0,0.0,1.0,0.0,0.0,0.0,0.0,0.0,1.0,0.0,0.0,0.0,1.0,0.0,1.0,0.0,1.0,0.0,1.0,0.0,0.0,0.0,0.0,0.0,0.0,0.0,0.0,0.0,0.0,0.0,63.54861766881614,80.33228209698798,38.47222222222222,61.060798363289514
MAT_0164,0.7333333333333334,0.3698630136986301,0.9278350515463918,0.3091904072106872,0.375,0.2470238095238094,0.3804713804713804,0.8307692307692309,0.7826086956521741,0.6666666666666665,0.7777777777777777,0.5,0.5718725718725719,0.4179227337953435,0.1764705882352941,0.9189189189189192,1.0,0.0,0.0,0.0,1.0,0.0,0.0,0.0,0.0,1.0,0.0,0.0,0.0,0.0,0.0,1.0,0.0,0.0,1.0,0.0,0.0,0.0,0.0,0.0,0.0,0.0,1.0,0.0,1.0,0.0,0.0,0.0,0.0,0.0,0.0,80.843335402727,64.66895479024042,65.55555555555554,71.40468726482959
MAT_0165,0.6888888888888889,0.6986301369863013,0.9690721649484536,0.6273386725275701,0.2083333333333333,0.9821428571428572,0.9461279461279462,0.9076923076923078,0.4130434782608696,0.7777777777777777,0.8888888888888888,0.875,0.9327894327894328,0.1023838392827346,0.9834242975540732,0.5675675675675673,0.0,0.0,0.0,0.0,0.0,0.0,1.0,0.0,0.0,0.0,1.0,0.0,0.0,0.0,1.0,0.0,0.0,0.0,0.0,0.0,0.0,0.0,0.0,0.0,0.0,1.0,0.0,1.0,0.0,0.0,0.0,0.0,0.0,0.0,0.0,11.894125538458606,23.239242732875233,84.58333333333331,37.104423035246
MAT_0166,0.977777777777778,0.821917808219178,0.4845360824742267,0.0011044694938865,0.1249999999999999,0.1636904761904761,0.0774410774410774,0.5846153846153846,0.673913043478261,0.5555555555555556,0.2222222222222222,0.25,0.1111111111111111,0.9359822908439658,0.1186577723873054,0.5405405405405406,0.0,0.0,1.0,0.0,0.0,0.0,0.0,1.0,0.0,0.0,0.0,1.0,0.0,0.0,0.0,0.0,0.0,1.0,0.0,1.0,0.0,1.0,0.0,1.0,0.0,0.0,0.0,0.0,0.0,0.0,0.0,0.0,0.0,0.0,0.0,63.41924686756437,80.57543292230982,34.72222222222222,59.95699529038536
MAT_0167,0.9555555555555556,0.9589041095890408,0.2783505154639175,0.0007437131265366,0.0416666666666666,0.0684523809523809,0.0067340067340067,0.6615384615384616,0.8913043478260869,0.2222222222222222,0.2222222222222222,0.125,0.085081585081585,0.6398100047832519,0.085708510208207,0.4324324324324322,0.0,0.0,0.0,0.0,0.0,1.0,0.0,0.0,1.0,0.0,0.0,0.0,0.0,0.0,1.0,0.0,0.0,0.0,0.0,0.0,1.0,0.0,0.0,0.0,1.0,0.0,0.0,0.0,0.0,1.0,0.0,0.0,1.0,0.0,0.0,67.23959336810866,78.74167574895289,19.305555555555554,56.310006738595995
MAT_0168,0.7777777777777777,0.2328767123287671,0.8762886597938144,0.4782574912447204,0.4166666666666667,0.2232142857142857,0.3838383838383838,0.7846153846153847,0.5869565217391306,0.7777777777777777,0.6666666666666665,0.625,0.4588189588189588,0.5117634626294537,0.2211441277541944,0.8378378378378379,1.0,0.0,0.0,1.0,0.0,0.0,0.0,0.0,0.0,1.0,0.0,0.0,0.0,0.0,1.0,0.0,0.0,0.0,0.0,0.0,0.0,0.0,1.0,0.0,0.0,0.0,0.0,0.0,0.0,0.0,0.0,1.0,0.0,1.0,0.0,76.72370383408695,67.95050142230252,69.30555555555554,71.86629862699219
MAT_0169,0.4888888888888889,0.1095890410958904,0.0515463917525773,0.3360140306476409,1.0,0.5089285714285714,0.4343434343434343,0.123076923076923,0.1304347826086958,0.7777777777777777,0.8888888888888888,0.625,0.0407925407925408,0.1747333058945237,0.0133414190418435,0.1891891891891892,1.0,1.0,0.0,0.0,0.0,0.0,0.0,0.0,0.0,1.0,0.0,0.0,1.0,0.0,0.0,0.0,0.0,0.0,0.0,0.0,0.0,0.0,0.0,0.0,0.0,0.0,0.0,0.0,0.0,0.0,1.0,0.0,0.0,0.0,1.0,69.56243622342792,78.5910582241692,77.08333333333333,74.52729195662194
MAT_0170,0.8888888888888888,0.3972602739726027,0.9587628865979382,0.1224684615683466,0.375,0.2559523809523809,0.3939393939393939,0.8615384615384616,0.6956521739130435,0.7777777777777777,0.6666666666666665,0.5,0.5609945609945611,0.3896014327508148,0.1718213058419243,0.6216216216216217,1.0,0.0,0.0,0.0,1.0,0.0,0.0,0.0,0.0,1.0,0.0,0.0,0.0,1.0,0.0,0.0,0.0,0.0,1.0,0.0,0.0,0.0,0.0,0.0,0.0,0.0,1.0,0.0,1.0,0.0,0.0,0.0,0.0,0.0,0.0,86.08785091485436,65.97089050697298,65.55555555555554,73.8930741847003
MAT_0171,1.0,0.9041095890410956,0.2886597938144329,0.0006105107755151,0.0416666666666666,0.0595238095238095,0.0,0.676923076923077,0.8043478260869565,0.0,0.1111111111111111,0.125,0.054001554001554,0.6590097556091972,0.0768142308469779,0.5945945945945945,0.0,0.0,0.0,0.0,0.0,1.0,0.0,0.0,1.0,0.0,0.0,0.0,0.0,0.0,0.0,1.0,0.0,0.0,0.0,0.0,1.0,0.0,0.0,0.0,1.0,0.0,0.0,0.0,0.0,1.0,0.0,0.0,1.0,0.0,0.0,67.60073229578217,80.76869125080162,7.638888888888888,53.56256696022002
MAT_0172,0.9333333333333332,0.7534246575342465,0.4948453608247423,0.0016705794857279,0.1249999999999999,0.1428571428571428,0.0774410774410774,0.5384615384615385,0.6956521739130435,0.3333333333333333,0.4444444444444445,0.25,0.106060606060606,0.9741259441360668,0.120274914089347,0.5675675675675673,0.0,0.0,1.0,0.0,0.0,0.0,0.0,1.0,0.0,0.0,0.0,0.0,1.0,0.0,0.0,0.0,0.0,1.0,0.0,1.0,0.0,1.0,0.0,1.0,0.0,0.0,0.0,0.0,0.0,0.0,0.0,0.0,0.0,0.0,0.0,64.23559690114246,80.98562949078413,34.72222222222222,60.40659427435889
MAT_0173,0.911111111111111,0.7671232876712328,0.4536082474226804,0.0006715618530667,0.1249999999999999,0.1428571428571428,0.074074074074074,0.5538461538461539,0.6956521739130435,0.5555555555555556,0.4444444444444445,0.125,0.1107226107226107,0.946961522631456,0.1212856276531231,0.6216216216216217,0.0,0.0,1.0,0.0,0.0,0.0,0.0,1.0,0.0,0.0,0.0,0.0,0.0,0.0,0.0,1.0,0.0,1.0,0.0,1.0,0.0,1.0,0.0,1.0,0.0,0.0,0.0,0.0,0.0,0.0,0.0,0.0,0.0,0.0,0.0,64.26556743012229,79.89746558272938,38.74999999999999,61.30046664686773
MAT_0174,0.711111111111111,0.3698630136986301,0.9587628865979382,0.1858949810464154,0.3333333333333333,0.2678571428571428,0.3771043771043771,0.8769230769230769,0.7173913043478262,0.8888888888888888,0.6666666666666665,0.5,0.6033411033411035,0.4242188282145122,0.1835455831817262,0.9189189189189192,1.0,0.0,0.0,0.0,1.0,0.0,0.0,0.0,0.0,1.0,0.0,0.0,0.0,0.0,0.0,0.0,1.0,0.0,1.0,0.0,0.0,0.0,0.0,0.0,0.0,0.0,1.0,0.0,1.0,0.0,0.0,0.0,0.0,0.0,0.0,83.70886485432183,63.50183506945181,69.44444444444443,73.3674297958976
MAT_0175,0.977777777777778,0.821917808219178,0.5051546391752577,0.0011710706693973,0.1249999999999999,0.1458333333333333,0.0808080808080808,0.6000000000000001,0.847826086956522,0.5555555555555556,0.2222222222222222,0.375,0.1138306138306138,0.9835033427144398,0.1287649080250656,0.6756756756756757,0.0,0.0,1.0,0.0,0.0,0.0,0.0,1.0,0.0,0.0,0.0,0.0,0.0,0.0,0.0,1.0,0.0,1.0,0.0,1.0,0.0,1.0,0.0,1.0,0.0,0.0,0.0,0.0,0.0,0.0,0.0,0.0,0.0,0.0,0.0,64.13153454658476,80.5486148512225,38.47222222222222,61.35886494066732
MAT_0176,0.7333333333333334,0.2054794520547945,0.8762886597938144,0.2301015112916743,0.4166666666666667,0.175595238095238,0.404040404040404,0.7692307692307692,0.6521739130434783,0.6666666666666665,0.6666666666666665,0.625,0.4852369852369853,0.5103507347297462,0.1964827167980594,0.6216216216216217,1.0,0.0,0.0,1.0,0.0,0.0,0.0,0.0,0.0,1.0,0.0,1.0,0.0,0.0,0.0,0.0,0.0,0.0,0.0,0.0,0.0,0.0,1.0,0.0,0.0,0.0,0.0,0.0,0.0,0.0,0.0,1.0,0.0,1.0,0.0,86.07314513744025,67.36944243008524,65.41666666666666,74.26509078400167
MAT_0177,0.8222222222222224,0.3698630136986301,0.9278350515463918,0.2381436032345971,0.375,0.2470238095238094,0.3771043771043771,0.8153846153846154,0.7391304347826089,0.8888888888888888,0.6666666666666665,0.625,0.5594405594405595,0.3812807991367898,0.1795027289266221,0.9459459459459458,1.0,0.0,0.0,0.0,1.0,0.0,0.0,0.0,0.0,1.0,0.0,0.0,0.0,0.0,0.0,0.0,1.0,0.0,1.0,0.0,0.0,0.0,0.0,0.0,0.0,0.0,1.0,0.0,1.0,0.0,0.0,0.0,0.0,0.0,0.0,82.97473952200971,65.19959119110119,73.19444444444443,74.70810649946758
MAT_0178,0.8888888888888888,0.7671232876712328,0.4639175257731959,0.0013542239020518,0.1249999999999999,0.181547619047619,0.0808080808080808,0.6307692307692307,0.7391304347826089,0.5555555555555556,0.3333333333333333,0.375,0.1153846153846154,0.958085364361436,0.1362441883970082,0.783783783783784,0.0,0.0,1.0,0.0,0.0,0.0,0.0,1.0,0.0,0.0,0.0,0.0,0.0,1.0,0.0,0.0,0.0,1.0,0.0,1.0,0.0,1.0,0.0,1.0,0.0,0.0,0.0,0.0,0.0,0.0,0.0,0.0,0.0,0.0,0.0,62.697468521033684,79.42179409432289,42.36111111111111,61.613858970043665
MAT_0179,0.8666666666666667,0.6849315068493149,0.9690721649484536,0.5523790494902235,0.25,0.9732142857142856,0.9595959595959596,0.9076923076923078,0.4130434782608696,0.8888888888888888,0.8888888888888888,0.875,0.9895104895104896,0.0562643914702381,0.994137861330099,0.8378378378378379,0.0,0.0,0.0,0.0,0.0,0.0,1.0,0.0,0.0,0.0,1.0,0.0,1.0,0.0,0.0,0.0,0.0,0.0,0.0,0.0,0.0,0.0,0.0,0.0,0.0,1.0,0.0,1.0,0.0,0.0,0.0,0.0,0.0,0.0,0.0,14.500057086721869,20.081782983541625,88.47222222222221,38.3662243964179
MAT_0180,0.5111111111111111,0.1232876712328767,0.0515463917525773,0.3552784206641247,1.0,0.5238095238095237,0.4444444444444445,0.1384615384615384,0.1304347826086958,0.6666666666666665,0.7777777777777777,0.5,0.0407925407925408,0.1747333058945237,0.0133414190418435,0.1891891891891892,1.0,1.0,0.0,0.0,0.0,0.0,0.0,0.0,0.0,1.0,0.0,0.0,1.0,0.0,0.0,0.0,0.0,0.0,0.0,0.0,0.0,0.0,0.0,0.0,0.0,0.0,0.0,0.0,0.0,0.0,1.0,0.0,0.0,0.0,1.0,68.38926642769532,78.5910582241692,65.55555555555554,70.59969070499555
MAT_0181,0.9555555555555556,0.7671232876712328,0.5154639175257731,0.0006771119510259,0.1249999999999999,0.1458333333333333,0.0774410774410774,0.5846153846153846,0.6521739130434783,0.4444444444444445,0.4444444444444445,0.25,0.1017871017871018,0.96688432316985,0.1253284819082271,0.6216216216216217,0.0,0.0,1.0,0.0,0.0,0.0,0.0,1.0,0.0,0.0,0.0,0.0,0.0,0.0,1.0,0.0,0.0,1.0,0.0,1.0,0.0,1.0,0.0,1.0,0.0,0.0,0.0,0.0,0.0,0.0,0.0,0.0,0.0,0.0,0.0,64.1463533081359,81.46006880391356,38.611111111111114,61.67989529776177
MAT_0182,0.7555555555555555,0.3972602739726027,0.9587628865979382,0.1570566720502617,0.3333333333333333,0.2648809523809524,0.367003367003367,0.8461538461538463,0.673913043478261,0.8888888888888888,0.8888888888888888,0.625,0.6037296037296038,0.3612467601810961,0.1788963007883565,0.8648648648648647,1.0,0.0,0.0,0.0,1.0,0.0,0.0,0.0,0.0,1.0,0.0,1.0,0.0,0.0,0.0,0.0,0.0,0.0,1.0,0.0,0.0,0.0,0.0,0.0,0.0,0.0,1.0,0.0,1.0,0.0,0.0,0.0,0.0,0.0,0.0,84.69306174325406,63.62188852182788,80.97222222222221,77.25545792051665
MAT_0183,0.8444444444444446,0.3972602739726027,0.9484536082474226,0.1713870249809909,0.3333333333333333,0.2261904761904762,0.404040404040404,0.8769230769230769,0.6956521739130435,0.6666666666666665,0.6666666666666665,0.5,0.5621600621600622,0.4172219317663548,0.1748534465332524,0.8648648648648647,1.0,0.0,0.0,0.0,1.0,0.0,0.0,0.0,0.0,1.0,0.0,1.0,0.0,0.0,0.0,0.0,0.0,0.0,1.0,0.0,0.0,0.0,0.0,0.0,0.0,0.0,1.0,0.0,1.0,0.0,0.0,0.0,0.0,0.0,0.0,85.81077020295123,65.61546566094776,61.66666666666665,72.50894777946482
MAT_0184,0.6666666666666667,0.2054794520547945,0.9381443298969072,0.2232193898222303,0.4166666666666667,0.1934523809523809,0.404040404040404,0.7692307692307692,0.5217391304347827,0.8888888888888888,0.8888888888888888,0.5,0.4518259518259518,0.5116855957373438,0.1966848595108146,0.8918918918918919,1.0,0.0,0.0,1.0,0.0,0.0,0.0,0.0,0.0,1.0,0.0,0.0,1.0,0.0,0.0,0.0,0.0,0.0,0.0,0.0,0.0,0.0,1.0,0.0,0.0,0.0,0.0,0.0,0.0,0.0,0.0,1.0,0.0,1.0,0.0,85.56532306723786,70.27104322131612,77.22222222222221,78.47410885995666
MAT_0185,0.977777777777778,0.9315068493150684,0.2886597938144329,0.0004051571510237,0.0416666666666666,0.0625,0.0033670033670033,0.6461538461538461,0.8043478260869565,0.1111111111111111,0.1111111111111111,0.125,0.067987567987568,0.6721025173253835,0.0994542146755609,0.4324324324324322,0.0,0.0,0.0,0.0,0.0,1.0,0.0,0.0,1.0,0.0,0.0,0.0,1.0,0.0,0.0,0.0,0.0,0.0,0.0,0.0,1.0,0.0,0.0,0.0,1.0,0.0,0.0,0.0,0.0,1.0,0.0,0.0,1.0,0.0,0.0,67.48784528546929,79.39019103664343,11.527777777777775,54.27052875851408
MAT_0186,0.9333333333333332,0.821917808219178,0.4742268041237113,0.0009879174367427,0.1249999999999999,0.1607142857142857,0.0841750841750841,0.5692307692307692,0.7826086956521741,0.4444444444444445,0.2222222222222222,0.125,0.1107226107226107,0.946961522631456,0.1212856276531231,0.6216216216216217,0.0,0.0,1.0,0.0,0.0,0.0,0.0,1.0,0.0,0.0,0.0,0.0,0.0,0.0,0.0,0.0,1.0,1.0,0.0,1.0,0.0,1.0,0.0,1.0,0.0,0.0,0.0,0.0,0.0,0.0,0.0,0.0,0.0,0.0,0.0,63.54179104832629,80.30983671675,27.083333333333332,57.634667434355514
MAT_0187,0.7777777777777777,0.3698630136986301,0.9278350515463918,0.1858949810464154,0.375,0.2499999999999999,0.4208754208754209,0.8923076923076922,0.7826086956521741,0.6666666666666665,0.7777777777777777,0.5,0.6033411033411035,0.4242188282145122,0.1896098645643824,0.8108108108108107,1.0,0.0,0.0,0.0,1.0,0.0,0.0,0.0,0.0,1.0,0.0,1.0,0.0,0.0,0.0,0.0,0.0,0.0,1.0,0.0,0.0,0.0,0.0,0.0,0.0,0.0,1.0,0.0,1.0,0.0,0.0,0.0,0.0,0.0,0.0,84.42315056860754,62.701349926941184,65.55555555555554,72.24633187219203
MAT_0188,0.6666666666666667,0.3150684931506849,0.865979381443299,0.1987989588016228,0.4583333333333333,0.2291666666666666,0.404040404040404,0.8461538461538463,0.6304347826086958,0.8888888888888888,0.7777777777777777,0.75,0.4405594405594406,0.4974804498481595,0.2025469981807155,0.7027027027027029,1.0,0.0,0.0,1.0,0.0,0.0,0.0,0.0,0.0,1.0,0.0,0.0,1.0,0.0,0.0,0.0,0.0,0.0,0.0,0.0,0.0,0.0,1.0,0.0,0.0,0.0,0.0,0.0,0.0,0.0,0.0,1.0,0.0,1.0,0.0,84.86936456928464,69.21520565547249,80.83333333333333,78.96230752435561
MAT_0189,0.8666666666666667,0.6986301369863013,0.9896907216494844,0.5748069953434679,0.25,0.943452380952381,0.8585858585858587,0.9384615384615383,0.4782608695652175,0.7777777777777777,0.8888888888888888,0.875,0.9483294483294484,0.0784675795632779,0.994137861330099,0.7297297297297296,0.0,0.0,0.0,0.0,0.0,0.0,1.0,0.0,0.0,0.0,1.0,0.0,0.0,0.0,0.0,0.0,1.0,0.0,0.0,0.0,0.0,0.0,0.0,0.0,0.0,1.0,0.0,1.0,0.0,0.0,0.0,0.0,0.0,0.0,0.0,15.017694901600724,22.553206176614296,84.58333333333331,38.14803981362457
MAT_0190,0.8888888888888888,0.3835616438356165,0.9381443298969072,0.4269856862973631,0.3333333333333333,0.2678571428571428,0.3939393939393939,0.8307692307692309,0.6086956521739131,0.7777777777777777,0.8888888888888888,0.5,0.5609945609945611,0.3896014327508148,0.1724277339801899,0.783783783783784,1.0,0.0,0.0,0.0,1.0,0.0,0.0,0.0,0.0,1.0,0.0,0.0,0.0,1.0,0.0,0.0,0.0,0.0,1.0,0.0,0.0,0.0,0.0,0.0,0.0,0.0,1.0,0.0,1.0,0.0,0.0,0.0,0.0,0.0,0.0,76.47614369679339,65.5403265288044,73.33333333333333,72.25255543735867
MAT_0191,0.7999999999999998,0.3972602739726027,0.9587628865979382,0.2221093702303845,0.3333333333333333,0.2291666666666666,0.404040404040404,0.8769230769230769,0.7826086956521741,0.6666666666666665,0.6666666666666665,0.5,0.5843045843045844,0.3944180562198961,0.1906205781281584,0.8918918918918919,1.0,0.0,0.0,0.0,1.0,0.0,0.0,0.0,0.0,1.0,0.0,0.0,0.0,1.0,0.0,0.0,0.0,0.0,1.0,0.0,0.0,0.0,0.0,0.0,0.0,0.0,1.0,0.0,1.0,0.0,0.0,0.0,0.0,0.0,0.0,84.1700522264218,64.24141117288478,61.66666666666665,71.44044424243415
MAT_0192,0.1555555555555554,0.0273972602739726,0.0927835051546391,0.4134933981584774,0.9583333333333331,0.488095238095238,0.4175084175084175,0.0615384615384615,0.108695652173913,0.7777777777777777,0.6666666666666665,0.625,0.0501165501165501,0.173999132340345,0.0226399838285829,0.1081081081081081,1.0,1.0,0.0,0.0,0.0,0.0,0.0,0.0,0.0,1.0,0.0,0.0,1.0,0.0,0.0,0.0,0.0,0.0,0.0,0.0,0.0,0.0,0.0,0.0,0.0,0.0,0.0,0.0,0.0,0.0,1.0,0.0,0.0,0.0,1.0,68.07138853143616,78.67064308240779,69.30555555555554,71.62141500396346
MAT_0193,0.9555555555555556,0.7671232876712328,0.4639175257731959,0.0012265716489896,0.1249999999999999,0.1696428571428571,0.0875420875420875,0.6153846153846154,0.8043478260869565,0.5555555555555556,0.3333333333333333,0.25,0.0998445998445998,0.9566615126199984,0.1287649080250656,0.5945945945945945,0.0,0.0,1.0,0.0,0.0,0.0,0.0,1.0,0.0,0.0,0.0,0.0,0.0,0.0,1.0,0.0,0.0,1.0,0.0,1.0,0.0,1.0,0.0,1.0,0.0,0.0,0.0,0.0,0.0,0.0,0.0,0.0,0.0,0.0,0.0,63.17748856481602,80.42317328248195,38.611111111111114,60.98128074400433
MAT_0194,0.6888888888888889,0.273972602739726,0.8556701030927835,0.2892655555370552,0.4583333333333333,0.2261904761904762,0.3973063973063973,0.8461538461538463,0.6304347826086958,0.7777777777777777,0.8888888888888888,0.5,0.4860139860139861,0.503832163475978,0.2270062664240953,0.7297297297297296,1.0,0.0,0.0,1.0,0.0,0.0,0.0,0.0,0.0,1.0,0.0,0.0,1.0,0.0,0.0,0.0,0.0,0.0,0.0,0.0,0.0,0.0,1.0,0.0,0.0,0.0,0.0,0.0,0.0,0.0,0.0,1.0,0.0,1.0,0.0,82.27441428626929,66.00251476843351,73.33333333333333,74.71052014503778
MAT_0195,0.7333333333333334,0.7123287671232876,0.979381443298969,0.8755779039500048,0.2083333333333333,1.0,0.9595959595959596,0.9076923076923078,0.3913043478260869,0.7777777777777777,1.0,0.875,0.9370629370629372,0.0658976384084007,0.9688700222356984,0.7567567567567568,0.0,0.0,0.0,0.0,0.0,0.0,1.0,0.0,0.0,0.0,1.0,1.0,0.0,0.0,0.0,0.0,0.0,0.0,0.0,0.0,0.0,0.0,0.0,0.0,0.0,1.0,0.0,1.0,0.0,0.0,0.0,0.0,0.0,0.0,0.0,3.732662881499856,23.668381345761567,88.47222222222221,35.13524622299508
MAT_0196,0.9333333333333332,0.780821917808219,0.4948453608247423,0.0016705794857279,0.1666666666666666,0.1607142857142857,0.0808080808080808,0.6307692307692307,0.6956521739130435,0.3333333333333333,0.2222222222222222,0.125,0.106060606060606,0.9741259441360668,0.120274914089347,0.5675675675675673,0.0,0.0,1.0,0.0,0.0,0.0,0.0,1.0,0.0,0.0,0.0,0.0,0.0,0.0,0.0,0.0,1.0,1.0,0.0,1.0,0.0,1.0,0.0,1.0,0.0,0.0,0.0,0.0,0.0,0.0,0.0,0.0,0.0,0.0,0.0,63.521311186856735,80.98562949078413,23.194444444444443,56.66254665531127
MAT_0197,1.0,0.917808219178082,0.3195876288659793,0.0008214144979658,0.0416666666666666,0.0744047619047619,0.0067340067340067,0.6923076923076923,0.9130434782608696,0.1111111111111111,0.2222222222222222,0.25,0.0889665889665889,0.6907127045396397,0.1069334950475035,0.4054054054054055,0.0,0.0,0.0,0.0,0.0,1.0,0.0,0.0,1.0,0.0,0.0,0.0,0.0,0.0,0.0,0.0,1.0,0.0,0.0,0.0,1.0,0.0,0.0,0.0,1.0,0.0,0.0,0.0,0.0,1.0,0.0,0.0,1.0,0.0,0.0,66.99916708887055,78.73541827756503,19.166666666666664,56.17029231881773
MAT_0198,0.8666666666666667,0.3561643835616437,0.9278350515463918,0.18593383173213,0.3333333333333333,0.2499999999999999,0.4006734006734007,0.8615384615384616,0.8043478260869565,0.8888888888888888,0.6666666666666665,0.5,0.5512820512820513,0.4062983191875146,0.1645441681827369,0.9189189189189192,1.0,0.0,0.0,0.0,1.0,0.0,0.0,0.0,0.0,1.0,0.0,0.0,0.0,1.0,0.0,0.0,0.0,0.0,1.0,0.0,0.0,0.0,0.0,0.0,0.0,0.0,1.0,0.0,1.0,0.0,0.0,0.0,0.0,0.0,0.0,84.4219850480361,66.05627342134316,69.44444444444443,74.41900937895072
MAT_0199,0.911111111111111,0.8630136986301369,0.4536082474226804,0.0017982317387901,0.1249999999999999,0.1220238095238095,0.0639730639730639,0.5384615384615385,0.7826086956521741,0.4444444444444445,0.2222222222222222,0.125,0.1103341103341103,0.9724907394017598,0.1528198908429351,0.7567567567567568,0.0,0.0,1.0,0.0,0.0,0.0,0.0,1.0,0.0,0.0,0.0,0.0,0.0,0.0,0.0,1.0,0.0,1.0,0.0,1.0,0.0,1.0,0.0,1.0,0.0,0.0,0.0,0.0,0.0,0.0,0.0,0.0,0.0,0.0,0.0,65.06510066688391,78.97086270646004,27.083333333333332,57.842299078691575
MAT_0200,0.711111111111111,0.3972602739726027,0.9484536082474226,0.1770980757810375,0.375,0.2499999999999999,0.4343434343434343,0.8615384615384616,0.6956521739130435,0.8888888888888888,0.7777777777777777,0.625,0.5516705516705518,0.3663970989020768,0.1677784515868202,0.7027027027027029,1.0,0.0,0.0,0.0,1.0,0.0,0.0,0.0,0.0,1.0,0.0,0.0,0.0,0.0,0.0,0.0,1.0,0.0,1.0,0.0,0.0,0.0,0.0,0.0,0.0,0.0,1.0,0.0,1.0,0.0,0.0,0.0,0.0,0.0,0.0,84.68705772656888,66.35219103381625,77.08333333333333,76.90548040077242
MAT_0201,0.5999999999999999,0.273972602739726,0.8865979381443299,0.3847272404357936,0.4166666666666667,0.2083333333333333,0.4175084175084175,0.8307692307692309,0.6304347826086958,0.7777777777777777,0.7777777777777777,0.625,0.4300699300699301,0.5333214679021546,0.2302405498281786,0.7297297297297296,1.0,0.0,0.0,1.0,0.0,0.0,0.0,0.0,0.0,1.0,0.0,1.0,0.0,0.0,0.0,0.0,0.0,0.0,0.0,0.0,0.0,0.0,1.0,0.0,0.0,0.0,0.0,0.0,0.0,0.0,0.0,1.0,0.0,1.0,0.0,80.12484945359286,69.32124576454474,73.19444444444443,74.8046468441339
MAT_0202,0.977777777777778,0.8082191780821917,0.4948453608247423,0.0011044694938865,0.1249999999999999,0.125,0.074074074074074,0.5846153846153846,0.673913043478261,0.3333333333333333,0.3333333333333333,0.25,0.1111111111111111,0.9359822908439658,0.1186577723873054,0.5405405405405406,0.0,0.0,1.0,0.0,0.0,0.0,0.0,1.0,0.0,0.0,0.0,1.0,0.0,0.0,0.0,0.0,0.0,1.0,0.0,1.0,0.0,1.0,0.0,1.0,0.0,0.0,0.0,0.0,0.0,0.0,0.0,0.0,0.0,0.0,0.0,64.96686591518342,80.78161848932012,30.83333333333333,59.471231912869406
MAT_0203,1.0,0.780821917808219,0.4536082474226804,0.0006993123428628,0.1249999999999999,0.181547619047619,0.0841750841750841,0.5230769230769231,0.7826086956521741,0.3333333333333333,0.2222222222222222,0.125,0.0994560994560994,0.959119881642324,0.141904184354154,0.7297297297297296,0.0,0.0,1.0,0.0,0.0,0.0,0.0,1.0,0.0,0.0,0.0,0.0,0.0,0.0,0.0,1.0,0.0,1.0,0.0,1.0,0.0,1.0,0.0,1.0,0.0,0.0,0.0,0.0,0.0,0.0,0.0,0.0,0.0,0.0,0.0,62.71711586780935,79.84223444502402,23.194444444444443,55.997850013964275
MAT_0204,0.8666666666666667,0.4109589041095889,0.9587628865979382,0.2220039183691592,0.3333333333333333,0.244047619047619,0.3905723905723905,0.8461538461538463,0.6304347826086958,0.8888888888888888,0.8888888888888888,0.625,0.5586635586635588,0.334238072460705,0.1811198706286638,0.9459459459459458,1.0,0.0,0.0,0.0,1.0,0.0,0.0,0.0,0.0,1.0,0.0,0.0,0.0,0.0,0.0,1.0,0.0,0.0,1.0,0.0,0.0,0.0,0.0,0.0,0.0,0.0,1.0,0.0,1.0,0.0,0.0,0.0,0.0,0.0,0.0,83.57797768702046,65.8084836799209,80.97222222222221,77.46540284545112
MAT_0205,0.8666666666666667,0.2876712328767123,0.9381443298969072,0.2586845157817035,0.4166666666666667,0.2232142857142857,0.3973063973063973,0.7846153846153847,0.4565217391304348,0.7777777777777777,0.7777777777777777,0.75,0.445998445998446,0.4449647930409246,0.2110369921164341,0.6756756756756757,1.0,0.0,0.0,1.0,0.0,0.0,0.0,0.0,0.0,1.0,0.0,0.0,0.0,0.0,1.0,0.0,0.0,0.0,0.0,0.0,0.0,0.0,1.0,0.0,0.0,0.0,0.0,0.0,0.0,0.0,0.0,1.0,0.0,1.0,0.0,83.31089309797746,70.13185453452282,76.94444444444443,77.44724693288116
MAT_0206,0.7777777777777777,0.3561643835616437,0.9690721649484536,0.2297518551202428,0.3333333333333333,0.2589285714285714,0.3939393939393939,0.8923076923076922,0.7173913043478262,0.8888888888888888,0.6666666666666665,0.5,0.6041181041181042,0.3806244924747211,0.1835455831817262,0.9189189189189192,1.0,0.0,0.0,0.0,1.0,0.0,0.0,0.0,0.0,1.0,0.0,0.0,1.0,0.0,0.0,0.0,0.0,0.0,1.0,0.0,0.0,0.0,0.0,0.0,0.0,0.0,1.0,0.0,1.0,0.0,0.0,0.0,0.0,0.0,0.0,82.75030148924986,63.66917059761208,69.44444444444443,73.0342051083169
MAT_0207,0.2888888888888887,0.1232876712328767,0.0927835051546391,0.3660511608029881,0.9583333333333331,0.5178571428571428,0.4343434343434343,0.123076923076923,0.1956521739130434,0.7777777777777777,0.8888888888888888,0.5,0.0641025641025641,0.1751782595637229,0.0309278350515463,0.162162162162162,1.0,1.0,0.0,0.0,0.0,0.0,0.0,0.0,0.0,1.0,0.0,0.0,0.0,0.0,0.0,0.0,1.0,0.0,0.0,0.0,0.0,0.0,0.0,0.0,0.0,0.0,0.0,0.0,0.0,0.0,1.0,0.0,0.0,0.0,1.0,68.30417946162464,77.72270684641818,73.33333333333333,72.63848383857531
MAT_0208,0.6444444444444444,0.2602739726027397,0.9175257731958762,0.3350982644843681,0.4166666666666667,0.2232142857142857,0.3872053872053872,0.8,0.5,0.8888888888888888,0.7777777777777777,0.625,0.4584304584304585,0.4719623569195857,0.1904184354154032,0.6756756756756757,1.0,0.0,0.0,1.0,0.0,0.0,0.0,0.0,0.0,1.0,0.0,0.0,0.0,0.0,0.0,1.0,0.0,0.0,0.0,0.0,0.0,0.0,1.0,0.0,0.0,0.0,0.0,0.0,0.0,0.0,0.0,1.0,0.0,1.0,0.0,81.01848063689754,69.7164394799325,77.08333333333333,76.44732409873876
MAT_0209,0.9333333333333332,0.6712328767123288,0.979381443298969,0.5025946707959396,0.25,0.9732142857142856,0.9595959595959596,0.9076923076923078,0.4782608695652175,0.7777777777777777,1.0,1.0,0.97979797979798,0.0736732037776566,0.9765514453203962,0.8108108108108107,0.0,0.0,0.0,0.0,0.0,0.0,1.0,0.0,0.0,0.0,1.0,0.0,1.0,0.0,0.0,0.0,0.0,0.0,0.0,0.0,0.0,0.0,0.0,0.0,0.0,1.0,0.0,1.0,0.0,0.0,0.0,0.0,0.0,0.0,0.0,15.993588447550389,21.301186516468494,92.2222222222222,40.45445800062737
MAT_0210,0.7777777777777777,0.4246575342465753,0.9896907216494844,0.1400789223929802,0.3333333333333333,0.2589285714285714,0.3838383838383838,0.8615384615384616,0.6086956521739131,0.6666666666666665,0.6666666666666665,0.625,0.5466200466200467,0.3766866525023081,0.1859712957347887,0.8648648648648647,1.0,0.0,0.0,0.0,1.0,0.0,0.0,0.0,0.0,1.0,0.0,0.0,1.0,0.0,0.0,0.0,0.0,0.0,1.0,0.0,0.0,0.0,0.0,0.0,0.0,0.0,1.0,0.0,1.0,0.0,0.0,0.0,0.0,0.0,0.0,85.44048947106775,66.88367322994368,65.41666666666666,73.86629775741021
MAT_0211,1.0,0.7671232876712328,0.4639175257731959,0.0006826620489851,0.1249999999999999,0.1339285714285714,0.0774410774410774,0.5538461538461539,0.8043478260869565,0.4444444444444445,0.3333333333333333,0.25,0.1076146076146076,0.9863955415642346,0.1196684859510814,0.5945945945945945,0.0,0.0,1.0,0.0,0.0,0.0,0.0,1.0,0.0,0.0,0.0,0.0,0.0,1.0,0.0,0.0,0.0,1.0,0.0,1.0,0.0,1.0,0.0,1.0,0.0,0.0,0.0,0.0,0.0,0.0,0.0,0.0,0.0,0.0,0.0,64.6223772813876,80.3075655562011,34.72222222222222,60.357887246082036
MAT_0212,1.0,0.8767123287671232,0.2989690721649484,0.0004051571510237,0.0,0.0476190476190476,0.0067340067340067,0.6153846153846154,0.8913043478260869,0.2222222222222222,0.1111111111111111,0.125,0.0629370629370629,0.7052738133641834,0.1152213462704669,0.5675675675675673,0.0,0.0,0.0,0.0,0.0,1.0,0.0,0.0,1.0,0.0,0.0,1.0,0.0,0.0,0.0,0.0,0.0,0.0,0.0,0.0,1.0,0.0,0.0,0.0,1.0,0.0,0.0,0.0,0.0,1.0,0.0,0.0,1.0,0.0,0.0,68.0830833807074,79.3758879083318,15.416666666666664,55.670999724782504
MAT_0213,0.911111111111111,0.821917808219178,0.4845360824742267,0.0009435166530689,0.1249999999999999,0.1279761904761904,0.0774410774410774,0.5692307692307692,0.7826086956521741,0.4444444444444445,0.3333333333333333,0.25,0.0928515928515928,0.9489081949342024,0.1156256316959773,0.5945945945945945,0.0,0.0,1.0,0.0,0.0,0.0,0.0,1.0,0.0,0.0,0.0,0.0,0.0,0.0,0.0,0.0,1.0,1.0,0.0,1.0,0.0,1.0,0.0,1.0,0.0,0.0,0.0,0.0,0.0,0.0,0.0,0.0,0.0,0.0,0.0,64.85264688136031,81.57937305602557,34.72222222222222,60.831537336018464
MAT_0214,0.6444444444444444,0.2876712328767123,0.8865979381443299,0.2823889841655705,0.375,0.181547619047619,0.3703703703703703,0.8153846153846154,0.6086956521739131,0.6666666666666665,0.7777777777777777,0.75,0.4324009324009324,0.512175044773463,0.2181119870628663,0.7297297297297296,1.0,0.0,0.0,1.0,0.0,0.0,0.0,0.0,0.0,1.0,0.0,0.0,1.0,0.0,0.0,0.0,0.0,0.0,0.0,0.0,0.0,0.0,1.0,0.0,0.0,0.0,0.0,0.0,0.0,0.0,0.0,1.0,0.0,1.0,0.0,84.26642571312813,69.568552530954,73.05555555555554,76.49380271120411
MAT_0215,0.5999999999999999,0.3698630136986301,0.9278350515463918,0.1624680175605099,0.375,0.2589285714285714,0.4175084175084175,0.8461538461538463,0.6304347826086958,0.6666666666666665,0.8888888888888888,0.625,0.5788655788655789,0.4054195356908462,0.1659591671720234,0.8108108108108107,1.0,0.0,0.0,0.0,1.0,0.0,0.0,0.0,0.0,1.0,0.0,0.0,0.0,0.0,0.0,1.0,0.0,0.0,1.0,0.0,0.0,0.0,0.0,0.0,0.0,0.0,1.0,0.0,1.0,0.0,0.0,0.0,0.0,0.0,0.0,84.76881661604185,64.63464707248818,73.19444444444443,75.25625410149652
MAT_0216,0.9333333333333332,0.7397260273972601,0.422680412371134,0.0009990176326612,0.1249999999999999,0.1607142857142857,0.074074074074074,0.5692307692307692,0.7608695652173914,0.4444444444444445,0.3333333333333333,0.25,0.1383061383061383,0.9343804576348488,0.1229027693551647,0.8108108108108107,0.0,0.0,1.0,0.0,0.0,0.0,0.0,1.0,0.0,0.0,0.0,0.0,1.0,0.0,0.0,0.0,0.0,1.0,0.0,1.0,0.0,1.0,0.0,1.0,0.0,0.0,0.0,0.0,0.0,0.0,0.0,0.0,0.0,0.0,0.0,63.54145804244874,77.85121825146084,34.72222222222222,59.188615359084416
MAT_0217,0.8444444444444446,0.3972602739726027,0.9690721649484536,0.1824872208994488,0.3333333333333333,0.2648809523809524,0.4175084175084175,0.8615384615384616,0.7826086956521741,0.7777777777777777,0.6666666666666665,0.625,0.5571095571095572,0.3493442495300176,0.173438447543966,0.9999999999999998,1.0,0.0,0.0,0.0,1.0,0.0,0.0,0.0,0.0,1.0,0.0,0.0,0.0,0.0,0.0,1.0,0.0,0.0,1.0,0.0,0.0,0.0,0.0,0.0,0.0,0.0,1.0,0.0,1.0,0.0,0.0,0.0,0.0,0.0,0.0,83.93014527777845,66.32281201717223,69.30555555555554,74.2605683829297
MAT_0218,1.0,0.9726027397260272,0.2783505154639175,0.0006105107755151,0.0416666666666666,0.056547619047619,0.0067340067340067,0.6307692307692307,0.847826086956522,0.1111111111111111,0.1111111111111111,0.125,0.054001554001554,0.6590097556091972,0.0768142308469779,0.5945945945945945,0.0,0.0,0.0,0.0,0.0,1.0,0.0,0.0,1.0,0.0,0.0,0.0,0.0,0.0,0.0,1.0,0.0,0.0,0.0,0.0,1.0,0.0,0.0,0.0,1.0,0.0,0.0,0.0,0.0,1.0,0.0,0.0,1.0,0.0,0.0,67.71977991482979,80.5625056837913,11.527777777777775,54.71499700440264
MAT_0219,0.8888888888888888,0.3972602739726027,0.9587628865979382,0.1399346198460403,0.375,0.2589285714285714,0.3973063973063973,0.8307692307692309,0.6086956521739131,0.7777777777777777,0.6666666666666665,0.625,0.5516705516705518,0.3896014327508148,0.1718213058419243,0.6216216216216217,1.0,0.0,0.0,0.0,1.0,0.0,0.0,0.0,0.0,1.0,0.0,0.0,0.0,1.0,0.0,0.0,0.0,0.0,1.0,0.0,0.0,0.0,0.0,0.0,0.0,0.0,1.0,0.0,1.0,0.0,0.0,0.0,0.0,0.0,0.0,85.44481854747595,66.43709097317344,69.30555555555554,74.90072137760907
MAT_0220,0.977777777777778,0.780821917808219,0.4845360824742267,0.000921316261232,0.1249999999999999,0.1369047619047619,0.0673400673400673,0.5384615384615385,0.6304347826086958,0.4444444444444445,0.3333333333333333,0.25,0.1421911421911422,0.912121650333159,0.1208813422276127,0.6486486486486485,0.0,0.0,1.0,0.0,0.0,0.0,0.0,1.0,0.0,0.0,0.0,1.0,0.0,0.0,0.0,0.0,0.0,1.0,0.0,1.0,0.0,1.0,0.0,1.0,0.0,0.0,0.0,0.0,0.0,0.0,0.0,0.0,0.0,0.0,0.0,64.49617003597257,78.95472427309905,34.72222222222222,59.90155196298541
MAT_0221,1.0,0.8082191780821917,0.4639175257731959,0.0012265716489896,0.1666666666666666,0.1339285714285714,0.074074074074074,0.6153846153846154,0.8043478260869565,0.3333333333333333,0.3333333333333333,0.25,0.0998445998445998,0.9566615126199984,0.1287649080250656,0.5945945945945945,0.0,0.0,1.0,0.0,0.0,0.0,0.0,1.0,0.0,0.0,0.0,0.0,0.0,1.0,0.0,0.0,0.0,1.0,0.0,1.0,0.0,1.0,0.0,1.0,0.0,0.0,0.0,0.0,0.0,0.0,0.0,0.0,0.0,0.0,0.0,64.60605999338746,80.42317328248195,30.83333333333333,59.21937598209957
MAT_0222,0.8888888888888888,0.2876712328767123,0.865979381443299,0.2053813749812684,0.4583333333333333,0.181547619047619,0.4006734006734007,0.7384615384615385,0.6304347826086958,0.8888888888888888,0.8888888888888888,0.625,0.4860139860139861,0.4763006551942779,0.2084091368506165,0.8918918918918919,1.0,0.0,0.0,1.0,0.0,0.0,0.0,0.0,0.0,1.0,0.0,0.0,0.0,0.0,1.0,0.0,0.0,0.0,0.0,0.0,0.0,0.0,1.0,0.0,0.0,0.0,0.0,0.0,0.0,0.0,0.0,1.0,0.0,1.0,0.0,86.5766539886572,66.76661422264819,80.97222222222221,78.95231252892401
MAT_0223,1.0,0.9589041095890408,0.3092783505154639,0.0005050589142898,0.0,0.056547619047619,0.0033670033670033,0.676923076923077,0.8043478260869565,0.0,0.1111111111111111,0.125,0.0703185703185703,0.6977540963547171,0.0816656559531028,0.5945945945945945,0.0,0.0,0.0,0.0,0.0,1.0,0.0,0.0,1.0,0.0,0.0,0.0,0.0,0.0,0.0,1.0,0.0,0.0,0.0,0.0,1.0,0.0,0.0,0.0,1.0,0.0,0.0,0.0,0.0,1.0,0.0,0.0,1.0,0.0,0.0,67.72294347066654,80.21966881578768,7.638888888888888,53.44674469966959
MAT_0224,0.911111111111111,0.8356164383561644,0.4845360824742267,0.0006826620489851,0.1249999999999999,0.1607142857142857,0.074074074074074,0.5538461538461539,0.7826086956521741,0.4444444444444445,0.2222222222222222,0.25,0.1169386169386169,0.9145021524633746,0.1449363250454821,0.6216216216216217,0.0,0.0,1.0,0.0,0.0,0.0,0.0,1.0,0.0,0.0,0.0,0.0,1.0,0.0,0.0,0.0,0.0,1.0,0.0,1.0,0.0,1.0,0.0,1.0,0.0,0.0,0.0,0.0,0.0,0.0,0.0,0.0,0.0,0.0,0.0,63.55094870995902,79.49570105118923,30.833333333333336,58.51908979934038
MAT_0225,0.3999999999999999,0.1232876712328767,0.0927835051546391,0.1752221426708181,1.0,0.4910714285714286,0.3771043771043771,0.0923076923076923,0.0434782608695654,0.8888888888888888,0.6666666666666665,0.5,0.047008547008547,0.1820861652780404,0.0052557105316353,0.1891891891891892,1.0,1.0,0.0,0.0,0.0,0.0,0.0,0.0,0.0,1.0,0.0,0.0,0.0,0.0,0.0,1.0,0.0,0.0,0.0,0.0,0.0,0.0,0.0,0.0,0.0,0.0,0.0,0.0,0.0,0.0,1.0,0.0,0.0,0.0,1.0,75.10047857701832,79.34757143671636,69.44444444444443,74.67779619515557
MAT_0226,0.6666666666666667,0.2328767123287671,0.865979381443299,0.290691930712577,0.4166666666666667,0.181547619047619,0.4006734006734007,0.7846153846153847,0.5869565217391306,0.8888888888888888,0.8888888888888888,0.625,0.4755244755244756,0.4700156846168393,0.2177077016373559,0.9189189189189192,1.0,0.0,0.0,1.0,0.0,0.0,0.0,0.0,0.0,1.0,0.0,0.0,1.0,0.0,0.0,0.0,0.0,0.0,0.0,0.0,0.0,0.0,1.0,0.0,0.0,0.0,0.0,0.0,0.0,0.0,0.0,1.0,0.0,1.0,0.0,84.01733731671793,67.01213280352152,80.97222222222221,78.0022414344103
MAT_0227,0.977777777777778,0.8493150684931505,0.4742268041237113,0.0013542239020518,0.1666666666666666,0.1488095238095238,0.074074074074074,0.6307692307692307,0.7608695652173914,0.4444444444444445,0.2222222222222222,0.375,0.1153846153846154,0.958085364361436,0.1362441883970082,0.783783783783784,0.0,0.0,1.0,0.0,0.0,0.0,0.0,1.0,0.0,0.0,0.0,0.0,1.0,0.0,0.0,0.0,0.0,1.0,0.0,1.0,0.0,1.0,0.0,1.0,0.0,0.0,0.0,0.0,0.0,0.0,0.0,0.0,0.0,0.0,0.0,64.0069923305575,79.6279796613332,34.583333333333336,59.866190830622955
MAT_0228,1.0,0.8082191780821917,0.4845360824742267,0.0011044694938865,0.1249999999999999,0.125,0.0707070707070706,0.5538461538461539,0.673913043478261,0.4444444444444445,0.4444444444444445,0.25,0.1111111111111111,0.9359822908439658,0.1186577723873054,0.5405405405405406,0.0,0.0,1.0,0.0,0.0,0.0,0.0,1.0,0.0,0.0,0.0,0.0,0.0,0.0,1.0,0.0,0.0,1.0,0.0,1.0,0.0,1.0,0.0,1.0,0.0,0.0,0.0,0.0,0.0,0.0,0.0,0.0,0.0,0.0,0.0,64.96686591518342,80.57543292230982,38.611111111111114,61.74270957609965
MAT_0229,0.7777777777777777,0.3698630136986301,0.9896907216494844,0.2384655089162324,0.3333333333333333,0.2678571428571428,0.4175084175084175,0.8,0.6086956521739131,0.8888888888888888,0.6666666666666665,0.625,0.5722610722610724,0.3805577494243412,0.1683848797250859,0.6216216216216217,1.0,0.0,0.0,0.0,1.0,0.0,0.0,0.0,0.0,1.0,0.0,0.0,0.0,0.0,0.0,1.0,0.0,0.0,1.0,0.0,0.0,0.0,0.0,0.0,0.0,0.0,1.0,0.0,1.0,0.0,0.0,0.0,0.0,0.0,0.0,82.13174901822731,66.12921442818349,73.19444444444443,74.6497972690793
MAT_0230,0.7333333333333334,0.6849315068493149,0.9690721649484536,0.5523790494902235,0.25,0.9791666666666666,0.9225589225589226,0.9076923076923078,0.4130434782608696,0.8888888888888888,0.8888888888888888,1.0,0.9895104895104896,0.0562643914702381,0.994137861330099,0.8378378378378379,0.0,0.0,0.0,0.0,0.0,0.0,1.0,0.0,0.0,0.0,1.0,1.0,0.0,0.0,0.0,0.0,0.0,0.0,0.0,0.0,0.0,0.0,0.0,0.0,0.0,1.0,0.0,1.0,0.0,0.0,0.0,0.0,0.0,0.0,0.0,14.261961848626628,20.081782983541625,92.2222222222222,39.3959863011798
MAT_0231,0.9333333333333332,0.7671232876712328,0.4639175257731959,0.0012154714530711,0.1249999999999999,0.1220238095238095,0.074074074074074,0.5692307692307692,0.7826086956521741,0.4444444444444445,0.3333333333333333,0.25,0.1235431235431235,0.9530796355829448,0.1204770568021022,0.6486486486486485,0.0,0.0,1.0,0.0,0.0,0.0,0.0,1.0,0.0,0.0,0.0,1.0,0.0,0.0,0.0,0.0,0.0,1.0,0.0,1.0,0.0,1.0,0.0,1.0,0.0,0.0,0.0,0.0,0.0,0.0,0.0,0.0,0.0,0.0,0.0,65.08258347545548,79.48688263424467,34.72222222222222,60.29576484712226
MAT_0232,1.0,0.917808219178082,0.268041237113402,0.0005661099918413,0.0416666666666666,0.0625,0.0033670033670033,0.6461538461538461,0.956521739130435,0.1111111111111111,0.1111111111111111,0.125,0.0602175602175602,0.6738489604769903,0.1047099252071962,0.5135135135135134,0.0,0.0,0.0,0.0,0.0,1.0,0.0,0.0,1.0,0.0,0.0,0.0,0.0,0.0,0.0,1.0,0.0,0.0,0.0,0.0,1.0,0.0,0.0,0.0,1.0,0.0,0.0,0.0,0.0,1.0,0.0,0.0,1.0,0.0,0.0,67.48301670024478,79.20864897517414,11.527777777777775,54.21413470598349
MAT_0233,0.6444444444444444,0.273972602739726,0.8556701030927835,0.2892655555370552,0.4583333333333333,0.2232142857142857,0.404040404040404,0.8153846153846154,0.5217391304347827,0.6666666666666665,0.8888888888888888,0.75,0.4860139860139861,0.503832163475978,0.2270062664240953,0.7297297297297296,1.0,0.0,0.0,1.0,0.0,0.0,0.0,0.0,0.0,1.0,0.0,0.0,0.0,0.0,0.0,1.0,0.0,0.0,0.0,0.0,0.0,0.0,1.0,0.0,0.0,0.0,0.0,0.0,0.0,0.0,0.0,1.0,0.0,1.0,0.0,82.39346190531691,66.00251476843351,76.94444444444443,75.84147252599014
MAT_0234,0.1555555555555554,0.0273972602739726,0.0927835051546391,0.4134933981584774,0.9583333333333331,0.5,0.4175084175084175,0.123076923076923,0.1304347826086958,0.6666666666666665,0.7777777777777777,0.5,0.0501165501165501,0.173999132340345,0.0226399838285829,0.1081081081081081,1.0,1.0,0.0,0.0,0.0,0.0,0.0,0.0,0.0,1.0,0.0,0.0,1.0,0.0,0.0,0.0,0.0,0.0,0.0,0.0,0.0,0.0,0.0,0.0,0.0,0.0,0.0,0.0,0.0,0.0,1.0,0.0,0.0,0.0,1.0,67.59519805524567,78.67064308240779,65.55555555555554,70.30593881348727
MAT_0235,1.0,0.821917808219178,0.4845360824742267,0.0009435166530689,0.1249999999999999,0.1607142857142857,0.0841750841750841,0.5538461538461539,0.7608695652173914,0.5555555555555556,0.2222222222222222,0.25,0.0928515928515928,0.9489081949342024,0.1156256316959773,0.5945945945945945,0.0,0.0,1.0,0.0,0.0,0.0,0.0,1.0,0.0,0.0,0.0,0.0,0.0,1.0,0.0,0.0,0.0,1.0,0.0,1.0,0.0,1.0,0.0,1.0,0.0,0.0,0.0,0.0,0.0,0.0,0.0,0.0,0.0,0.0,0.0,63.543123071836504,81.57937305602557,34.72222222222222,60.307727812208945
MAT_0236,0.6888888888888889,0.3972602739726027,0.9587628865979382,0.1400789223929802,0.375,0.2499999999999999,0.430976430976431,0.8,0.6086956521739131,0.7777777777777777,0.7777777777777777,0.625,0.5466200466200467,0.3766866525023081,0.1859712957347887,0.8648648648648647,1.0,0.0,0.0,0.0,1.0,0.0,0.0,0.0,0.0,1.0,0.0,1.0,0.0,0.0,0.0,0.0,0.0,0.0,1.0,0.0,0.0,0.0,0.0,0.0,0.0,0.0,1.0,0.0,1.0,0.0,0.0,0.0,0.0,0.0,0.0,85.79763232821061,66.26511652891276,73.19444444444443,76.1569212232914
MAT_0237,0.9555555555555556,0.7671232876712328,0.4432989690721649,0.0007659135183735,0.1249999999999999,0.1398809523809523,0.074074074074074,0.5230769230769231,0.7173913043478262,0.5555555555555556,0.3333333333333333,0.375,0.1013986013986014,0.9118769258150996,0.1374570446735395,0.7297297297297296,0.0,0.0,1.0,0.0,0.0,0.0,0.0,1.0,0.0,0.0,0.0,0.0,0.0,0.0,0.0,1.0,0.0,1.0,0.0,1.0,0.0,1.0,0.0,1.0,0.0,0.0,0.0,0.0,0.0,0.0,0.0,0.0,0.0,0.0,0.0,64.38178449921071,79.67233797130704,42.36111111111111,62.362748524409724
MAT_0238,0.977777777777778,0.821917808219178,0.5051546391752577,0.0011710706693973,0.1249999999999999,0.1428571428571428,0.0841750841750841,0.5538461538461539,0.7826086956521741,0.4444444444444445,0.3333333333333333,0.25,0.1138306138306138,0.9835033427144398,0.1287649080250656,0.6756756756756757,0.0,0.0,1.0,0.0,0.0,0.0,0.0,1.0,0.0,0.0,0.0,1.0,0.0,0.0,0.0,0.0,0.0,1.0,0.0,1.0,0.0,1.0,0.0,1.0,0.0,0.0,0.0,0.0,0.0,0.0,0.0,0.0,0.0,0.0,0.0,64.25058216563238,80.5486148512225,34.72222222222222,60.28148398828636
MAT_0239,0.6444444444444444,0.2054794520547945,0.9381443298969072,0.2232193898222303,0.4583333333333333,0.181547619047619,0.4175084175084175,0.8461538461538463,0.5217391304347827,0.8888888888888888,0.8888888888888888,0.5,0.4518259518259518,0.5116855957373438,0.1966848595108146,0.8918918918918919,1.0,0.0,0.0,1.0,0.0,0.0,0.0,0.0,0.0,1.0,0.0,0.0,0.0,0.0,0.0,1.0,0.0,0.0,0.0,0.0,0.0,0.0,1.0,0.0,0.0,0.0,0.0,0.0,0.0,0.0,0.0,1.0,0.0,1.0,0.0,86.04151354342832,70.27104322131612,77.22222222222221,78.66458505043283
MAT_0240,0.6888888888888889,0.3972602739726027,0.9484536082474226,0.1770980757810375,0.3333333333333333,0.2559523809523809,0.3973063973063973,0.9076923076923078,0.6956521739130435,0.6666666666666665,0.6666666666666665,0.625,0.5516705516705518,0.3663970989020768,0.1677784515868202,0.7027027027027029,1.0,0.0,0.0,0.0,1.0,0.0,0.0,0.0,0.0,1.0,0.0,0.0,0.0,0.0,1.0,0.0,0.0,0.0,1.0,0.0,0.0,0.0,0.0,0.0,0.0,0.0,1.0,0.0,1.0,0.0,0.0,0.0,0.0,0.0,0.0,84.44896248847364,66.35219103381625,65.41666666666666,73.31024230553433
MAT_0241,0.7777777777777777,0.3698630136986301,0.9278350515463918,0.1858949810464154,0.375,0.2589285714285714,0.3872053872053872,0.8615384615384616,0.7826086956521741,0.7777777777777777,0.6666666666666665,0.625,0.6033411033411035,0.4242188282145122,0.1835455831817262,0.9189189189189192,1.0,0.0,0.0,0.0,1.0,0.0,0.0,0.0,0.0,1.0,0.0,0.0,1.0,0.0,0.0,0.0,0.0,0.0,1.0,0.0,0.0,0.0,0.0,0.0,0.0,0.0,1.0,0.0,1.0,0.0,0.0,0.0,0.0,0.0,0.0,84.06600771146469,62.88327836842087,69.30555555555554,73.2830532617788
MAT_0242,1.0,0.8356164383561644,0.5154639175257731,0.0014430254693995,0.1249999999999999,0.1398809523809523,0.074074074074074,0.5384615384615385,0.847826086956522,0.4444444444444445,0.3333333333333333,0.25,0.101010101010101,0.918295382493298,0.1485748938750757,0.5945945945945945,0.0,0.0,1.0,0.0,0.0,0.0,0.0,1.0,0.0,0.0,0.0,0.0,0.0,0.0,1.0,0.0,0.0,1.0,0.0,1.0,0.0,1.0,0.0,1.0,0.0,0.0,0.0,0.0,0.0,0.0,0.0,0.0,0.0,0.0,0.0,64.36147114067992,80.80152648375815,34.72222222222222,60.40171306806608
MAT_0243,0.9333333333333332,0.7534246575342465,0.4948453608247423,0.0016705794857279,0.1666666666666666,0.1428571428571428,0.0841750841750841,0.5538461538461539,0.6956521739130435,0.4444444444444445,0.2222222222222222,0.25,0.106060606060606,0.9741259441360668,0.120274914089347,0.5675675675675673,0.0,0.0,1.0,0.0,0.0,0.0,0.0,1.0,0.0,0.0,0.0,0.0,0.0,0.0,0.0,1.0,0.0,1.0,0.0,1.0,0.0,1.0,0.0,1.0,0.0,0.0,0.0,0.0,0.0,0.0,0.0,0.0,0.0,0.0,0.0,64.23559690114246,80.98562949078413,30.833333333333336,59.23992760769222
MAT_0244,0.8888888888888888,0.6849315068493149,0.9690721649484536,0.5025946707959396,0.25,0.9732142857142856,0.9663299663299664,0.9076923076923078,0.4782608695652175,0.7777777777777777,0.8888888888888888,0.75,0.97979797979798,0.0736732037776566,0.9765514453203962,0.8108108108108107,0.0,0.0,0.0,0.0,0.0,0.0,1.0,0.0,0.0,0.0,1.0,1.0,0.0,0.0,0.0,0.0,0.0,0.0,0.0,0.0,0.0,0.0,0.0,0.0,0.0,1.0,0.0,1.0,0.0,0.0,0.0,0.0,0.0,0.0,0.0,15.993588447550389,21.095000949458186,80.83333333333333,36.97593566385761
MAT_0245,0.8666666666666667,0.9041095890410956,0.3402061855670103,0.000777013714292,0.0,0.0476190476190476,0.0033670033670033,0.6615384615384616,0.8043478260869565,0.2222222222222222,0.2222222222222222,0.125,0.0396270396270396,0.6897449303091315,0.0764099454214675,0.4054054054054055,0.0,0.0,0.0,0.0,0.0,1.0,0.0,0.0,1.0,0.0,0.0,0.0,1.0,0.0,0.0,0.0,0.0,0.0,0.0,0.0,1.0,0.0,0.0,0.0,1.0,0.0,0.0,0.0,0.0,1.0,0.0,0.0,1.0,0.0,0.0,68.07192768380934,82.5304733673442,19.305555555555554,57.77957975039366
MAT_0246,0.7777777777777777,0.3698630136986301,0.9381443298969072,0.4269856862973631,0.3333333333333333,0.2499999999999999,0.4175084175084175,0.7846153846153847,0.6086956521739131,0.8888888888888888,0.6666666666666665,0.5,0.5609945609945611,0.3896014327508148,0.1724277339801899,0.783783783783784,1.0,0.0,0.0,0.0,1.0,0.0,0.0,0.0,0.0,1.0,0.0,0.0,0.0,1.0,0.0,0.0,0.0,0.0,1.0,0.0,0.0,0.0,0.0,0.0,0.0,0.0,1.0,0.0,1.0,0.0,0.0,0.0,0.0,0.0,0.0,77.19042941107911,65.5403265288044,69.44444444444443,71.37160305640629
MAT_0247,0.711111111111111,0.3150684931506849,0.865979381443299,0.1987989588016228,0.4583333333333333,0.2232142857142857,0.3804713804713804,0.7692307692307692,0.6304347826086958,0.8888888888888888,0.7777777777777777,0.75,0.4405594405594406,0.4974804498481595,0.2025469981807155,0.7027027027027029,1.0,0.0,0.0,1.0,0.0,0.0,0.0,0.0,0.0,1.0,0.0,0.0,0.0,0.0,0.0,1.0,0.0,0.0,0.0,0.0,0.0,0.0,1.0,0.0,0.0,0.0,0.0,0.0,0.0,0.0,0.0,1.0,0.0,1.0,0.0,85.10745980737988,69.21520565547249,80.83333333333333,79.0575456195937
MAT_0248,0.3999999999999999,0.1232876712328767,0.0927835051546391,0.1752221426708181,0.9583333333333331,0.5178571428571428,0.404040404040404,0.1076923076923077,0.0434782608695654,0.7777777777777777,0.6666666666666665,0.625,0.047008547008547,0.1820861652780404,0.0052557105316353,0.1891891891891892,1.0,1.0,0.0,0.0,0.0,0.0,0.0,0.0,0.0,1.0,0.0,0.0,0.0,1.0,0.0,0.0,0.0,0.0,0.0,0.0,0.0,0.0,0.0,0.0,0.0,0.0,0.0,0.0,0.0,0.0,1.0,0.0,0.0,0.0,1.0,74.02905000558975,79.34757143671636,69.30555555555554,74.20755809991746
MAT_0249,0.8666666666666667,0.3972602739726027,0.9587628865979382,0.2221093702303845,0.3333333333333333,0.2678571428571428,0.4208754208754209,0.8461538461538463,0.7826086956521741,0.7777777777777777,0.6666666666666665,0.5,0.5843045843045844,0.3944180562198961,0.1906205781281584,0.8918918918918919,1.0,0.0,0.0,0.0,1.0,0.0,0.0,0.0,0.0,1.0,0.0,0.0,0.0,0.0,0.0,0.0,1.0,0.0,1.0,0.0,0.0,0.0,0.0,0.0,0.0,0.0,1.0,0.0,1.0,0.0,0.0,0.0,0.0,0.0,0.0,82.62243317880275,64.24141117288478,65.55555555555554,71.98806329005319
MAT_0250,0.9333333333333332,0.7123287671232876,0.979381443298969,0.8755779039500048,0.25,0.943452380952381,0.8484848484848485,0.9384615384615383,0.4130434782608696,0.8888888888888888,1.0,1.0,0.9370629370629372,0.0658976384084007,0.9688700222356984,0.7567567567567568,0.0,0.0,0.0,0.0,0.0,0.0,1.0,0.0,0.0,0.0,1.0,0.0,1.0,0.0,0.0,0.0,0.0,0.0,0.0,0.0,0.0,0.0,0.0,0.0,0.0,1.0,0.0,1.0,0.0,0.0,0.0,0.0,0.0,0.0,0.0,5.994567643404615,23.668381345761567,96.1111111111111,38.33167479442365
MAT_0251,0.9555555555555556,0.7671232876712328,0.4639175257731959,0.0012154714530711,0.1666666666666666,0.1220238095238095,0.0673400673400673,0.5692307692307692,0.7826086956521741,0.3333333333333333,0.3333333333333333,0.375,0.1235431235431235,0.9530796355829448,0.1204770568021022,0.6486486486486485,0.0,0.0,1.0,0.0,0.0,0.0,0.0,1.0,0.0,0.0,0.0,0.0,0.0,0.0,1.0,0.0,0.0,1.0,0.0,1.0,0.0,1.0,0.0,1.0,0.0,0.0,0.0,0.0,0.0,0.0,0.0,0.0,0.0,0.0,0.0,65.08258347545548,79.48688263424467,34.583333333333336,60.25409818045559
MAT_0252,1.0,0.917808219178082,0.268041237113402,0.0005661099918413,0.0,0.056547619047619,0.0067340067340067,0.6461538461538461,0.956521739130435,0.0,0.2222222222222222,0.0,0.0602175602175602,0.6738489604769903,0.1047099252071962,0.5135135135135134,0.0,0.0,0.0,0.0,0.0,1.0,0.0,0.0,1.0,0.0,0.0,1.0,0.0,0.0,0.0,0.0,0.0,0.0,0.0,0.0,1.0,0.0,0.0,0.0,1.0,0.0,0.0,0.0,0.0,1.0,0.0,0.0,1.0,0.0,0.0,67.72111193834,79.20864897517414,7.777777777777777,53.18437280122158
MAT_0253,0.8222222222222224,0.3698630136986301,0.9896907216494844,0.2384655089162324,0.3333333333333333,0.2499999999999999,0.3703703703703703,0.8615384615384616,0.6086956521739131,0.7777777777777777,0.7777777777777777,0.625,0.5722610722610724,0.3805577494243412,0.1683848797250859,0.6216216216216217,1.0,0.0,0.0,0.0,1.0,0.0,0.0,0.0,0.0,1.0,0.0,1.0,0.0,0.0,0.0,0.0,0.0,0.0,1.0,0.0,0.0,0.0,0.0,0.0,0.0,0.0,1.0,0.0,1.0,0.0,0.0,0.0,0.0,0.0,0.0,82.84603473251305,66.12921442818349,73.19444444444443,74.93551155479359
MAT_0254,1.0,0.780821917808219,0.4536082474226804,0.0006993123428628,0.1249999999999999,0.1339285714285714,0.0707070707070706,0.5692307692307692,0.7826086956521741,0.5555555555555556,0.2222222222222222,0.25,0.0994560994560994,0.959119881642324,0.141904184354154,0.7297297297297296,0.0,0.0,1.0,0.0,0.0,0.0,0.0,1.0,0.0,0.0,0.0,0.0,0.0,0.0,0.0,0.0,1.0,1.0,0.0,1.0,0.0,1.0,0.0,1.0,0.0,0.0,0.0,0.0,0.0,0.0,0.0,0.0,0.0,0.0,0.0,64.62187777257127,79.84223444502402,34.72222222222222,60.21808810920238
MAT_0255,0.7333333333333334,0.3561643835616437,0.9690721649484536,0.18593383173213,0.3333333333333333,0.2232142857142857,0.3905723905723905,0.8461538461538463,0.8043478260869565,0.6666666666666665,0.7777777777777777,0.5,0.5512820512820513,0.4062983191875146,0.1645441681827369,0.9189189189189192,1.0,0.0,0.0,0.0,1.0,0.0,0.0,0.0,0.0,1.0,0.0,0.0,0.0,0.0,1.0,0.0,0.0,0.0,1.0,0.0,0.0,0.0,0.0,0.0,0.0,0.0,1.0,0.0,1.0,0.0,0.0,0.0,0.0,0.0,0.0,85.49341361946468,66.8810156893844,65.55555555555554,73.92833682126785
MAT_0256,0.711111111111111,0.2054794520547945,0.9175257731958762,0.0605182681474328,0.4583333333333333,0.1904761904761904,0.430976430976431,0.8,0.5869565217391306,0.7777777777777777,0.6666666666666665,0.625,0.480963480963481,0.5278151662458146,0.2233676975945017,0.7567567567567568,1.0,0.0,0.0,1.0,0.0,0.0,0.0,0.0,0.0,1.0,0.0,0.0,0.0,0.0,0.0,0.0,1.0,0.0,0.0,0.0,0.0,0.0,1.0,0.0,0.0,0.0,0.0,0.0,0.0,0.0,0.0,1.0,0.0,1.0,0.0,90.5654043365294,67.60131048790842,69.30555555555554,77.29822154765094
MAT_0257,0.9333333333333332,0.7534246575342465,0.4948453608247423,0.0016705794857279,0.1666666666666666,0.125,0.074074074074074,0.5538461538461539,0.6956521739130435,0.4444444444444445,0.3333333333333333,0.25,0.106060606060606,0.9741259441360668,0.120274914089347,0.5675675675675673,0.0,0.0,1.0,0.0,0.0,0.0,0.0,1.0,0.0,0.0,0.0,0.0,1.0,0.0,0.0,0.0,0.0,1.0,0.0,1.0,0.0,1.0,0.0,1.0,0.0,0.0,0.0,0.0,0.0,0.0,0.0,0.0,0.0,0.0,0.0,64.94988261542817,80.98562949078413,34.72222222222222,60.69230856007317
MAT_0258,0.7777777777777777,0.3972602739726027,0.9484536082474226,0.1713870249809909,0.3333333333333333,0.2678571428571428,0.4107744107744108,0.8769230769230769,0.673913043478261,0.8888888888888888,0.6666666666666665,0.5,0.5621600621600622,0.4172219317663548,0.1748534465332524,0.8648648648648647,1.0,0.0,0.0,0.0,1.0,0.0,0.0,0.0,0.0,1.0,0.0,0.0,0.0,0.0,0.0,0.0,1.0,0.0,1.0,0.0,0.0,0.0,0.0,0.0,0.0,0.0,1.0,0.0,1.0,0.0,0.0,0.0,0.0,0.0,0.0,84.14410353628456,65.61546566094776,69.44444444444443,74.17561444613148
MAT_0259,0.977777777777778,0.9315068493150684,0.2886597938144329,0.0004051571510237,0.0,0.0625,0.01010101010101,0.6461538461538461,0.8043478260869565,0.1111111111111111,0.2222222222222222,0.0,0.067987567987568,0.6721025173253835,0.0994542146755609,0.4324324324324322,0.0,0.0,0.0,0.0,0.0,1.0,0.0,0.0,1.0,0.0,0.0,1.0,0.0,0.0,0.0,0.0,0.0,0.0,0.0,0.0,1.0,0.0,0.0,0.0,1.0,0.0,0.0,0.0,0.0,1.0,0.0,0.0,1.0,0.0,0.0,67.48784528546929,79.39019103664343,11.666666666666664,54.31219542518075
MAT_0260,0.8666666666666667,0.7945205479452053,0.4639175257731959,0.0006826620489851,0.1249999999999999,0.181547619047619,0.0841750841750841,0.5384615384615385,0.7826086956521741,0.4444444444444445,0.4444444444444445,0.25,0.1169386169386169,0.9145021524633746,0.1449363250454821,0.6216216216216217,0.0,0.0,1.0,0.0,0.0,0.0,0.0,1.0,0.0,0.0,0.0,0.0,0.0,1.0,0.0,0.0,0.0,1.0,0.0,1.0,0.0,1.0,0.0,1.0,0.0,0.0,0.0,0.0,0.0,0.0,0.0,0.0,0.0,0.0,0.0,62.71761537662568,79.08332991716861,38.611111111111114,60.39537845913419
MAT_0261,0.4666666666666665,0.1232876712328767,0.0515463917525773,0.3552784206641247,0.9583333333333331,0.5446428571428572,0.3905723905723905,0.123076923076923,0.1304347826086958,0.8888888888888888,0.6666666666666665,0.625,0.0376845376845376,0.1380023805021302,0.0343642611683848,0.2432432432432432,1.0,1.0,0.0,0.0,0.0,0.0,0.0,0.0,0.0,1.0,0.0,0.0,0.0,0.0,1.0,0.0,0.0,0.0,0.0,0.0,0.0,0.0,0.0,0.0,0.0,0.0,0.0,0.0,0.0,0.0,1.0,0.0,0.0,0.0,1.0,67.55593309436196,78.11577311577311,73.19444444444443,72.41543850581004
MAT_0262,0.8888888888888888,0.3972602739726027,0.9587628865979382,0.1399346198460403,0.375,0.2470238095238094,0.3838383838383838,0.8615384615384616,0.6086956521739131,0.7777777777777777,0.6666666666666665,0.625,0.5516705516705518,0.3896014327508148,0.1718213058419243,0.6216216216216217,1.0,0.0,0.0,0.0,1.0,0.0,0.0,0.0,0.0,1.0,0.0,0.0,0.0,0.0,0.0,0.0,1.0,0.0,1.0,0.0,0.0,0.0,0.0,0.0,0.0,0.0,1.0,0.0,1.0,0.0,0.0,0.0,0.0,0.0,0.0,85.92100902366641,66.43709097317344,69.30555555555554,75.09119756808526
MAT_0263,1.0,0.821917808219178,0.5051546391752577,0.0011710706693973,0.1249999999999999,0.1428571428571428,0.0841750841750841,0.6000000000000001,0.847826086956522,0.5555555555555556,0.2222222222222222,0.375,0.1138306138306138,0.9835033427144398,0.1287649080250656,0.6756756756756757,0.0,0.0,1.0,0.0,0.0,0.0,0.0,1.0,0.0,0.0,0.0,0.0,0.0,1.0,0.0,0.0,0.0,1.0,0.0,1.0,0.0,1.0,0.0,1.0,0.0,0.0,0.0,0.0,0.0,0.0,0.0,0.0,0.0,0.0,0.0,64.25058216563238,80.5486148512225,38.47222222222222,61.40648398828636
MAT_0264,0.6444444444444444,0.273972602739726,0.8865979381443299,0.3847272404357936,0.4583333333333333,0.2232142857142857,0.3973063973063973,0.7384615384615385,0.6304347826086958,0.6666666666666665,0.8888888888888888,0.75,0.4300699300699301,0.5333214679021546,0.2302405498281786,0.7297297297297296,1.0,0.0,0.0,1.0,0.0,0.0,0.0,0.0,0.0,1.0,0.0,0.0,1.0,0.0,0.0,0.0,0.0,0.0,0.0,0.0,0.0,0.0,1.0,0.0,0.0,0.0,0.0,0.0,0.0,0.0,0.0,1.0,0.0,1.0,0.0,79.52961135835477,69.32124576454474,76.94444444444443,75.69155160603866
MAT_0265,1.0,0.9726027397260272,0.2783505154639175,0.0006105107755151,0.0416666666666666,0.056547619047619,0.0067340067340067,0.6307692307692307,0.847826086956522,0.2222222222222222,0.2222222222222222,0.125,0.054001554001554,0.6590097556091972,0.0768142308469779,0.5945945945945945,0.0,0.0,0.0,0.0,0.0,1.0,0.0,0.0,1.0,0.0,0.0,0.0,0.0,1.0,0.0,0.0,0.0,0.0,0.0,0.0,1.0,0.0,0.0,0.0,1.0,0.0,0.0,0.0,0.0,1.0,0.0,0.0,1.0,0.0,0.0,67.71977991482979,80.5625056837913,19.305555555555554,57.04833033773597
MAT_0266,0.8666666666666667,0.7945205479452053,0.4639175257731959,0.0006826620489851,0.1249999999999999,0.181547619047619,0.0774410774410774,0.5538461538461539,0.7826086956521741,0.5555555555555556,0.2222222222222222,0.25,0.1169386169386169,0.9145021524633746,0.1449363250454821,0.6216216216216217,0.0,0.0,1.0,0.0,0.0,0.0,0.0,1.0,0.0,0.0,0.0,0.0,0.0,0.0,0.0,1.0,0.0,1.0,0.0,1.0,0.0,1.0,0.0,1.0,0.0,0.0,0.0,0.0,0.0,0.0,0.0,0.0,0.0,0.0,0.0,62.71761537662568,79.08332991716861,34.72222222222222,59.22871179246752
MAT_0267,0.5999999999999999,0.273972602739726,0.8556701030927835,0.2892655555370552,0.4583333333333333,0.181547619047619,0.3838383838383838,0.8,0.5217391304347827,0.8888888888888888,0.7777777777777777,0.75,0.4860139860139861,0.503832163475978,0.2270062664240953,0.7297297297297296,1.0,0.0,0.0,1.0,0.0,0.0,0.0,0.0,0.0,1.0,0.0,0.0,0.0,1.0,0.0,0.0,0.0,0.0,0.0,0.0,0.0,0.0,1.0,0.0,0.0,0.0,0.0,0.0,0.0,0.0,0.0,1.0,0.0,1.0,0.0,84.0601285719836,66.00251476843351,80.83333333333333,77.6748058593235
MAT_0268,0.7777777777777777,0.3698630136986301,0.9278350515463918,0.1858949810464154,0.3333333333333333,0.2678571428571428,0.4175084175084175,0.8461538461538463,0.7826086956521741,0.7777777777777777,0.6666666666666665,0.625,0.6033411033411035,0.4242188282145122,0.1835455831817262,0.9189189189189192,1.0,0.0,0.0,0.0,1.0,0.0,0.0,0.0,0.0,1.0,0.0,1.0,0.0,0.0,0.0,0.0,0.0,0.0,1.0,0.0,0.0,0.0,0.0,0.0,0.0,0.0,1.0,0.0,1.0,0.0,0.0,0.0,0.0,0.0,0.0,83.70886485432183,62.88327836842087,69.30555555555554,73.14019611892165
MAT_0269,0.9333333333333332,0.6986301369863013,0.9896907216494844,0.5748069953434679,0.25,0.9672619047619048,0.905723905723906,0.9384615384615383,0.4782608695652175,0.8888888888888888,0.8888888888888888,0.875,0.9483294483294484,0.0784675795632779,0.994137861330099,0.7297297297297296,0.0,0.0,0.0,0.0,0.0,0.0,1.0,0.0,0.0,0.0,1.0,1.0,0.0,0.0,0.0,0.0,0.0,0.0,0.0,0.0,0.0,0.0,0.0,0.0,0.0,1.0,0.0,1.0,0.0,0.0,0.0,0.0,0.0,0.0,0.0,14.065313949219775,22.553206176614296,88.47222222222221,38.93375409933886
MAT_0270,0.977777777777778,0.780821917808219,0.4845360824742267,0.000921316261232,0.1249999999999999,0.1607142857142857,0.0774410774410774,0.5692307692307692,0.6304347826086958,0.5555555555555556,0.3333333333333333,0.375,0.1421911421911422,0.912121650333159,0.1208813422276127,0.6486486486486485,0.0,0.0,1.0,0.0,0.0,0.0,0.0,1.0,0.0,0.0,0.0,0.0,0.0,0.0,1.0,0.0,0.0,1.0,0.0,1.0,0.0,1.0,0.0,1.0,0.0,0.0,0.0,0.0,0.0,0.0,0.0,0.0,0.0,0.0,0.0,63.54378908359162,78.95472427309905,42.36111111111111,61.8122662486997
MAT_0271,0.8888888888888888,0.2876712328767123,0.9381443298969072,0.2586845157817035,0.4166666666666667,0.1994047619047619,0.4107744107744108,0.7692307692307692,0.4565217391304348,0.8888888888888888,0.8888888888888888,0.625,0.445998445998446,0.4449647930409246,0.2110369921164341,0.6756756756756757,1.0,0.0,0.0,1.0,0.0,0.0,0.0,0.0,0.0,1.0,0.0,1.0,0.0,0.0,0.0,0.0,0.0,0.0,0.0,0.0,0.0,0.0,1.0,0.0,0.0,0.0,0.0,0.0,0.0,0.0,0.0,1.0,0.0,1.0,0.0,84.26327405035843,70.13185453452282,80.97222222222221,79.0365326471669
MAT_0272,0.8222222222222224,0.3698630136986301,0.9896907216494844,0.2384655089162324,0.3333333333333333,0.2499999999999999,0.4175084175084175,0.8307692307692309,0.6086956521739131,0.6666666666666665,0.6666666666666665,0.5,0.5722610722610724,0.3805577494243412,0.1683848797250859,0.6216216216216217,1.0,0.0,0.0,0.0,1.0,0.0,0.0,0.0,0.0,1.0,0.0,0.0,0.0,0.0,0.0,0.0,1.0,0.0,1.0,0.0,0.0,0.0,0.0,0.0,0.0,0.0,1.0,0.0,1.0,0.0,0.0,0.0,0.0,0.0,0.0,82.84603473251305,66.12921442818349,61.66666666666665,71.47717822146026
MAT_0273,0.9555555555555556,0.7671232876712328,0.4432989690721649,0.0007659135183735,0.0833333333333333,0.1220238095238095,0.0808080808080808,0.5692307692307692,0.7173913043478262,0.4444444444444445,0.2222222222222222,0.25,0.1013986013986014,0.9118769258150996,0.1374570446735395,0.7297297297297296,0.0,0.0,1.0,0.0,0.0,0.0,0.0,1.0,0.0,0.0,0.0,1.0,0.0,0.0,0.0,0.0,0.0,1.0,0.0,1.0,0.0,1.0,0.0,1.0,0.0,0.0,0.0,0.0,0.0,0.0,0.0,0.0,0.0,0.0,0.0,65.09607021349642,79.67233797130704,30.833333333333336,59.19012947679068
MAT_0274,1.0,0.7671232876712328,0.5154639175257731,0.0006771119510259,0.1249999999999999,0.1607142857142857,0.074074074074074,0.5538461538461539,0.6521739130434783,0.4444444444444445,0.3333333333333333,0.25,0.1017871017871018,0.96688432316985,0.1253284819082271,0.6216216216216217,0.0,0.0,1.0,0.0,0.0,0.0,0.0,1.0,0.0,0.0,0.0,0.0,0.0,0.0,0.0,1.0,0.0,1.0,0.0,1.0,0.0,1.0,0.0,1.0,0.0,0.0,0.0,0.0,0.0,0.0,0.0,0.0,0.0,0.0,0.0,63.5511152128978,81.46006880391356,34.72222222222222,60.275133392999855
MAT_0275,0.711111111111111,0.3150684931506849,0.865979381443299,0.1987989588016228,0.4583333333333333,0.2232142857142857,0.404040404040404,0.8461538461538463,0.6304347826086958,0.7777777777777777,0.7777777777777777,0.625,0.4405594405594406,0.4974804498481595,0.2025469981807155,0.7027027027027029,1.0,0.0,0.0,1.0,0.0,0.0,0.0,0.0,0.0,1.0,0.0,0.0,0.0,0.0,0.0,0.0,1.0,0.0,0.0,0.0,0.0,0.0,1.0,0.0,0.0,0.0,0.0,0.0,0.0,0.0,0.0,1.0,0.0,1.0,0.0,85.10745980737988,69.21520565547249,73.19444444444443,76.76587895292703
MAT_0276,0.7333333333333334,0.3972602739726027,0.9587628865979382,0.2221093702303845,0.3333333333333333,0.2589285714285714,0.4175084175084175,0.8461538461538463,0.7826086956521741,0.6666666666666665,0.7777777777777777,0.625,0.5843045843045844,0.3944180562198961,0.1906205781281584,0.8918918918918919,1.0,0.0,0.0,0.0,1.0,0.0,0.0,0.0,0.0,1.0,0.0,1.0,0.0,0.0,0.0,0.0,0.0,0.0,1.0,0.0,0.0,0.0,0.0,0.0,0.0,0.0,1.0,0.0,1.0,0.0,0.0,0.0,0.0,0.0,0.0,82.97957603594561,64.24141117288478,69.30555555555554,73.25592043291034
MAT_0277,1.0,0.821917808219178,0.4845360824742267,0.0009879174367427,0.1249999999999999,0.125,0.0774410774410774,0.6153846153846154,0.8043478260869565,0.4444444444444445,0.3333333333333333,0.25,0.1107226107226107,0.946961522631456,0.1212856276531231,0.6216216216216217,0.0,0.0,1.0,0.0,0.0,0.0,0.0,1.0,0.0,0.0,0.0,0.0,0.0,0.0,1.0,0.0,0.0,1.0,0.0,1.0,0.0,1.0,0.0,1.0,0.0,0.0,0.0,0.0,0.0,0.0,0.0,0.0,0.0,0.0,0.0,64.97036247689772,80.51602228376031,34.72222222222222,60.55961834255384
MAT_0278,0.711111111111111,0.2602739726027397,0.9175257731958762,0.3350982644843681,0.4166666666666667,0.2232142857142857,0.4276094276094276,0.7846153846153847,0.5,0.7777777777777777,0.6666666666666665,0.625,0.4584304584304585,0.4719623569195857,0.1904184354154032,0.6756756756756757,1.0,0.0,0.0,1.0,0.0,0.0,0.0,0.0,0.0,1.0,0.0,0.0,1.0,0.0,0.0,0.0,0.0,0.0,0.0,0.0,0.0,0.0,1.0,0.0,0.0,0.0,0.0,0.0,0.0,0.0,0.0,1.0,0.0,1.0,0.0,81.01848063689754,69.7164394799325,69.30555555555554,74.11399076540543
MAT_0279,0.8666666666666667,0.3972602739726027,0.9587628865979382,0.1399346198460403,0.375,0.2589285714285714,0.3804713804713804,0.8307692307692309,0.6086956521739131,0.8888888888888888,0.6666666666666665,0.5,0.5516705516705518,0.3896014327508148,0.1718213058419243,0.6216216216216217,1.0,0.0,0.0,0.0,1.0,0.0,0.0,0.0,0.0,1.0,0.0,0.0,0.0,0.0,0.0,1.0,0.0,0.0,1.0,0.0,0.0,0.0,0.0,0.0,0.0,0.0,1.0,0.0,1.0,0.0,0.0,0.0,0.0,0.0,0.0,85.44481854747595,66.43709097317344,69.44444444444443,74.94238804427573
MAT_0280,0.911111111111111,0.7123287671232876,0.979381443298969,0.8755779039500048,0.2083333333333333,1.0,0.9225589225589226,0.9076923076923078,0.3913043478260869,0.7777777777777777,1.0,0.875,0.9370629370629372,0.0658976384084007,0.9688700222356984,0.7567567567567568,0.0,0.0,0.0,0.0,0.0,0.0,1.0,0.0,0.0,0.0,1.0,0.0,0.0,0.0,0.0,1.0,0.0,0.0,0.0,0.0,0.0,0.0,0.0,0.0,0.0,1.0,0.0,1.0,0.0,0.0,0.0,0.0,0.0,0.0,0.0,3.732662881499856,23.668381345761567,88.47222222222221,35.13524622299508
MAT_0281,0.911111111111111,0.780821917808219,0.4845360824742267,0.000921316261232,0.1666666666666666,0.1607142857142857,0.074074074074074,0.5384615384615385,0.6304347826086958,0.3333333333333333,0.3333333333333333,0.375,0.1421911421911422,0.912121650333159,0.1208813422276127,0.6486486486486485,0.0,0.0,1.0,0.0,0.0,0.0,0.0,1.0,0.0,0.0,0.0,1.0,0.0,0.0,0.0,0.0,0.0,1.0,0.0,1.0,0.0,1.0,0.0,1.0,0.0,0.0,0.0,0.0,0.0,0.0,0.0,0.0,0.0,0.0,0.0,63.54378908359162,78.95472427309905,34.583333333333336,59.478932915366364
MAT_0282,0.7777777777777777,0.3972602739726027,0.9484536082474226,0.1713870249809909,0.3333333333333333,0.2648809523809524,0.4276094276094276,0.8769230769230769,0.673913043478261,0.6666666666666665,0.6666666666666665,0.5,0.5621600621600622,0.4172219317663548,0.1748534465332524,0.8648648648648647,1.0,0.0,0.0,0.0,1.0,0.0,0.0,0.0,0.0,1.0,0.0,0.0,0.0,1.0,0.0,0.0,0.0,0.0,1.0,0.0,0.0,0.0,0.0,0.0,0.0,0.0,1.0,0.0,1.0,0.0,0.0,0.0,0.0,0.0,0.0,84.26315115533218,65.61546566094776,61.66666666666665,71.8899001604172
MAT_0283,0.977777777777778,0.8356164383561644,0.5154639175257731,0.0014430254693995,0.1249999999999999,0.125,0.0774410774410774,0.5538461538461539,0.847826086956522,0.5555555555555556,0.3333333333333333,0.25,0.101010101010101,0.918295382493298,0.1485748938750757,0.5945945945945945,0.0,0.0,1.0,0.0,0.0,0.0,0.0,1.0,0.0,0.0,0.0,0.0,1.0,0.0,0.0,0.0,0.0,1.0,0.0,1.0,0.0,1.0,0.0,1.0,0.0,0.0,0.0,0.0,0.0,0.0,0.0,0.0,0.0,0.0,0.0,64.95670923591803,80.80152648375815,38.611111111111114,61.80647497282799
MAT_0284,0.6666666666666667,0.2328767123287671,0.865979381443299,0.290691930712577,0.4166666666666667,0.181547619047619,0.4175084175084175,0.8307692307692309,0.5869565217391306,0.7777777777777777,0.8888888888888888,0.75,0.4755244755244756,0.4700156846168393,0.2177077016373559,0.9189189189189192,1.0,0.0,0.0,1.0,0.0,0.0,0.0,0.0,0.0,1.0,0.0,1.0,0.0,0.0,0.0,0.0,0.0,0.0,0.0,0.0,0.0,0.0,1.0,0.0,0.0,0.0,0.0,0.0,0.0,0.0,0.0,1.0,0.0,1.0,0.0,84.01733731671793,67.01213280352152,80.83333333333333,77.96057476774362
MAT_0285,0.9555555555555556,0.7945205479452053,0.4639175257731959,0.0006826620489851,0.1249999999999999,0.1607142857142857,0.0841750841750841,0.5384615384615385,0.7826086956521741,0.4444444444444445,0.2222222222222222,0.125,0.1169386169386169,0.9145021524633746,0.1449363250454821,0.6216216216216217,0.0,0.0,1.0,0.0,0.0,0.0,0.0,1.0,0.0,0.0,0.0,0.0,0.0,0.0,0.0,1.0,0.0,1.0,0.0,1.0,0.0,1.0,0.0,1.0,0.0,0.0,0.0,0.0,0.0,0.0,0.0,0.0,0.0,0.0,0.0,63.55094870995902,79.08332991716861,27.083333333333332,57.27037845913419
MAT_0286,0.8222222222222224,0.3698630136986301,0.9278350515463918,0.1624680175605099,0.3333333333333333,0.2410714285714286,0.4175084175084175,0.8461538461538463,0.6304347826086958,0.7777777777777777,0.6666666666666665,0.625,0.5788655788655789,0.4054195356908462,0.1659591671720234,0.8108108108108107,1.0,0.0,0.0,0.0,1.0,0.0,0.0,0.0,0.0,1.0,0.0,0.0,0.0,0.0,0.0,0.0,1.0,0.0,1.0,0.0,0.0,0.0,0.0,0.0,0.0,0.0,1.0,0.0,1.0,0.0,0.0,0.0,0.0,0.0,0.0,85.48310233032757,64.63464707248818,69.30555555555554,74.37530172054414
MAT_0287,0.9555555555555556,0.7671232876712328,0.4639175257731959,0.0012154714530711,0.1249999999999999,0.1220238095238095,0.0639730639730639,0.5846153846153846,0.7826086956521741,0.4444444444444445,0.4444444444444445,0.25,0.1235431235431235,0.9530796355829448,0.1204770568021022,0.6486486486486485,0.0,0.0,1.0,0.0,0.0,0.0,0.0,1.0,0.0,0.0,0.0,0.0,0.0,0.0,1.0,0.0,0.0,1.0,0.0,1.0,0.0,1.0,0.0,1.0,0.0,0.0,0.0,0.0,0.0,0.0,0.0,0.0,0.0,0.0,0.0,65.08258347545548,79.48688263424467,38.611111111111114,61.46243151378893
MAT_0288,0.7333333333333334,0.273972602739726,0.8865979381443299,0.3847272404357936,0.4583333333333333,0.2083333333333333,0.4343434343434343,0.7846153846153847,0.6304347826086958,0.8888888888888888,0.7777777777777777,0.75,0.4300699300699301,0.5333214679021546,0.2302405498281786,0.7297297297297296,1.0,0.0,0.0,1.0,0.0,0.0,0.0,0.0,0.0,1.0,0.0,0.0,0.0,0.0,0.0,0.0,1.0,0.0,0.0,0.0,0.0,0.0,1.0,0.0,0.0,0.0,0.0,0.0,0.0,0.0,0.0,1.0,0.0,1.0,0.0,80.12484945359286,69.32124576454474,80.83333333333333,77.09631351080057
MAT_0289,1.0,0.780821917808219,0.4536082474226804,0.0006993123428628,0.1249999999999999,0.181547619047619,0.0808080808080808,0.5692307692307692,0.7826086956521741,0.3333333333333333,0.2222222222222222,0.125,0.0994560994560994,0.959119881642324,0.141904184354154,0.7297297297297296,0.0,0.0,1.0,0.0,0.0,0.0,0.0,1.0,0.0,0.0,0.0,1.0,0.0,0.0,0.0,0.0,0.0,1.0,0.0,1.0,0.0,1.0,0.0,1.0,0.0,0.0,0.0,0.0,0.0,0.0,0.0,0.0,0.0,0.0,0.0,62.71711586780935,79.84223444502402,23.194444444444443,55.997850013964275
MAT_0290,0.711111111111111,0.3561643835616437,0.9278350515463918,0.18593383173213,0.375,0.2499999999999999,0.4107744107744108,0.8923076923076922,0.8043478260869565,0.6666666666666665,0.7777777777777777,0.5,0.5512820512820513,0.4062983191875146,0.1645441681827369,0.9189189189189192,1.0,0.0,0.0,0.0,1.0,0.0,0.0,0.0,0.0,1.0,0.0,0.0,0.0,0.0,0.0,1.0,0.0,0.0,1.0,0.0,0.0,0.0,0.0,0.0,0.0,0.0,1.0,0.0,1.0,0.0,0.0,0.0,0.0,0.0,0.0,84.4219850480361,66.05627342134316,65.55555555555554,73.25234271228405
MAT_0291,0.5999999999999999,0.273972602739726,0.8556701030927835,0.2892655555370552,0.4166666666666667,0.2261904761904762,0.404040404040404,0.8,0.5217391304347827,0.6666666666666665,0.8888888888888888,0.75,0.4860139860139861,0.503832163475978,0.2270062664240953,0.7297297297297296,1.0,0.0,0.0,1.0,0.0,0.0,0.0,0.0,0.0,1.0,0.0,0.0,1.0,0.0,0.0,0.0,0.0,0.0,0.0,0.0,0.0,0.0,1.0,0.0,0.0,0.0,0.0,0.0,0.0,0.0,0.0,1.0,0.0,1.0,0.0,82.27441428626929,66.00251476843351,76.94444444444443,75.7938534783711
MAT_0292,1.0,0.821917808219178,0.4845360824742267,0.0009435166530689,0.1666666666666666,0.125,0.0841750841750841,0.5538461538461539,0.7608695652173914,0.4444444444444445,0.2222222222222222,0.125,0.0928515928515928,0.9489081949342024,0.1156256316959773,0.5945945945945945,0.0,0.0,1.0,0.0,0.0,0.0,0.0,1.0,0.0,0.0,0.0,0.0,0.0,0.0,0.0,1.0,0.0,1.0,0.0,1.0,0.0,1.0,0.0,1.0,0.0,0.0,0.0,0.0,0.0,0.0,0.0,0.0,0.0,0.0,0.0,64.97169450040793,81.57937305602557,27.083333333333332,58.58748971697085
MAT_0293,0.7333333333333334,0.3835616438356165,0.9381443298969072,0.4269856862973631,0.3333333333333333,0.2619047619047618,0.3771043771043771,0.7846153846153847,0.6086956521739131,0.7777777777777777,0.6666666666666665,0.5,0.5609945609945611,0.3896014327508148,0.1724277339801899,0.783783783783784,1.0,0.0,0.0,0.0,1.0,0.0,0.0,0.0,0.0,1.0,0.0,0.0,0.0,0.0,0.0,0.0,1.0,0.0,1.0,0.0,0.0,0.0,0.0,0.0,0.0,0.0,1.0,0.0,1.0,0.0,0.0,0.0,0.0,0.0,0.0,76.71423893488863,65.5403265288044,65.55555555555554,70.01446019926343
MAT_0294,0.9333333333333332,0.7534246575342465,0.4948453608247423,0.0016705794857279,0.1249999999999999,0.1428571428571428,0.074074074074074,0.5538461538461539,0.6956521739130435,0.5555555555555556,0.3333333333333333,0.375,0.106060606060606,0.9741259441360668,0.120274914089347,0.5675675675675673,0.0,0.0,1.0,0.0,0.0,0.0,0.0,1.0,0.0,0.0,0.0,0.0,0.0,1.0,0.0,0.0,0.0,1.0,0.0,1.0,0.0,1.0,0.0,1.0,0.0,0.0,0.0,0.0,0.0,0.0,0.0,0.0,0.0,0.0,0.0,64.23559690114246,80.98562949078413,42.36111111111111,62.69826094102555
MAT_0295,0.711111111111111,0.3150684931506849,0.865979381443299,0.1987989588016228,0.4583333333333333,0.2291666666666666,0.404040404040404,0.8461538461538463,0.6304347826086958,0.8888888888888888,0.7777777777777777,0.75,0.4405594405594406,0.4974804498481595,0.2025469981807155,0.7027027027027029,1.0,0.0,0.0,1.0,0.0,0.0,0.0,0.0,0.0,1.0,0.0,0.0,0.0,0.0,0.0,0.0,1.0,0.0,0.0,0.0,0.0,0.0,1.0,0.0,0.0,0.0,0.0,0.0,0.0,0.0,0.0,1.0,0.0,1.0,0.0,84.86936456928464,69.21520565547249,80.83333333333333,78.96230752435561
MAT_0296,0.6666666666666667,0.3698630136986301,0.9278350515463918,0.1624680175605099,0.375,0.2410714285714286,0.4107744107744108,0.8769230769230769,0.6304347826086958,0.6666666666666665,0.6666666666666665,0.625,0.5788655788655789,0.4054195356908462,0.1659591671720234,0.8108108108108107,1.0,0.0,0.0,0.0,1.0,0.0,0.0,0.0,0.0,1.0,0.0,0.0,0.0,0.0,1.0,0.0,0.0,0.0,1.0,0.0,0.0,0.0,0.0,0.0,0.0,0.0,1.0,0.0,1.0,0.0,0.0,0.0,0.0,0.0,0.0,85.48310233032757,64.63464707248818,65.41666666666666,73.20863505387747
MAT_0297,0.977777777777778,0.8356164383561644,0.5154639175257731,0.0014430254693995,0.1249999999999999,0.125,0.0841750841750841,0.5538461538461539,0.847826086956522,0.3333333333333333,0.3333333333333333,0.25,0.101010101010101,0.918295382493298,0.1485748938750757,0.5945945945945945,0.0,0.0,1.0,0.0,0.0,0.0,0.0,1.0,0.0,0.0,0.0,0.0,1.0,0.0,0.0,0.0,0.0,1.0,0.0,1.0,0.0,1.0,0.0,1.0,0.0,0.0,0.0,0.0,0.0,0.0,0.0,0.0,0.0,0.0,0.0,64.95670923591803,80.80152648375815,30.83333333333333,59.473141639494656
MAT_0298,0.8888888888888888,0.2876712328767123,0.9381443298969072,0.2586845157817035,0.4166666666666667,0.181547619047619,0.4107744107744108,0.7692307692307692,0.4565217391304348,0.7777777777777777,0.7777777777777777,0.75,0.445998445998446,0.4449647930409246,0.2110369921164341,0.6756756756756757,1.0,0.0,0.0,1.0,0.0,0.0,0.0,0.0,0.0,1.0,0.0,0.0,0.0,0.0,0.0,1.0,0.0,0.0,0.0,0.0,0.0,0.0,1.0,0.0,0.0,0.0,0.0,0.0,0.0,0.0,0.0,1.0,0.0,1.0,0.0,84.97755976464414,70.13185453452282,76.94444444444443,78.11391359954783
MAT_0299,0.6666666666666667,0.3972602739726027,0.9587628865979382,0.2221093702303845,0.3333333333333333,0.2678571428571428,0.3905723905723905,0.8461538461538463,0.7826086956521741,0.8888888888888888,0.6666666666666665,0.5,0.5843045843045844,0.3944180562198961,0.1906205781281584,0.8918918918918919,1.0,0.0,0.0,0.0,1.0,0.0,0.0,0.0,0.0,1.0,0.0,0.0,1.0,0.0,0.0,0.0,0.0,0.0,1.0,0.0,0.0,0.0,0.0,0.0,0.0,0.0,1.0,0.0,1.0,0.0,0.0,0.0,0.0,0.0,0.0,82.62243317880275,64.24141117288478,69.44444444444443,73.15472995671986
MAT_0300,0.977777777777778,0.780821917808219,0.4845360824742267,0.000921316261232,0.1249999999999999,0.1369047619047619,0.0707070707070706,0.5692307692307692,0.6304347826086958,0.5555555555555556,0.2222222222222222,0.25,0.1421911421911422,0.912121650333159,0.1208813422276127,0.6486486486486485,0.0,0.0,1.0,0.0,0.0,0.0,0.0,1.0,0.0,0.0,0.0,0.0,0.0,0.0,0.0,1.0,0.0,1.0,0.0,1.0,0.0,1.0,0.0,1.0,0.0,0.0,0.0,0.0,0.0,0.0,0.0,0.0,0.0,0.0,0.0,64.49617003597257,78.95472427309905,34.72222222222222,59.90155196298541
MAT_0301,0.6666666666666667,0.2328767123287671,0.865979381443299,0.290691930712577,0.4166666666666667,0.2083333333333333,0.3872053872053872,0.7846153846153847,0.5869565217391306,0.8888888888888888,0.7777777777777777,0.625,0.4755244755244756,0.4700156846168393,0.2177077016373559,0.9189189189189192,1.0,0.0,0.0,1.0,0.0,0.0,0.0,0.0,0.0,1.0,0.0,0.0,0.0,1.0,0.0,0.0,0.0,0.0,0.0,0.0,0.0,0.0,1.0,0.0,0.0,0.0,0.0,0.0,0.0,0.0,0.0,1.0,0.0,1.0,0.0,82.94590874528936,67.01213280352152,77.08333333333333,76.40700333917219
MAT_0302,0.8888888888888888,0.3698630136986301,0.9896907216494844,0.2384655089162324,0.375,0.2708333333333333,0.4175084175084175,0.8615384615384616,0.6086956521739131,0.6666666666666665,0.7777777777777777,0.5,0.5722610722610724,0.3805577494243412,0.1683848797250859,0.6216216216216217,1.0,0.0,0.0,0.0,1.0,0.0,0.0,0.0,0.0,1.0,0.0,0.0,0.0,0.0,0.0,0.0,1.0,0.0,1.0,0.0,0.0,0.0,0.0,0.0,0.0,0.0,1.0,0.0,1.0,0.0,0.0,0.0,0.0,0.0,0.0,82.01270139917969,66.12921442818349,65.55555555555554,72.31051155479358
MAT_0303,1.0,0.7671232876712328,0.4432989690721649,0.0007659135183735,0.1249999999999999,0.1607142857142857,0.0808080808080808,0.6307692307692307,0.7173913043478262,0.3333333333333333,0.3333333333333333,0.375,0.1013986013986014,0.9118769258150996,0.1374570446735395,0.7297297297297296,0.0,0.0,1.0,0.0,0.0,0.0,0.0,1.0,0.0,0.0,0.0,0.0,0.0,1.0,0.0,0.0,0.0,1.0,0.0,1.0,0.0,1.0,0.0,1.0,0.0,0.0,0.0,0.0,0.0,0.0,0.0,0.0,0.0,0.0,0.0,63.548451165877374,79.67233797130704,34.583333333333336,59.69608185774307
MAT_0304,0.5999999999999999,0.2602739726027397,0.9175257731958762,0.3350982644843681,0.4166666666666667,0.2053571428571428,0.4208754208754209,0.7692307692307692,0.5,0.8888888888888888,0.7777777777777777,0.75,0.4584304584304585,0.4719623569195857,0.1904184354154032,0.6756756756756757,1.0,0.0,0.0,1.0,0.0,0.0,0.0,0.0,0.0,1.0,0.0,1.0,0.0,0.0,0.0,0.0,0.0,0.0,0.0,0.0,0.0,0.0,1.0,0.0,0.0,0.0,0.0,0.0,0.0,0.0,0.0,1.0,0.0,1.0,0.0,81.73276635118324,69.7164394799325,80.83333333333333,77.85803838445305
MAT_0305,0.7777777777777777,0.3972602739726027,0.9484536082474226,0.1713870249809909,0.375,0.2499999999999999,0.4107744107744108,0.8923076923076922,0.673913043478261,0.7777777777777777,0.6666666666666665,0.625,0.5621600621600622,0.4172219317663548,0.1748534465332524,0.8648648648648647,1.0,0.0,0.0,0.0,1.0,0.0,0.0,0.0,0.0,1.0,0.0,0.0,0.0,0.0,1.0,0.0,0.0,0.0,1.0,0.0,0.0,0.0,0.0,0.0,0.0,0.0,1.0,0.0,1.0,0.0,0.0,0.0,0.0,0.0,0.0,84.85838925057027,65.61546566094776,69.30555555555554,74.4196620651791
MAT_0306,1.0,0.780821917808219,0.4536082474226804,0.0006993123428628,0.1249999999999999,0.1220238095238095,0.0774410774410774,0.5692307692307692,0.7826086956521741,0.4444444444444445,0.2222222222222222,0.125,0.0994560994560994,0.959119881642324,0.141904184354154,0.7297297297297296,0.0,0.0,1.0,0.0,0.0,0.0,0.0,1.0,0.0,0.0,0.0,0.0,0.0,0.0,0.0,0.0,1.0,1.0,0.0,1.0,0.0,1.0,0.0,1.0,0.0,0.0,0.0,0.0,0.0,0.0,0.0,0.0,0.0,0.0,0.0,65.09806824876175,79.84223444502402,27.083333333333332,58.1168976330119
MAT_0307,0.7333333333333334,0.2054794520547945,0.9381443298969072,0.2232193898222303,0.4166666666666667,0.1934523809523809,0.3939393939393939,0.8153846153846154,0.5217391304347827,0.8888888888888888,0.8888888888888888,0.5,0.4518259518259518,0.5116855957373438,0.1966848595108146,0.8918918918918919,1.0,0.0,0.0,1.0,0.0,0.0,0.0,0.0,0.0,1.0,0.0,0.0,1.0,0.0,0.0,0.0,0.0,0.0,0.0,0.0,0.0,0.0,1.0,0.0,0.0,0.0,0.0,0.0,0.0,0.0,0.0,1.0,0.0,1.0,0.0,85.56532306723786,70.27104322131612,77.22222222222221,78.47410885995666
MAT_0308,0.711111111111111,0.3835616438356165,0.9381443298969072,0.4269856862973631,0.3333333333333333,0.2619047619047618,0.404040404040404,0.7846153846153847,0.6086956521739131,0.7777777777777777,0.8888888888888888,0.625,0.5609945609945611,0.3896014327508148,0.1724277339801899,0.783783783783784,1.0,0.0,0.0,0.0,1.0,0.0,0.0,0.0,0.0,1.0,0.0,0.0,0.0,0.0,0.0,1.0,0.0,0.0,1.0,0.0,0.0,0.0,0.0,0.0,0.0,0.0,1.0,0.0,1.0,0.0,0.0,0.0,0.0,0.0,0.0,76.71423893488863,65.5403265288044,77.08333333333333,73.47279353259677
MAT_0309,1.0,0.821917808219178,0.4845360824742267,0.0009879174367427,0.1666666666666666,0.1428571428571428,0.0774410774410774,0.5538461538461539,0.8043478260869565,0.3333333333333333,0.3333333333333333,0.25,0.1107226107226107,0.946961522631456,0.1212856276531231,0.6216216216216217,0.0,0.0,1.0,0.0,0.0,0.0,0.0,1.0,0.0,0.0,0.0,1.0,0.0,0.0,0.0,0.0,0.0,1.0,0.0,1.0,0.0,1.0,0.0,1.0,0.0,0.0,0.0,0.0,0.0,0.0,0.0,0.0,0.0,0.0,0.0,64.25607676261201,80.51602228376031,30.83333333333333,59.1072373901729
MAT_0310,0.7777777777777777,0.3561643835616437,0.9690721649484536,0.18593383173213,0.375,0.2232142857142857,0.4006734006734007,0.8769230769230769,0.8043478260869565,0.8888888888888888,0.7777777777777777,0.625,0.5512820512820513,0.4062983191875146,0.1645441681827369,0.9189189189189192,1.0,0.0,0.0,0.0,1.0,0.0,0.0,0.0,0.0,1.0,0.0,0.0,0.0,0.0,0.0,0.0,1.0,0.0,1.0,0.0,0.0,0.0,0.0,0.0,0.0,0.0,1.0,0.0,1.0,0.0,0.0,0.0,0.0,0.0,0.0,85.49341361946468,66.8810156893844,77.08333333333333,77.38667015460119
MAT_0311,0.977777777777778,0.7945205479452053,0.4639175257731959,0.0006826620489851,0.1249999999999999,0.1607142857142857,0.0774410774410774,0.5538461538461539,0.7826086956521741,0.5555555555555556,0.2222222222222222,0.375,0.1169386169386169,0.9145021524633746,0.1449363250454821,0.6216216216216217,0.0,0.0,1.0,0.0,0.0,0.0,0.0,1.0,0.0,0.0,0.0,0.0,0.0,0.0,1.0,0.0,0.0,1.0,0.0,1.0,0.0,1.0,0.0,1.0,0.0,0.0,0.0,0.0,0.0,0.0,0.0,0.0,0.0,0.0,0.0,63.55094870995902,79.08332991716861,38.47222222222222,60.68704512580086
MAT_0312,0.6666666666666667,0.3698630136986301,0.9278350515463918,0.1624680175605099,0.375,0.2589285714285714,0.3636363636363637,0.8769230769230769,0.6304347826086958,0.8888888888888888,0.7777777777777777,0.5,0.5788655788655789,0.4054195356908462,0.1659591671720234,0.8108108108108107,1.0,0.0,0.0,0.0,1.0,0.0,0.0,0.0,0.0,1.0,0.0,0.0,1.0,0.0,0.0,0.0,0.0,0.0,1.0,0.0,0.0,0.0,0.0,0.0,0.0,0.0,1.0,0.0,1.0,0.0,0.0,0.0,0.0,0.0,0.0,84.76881661604185,64.63464707248818,73.33333333333333,75.2979207681632
MAT_0313,1.0,0.8356164383561644,0.5154639175257731,0.0014430254693995,0.1249999999999999,0.1398809523809523,0.074074074074074,0.5538461538461539,0.847826086956522,0.4444444444444445,0.2222222222222222,0.125,0.101010101010101,0.918295382493298,0.1485748938750757,0.5945945945945945,0.0,0.0,1.0,0.0,0.0,0.0,0.0,1.0,0.0,0.0,0.0,0.0,0.0,0.0,0.0,1.0,0.0,1.0,0.0,1.0,0.0,1.0,0.0,1.0,0.0,0.0,0.0,0.0,0.0,0.0,0.0,0.0,0.0,0.0,0.0,64.36147114067992,80.80152648375815,27.083333333333332,58.110046401399416
MAT_0314,0.8888888888888888,0.3698630136986301,0.9587628865979382,0.1399346198460403,0.375,0.2589285714285714,0.4074074074074074,0.8461538461538463,0.6086956521739131,0.6666666666666665,0.7777777777777777,0.625,0.5516705516705518,0.3896014327508148,0.1718213058419243,0.6216216216216217,1.0,0.0,0.0,0.0,1.0,0.0,0.0,0.0,0.0,1.0,0.0,1.0,0.0,0.0,0.0,0.0,0.0,0.0,1.0,0.0,0.0,0.0,0.0,0.0,0.0,0.0,1.0,0.0,1.0,0.0,0.0,0.0,0.0,0.0,0.0,85.44481854747595,66.43709097317344,69.30555555555554,74.90072137760907
MAT_0315,0.9333333333333332,0.7534246575342465,0.4948453608247423,0.0016705794857279,0.1666666666666666,0.125,0.0808080808080808,0.5846153846153846,0.6956521739130435,0.4444444444444445,0.4444444444444445,0.25,0.106060606060606,0.9741259441360668,0.120274914089347,0.5675675675675673,0.0,0.0,1.0,0.0,0.0,0.0,0.0,1.0,0.0,0.0,0.0,0.0,0.0,0.0,1.0,0.0,0.0,1.0,0.0,1.0,0.0,1.0,0.0,1.0,0.0,0.0,0.0,0.0,0.0,0.0,0.0,0.0,0.0,0.0,0.0,64.94988261542817,80.98562949078413,38.611111111111114,61.858975226739844
MAT_0316,0.7333333333333334,0.3972602739726027,0.9587628865979382,0.2221093702303845,0.375,0.2678571428571428,0.4006734006734007,0.8615384615384616,0.7826086956521741,0.7777777777777777,0.6666666666666665,0.5,0.5843045843045844,0.3944180562198961,0.1906205781281584,0.8918918918918919,1.0,0.0,0.0,0.0,1.0,0.0,0.0,0.0,0.0,1.0,0.0,0.0,0.0,0.0,0.0,1.0,0.0,0.0,1.0,0.0,0.0,0.0,0.0,0.0,0.0,0.0,1.0,0.0,1.0,0.0,0.0,0.0,0.0,0.0,0.0,82.62243317880275,64.24141117288478,65.55555555555554,71.98806329005319
MAT_0317,0.977777777777778,0.821917808219178,0.5051546391752577,0.0011710706693973,0.1249999999999999,0.1428571428571428,0.074074074074074,0.5538461538461539,0.7826086956521741,0.4444444444444445,0.2222222222222222,0.25,0.1138306138306138,0.9835033427144398,0.1287649080250656,0.6756756756756757,0.0,0.0,1.0,0.0,0.0,0.0,0.0,1.0,0.0,0.0,0.0,1.0,0.0,0.0,0.0,0.0,0.0,1.0,0.0,1.0,0.0,1.0,0.0,1.0,0.0,0.0,0.0,0.0,0.0,0.0,0.0,0.0,0.0,0.0,0.0,64.25058216563238,80.5486148512225,30.833333333333336,59.1148173216197
MAT_0318,0.6666666666666667,0.3972602739726027,0.9690721649484536,0.1824872208994488,0.3333333333333333,0.2648809523809524,0.4276094276094276,0.8769230769230769,0.7826086956521741,0.8888888888888888,0.7777777777777777,0.625,0.5571095571095572,0.3493442495300176,0.173438447543966,0.9999999999999998,1.0,0.0,0.0,0.0,1.0,0.0,0.0,0.0,0.0,1.0,0.0,0.0,0.0,0.0,1.0,0.0,0.0,0.0,1.0,0.0,0.0,0.0,0.0,0.0,0.0,0.0,1.0,0.0,1.0,0.0,0.0,0.0,0.0,0.0,0.0,83.93014527777845,66.32281201717223,77.08333333333333,76.59390171626305
MAT_0319,0.9555555555555556,0.7671232876712328,0.4432989690721649,0.0007659135183735,0.0833333333333333,0.1398809523809523,0.0774410774410774,0.5538461538461539,0.7173913043478262,0.5555555555555556,0.2222222222222222,0.125,0.1013986013986014,0.9118769258150996,0.1374570446735395,0.7297297297297296,0.0,0.0,1.0,0.0,0.0,0.0,0.0,1.0,0.0,0.0,0.0,0.0,0.0,0.0,0.0,0.0,1.0,1.0,0.0,1.0,0.0,1.0,0.0,1.0,0.0,0.0,0.0,0.0,0.0,0.0,0.0,0.0,0.0,0.0,0.0,64.38178449921071,79.67233797130704,30.972222222222218,58.94608185774306
MAT_0320,0.7777777777777777,0.3972602739726027,0.9484536082474226,0.1713870249809909,0.3333333333333333,0.2499999999999999,0.3973063973063973,0.8461538461538463,0.673913043478261,0.7777777777777777,0.7777777777777777,0.625,0.5621600621600622,0.4172219317663548,0.1748534465332524,0.8648648648648647,1.0,0.0,0.0,0.0,1.0,0.0,0.0,0.0,0.0,1.0,0.0,0.0,1.0,0.0,0.0,0.0,0.0,0.0,1.0,0.0,0.0,0.0,0.0,0.0,0.0,0.0,1.0,0.0,1.0,0.0,0.0,0.0,0.0,0.0,0.0,84.85838925057027,65.61546566094776,73.19444444444443,75.58632873184577
MAT_0321,0.911111111111111,0.780821917808219,0.4845360824742267,0.000921316261232,0.1249999999999999,0.1607142857142857,0.0707070707070706,0.5538461538461539,0.6304347826086958,0.4444444444444445,0.3333333333333333,0.25,0.1421911421911422,0.912121650333159,0.1208813422276127,0.6486486486486485,0.0,0.0,1.0,0.0,0.0,0.0,0.0,1.0,0.0,0.0,0.0,1.0,0.0,0.0,0.0,0.0,0.0,1.0,0.0,1.0,0.0,1.0,0.0,1.0,0.0,0.0,0.0,0.0,0.0,0.0,0.0,0.0,0.0,0.0,0.0,63.54378908359162,78.95472427309905,34.72222222222222,59.52059958203303
MAT_0322,0.8222222222222224,0.3698630136986301,0.9896907216494844,0.2384655089162324,0.375,0.2499999999999999,0.3973063973063973,0.8307692307692309,0.6086956521739131,0.7777777777777777,0.7777777777777777,0.625,0.5722610722610724,0.3805577494243412,0.1683848797250859,0.6216216216216217,1.0,0.0,0.0,0.0,1.0,0.0,0.0,0.0,0.0,1.0,0.0,0.0,0.0,0.0,0.0,0.0,1.0,0.0,1.0,0.0,0.0,0.0,0.0,0.0,0.0,0.0,1.0,0.0,1.0,0.0,0.0,0.0,0.0,0.0,0.0,82.84603473251305,66.12921442818349,73.19444444444443,74.93551155479359
MAT_0323,1.0,0.780821917808219,0.4536082474226804,0.0006993123428628,0.1249999999999999,0.181547619047619,0.074074074074074,0.5692307692307692,0.7826086956521741,0.4444444444444445,0.2222222222222222,0.375,0.0994560994560994,0.959119881642324,0.141904184354154,0.7297297297297296,0.0,0.0,1.0,0.0,0.0,0.0,0.0,1.0,0.0,0.0,0.0,0.0,0.0,0.0,1.0,0.0,0.0,1.0,0.0,1.0,0.0,1.0,0.0,1.0,0.0,0.0,0.0,0.0,0.0,0.0,0.0,0.0,0.0,0.0,0.0,62.71711586780935,79.84223444502402,34.583333333333336,59.41451668063094
MAT_0324,0.7333333333333334,0.3561643835616437,0.9278350515463918,0.18593383173213,0.3333333333333333,0.2232142857142857,0.3771043771043771,0.8769230769230769,0.8043478260869565,0.6666666666666665,0.7777777777777777,0.5,0.5512820512820513,0.4062983191875146,0.1645441681827369,0.9189189189189192,1.0,0.0,0.0,0.0,1.0,0.0,0.0,0.0,0.0,1.0,0.0,1.0,0.0,0.0,0.0,0.0,0.0,0.0,1.0,0.0,0.0,0.0,0.0,0.0,0.0,0.0,1.0,0.0,1.0,0.0,0.0,0.0,0.0,0.0,0.0,85.49341361946468,66.05627342134316,65.55555555555554,73.68091414085548
MAT_0325,0.977777777777778,0.821917808219178,0.4845360824742267,0.0009879174367427,0.1666666666666666,0.1428571428571428,0.0841750841750841,0.5538461538461539,0.8043478260869565,0.4444444444444445,0.3333333333333333,0.25,0.1107226107226107,0.946961522631456,0.1212856276531231,0.6216216216216217,0.0,0.0,1.0,0.0,0.0,0.0,0.0,1.0,0.0,0.0,0.0,0.0,0.0,0.0,0.0,0.0,1.0,1.0,0.0,1.0,0.0,1.0,0.0,1.0,0.0,0.0,0.0,0.0,0.0,0.0,0.0,0.0,0.0,0.0,0.0,64.25607676261201,80.51602228376031,34.72222222222222,60.27390405683956
MAT_0326,0.7777777777777777,0.3835616438356165,0.9381443298969072,0.4269856862973631,0.3333333333333333,0.2678571428571428,0.4175084175084175,0.7846153846153847,0.6086956521739131,0.6666666666666665,0.7777777777777777,0.625,0.5609945609945611,0.3896014327508148,0.1724277339801899,0.783783783783784,1.0,0.0,0.0,0.0,1.0,0.0,0.0,0.0,0.0,1.0,0.0,0.0,0.0,1.0,0.0,0.0,0.0,0.0,1.0,0.0,0.0,0.0,0.0,0.0,0.0,0.0,1.0,0.0,1.0,0.0,0.0,0.0,0.0,0.0,0.0,76.47614369679339,65.5403265288044,69.30555555555554,71.04422210402534
MAT_0327,0.8666666666666667,0.7945205479452053,0.4639175257731959,0.0006826620489851,0.1249999999999999,0.181547619047619,0.074074074074074,0.5384615384615385,0.7826086956521741,0.5555555555555556,0.2222222222222222,0.25,0.1169386169386169,0.9145021524633746,0.1449363250454821,0.6216216216216217,0.0,0.0,1.0,0.0,0.0,0.0,0.0,1.0,0.0,0.0,0.0,0.0,1.0,0.0,0.0,0.0,0.0,1.0,0.0,1.0,0.0,1.0,0.0,1.0,0.0,0.0,0.0,0.0,0.0,0.0,0.0,0.0,0.0,0.0,0.0,62.71761537662568,79.08332991716861,34.72222222222222,59.22871179246752
MAT_0328,0.6666666666666667,0.3698630136986301,0.9278350515463918,0.1624680175605099,0.375,0.2410714285714286,0.4276094276094276,0.8769230769230769,0.6304347826086958,0.7777777777777777,0.6666666666666665,0.625,0.5788655788655789,0.4054195356908462,0.1659591671720234,0.8108108108108107,1.0,0.0,0.0,0.0,1.0,0.0,0.0,0.0,0.0,1.0,0.0,0.0,0.0,0.0,0.0,1.0,0.0,0.0,1.0,0.0,0.0,0.0,0.0,0.0,0.0,0.0,1.0,0.0,1.0,0.0,0.0,0.0,0.0,0.0,0.0,85.48310233032757,64.63464707248818,69.30555555555554,74.37530172054414
MAT_0329,0.9333333333333332,0.7534246575342465,0.4948453608247423,0.0016705794857279,0.1666666666666666,0.1428571428571428,0.0774410774410774,0.5846153846153846,0.6956521739130435,0.4444444444444445,0.2222222222222222,0.25,0.106060606060606,0.9741259441360668,0.120274914089347,0.5675675675675673,0.0,0.0,1.0,0.0,0.0,0.0,0.0,1.0,0.0,0.0,0.0,1.0,0.0,0.0,0.0,0.0,0.0,1.0,0.0,1.0,0.0,1.0,0.0,1.0,0.0,0.0,0.0,0.0,0.0,0.0,0.0,0.0,0.0,0.0,0.0,64.23559690114246,80.98562949078413,30.833333333333336,59.23992760769222
MAT_0330,0.7333333333333334,0.3972602739726027,0.9587628865979382,0.2221093702303845,0.375,0.2499999999999999,0.4208754208754209,0.8615384615384616,0.7826086956521741,0.7777777777777777,0.6666666666666665,0.625,0.5843045843045844,0.3944180562198961,0.1906205781281584,0.8918918918918919,1.0,0.0,0.0,0.0,1.0,0.0,0.0,0.0,0.0,1.0,0.0,0.0,0.0,0.0,1.0,0.0,0.0,0.0,1.0,0.0,0.0,0.0,0.0,0.0,0.0,0.0,1.0,0.0,1.0,0.0,0.0,0.0,0.0,0.0,0.0,83.33671889308847,64.24141117288478,69.30555555555554,73.39877757576748
MAT_0331,0.977777777777778,0.8356164383561644,0.5154639175257731,0.0014430254693995,0.1249999999999999,0.125,0.074074074074074,0.5538461538461539,0.847826086956522,0.4444444444444445,0.3333333333333333,0.25,0.101010101010101,0.918295382493298,0.1485748938750757,0.5945945945945945,0.0,0.0,1.0,0.0,0.0,0.0,0.0,1.0,0.0,0.0,0.0,0.0,0.0,0.0,0.0,0.0,1.0,1.0,0.0,1.0,0.0,1.0,0.0,1.0,0.0,0.0,0.0,0.0,0.0,0.0,0.0,0.0,0.0,0.0,0.0,64.95670923591803,80.80152648375815,34.72222222222222,60.63980830616132
MAT_0332,0.8888888888888888,0.3698630136986301,0.9587628865979382,0.1399346198460403,0.375,0.2678571428571428,0.4107744107744108,0.8307692307692309,0.6086956521739131,0.6666666666666665,0.7777777777777777,0.5,0.5516705516705518,0.3896014327508148,0.1718213058419243,0.6216216216216217,1.0,0.0,0.0,0.0,1.0,0.0,0.0,0.0,0.0,1.0,0.0,0.0,1.0,0.0,0.0,0.0,0.0,0.0,1.0,0.0,0.0,0.0,0.0,0.0,0.0,0.0,1.0,0.0,1.0,0.0,0.0,0.0,0.0,0.0,0.0,85.08767569033309,66.43709097317344,65.55555555555554,73.63286423475192
MAT_0333,0.9555555555555556,0.7671232876712328,0.4432989690721649,0.0007659135183735,0.0833333333333333,0.1220238095238095,0.0841750841750841,0.5538461538461539,0.7173913043478262,0.5555555555555556,0.2222222222222222,0.375,0.1013986013986014,0.9118769258150996,0.1374570446735395,0.7297297297297296,0.0,0.0,1.0,0.0,0.0,0.0,0.0,1.0,0.0,0.0,0.0,0.0,0.0,0.0,0.0,1.0,0.0,1.0,0.0,1.0,0.0,1.0,0.0,1.0,0.0,0.0,0.0,0.0,0.0,0.0,0.0,0.0,0.0,0.0,0.0,65.09607021349642,79.67233797130704,38.47222222222222,61.481796143457345
MAT_0334,0.7333333333333334,0.3561643835616437,0.9690721649484536,0.18593383173213,0.3333333333333333,0.2499999999999999,0.404040404040404,0.8923076923076922,0.8043478260869565,0.8888888888888888,0.6666666666666665,0.5,0.5512820512820513,0.4062983191875146,0.1645441681827369,0.9189189189189192,1.0,0.0,0.0,0.0,1.0,0.0,0.0,0.0,0.0,1.0,0.0,1.0,0.0,0.0,0.0,0.0,0.0,0.0,1.0,0.0,0.0,0.0,0.0,0.0,0.0,0.0,1.0,0.0,1.0,0.0,0.0,0.0,0.0,0.0,0.0,84.4219850480361,66.8810156893844,69.44444444444443,74.66643205936309
MAT_0335,0.911111111111111,0.780821917808219,0.4845360824742267,0.000921316261232,0.1249999999999999,0.1369047619047619,0.0639730639730639,0.5538461538461539,0.6304347826086958,0.4444444444444445,0.4444444444444445,0.125,0.1421911421911422,0.912121650333159,0.1208813422276127,0.6486486486486485,0.0,0.0,1.0,0.0,0.0,0.0,0.0,1.0,0.0,0.0,0.0,0.0,0.0,0.0,1.0,0.0,0.0,1.0,0.0,1.0,0.0,1.0,0.0,1.0,0.0,0.0,0.0,0.0,0.0,0.0,0.0,0.0,0.0,0.0,0.0,64.49617003597257,78.95472427309905,34.86111111111111,59.94321862965208
MAT_0336,0.7777777777777777,0.3972602739726027,0.9484536082474226,0.1713870249809909,0.375,0.2648809523809524,0.367003367003367,0.8769230769230769,0.673913043478261,0.8888888888888888,0.8888888888888888,0.625,0.5621600621600622,0.4172219317663548,0.1748534465332524,0.8648648648648647,1.0,0.0,0.0,0.0,1.0,0.0,0.0,0.0,0.0,1.0,0.0,0.0,0.0,0.0,0.0,0.0,1.0,0.0,1.0,0.0,0.0,0.0,0.0,0.0,0.0,0.0,1.0,0.0,1.0,0.0,0.0,0.0,0.0,0.0,0.0,84.26315115533218,65.61546566094776,80.97222222222221,77.68156682708387
MAT_0337,1.0,0.780821917808219,0.4536082474226804,0.0006993123428628,0.1249999999999999,0.1339285714285714,0.074074074074074,0.5538461538461539,0.7826086956521741,0.4444444444444445,0.2222222222222222,0.25,0.0994560994560994,0.959119881642324,0.141904184354154,0.7297297297297296,0.0,0.0,1.0,0.0,0.0,0.0,0.0,1.0,0.0,0.0,0.0,1.0,0.0,0.0,0.0,0.0,0.0,1.0,0.0,1.0,0.0,1.0,0.0,1.0,0.0,0.0,0.0,0.0,0.0,0.0,0.0,0.0,0.0,0.0,0.0,64.62187777257127,79.84223444502402,30.833333333333336,59.05142144253571
MAT_0338,0.8666666666666667,0.3972602739726027,0.9587628865979382,0.2221093702303845,0.375,0.2589285714285714,0.3838383838383838,0.8461538461538463,0.7826086956521741,0.6666666666666665,0.6666666666666665,0.625,0.5843045843045844,0.3944180562198961,0.1906205781281584,0.8918918918918919,1.0,0.0,0.0,0.0,1.0,0.0,0.0,0.0,0.0,1.0,0.0,0.0,0.0,0.0,1.0,0.0,0.0,0.0,1.0,0.0,0.0,0.0,0.0,0.0,0.0,0.0,1.0,0.0,1.0,0.0,0.0,0.0,0.0,0.0,0.0,82.97957603594561,64.24141117288478,65.41666666666666,72.08925376624367
MAT_0339,0.8666666666666667,0.7945205479452053,0.4639175257731959,0.0006826620489851,0.1249999999999999,0.1607142857142857,0.0841750841750841,0.5384615384615385,0.7826086956521741,0.4444444444444445,0.2222222222222222,0.125,0.1169386169386169,0.9145021524633746,0.1449363250454821,0.6216216216216217,0.0,0.0,1.0,0.0,0.0,0.0,0.0,1.0,0.0,0.0,0.0,0.0,0.0,0.0,0.0,0.0,1.0,1.0,0.0,1.0,0.0,1.0,0.0,1.0,0.0,0.0,0.0,0.0,0.0,0.0,0.0,0.0,0.0,0.0,0.0,63.55094870995902,79.08332991716861,27.083333333333332,57.27037845913419
MAT_0340,0.6666666666666667,0.3698630136986301,0.9278350515463918,0.1624680175605099,0.375,0.2589285714285714,0.4175084175084175,0.8769230769230769,0.6304347826086958,0.6666666666666665,0.8888888888888888,0.5,0.5788655788655789,0.4054195356908462,0.1659591671720234,0.8108108108108107,1.0,0.0,0.0,0.0,1.0,0.0,0.0,0.0,0.0,1.0,0.0,1.0,0.0,0.0,0.0,0.0,0.0,0.0,1.0,0.0,0.0,0.0,0.0,0.0,0.0,0.0,1.0,0.0,1.0,0.0,0.0,0.0,0.0,0.0,0.0,84.76881661604185,64.63464707248818,69.44444444444443,74.13125410149652
MAT_0341,0.9333333333333332,0.7534246575342465,0.4948453608247423,0.0016705794857279,0.1666666666666666,0.1428571428571428,0.074074074074074,0.5538461538461539,0.6956521739130435,0.4444444444444445,0.3333333333333333,0.25,0.106060606060606,0.9741259441360668,0.120274914089347,0.5675675675675673,0.0,0.0,1.0,0.0,0.0,0.0,0.0,1.0,0.0,0.0,0.0,0.0,0.0,0.0,1.0,0.0,0.0,1.0,0.0,1.0,0.0,1.0,0.0,1.0,0.0,0.0,0.0,0.0,0.0,0.0,0.0,0.0,0.0,0.0,0.0,64.23559690114246,80.98562949078413,34.72222222222222,60.40659427435889
MAT_0342,0.8222222222222224,0.3698630136986301,0.9896907216494844,0.2384655089162324,0.3333333333333333,0.2678571428571428,0.404040404040404,0.8,0.6086956521739131,0.7777777777777777,0.6666666666666665,0.625,0.5722610722610724,0.3805577494243412,0.1683848797250859,0.6216216216216217,1.0,0.0,0.0,0.0,1.0,0.0,0.0,0.0,0.0,1.0,0.0,0.0,0.0,0.0,0.0,0.0,1.0,0.0,1.0,0.0,0.0,0.0,0.0,0.0,0.0,0.0,1.0,0.0,1.0,0.0,0.0,0.0,0.0,0.0,0.0,82.13174901822731,66.12921442818349,69.30555555555554,73.48313060241263
MAT_0343,0.977777777777778,0.8356164383561644,0.5154639175257731,0.0014430254693995,0.1249999999999999,0.1398809523809523,0.0774410774410774,0.5538461538461539,0.847826086956522,0.4444444444444445,0.3333333333333333,0.25,0.101010101010101,0.918295382493298,0.1485748938750757,0.5945945945945945,0.0,0.0,1.0,0.0,0.0,0.0,0.0,1.0,0.0,0.0,0.0,1.0,0.0,0.0,0.0,0.0,0.0,1.0,0.0,1.0,0.0,1.0,0.0,1.0,0.0,0.0,0.0,0.0,0.0,0.0,0.0,0.0,0.0,0.0,0.0,64.36147114067992,80.80152648375815,34.72222222222222,60.40171306806608
MAT_0344,0.7333333333333334,0.3561643835616437,0.9690721649484536,0.18593383173213,0.3333333333333333,0.2499999999999999,0.4107744107744108,0.8923076923076922,0.8043478260869565,0.8888888888888888,0.6666666666666665,0.5,0.5512820512820513,0.4062983191875146,0.1645441681827369,0.9189189189189192,1.0,0.0,0.0,0.0,1.0,0.0,0.0,0.0,0.0,1.0,0.0,0.0,0.0,0.0,1.0,0.0,0.0,0.0,1.0,0.0,0.0,0.0,0.0,0.0,0.0,0.0,1.0,0.0,1.0,0.0,0.0,0.0,0.0,0.0,0.0,84.4219850480361,66.8810156893844,69.44444444444443,74.66643205936309
MAT_0345,0.911111111111111,0.780821917808219,0.4845360824742267,0.000921316261232,0.1249999999999999,0.1369047619047619,0.0673400673400673,0.5692307692307692,0.6304347826086958,0.5555555555555556,0.2222222222222222,0.375,0.1421911421911422,0.912121650333159,0.1208813422276127,0.6486486486486485,0.0,0.0,1.0,0.0,0.0,0.0,0.0,1.0,0.0,0.0,0.0,0.0,0.0,0.0,0.0,0.0,1.0,1.0,0.0,1.0,0.0,1.0,0.0,1.0,0.0,0.0,0.0,0.0,0.0,0.0,0.0,0.0,0.0,0.0,0.0,64.49617003597257,78.95472427309905,38.47222222222222,61.02655196298541
MAT_0346,0.7777777777777777,0.3835616438356165,0.9381443298969072,0.4269856862973631,0.3333333333333333,0.2619047619047618,0.3973063973063973,0.7846153846153847,0.6086956521739131,0.7777777777777777,0.7777777777777777,0.625,0.5609945609945611,0.3896014327508148,0.1724277339801899,0.783783783783784,1.0,0.0,0.0,0.0,1.0,0.0,0.0,0.0,0.0,1.0,0.0,1.0,0.0,0.0,0.0,0.0,0.0,0.0,1.0,0.0,0.0,0.0,0.0,0.0,0.0,0.0,1.0,0.0,1.0,0.0,0.0,0.0,0.0,0.0,0.0,76.71423893488863,65.5403265288044,73.19444444444443,72.3061268659301
MAT_0347,1.0,0.7671232876712328,0.4432989690721649,0.0007659135183735,0.0833333333333333,0.1220238095238095,0.0774410774410774,0.5846153846153846,0.7173913043478262,0.4444444444444445,0.2222222222222222,0.125,0.1013986013986014,0.9118769258150996,0.1374570446735395,0.7297297297297296,0.0,0.0,1.0,0.0,0.0,0.0,0.0,1.0,0.0,0.0,0.0,0.0,0.0,0.0,1.0,0.0,0.0,1.0,0.0,1.0,0.0,1.0,0.0,1.0,0.0,0.0,0.0,0.0,0.0,0.0,0.0,0.0,0.0,0.0,0.0,65.09607021349642,79.67233797130704,27.083333333333332,58.06512947679068
MAT_0348,0.8888888888888888,0.3698630136986301,0.9587628865979382,0.1399346198460403,0.375,0.2470238095238094,0.3872053872053872,0.8615384615384616,0.6086956521739131,0.7777777777777777,0.7777777777777777,0.625,0.5516705516705518,0.3896014327508148,0.1718213058419243,0.6216216216216217,1.0,0.0,0.0,0.0,1.0,0.0,0.0,0.0,0.0,1.0,0.0,0.0,0.0,0.0,0.0,0.0,1.0,0.0,1.0,0.0,0.0,0.0,0.0,0.0,0.0,0.0,1.0,0.0,1.0,0.0,0.0,0.0,0.0,0.0,0.0,85.92100902366641,66.43709097317344,73.19444444444443,76.25786423475193
MAT_0349,0.9555555555555556,0.7945205479452053,0.4639175257731959,0.0006826620489851,0.1249999999999999,0.1607142857142857,0.074074074074074,0.5384615384615385,0.7826086956521741,0.4444444444444445,0.2222222222222222,0.25,0.1169386169386169,0.9145021524633746,0.1449363250454821,0.6216216216216217,0.0,0.0,1.0,0.0,0.0,0.0,0.0,1.0,0.0,0.0,0.0,1.0,0.0,0.0,0.0,0.0,0.0,1.0,0.0,1.0,0.0,1.0,0.0,1.0,0.0,0.0,0.0,0.0,0.0,0.0,0.0,0.0,0.0,0.0,0.0,63.55094870995902,79.08332991716861,30.833333333333336,58.39537845913419
MAT_0350,0.7777777777777777,0.3972602739726027,0.9484536082474226,0.1713870249809909,0.3333333333333333,0.2499999999999999,0.3973063973063973,0.8461538461538463,0.673913043478261,0.8888888888888888,0.6666666666666665,0.5,0.5621600621600622,0.4172219317663548,0.1748534465332524,0.8648648648648647,1.0,0.0,0.0,0.0,1.0,0.0,0.0,0.0,0.0,1.0,0.0,0.0,0.0,0.0,1.0,0.0,0.0,0.0,1.0,0.0,0.0,0.0,0.0,0.0,0.0,0.0,1.0,0.0,1.0,0.0,0.0,0.0,0.0,0.0,0.0,84.85838925057027,65.61546566094776,69.44444444444443,74.46132873184577
MAT_0351,1.0,0.780821917808219,0.4536082474226804,0.0006993123428628,0.1249999999999999,0.181547619047619,0.074074074074074,0.5538461538461539,0.7826086956521741,0.4444444444444445,0.3333333333333333,0.25,0.0994560994560994,0.959119881642324,0.141904184354154,0.7297297297297296,0.0,0.0,1.0,0.0,0.0,0.0,0.0,1.0,0.0,0.0,0.0,0.0,0.0,0.0,0.0,0.0,1.0,1.0,0.0,1.0,0.0,1.0,0.0,1.0,0.0,0.0,0.0,0.0,0.0,0.0,0.0,0.0,0.0,0.0,0.0,62.71711586780935,79.84223444502402,34.72222222222222,59.4561833472976
MAT_0352,0.7333333333333334,0.3972602739726027,0.9587628865979382,0.2221093702303845,0.375,0.2678571428571428,0.3838383838383838,0.8461538461538463,0.7826086956521741,0.7777777777777777,0.7777777777777777,0.625,0.5843045843045844,0.3944180562198961,0.1906205781281584,0.8918918918918919,1.0,0.0,0.0,0.0,1.0,0.0,0.0,0.0,0.0,1.0,0.0,1.0,0.0,0.0,0.0,0.0,0.0,0.0,1.0,0.0,0.0,0.0,0.0,0.0,0.0,0.0,1.0,0.0,1.0,0.0,0.0,0.0,0.0,0.0,0.0,82.62243317880275,64.24141117288478,73.19444444444443,74.27972995671986
MAT_0353,0.977777777777778,0.821917808219178,0.5051546391752577,0.0011710706693973,0.1249999999999999,0.125,0.0841750841750841,0.5538461538461539,0.7826086956521741,0.3333333333333333,0.3333333333333333,0.375,0.1138306138306138,0.9835033427144398,0.1287649080250656,0.6756756756756757,0.0,0.0,1.0,0.0,0.0,0.0,0.0,1.0,0.0,0.0,0.0,0.0,0.0,0.0,1.0,0.0,0.0,1.0,0.0,1.0,0.0,1.0,0.0,1.0,0.0,0.0,0.0,0.0,0.0,0.0,0.0,0.0,0.0,0.0,0.0,64.96486787991809,80.5486148512225,34.583333333333336,60.52553160733399
MAT_0354,0.6666666666666667,0.3698630136986301,0.9278350515463918,0.1624680175605099,0.375,0.2589285714285714,0.3771043771043771,0.8769230769230769,0.6304347826086958,0.6666666666666665,0.8888888888888888,0.5,0.5788655788655789,0.4054195356908462,0.1659591671720234,0.8108108108108107,1.0,0.0,0.0,0.0,1.0,0.0,0.0,0.0,0.0,1.0,0.0,0.0,0.0,0.0,0.0,0.0,1.0,0.0,1.0,0.0,0.0,0.0,0.0,0.0,0.0,0.0,1.0,0.0,1.0,0.0,0.0,0.0,0.0,0.0,0.0,84.76881661604185,64.63464707248818,69.44444444444443,74.13125410149652
MAT_0355,1.0,0.8356164383561644,0.5154639175257731,0.0014430254693995,0.1249999999999999,0.125,0.0808080808080808,0.5384615384615385,0.847826086956522,0.4444444444444445,0.3333333333333333,0.25,0.101010101010101,0.918295382493298,0.1485748938750757,0.5945945945945945,0.0,0.0,1.0,0.0,0.0,0.0,0.0,1.0,0.0,0.0,0.0,1.0,0.0,0.0,0.0,0.0,0.0,1.0,0.0,1.0,0.0,1.0,0.0,1.0,0.0,0.0,0.0,0.0,0.0,0.0,0.0,0.0,0.0,0.0,0.0,64.95670923591803,80.80152648375815,34.72222222222222,60.63980830616132
MAT_0356,0.711111111111111,0.3561643835616437,0.9690721649484536,0.18593383173213,0.3333333333333333,0.2232142857142857,0.4006734006734007,0.8769230769230769,0.8043478260869565,0.8888888888888888,0.6666666666666665,0.625,0.5512820512820513,0.4062983191875146,0.1645441681827369,0.9189189189189192,1.0,0.0,0.0,0.0,1.0,0.0,0.0,0.0,0.0,1.0,0.0,0.0,0.0,0.0,1.0,0.0,0.0,0.0,1.0,0.0,0.0,0.0,0.0,0.0,0.0,0.0,1.0,0.0,1.0,0.0,0.0,0.0,0.0,0.0,0.0,85.49341361946468,66.8810156893844,73.19444444444443,76.22000348793452
MAT_0357,0.9333333333333332,0.7534246575342465,0.4948453608247423,0.0016705794857279,0.1666666666666666,0.1220238095238095,0.074074074074074,0.5538461538461539,0.6956521739130435,0.4444444444444445,0.2222222222222222,0.125,0.106060606060606,0.9741259441360668,0.120274914089347,0.5675675675675673,0.0,0.0,1.0,0.0,0.0,0.0,0.0,1.0,0.0,0.0,0.0,0.0,0.0,0.0,0.0,0.0,1.0,1.0,0.0,1.0,0.0,1.0,0.0,1.0,0.0,0.0,0.0,0.0,0.0,0.0,0.0,0.0,0.0,0.0,0.0,65.06893023447579,80.98562949078413,27.083333333333332,58.44826094102555
MAT_0358,0.8222222222222224,0.3698630136986301,0.9896907216494844,0.2384655089162324,0.375,0.2708333333333333,0.4175084175084175,0.8307692307692309,0.6086956521739131,0.6666666666666665,0.6666666666666665,0.625,0.5722610722610724,0.3805577494243412,0.1683848797250859,0.6216216216216217,1.0,0.0,0.0,0.0,1.0,0.0,0.0,0.0,0.0,1.0,0.0,1.0,0.0,0.0,0.0,0.0,0.0,0.0,1.0,0.0,0.0,0.0,0.0,0.0,0.0,0.0,1.0,0.0,1.0,0.0,0.0,0.0,0.0,0.0,0.0,82.01270139917969,66.12921442818349,65.41666666666666,72.26884488812692
MAT_0359,0.911111111111111,0.780821917808219,0.4845360824742267,0.000921316261232,0.1249999999999999,0.1607142857142857,0.0707070707070706,0.5692307692307692,0.6304347826086958,0.3333333333333333,0.3333333333333333,0.375,0.1421911421911422,0.912121650333159,0.1208813422276127,0.6486486486486485,0.0,0.0,1.0,0.0,0.0,0.0,0.0,1.0,0.0,0.0,0.0,0.0,0.0,0.0,1.0,0.0,0.0,1.0,0.0,1.0,0.0,1.0,0.0,1.0,0.0,0.0,0.0,0.0,0.0,0.0,0.0,0.0,0.0,0.0,0.0,63.54378908359162,78.95472427309905,34.583333333333336,59.478932915366364
MAT_0360,0.7777777777777777,0.3835616438356165,0.9381443298969072,0.4269856862973631,0.3333333333333333,0.2499999999999999,0.3905723905723905,0.9076923076923078,0.6086956521739131,0.7777777777777777,0.6666666666666665,0.625,0.5609945609945611,0.3896014327508148,0.1724277339801899,0.783783783783784,1.0,0.0,0.0,0.0,1.0,0.0,0.0,0.0,0.0,1.0,0.0,0.0,0.0,0.0,0.0,0.0,1.0,0.0,1.0,0.0,0.0,0.0,0.0,0.0,0.0,0.0,1.0,0.0,1.0,0.0,0.0,0.0,0.0,0.0,0.0,77.19042941107911,65.5403265288044,69.30555555555554,71.32993638973963
MAT_0361,1.0,0.7671232876712328,0.4432989690721649,0.0007659135183735,0.0833333333333333,0.1398809523809523,0.0808080808080808,0.5692307692307692,0.7173913043478262,0.4444444444444445,0.2222222222222222,0.125,0.1013986013986014,0.9118769258150996,0.1374570446735395,0.7297297297297296,0.0,0.0,1.0,0.0,0.0,0.0,0.0,1.0,0.0,0.0,0.0,1.0,0.0,0.0,0.0,0.0,0.0,1.0,0.0,1.0,0.0,1.0,0.0,1.0,0.0,0.0,0.0,0.0,0.0,0.0,0.0,0.0,0.0,0.0,0.0,64.38178449921071,79.67233797130704,27.083333333333332,57.779415191076396
MAT_0362,0.8888888888888888,0.3698630136986301,0.9587628865979382,0.1399346198460403,0.375,0.2678571428571428,0.4107744107744108,0.8615384615384616,0.6086956521739131,0.7777777777777777,0.7777777777777777,0.625,0.5516705516705518,0.3896014327508148,0.1718213058419243,0.6216216216216217,1.0,0.0,0.0,0.0,1.0,0.0,0.0,0.0,0.0,1.0,0.0,0.0,0.0,0.0,1.0,0.0,0.0,0.0,1.0,0.0,0.0,0.0,0.0,0.0,0.0,0.0,1.0,0.0,1.0,0.0,0.0,0.0,0.0,0.0,0.0,85.08767569033309,66.43709097317344,73.19444444444443,75.92453090141859
MAT_0363,0.9555555555555556,0.7945205479452053,0.4639175257731959,0.0006826620489851,0.1249999999999999,0.181547619047619,0.0774410774410774,0.5538461538461539,0.7826086956521741,0.5555555555555556,0.2222222222222222,0.25,0.1169386169386169,0.9145021524633746,0.1449363250454821,0.6216216216216217,0.0,0.0,1.0,0.0,0.0,0.0,0.0,1.0,0.0,0.0,0.0,0.0,0.0,0.0,0.0,0.0,1.0,1.0,0.0,1.0,0.0,1.0,0.0,1.0,0.0,0.0,0.0,0.0,0.0,0.0,0.0,0.0,0.0,0.0,0.0,62.71761537662568,79.08332991716861,34.72222222222222,59.22871179246752
MAT_0364,0.7777777777777777,0.3972602739726027,0.9484536082474226,0.1713870249809909,0.3333333333333333,0.2648809523809524,0.4242424242424243,0.8461538461538463,0.673913043478261,0.8888888888888888,0.6666666666666665,0.5,0.5621600621600622,0.4172219317663548,0.1748534465332524,0.8648648648648647,1.0,0.0,0.0,0.0,1.0,0.0,0.0,0.0,0.0,1.0,0.0,1.0,0.0,0.0,0.0,0.0,0.0,0.0,1.0,0.0,0.0,0.0,0.0,0.0,0.0,0.0,1.0,0.0,1.0,0.0,0.0,0.0,0.0,0.0,0.0,84.26315115533218,65.61546566094776,69.44444444444443,74.22323349375054
MAT_0365,1.0,0.780821917808219,0.4536082474226804,0.0006993123428628,0.1249999999999999,0.1339285714285714,0.0841750841750841,0.5538461538461539,0.7826086956521741,0.4444444444444445,0.3333333333333333,0.25,0.0994560994560994,0.959119881642324,0.141904184354154,0.7297297297297296,0.0,0.0,1.0,0.0,0.0,0.0,0.0,1.0,0.0,0.0,0.0,0.0,0.0,0.0,1.0,0.0,0.0,1.0,0.0,1.0,0.0,1.0,0.0,1.0,0.0,0.0,0.0,0.0,0.0,0.0,0.0,0.0,0.0,0.0,0.0,64.62187777257127,79.84223444502402,34.72222222222222,60.21808810920238
MAT_0366,0.7333333333333334,0.3972602739726027,0.9587628865979382,0.2221093702303845,0.375,0.244047619047619,0.3939393939393939,0.8461538461538463,0.7826086956521741,0.6666666666666665,0.6666666666666665,0.5,0.5843045843045844,0.3944180562198961,0.1906205781281584,0.8918918918918919,1.0,0.0,0.0,0.0,1.0,0.0,0.0,0.0,0.0,1.0,0.0,0.0,0.0,0.0,0.0,0.0,1.0,0.0,1.0,0.0,0.0,0.0,0.0,0.0,0.0,0.0,1.0,0.0,1.0,0.0,0.0,0.0,0.0,0.0,0.0,83.5748141311837,64.24141117288478,61.66666666666665,71.20234900433891
MAT_0367,0.977777777777778,0.821917808219178,0.5051546391752577,0.0011710706693973,0.1249999999999999,0.1458333333333333,0.0774410774410774,0.6000000000000001,0.7826086956521741,0.5555555555555556,0.2222222222222222,0.375,0.1138306138306138,0.9835033427144398,0.1287649080250656,0.6756756756756757,0.0,0.0,1.0,0.0,0.0,0.0,0.0,1.0,0.0,0.0,0.0,1.0,0.0,0.0,0.0,0.0,0.0,1.0,0.0,1.0,0.0,1.0,0.0,1.0,0.0,0.0,0.0,0.0,0.0,0.0,0.0,0.0,0.0,0.0,0.0,64.13153454658476,80.5486148512225,38.47222222222222,61.35886494066732
MAT_0368,0.6666666666666667,0.3698630136986301,0.9278350515463918,0.1624680175605099,0.375,0.2410714285714286,0.3973063973063973,0.8769230769230769,0.6304347826086958,0.6666666666666665,0.8888888888888888,0.625,0.5788655788655789,0.4054195356908462,0.1659591671720234,0.8108108108108107,1.0,0.0,0.0,0.0,1.0,0.0,0.0,0.0,0.0,1.0,0.0,0.0,0.0,0.0,1.0,0.0,0.0,0.0,1.0,0.0,0.0,0.0,0.0,0.0,0.0,0.0,1.0,0.0,1.0,0.0,0.0,0.0,0.0,0.0,0.0,85.48310233032757,64.63464707248818,73.19444444444443,75.5419683872108
MAT_0369,1.0,0.8356164383561644,0.5154639175257731,0.0014430254693995,0.1249999999999999,0.125,0.0774410774410774,0.5538461538461539,0.847826086956522,0.3333333333333333,0.3333333333333333,0.25,0.101010101010101,0.918295382493298,0.1485748938750757,0.5945945945945945,0.0,0.0,1.0,0.0,0.0,0.0,0.0,1.0,0.0,0.0,0.0,0.0,0.0,0.0,0.0,0.0,1.0,1.0,0.0,1.0,0.0,1.0,0.0,1.0,0.0,0.0,0.0,0.0,0.0,0.0,0.0,0.0,0.0,0.0,0.0,64.95670923591803,80.80152648375815,30.83333333333333,59.473141639494656
MAT_0370,0.711111111111111,0.3561643835616437,0.9690721649484536,0.18593383173213,0.3333333333333333,0.2499999999999999,0.4208754208754209,0.8923076923076922,0.8043478260869565,0.8888888888888888,0.6666666666666665,0.5,0.5512820512820513,0.4062983191875146,0.1645441681827369,0.9189189189189192,1.0,0.0,0.0,0.0,1.0,0.0,0.0,0.0,0.0,1.0,0.0,1.0,0.0,0.0,0.0,0.0,0.0,0.0,1.0,0.0,0.0,0.0,0.0,0.0,0.0,0.0,1.0,0.0,1.0,0.0,0.0,0.0,0.0,0.0,0.0,84.4219850480361,66.8810156893844,69.44444444444443,74.66643205936309
MAT_0371,0.9333333333333332,0.7534246575342465,0.4948453608247423,0.0016705794857279,0.1666666666666666,0.1428571428571428,0.0808080808080808,0.5538461538461539,0.6956521739130435,0.4444444444444445,0.3333333333333333,0.25,0.106060606060606,0.9741259441360668,0.120274914089347,0.5675675675675673,0.0,0.0,1.0,0.0,0.0,0.0,0.0,1.0,0.0,0.0,0.0,0.0,0.0,0.0,1.0,0.0,0.0,1.0,0.0,1.0,0.0,1.0,0.0,1.0,0.0,0.0,0.0,0.0,0.0,0.0,0.0,0.0,0.0,0.0,0.0,64.23559690114246,80.98562949078413,34.72222222222222,60.40659427435889
MAT_0372,0.8222222222222224,0.3698630136986301,0.9896907216494844,0.2384655089162324,0.375,0.2499999999999999,0.4074074074074074,0.8307692307692309,0.6086956521739131,0.7777777777777777,0.7777777777777777,0.625,0.5722610722610724,0.3805577494243412,0.1683848797250859,0.6216216216216217,1.0,0.0,0.0,0.0,1.0,0.0,0.0,0.0,0.0,1.0,0.0,0.0,0.0,0.0,0.0,0.0,1.0,0.0,1.0,0.0,0.0,0.0,0.0,0.0,0.0,0.0,1.0,0.0,1.0,0.0,0.0,0.0,0.0,0.0,0.0,82.84603473251305,66.12921442818349,73.19444444444443,74.93551155479359
MAT_0373,0.911111111111111,0.780821917808219,0.4845360824742267,0.000921316261232,0.1249999999999999,0.1369047619047619,0.0673400673400673,0.5692307692307692,0.6304347826086958,0.4444444444444445,0.4444444444444445,0.125,0.1421911421911422,0.912121650333159,0.1208813422276127,0.6486486486486485,0.0,0.0,1.0,0.0,0.0,0.0,0.0,1.0,0.0,0.0,0.0,1.0,0.0,0.0,0.0,0.0,0.0,1.0,0.0,1.0,0.0,1.0,0.0,1.0,0.0,0.0,0.0,0.0,0.0,0.0,0.0,0.0,0.0,0.0,0.0,64.49617003597257,78.95472427309905,34.86111111111111,59.94321862965208
MAT_0374,0.7777777777777777,0.3835616438356165,0.9381443298969072,0.4269856862973631,0.3333333333333333,0.2619047619047618,0.3804713804713804,0.7846153846153847,0.6086956521739131,0.6666666666666665,0.7777777777777777,0.5,0.5609945609945611,0.3896014327508148,0.1724277339801899,0.783783783783784,1.0,0.0,0.0,0.0,1.0,0.0,0.0,0.0,0.0,1.0,0.0,0.0,0.0,0.0,1.0,0.0,0.0,0.0,1.0,0.0,0.0,0.0,0.0,0.0,0.0,0.0,1.0,0.0,1.0,0.0,0.0,0.0,0.0,0.0,0.0,76.71423893488863,65.5403265288044,65.55555555555554,70.01446019926343
MAT_0375,0.9555555555555556,0.7671232876712328,0.4432989690721649,0.0007659135183735,0.0833333333333333,0.1220238095238095,0.0841750841750841,0.5538461538461539,0.7173913043478262,0.5555555555555556,0.2222222222222222,0.375,0.1013986013986014,0.9118769258150996,0.1374570446735395,0.7297297297297296,0.0,0.0,1.0,0.0,0.0,0.0,0.0,1.0,0.0,0.0,0.0,0.0,0.0,0.0,0.0,0.0,1.0,1.0,0.0,1.0,0.0,1.0,0.0,1.0,0.0,0.0,0.0,0.0,0.0,0.0,0.0,0.0,0.0,0.0,0.0,65.09607021349642,79.67233797130704,38.47222222222222,61.481796143457345
MAT_0376,0.8888888888888888,0.3698630136986301,0.9587628865979382,0.1399346198460403,0.375,0.2678571428571428,0.4107744107744108,0.8615384615384616,0.6086956521739131,0.7777777777777777,0.6666666666666665,0.625,0.5516705516705518,0.3896014327508148,0.1718213058419243,0.6216216216216217,1.0,0.0,0.0,0.0,1.0,0.0,0.0,0.0,0.0,1.0,0.0,1.0,0.0,0.0,0.0,0.0,0.0,0.0,1.0,0.0,0.0,0.0,0.0,0.0,0.0,0.0,1.0,0.0,1.0,0.0,0.0,0.0,0.0,0.0,0.0,85.08767569033309,66.43709097317344,69.30555555555554,74.75786423475192
MAT_0377,0.8666666666666667,0.7945205479452053,0.4639175257731959,0.0006826620489851,0.1249999999999999,0.181547619047619,0.074074074074074,0.5538461538461539,0.7826086956521741,0.5555555555555556,0.2222222222222222,0.25,0.1169386169386169,0.9145021524633746,0.1449363250454821,0.6216216216216217,0.0,0.0,1.0,0.0,0.0,0.0,0.0,1.0,0.0,0.0,0.0,0.0,0.0,0.0,1.0,0.0,0.0,1.0,0.0,1.0,0.0,1.0,0.0,1.0,0.0,0.0,0.0,0.0,0.0,0.0,0.0,0.0,0.0,0.0,0.0,62.71761537662568,79.08332991716861,34.72222222222222,59.22871179246752
MAT_0378,0.7777777777777777,0.3972602739726027,0.9484536082474226,0.1713870249809909,0.3333333333333333,0.2648809523809524,0.3973063973063973,0.8461538461538463,0.673913043478261,0.6666666666666665,0.6666666666666665,0.5,0.5621600621600622,0.4172219317663548,0.1748534465332524,0.8648648648648647,1.0,0.0,0.0,0.0,1.0,0.0,0.0,0.0,0.0,1.0,0.0,0.0,0.0,0.0,0.0,0.0,1.0,0.0,1.0,0.0,0.0,0.0,0.0,0.0,0.0,0.0,1.0,0.0,1.0,0.0,0.0,0.0,0.0,0.0,0.0,84.26315115533218,65.61546566094776,61.66666666666665,71.8899001604172
MAT_0379,1.0,0.780821917808219,0.4536082474226804,0.0006993123428628,0.1249999999999999,0.1339285714285714,0.0774410774410774,0.5692307692307692,0.7826086956521741,0.4444444444444445,0.3333333333333333,0.25,0.0994560994560994,0.959119881642324,0.141904184354154,0.7297297297297296,0.0,0.0,1.0,0.0,0.0,0.0,0.0,1.0,0.0,0.0,0.0,1.0,0.0,0.0,0.0,0.0,0.0,1.0,0.0,1.0,0.0,1.0,0.0,1.0,0.0,0.0,0.0,0.0,0.0,0.0,0.0,0.0,0.0,0.0,0.0,64.62187777257127,79.84223444502402,34.72222222222222,60.21808810920238
MAT_0380,0.7333333333333334,0.3972602739726027,0.9587628865979382,0.2221093702303845,0.375,0.244047619047619,0.3973063973063973,0.8461538461538463,0.7826086956521741,0.7777777777777777,0.7777777777777777,0.625,0.5843045843045844,0.3944180562198961,0.1906205781281584,0.8918918918918919,1.0,0.0,0.0,0.0,1.0,0.0,0.0,0.0,0.0,1.0,0.0,0.0,0.0,0.0,1.0,0.0,0.0,0.0,1.0,0.0,0.0,0.0,0.0,0.0,0.0,0.0,1.0,0.0,1.0,0.0,0.0,0.0,0.0,0.0,0.0,83.5748141311837,64.24141117288478,73.19444444444443,74.66068233767224
MAT_0381,0.977777777777778,0.821917808219178,0.5051546391752577,0.0011710706693973,0.1249999999999999,0.1458333333333333,0.0808080808080808,0.6000000000000001,0.7826086956521741,0.5555555555555556,0.2222222222222222,0.375,0.1138306138306138,0.9835033427144398,0.1287649080250656,0.6756756756756757,0.0,0.0,1.0,0.0,0.0,0.0,0.0,1.0,0.0,0.0,0.0,0.0,0.0,0.0,0.0,0.0,1.0,1.0,0.0,1.0,0.0,1.0,0.0,1.0,0.0,0.0,0.0,0.0,0.0,0.0,0.0,0.0,0.0,0.0,0.0,64.13153454658476,80.5486148512225,38.47222222222222,61.35886494066732
MAT_0382,0.6666666666666667,0.3698630136986301,0.9278350515463918,0.1624680175605099,0.375,0.2410714285714286,0.4208754208754209,0.8769230769230769,0.6304347826086958,0.6666666666666665,0.8888888888888888,0.625,0.5788655788655789,0.4054195356908462,0.1659591671720234,0.8108108108108107,1.0,0.0,0.0,0.0,1.0,0.0,0.0,0.0,0.0,1.0,0.0,1.0,0.0,0.0,0.0,0.0,0.0,0.0,1.0,0.0,0.0,0.0,0.0,0.0,0.0,0.0,1.0,0.0,1.0,0.0,0.0,0.0,0.0,0.0,0.0,85.48310233032757,64.63464707248818,73.19444444444443,75.5419683872108
MAT_0383,1.0,0.8356164383561644,0.5154639175257731,0.0014430254693995,0.1249999999999999,0.125,0.0808080808080808,0.5538461538461539,0.847826086956522,0.3333333333333333,0.3333333333333333,0.25,0.101010101010101,0.918295382493298,0.1485748938750757,0.5945945945945945,0.0,0.0,1.0,0.0,0.0,0.0,0.0,1.0,0.0,0.0,0.0,0.0,0.0,0.0,1.0,0.0,0.0,1.0,0.0,1.0,0.0,1.0,0.0,1.0,0.0,0.0,0.0,0.0,0.0,0.0,0.0,0.0,0.0,0.0,0.0,64.95670923591803,80.80152648375815,30.83333333333333,59.473141639494656
MAT_0384,0.711111111111111,0.3561643835616437,0.9690721649484536,0.18593383173213,0.3333333333333333,0.2232142857142857,0.404040404040404,0.8769230769230769,0.8043478260869565,0.8888888888888888,0.6666666666666665,0.5,0.5512820512820513,0.4062983191875146,0.1645441681827369,0.9189189189189192,1.0,0.0,0.0,0.0,1.0,0.0,0.0,0.0,0.0,1.0,0.0,0.0,0.0,0.0,0.0,0.0,1.0,0.0,1.0,0.0,0.0,0.0,0.0,0.0,0.0,0.0,1.0,0.0,1.0,0.0,0.0,0.0,0.0,0.0,0.0,85.49341361946468,66.8810156893844,69.44444444444443,75.09500348793452
MAT_0385,0.9333333333333332,0.7534246575342465,0.4948453608247423,0.0016705794857279,0.1666666666666666,0.1220238095238095,0.0774410774410774,0.5538461538461539,0.6956521739130435,0.4444444444444445,0.2222222222222222,0.125,0.106060606060606,0.9741259441360668,0.120274914089347,0.5675675675675673,0.0,0.0,1.0,0.0,0.0,0.0,0.0,1.0,0.0,0.0,0.0,1.0,0.0,0.0,0.0,0.0,0.0,1.0,0.0,1.0,0.0,1.0,0.0,1.0,0.0,0.0,0.0,0.0,0.0,0.0,0.0,0.0,0.0,0.0,0.0,65.06893023447579,80.98562949078413,27.083333333333332,58.44826094102555
MAT_0386,0.8222222222222224,0.3698630136986301,0.9896907216494844,0.2384655089162324,0.375,0.2708333333333333,0.4107744107744108,0.8307692307692309,0.6086956521739131,0.6666666666666665,0.7777777777777777,0.625,0.5722610722610724,0.3805577494243412,0.1683848797250859,0.6216216216216217,1.0,0.0,0.0,0.0,1.0,0.0,0.0,0.0,0.0,1.0,0.0,0.0,0.0,0.0,1.0,0.0,0.0,0.0,1.0,0.0,0.0,0.0,0.0,0.0,0.0,0.0,1.0,0.0,1.0,0.0,0.0,0.0,0.0,0.0,0.0,82.01270139917969,66.12921442818349,69.30555555555554,73.43551155479358
MAT_0387,0.911111111111111,0.780821917808219,0.4845360824742267,0.000921316261232,0.1249999999999999,0.1607142857142857,0.0673400673400673,0.5692307692307692,0.6304347826086958,0.4444444444444445,0.4444444444444445,0.25,0.1421911421911422,0.912121650333159,0.1208813422276127,0.6486486486486485,0.0,0.0,1.0,0.0,0.0,0.0,0.0,1.0,0.0,0.0,0.0,0.0,0.0,0.0,0.0,0.0,1.0,1.0,0.0,1.0,0.0,1.0,0.0,1.0,0.0,0.0,0.0,0.0,0.0,0.0,0.0,0.0,0.0,0.0,0.0,63.54378908359162,78.95472427309905,38.611111111111114,60.6872662486997
MAT_0388,0.7777777777777777,0.3835616438356165,0.9381443298969072,0.4269856862973631,0.3333333333333333,0.2499999999999999,0.3939393939393939,0.9076923076923078,0.6086956521739131,0.6666666666666665,0.6666666666666665,0.5,0.5609945609945611,0.3896014327508148,0.1724277339801899,0.783783783783784,1.0,0.0,0.0,0.0,1.0,0.0,0.0,0.0,0.0,1.0,0.0,1.0,0.0,0.0,0.0,0.0,0.0,0.0,1.0,0.0,0.0,0.0,0.0,0.0,0.0,0.0,1.0,0.0,1.0,0.0,0.0,0.0,0.0,0.0,0.0,77.19042941107911,65.5403265288044,61.66666666666665,69.03826972307296
MAT_0389,0.9555555555555556,0.7671232876712328,0.4432989690721649,0.0007659135183735,0.0833333333333333,0.1398809523809523,0.0841750841750841,0.5538461538461539,0.7173913043478262,0.5555555555555556,0.2222222222222222,0.375,0.1013986013986014,0.9118769258150996,0.1374570446735395,0.7297297297297296,0.0,0.0,1.0,0.0,0.0,0.0,0.0,1.0,0.0,0.0,0.0,0.0,0.0,0.0,1.0,0.0,0.0,1.0,0.0,1.0,0.0,1.0,0.0,1.0,0.0,0.0,0.0,0.0,0.0,0.0,0.0,0.0,0.0,0.0,0.0,64.38178449921071,79.67233797130704,38.47222222222222,61.19608185774306
MAT_0390,0.8888888888888888,0.3698630136986301,0.9587628865979382,0.1399346198460403,0.375,0.2470238095238094,0.3804713804713804,0.8307692307692309,0.6086956521739131,0.7777777777777777,0.6666666666666665,0.625,0.5516705516705518,0.3896014327508148,0.1718213058419243,0.6216216216216217,1.0,0.0,0.0,0.0,1.0,0.0,0.0,0.0,0.0,1.0,0.0,0.0,0.0,0.0,0.0,0.0,1.0,0.0,1.0,0.0,0.0,0.0,0.0,0.0,0.0,0.0,1.0,0.0,1.0,0.0,0.0,0.0,0.0,0.0,0.0,85.92100902366641,66.43709097317344,69.30555555555554,75.09119756808526
MAT_0391,0.8666666666666667,0.7945205479452053,0.4639175257731959,0.0006826620489851,0.1249999999999999,0.181547619047619,0.0774410774410774,0.5538461538461539,0.7826086956521741,0.4444444444444445,0.2222222222222222,0.125,0.1169386169386169,0.9145021524633746,0.1449363250454821,0.6216216216216217,0.0,0.0,1.0,0.0,0.0,0.0,0.0,1.0,0.0,0.0,0.0,1.0,0.0,0.0,0.0,0.0,0.0,1.0,0.0,1.0,0.0,1.0,0.0,1.0,0.0,0.0,0.0,0.0,0.0,0.0,0.0,0.0,0.0,0.0,0.0,62.71761537662568,79.08332991716861,27.083333333333332,56.93704512580086
MAT_0392,0.7777777777777777,0.3972602739726027,0.9484536082474226,0.1713870249809909,0.3333333333333333,0.2648809523809524,0.4175084175084175,0.8769230769230769,0.673913043478261,0.8888888888888888,0.6666666666666665,0.5,0.5621600621600622,0.4172219317663548,0.1748534465332524,0.8648648648648647,1.0,0.0,0.0,0.0,1.0,0.0,0.0,0.0,0.0,1.0,0.0,0.0,0.0,0.0,1.0,0.0,0.0,0.0,1.0,0.0,0.0,0.0,0.0,0.0,0.0,0.0,1.0,0.0,1.0,0.0,0.0,0.0,0.0,0.0,0.0,84.26315115533218,65.61546566094776,69.44444444444443,74.22323349375054
MAT_0393,1.0,0.780821917808219,0.4536082474226804,0.0006993123428628,0.1249999999999999,0.1339285714285714,0.0774410774410774,0.5692307692307692,0.7826086956521741,0.4444444444444445,0.3333333333333333,0.25,0.0994560994560994,0.959119881642324,0.141904184354154,0.7297297297297296,0.0,0.0,1.0,0.0,0.0,0.0,0.0,1.0,0.0,0.0,0.0,0.0,0.0,0.0,0.0,0.0,1.0,1.0,0.0,1.0,0.0,1.0,0.0,1.0,0.0,0.0,0.0,0.0,0.0,0.0,0.0,0.0,0.0,0.0,0.0,64.62187777257127,79.84223444502402,34.72222222222222,60.21808810920238
MAT_0394,0.7333333333333334,0.3972602739726027,0.9587628865979382,0.2221093702303845,0.375,0.244047619047619,0.4208754208754209,0.8615384615384616,0.7826086956521741,0.6666666666666665,0.7777777777777777,0.625,0.5843045843045844,0.3944180562198961,0.1906205781281584,0.8918918918918919,1.0,0.0,0.0,0.0,1.0,0.0,0.0,0.0,0.0,1.0,0.0,1.0,0.0,0.0,0.0,0.0,0.0,0.0,1.0,0.0,0.0,0.0,0.0,0.0,0.0,0.0,1.0,0.0,1.0,0.0,0.0,0.0,0.0,0.0,0.0,83.5748141311837,64.24141117288478,69.30555555555554,73.49401567100557
MAT_0395,0.977777777777778,0.821917808219178,0.5051546391752577,0.0011710706693973,0.1249999999999999,0.1428571428571428,0.0774410774410774,0.5538461538461539,0.7826086956521741,0.4444444444444445,0.3333333333333333,0.25,0.1138306138306138,0.9835033427144398,0.1287649080250656,0.6756756756756757,0.0,0.0,1.0,0.0,0.0,0.0,0.0,1.0,0.0,0.0,0.0,0.0,0.0,0.0,1.0,0.0,0.0,1.0,0.0,1.0,0.0,1.0,0.0,1.0,0.0,0.0,0.0,0.0,0.0,0.0,0.0,0.0,0.0,0.0,0.0,64.25058216563238,80.5486148512225,34.72222222222222,60.28148398828636
MAT_0396,0.6666666666666667,0.3698630136986301,0.9278350515463918,0.1624680175605099,0.375,0.2589285714285714,0.3703703703703703,0.8769230769230769,0.6304347826086958,0.8888888888888888,0.6666666666666665,0.5,0.5788655788655789,0.4054195356908462,0.1659591671720234,0.8108108108108107,1.0,0.0,0.0,0.0,1.0,0.0,0.0,0.0,0.0,1.0,0.0,0.0,0.0,0.0,0.0,0.0,1.0,0.0,1.0,0.0,0.0,0.0,0.0,0.0,0.0,0.0,1.0,0.0,1.0,0.0,0.0,0.0,0.0,0.0,0.0,84.76881661604185,64.63464707248818,69.44444444444443,74.13125410149652
MAT_0397,1.0,0.8356164383561644,0.5154639175257731,0.0014430254693995,0.1249999999999999,0.125,0.074074074074074,0.5538461538461539,0.847826086956522,0.4444444444444445,0.3333333333333333,0.25,0.101010101010101,0.918295382493298,0.1485748938750757,0.5945945945945945,0.0,0.0,1.0,0.0,0.0,0.0,0.0,1.0,0.0,0.0,0.0,1.0,0.0,0.0,0.0,0.0,0.0,1.0,0.0,1.0,0.0,1.0,0.0,1.0,0.0,0.0,0.0,0.0,0.0,0.0,0.0,0.0,0.0,0.0,0.0,64.95670923591803,80.80152648375815,34.72222222222222,60.63980830616132
MAT_0398,0.711111111111111,0.3561643835616437,0.9690721649484536,0.18593383173213,0.3333333333333333,0.2499999999999999,0.4175084175084175,0.8923076923076922,0.8043478260869565,0.6666666666666665,0.7777777777777777,0.625,0.5512820512820513,0.4062983191875146,0.1645441681827369,0.9189189189189192,1.0,0.0,0.0,0.0,1.0,0.0,0.0,0.0,0.0,1.0,0.0,0.0,0.0,0.0,1.0,0.0,0.0,0.0,1.0,0.0,0.0,0.0,0.0,0.0,0.0,0.0,1.0,0.0,1.0,0.0,0.0,0.0,0.0,0.0,0.0,84.4219850480361,66.8810156893844,69.30555555555554,74.62476539269642
MAT_0399,0.9333333333333332,0.7534246575342465,0.4948453608247423,0.0016705794857279,0.1666666666666666,0.1428571428571428,0.0841750841750841,0.5538461538461539,0.6956521739130435,0.4444444444444445,0.2222222222222222,0.25,0.106060606060606,0.9741259441360668,0.120274914089347,0.5675675675675673,0.0,0.0,1.0,0.0,0.0,0.0,0.0,1.0,0.0,0.0,0.0,0.0,0.0,0.0,0.0,0.0,1.0,1.0,0.0,1.0,0.0,1.0,0.0,1.0,0.0,0.0,0.0,0.0,0.0,0.0,0.0,0.0,0.0,0.0,0.0,64.23559690114246,80.98562949078413,30.833333333333336,59.23992760769222
MAT_0400,0.8222222222222224,0.3698630136986301,0.9896907216494844,0.2384655089162324,0.375,0.2499999999999999,0.404040404040404,0.8307692307692309,0.6086956521739131,0.6666666666666665,0.6666666666666665,0.5,0.5722610722610724,0.3805577494243412,0.1683848797250859,0.6216216216216217,1.0,0.0,0.0,0.0,1.0,0.0,0.0,0.0,0.0,1.0,0.0,1.0,0.0,0.0,0.0,0.0,0.0,0.0,1.0,0.0,0.0,0.0,0.0,0.0,0.0,0.0,1.0,0.0,1.0,0.0,0.0,0.0,0.0,0.0,0.0,82.84603473251305,66.12921442818349,61.66666666666665,71.47717822146026
MAT_0401,0.911111111111111,0.780821917808219,0.4845360824742267,0.000921316261232,0.1249999999999999,0.1369047619047619,0.0639730639730639,0.5692307692307692,0.6304347826086958,0.4444444444444445,0.3333333333333333,0.25,0.1421911421911422,0.912121650333159,0.1208813422276127,0.6486486486486485,0.0,0.0,1.0,0.0,0.0,0.0,0.0,1.0,0.0,0.0,0.0,0.0,0.0,0.0,1.0,0.0,0.0,1.0,0.0,1.0,0.0,1.0,0.0,1.0,0.0,0.0,0.0,0.0,0.0,0.0,0.0,0.0,0.0,0.0,0.0,64.49617003597257,78.95472427309905,34.72222222222222,59.90155196298541
MAT_0402,0.7777777777777777,0.3835616438356165,0.9381443298969072,0.4269856862973631,0.3333333333333333,0.2619047619047618,0.3973063973063973,0.7846153846153847,0.6086956521739131,0.8888888888888888,0.6666666666666665,0.625,0.5609945609945611,0.3896014327508148,0.1724277339801899,0.783783783783784,1.0,0.0,0.0,0.0,1.0,0.0,0.0,0.0,0.0,1.0,0.0,0.0,0.0,0.0,0.0,0.0,1.0,0.0,1.0,0.0,0.0,0.0,0.0,0.0,0.0,0.0,1.0,0.0,1.0,0.0,0.0,0.0,0.0,0.0,0.0,76.71423893488863,65.5403265288044,73.19444444444443,72.3061268659301
MAT_0403,0.9555555555555556,0.7671232876712328,0.4432989690721649,0.0007659135183735,0.0833333333333333,0.1220238095238095,0.074074074074074,0.5846153846153846,0.7173913043478262,0.4444444444444445,0.2222222222222222,0.125,0.1013986013986014,0.9118769258150996,0.1374570446735395,0.7297297297297296,0.0,0.0,1.0,0.0,0.0,0.0,0.0,1.0,0.0,0.0,0.0,1.0,0.0,0.0,0.0,0.0,0.0,1.0,0.0,1.0,0.0,1.0,0.0,1.0,0.0,0.0,0.0,0.0,0.0,0.0,0.0,0.0,0.0,0.0,0.0,65.09607021349642,79.67233797130704,27.083333333333332,58.06512947679068
MAT_0404,0.8888888888888888,0.6438356164383561,0.5154639175257731,0.1570566720502617,0.25,0.2023809523809523,0.3771043771043771,0.6923076923076923,0.6956521739130435,0.6666666666666665,0.6666666666666665,0.5,0.1421911421911422,0.503832163475978,0.1528198908429351,0.6756756756756757,1.0,0.0,0.0,0.0,1.0,0.0,0.0,0.0,0.0,1.0,0.0,0.0,0.0,0.0,1.0,0.0,0.0,0.0,1.0,0.0,0.0,0.0,0.0,0.0,0.0,0.0,1.0,0.0,1.0,0.0,0.0,0.0,0.0,0.0,0.0,87.19306174325405,78.6151245156703,61.66666666666665,76.96176205200271
