Unnamed: 0,Recyclability (%),Recycled Content (%),Reusability (%),Biodegradation Time (days),End-of-Life Disposal (%),Carbon Footprint (kg CO2/unit),CO2 Emission per kg (estimated),Waste Reduction Impact (%),Sustainability Target Progress (%),Load Handling Score,Moisture Resistance Score,Thermal Resistance Score,Cost per Unit (USD),Annual Usage (units),Total Material Weight (tons),Supplier Sustainability Compliance (%),Material ID,Packaging Type,Material Type,Suitable Product Categories,Recommended Packaging Use Cases,Supplier Region,Recyclability Category,suitability_score,predicted_score,rank
401,-0.1882200149350311,-0.6652264822047116,0.9515716655517544,1.2321987373779018,0.1730881503468767,0.0043190847086032,0.43351575592553,0.5045462461593098,-0.2221060784616492,1.197432064186977,0.3816928958563403,0.6980516394007099,0.8076006487335308,-0.6502322889120807,-0.1421411941631763,0.624003196847071,1.710619775561652,0.5930381131648669,0.6946906136791137,1.079332229440864,-1.1608812960213812,1.4392804857026436,1.0149634248429074,17.146297390532855,17.146297390532826,1.0
403,0.3949156141581653,0.0,0.0,-9.837610781411595e-17,0.0,0.0,0.0,0.0,0.0,4.2520230887157024e-16,0.0,0.0,0.0,0.0,0.0,0.0,1.727768845993348,0.5930381131648669,0.6946906136791137,1.079332229440864,-1.1608812960213812,0.3069157024039716,1.0149634248429074,16.985447635319243,16.985447635319208,2.0
397,-0.538101392390949,-0.7688948009705657,1.0561200246622662,0.0577358443413259,0.1730881503468767,-0.0492375656780781,0.5169877337745452,1.01160893244909,0.7786128613897819,0.2399615842914376,0.7875563180993618,0.6980516394007099,0.7722667832758849,-0.5941325312723872,-0.1776861043263025,1.3122169032766529,1.6763216346982608,0.5930381131648669,0.6946906136791137,1.079332229440864,-1.1608812960213812,0.3069157024039716,1.0149634248429074,16.936688950119922,16.93668895011989,3.0
399,0.0450342367022474,-0.7170606415876387,1.1258189307359407,0.3136828714777965,0.3533323999329009,-0.0492375656780781,0.4613397485418684,0.7218588259977871,-0.2221060784616492,0.2399615842914376,0.3816928958563403,0.1622139047750223,0.8485879326643999,-0.6806181003451727,-0.1603693532211897,-0.2018532508684273,1.6934707051299565,0.5930381131648669,0.6946906136791137,1.079332229440864,-1.1608812960213812,-1.3916314725440362,1.0149634248429074,16.839385860771078,16.83938586077104,4.0
395,-0.7713556440282276,-0.7170606415876387,0.9167222125149171,-0.056595273538547,0.3533323999329009,-0.009070077888067,0.3222197854601764,0.9391714058362642,-0.1109150851448235,1.197432064186977,0.3816928958563403,0.1622139047750223,0.8726149611755991,-0.5970851500955289,-0.1713062486559977,0.7616459381329873,1.659172564266565,0.5930381131648669,0.6946906136791137,1.079332229440864,-1.1608812960213812,1.4392804857026436,1.0149634248429074,16.824718899250325,16.824718899250293,5.0
393,-0.4214742665723097,-0.6133923228217846,1.021270571625429,0.2339918108363618,0.3533323999329009,-0.0760158908714188,0.5308997300827144,0.8667338792234385,0.6674218680729562,0.2399615842914376,0.7875563180993618,0.6980516394007099,0.8924019258318809,-0.6340489477675189,-0.0601144784021159,1.1745741619907364,1.6420234938348692,0.5930381131648669,0.6946906136791137,1.079332229440864,-1.1608812960213812,-1.3916314725440362,1.0149634248429074,16.71386187872292,16.713861878722884,6.0
391,-0.1882200149350311,-0.6133923228217846,0.9864211185885916,-0.013139713833496,0.1730881503468767,0.0177082473052736,0.5169877337745452,0.9391714058362642,0.1114669014888278,1.197432064186977,0.3816928958563403,0.1622139047750223,0.8118407125884483,-0.5574303580530806,-0.1312042987283682,1.03693142070482,1.6248744234031731,0.5930381131648669,0.6946906136791137,1.079332229440864,-1.1608812960213812,0.3069157024039716,1.0149634248429074,16.666020877416404,16.666020877416376,7.0
389,0.3949156141581653,-0.7170606415876387,1.021270571625429,-0.1663834330920674,0.3533323999329009,-0.0626267282747484,0.363955774384684,0.7218588259977871,-0.2221060784616492,0.7186968242392072,0.3816928958563403,0.6980516394007099,0.7736801378941907,-0.6502322889120807,-0.1448754180218783,-0.2018532508684273,1.6077253529714777,0.5930381131648669,0.6946906136791137,1.079332229440864,-1.1608812960213812,1.4392804857026436,1.0149634248429074,16.563769407002145,16.56376940700211,8.0
387,-0.1882200149350311,-0.6652264822047116,0.9515716655517544,1.2321987373779018,0.1730881503468767,-0.0492375656780781,0.4196037596173608,1.0840464590619157,-0.2221060784616492,0.2399615842914376,0.3816928958563403,0.1622139047750223,0.8076006487335308,-0.6502322889120807,-0.1421411941631763,0.624003196847071,1.5905762825397818,0.5930381131648669,0.6946906136791137,1.079332229440864,-1.1608812960213812,-1.3916314725440362,1.0149634248429074,16.399121053050273,16.39912105305024,9.0
383,-0.538101392390949,-0.7688948009705657,1.0561200246622662,0.0577358443413259,0.1730881503468767,-0.1697400290481109,0.4613397485418684,0.9391714058362642,0.7786128613897819,1.197432064186977,0.3816928958563403,0.1622139047750223,0.7722667832758849,-0.5941325312723872,-0.1776861043263025,1.3122169032766529,1.5562781416763904,0.5930381131648669,0.6946906136791137,1.079332229440864,-1.1608812960213812,1.4392804857026436,1.0149634248429074,16.385834893373595,16.385834893373563,10.0
385,0.0450342367022474,-0.7170606415876387,1.1258189307359407,0.3136828714777965,0.3533323999329009,0.0444865724986143,0.4891637411582068,0.7218588259977871,-0.2221060784616492,0.2399615842914376,0.7875563180993618,0.6980516394007099,0.8485879326643999,-0.6806181003451727,-0.1603693532211897,-0.2018532508684273,1.573427212108086,0.5930381131648669,0.6946906136791137,1.079332229440864,-1.1608812960213812,0.3069157024039716,1.0149634248429074,16.366125567837237,16.3661255678372,11.0
402,0.7447969916140832,0.7861299805172459,-0.7212020802164334,-0.8444470047187975,-0.9083773471692684,-0.6249715573349024,-0.9020358896587118,-0.4371415998074248,0.3338488881224792,-0.7175088956041015,-1.2417607931157453,-1.4452992991020406,-0.8643978647222729,1.1045576650794282,-0.2998147700149924,0.3487177142752382,1.7191943107775,-0.8590067214933529,-1.2679318193723683,-1.1009188740296814,0.129341657465931,-1.3916314725440362,-0.9852571782621392,16.35645350169523,16.356453501695196,12.0
400,0.5115427399768046,0.837964139900173,-0.5818042680690845,-0.8436898449977388,-0.7281330975832442,-0.5580257443515506,-0.9437718785832194,-0.5095791264202506,-0.1109150851448235,-0.7175088956041015,-0.8358973708727238,-0.9094615644763532,-0.7159956298001602,1.1053799133592903,-0.3745502221528474,-0.0642105095825109,1.7020452403458044,-0.8590067214933529,-1.2679318193723683,-1.1009188740296814,0.129341657465931,0.3069157024039716,-0.9852571782621392,16.353605481777326,16.35360548177729,13.0
398,0.6281698657954439,0.7342958211343189,-0.5469548150322472,-0.8400392534854911,-0.54788884799722,-0.5312474191582099,-0.8602999007342043,-0.5820166530330763,0.2226578948056535,-0.7175088956041015,-1.2417607931157453,-0.9094615644763532,-0.847437609302603,1.3137077275389388,-0.3772844460115494,-0.47713873344026,1.6848961699141085,-0.8590067214933529,-1.2679318193723683,-1.1009188740296814,0.129341657465931,1.4392804857026436,-0.9852571782621392,16.310841504075345,16.310841504075313,14.0
379,-0.4214742665723097,-0.6133923228217846,1.021270571625429,0.2339918108363618,0.3533323999329009,-0.0760158908714188,0.43351575592553,0.7942963526106128,0.6674218680729562,0.7186968242392072,0.7875563180993618,0.6980516394007099,0.8924019258318809,-0.6340489477675189,-0.0601144784021159,1.1745741619907364,1.521980000812999,0.5930381131648669,0.6946906136791137,1.079332229440864,-1.1608812960213812,0.3069157024039716,1.0149634248429074,16.209170937935582,16.209170937935546,15.0
396,0.9780512432513616,1.0453007774318812,-0.4772559089585727,-0.84114795164847,-0.7281330975832442,-0.6115823947382321,-0.9020358896587118,-0.5820166530330763,1.0009948480234334,-0.7175088956041015,-0.8358973708727238,-0.9094615644763532,-0.8658112193405787,1.1261229949649068,-0.2496873326054554,-0.3394959921543437,1.6677470994824128,-0.8590067214933529,-1.2679318193723683,-1.1009188740296814,0.129341657465931,-1.3916314725440362,-0.9852571782621392,16.178449095176855,16.17844909517682,16.0
394,0.8614241174327224,0.9934666180489542,-0.5121053619954099,-0.8424729811603229,-0.7281330975832442,-0.5312474191582099,-0.8881238933505426,-0.5820166530330763,0.6674218680729562,-0.7175088956041015,-0.8358973708727238,-0.9094615644763532,-0.8191705169364861,1.3452147866263884,-0.3390053119897212,0.0734322317034054,1.650598029050717,-0.8590067214933529,-1.2679318193723683,-1.1009188740296814,0.129341657465931,0.3069157024039716,-0.9852571782621392,16.171231556311973,16.171231556311934,17.0
381,-0.7713556440282276,-0.7170606415876387,0.9167222125149171,-0.056595273538547,0.3533323999329009,-0.0894050534680888,0.5308997300827144,0.9391714058362642,-0.1109150851448235,0.2399615842914376,1.1934197403423832,0.6980516394007099,0.8726149611755991,-0.5970851500955289,-0.1713062486559977,0.7616459381329873,1.5391290712446946,0.5930381131648669,0.6946906136791137,1.079332229440864,-1.1608812960213812,-1.3916314725440362,1.0149634248429074,16.140030716624917,16.140030716624892,18.0
392,0.9780512432513616,0.837964139900173,-0.6863526271795962,-0.8447715017421084,-0.7281330975832442,-0.571414906948221,-0.8881238933505426,-0.5095791264202506,0.6674218680729562,-0.7175088956041015,-0.8358973708727238,-0.9094615644763532,-0.8714646378138022,1.2632889580146571,-0.2797637950511776,0.3487177142752382,1.6334489586190213,-0.8590067214933529,-1.2679318193723683,-1.1009188740296814,0.129341657465931,1.4392804857026436,-0.9852571782621392,16.135080375629258,16.135080375629226,19.0
377,-0.1882200149350311,-0.6133923228217846,0.9864211185885916,-0.013139713833496,0.1730881503468767,0.0177082473052736,0.43351575592553,0.7942963526106128,0.1114669014888278,0.2399615842914376,0.3816928958563403,0.1622139047750223,0.8118407125884483,-0.5574303580530806,-0.1312042987283682,1.03693142070482,1.504830930381303,0.5930381131648669,0.6946906136791137,1.079332229440864,-1.1608812960213812,1.4392804857026436,1.0149634248429074,16.075458534887513,16.07545853488748,20.0
388,0.7447969916140832,0.7861299805172459,-0.7212020802164334,-0.8444470047187975,-0.9083773471692684,-0.5446365817548803,-0.8602999007342043,-0.5820166530330763,0.3338488881224792,-0.2387736556563319,-1.2417607931157453,-0.3736238298506654,-0.8643978647222729,1.1045576650794282,-0.2998147700149924,0.3487177142752382,1.5991508177556295,-0.8590067214933529,-1.2679318193723683,-1.1009188740296814,0.129341657465931,0.3069157024039716,-0.9852571782621392,15.902541430962069,15.902541430962039,21.0
373,-0.1882200149350311,-0.6652264822047116,0.9515716655517544,1.2321987373779018,0.1730881503468767,0.0043190847086032,0.363955774384684,0.5045462461593098,-0.2221060784616492,0.2399615842914376,0.7875563180993618,0.1622139047750223,0.8076006487335308,-0.6502322889120807,-0.1421411941631763,0.624003196847071,1.4705327895179117,0.5930381131648669,0.6946906136791137,1.079332229440864,-1.1608812960213812,0.3069157024039716,1.0149634248429074,15.874236701234459,15.874236701234434,22.0
375,0.3949156141581653,-0.7170606415876387,1.021270571625429,-0.1663834330920674,0.3533323999329009,0.0310974099019439,0.4891637411582068,0.8667338792234385,-0.2221060784616492,0.7186968242392072,0.3816928958563403,0.6980516394007099,0.7736801378941907,-0.6502322889120807,-0.1448754180218783,-0.2018532508684273,1.487681859949607,0.5930381131648669,0.6946906136791137,1.079332229440864,-1.1608812960213812,-1.3916314725440362,1.0149634248429074,15.87263822812328,15.87263822812325,23.0
390,0.278288488339526,0.8897982992831001,-0.6515031741427589,-0.8448526259979361,-0.7281330975832442,-0.3571883054014956,-0.8881238933505426,-0.5820166530330763,0.6674218680729562,-0.7175088956041015,-1.2417607931157453,-1.4452992991020406,-0.8078636799900394,1.1133781466270416,-0.2660926757576675,-0.2018532508684273,1.6162998881873256,-0.8590067214933529,-1.2679318193723683,-1.1009188740296814,0.129341657465931,-1.3916314725440362,-0.9852571782621392,15.8482327474303,15.848232747430272,24.0
371,0.0450342367022474,-0.7170606415876387,1.1258189307359407,0.3136828714777965,0.3533323999329009,-0.0492375656780781,0.4752517448500376,0.7218588259977871,-0.2221060784616492,0.7186968242392072,0.7875563180993618,0.6980516394007099,0.8485879326643999,-0.6806181003451727,-0.1603693532211897,-0.2018532508684273,1.4533837190862158,0.5930381131648669,0.6946906136791137,1.079332229440864,-1.1608812960213812,1.4392804857026436,1.0149634248429074,15.840434750993056,15.84043475099303,25.0
386,0.5115427399768046,0.837964139900173,-0.5818042680690845,-0.8436898449977388,-0.7281330975832442,-0.450912443578188,-0.9298598822750502,-0.5095791264202506,-0.1109150851448235,-0.7175088956041015,-0.4300339486297024,-0.9094615644763532,-0.7159956298001602,1.1053799133592903,-0.3745502221528474,-0.0642105095825109,1.582001747323934,-0.8590067214933529,-1.2679318193723683,-1.1009188740296814,0.129341657465931,1.4392804857026436,-0.9852571782621392,15.834405898844047,15.834405898844015,26.0
369,-0.538101392390949,-0.7688948009705657,1.0561200246622662,0.0577358443413259,0.1730881503468767,-0.0492375656780781,0.5308997300827144,1.01160893244909,0.7786128613897819,1.197432064186977,0.3816928958563403,0.1622139047750223,0.7722667832758849,-0.5941325312723872,-0.1776861043263025,1.3122169032766529,1.43623464865452,0.5930381131648669,0.6946906136791137,1.079332229440864,-1.1608812960213812,-1.3916314725440362,1.0149634248429074,15.690482581717559,15.69048258171753,27.0
380,0.8614241174327224,0.9934666180489542,-0.5121053619954099,-0.8424729811603229,-0.7281330975832442,-0.5178582565615396,-0.8742118970423735,-0.3647040731945991,0.6674218680729562,-0.2387736556563319,-1.2417607931157453,-0.3736238298506654,-0.8191705169364861,1.3452147866263884,-0.3390053119897212,0.0734322317034054,1.5305545360288468,-0.8590067214933529,-1.2679318193723683,-1.1009188740296814,0.129341657465931,1.4392804857026436,-0.9852571782621392,15.665633413868242,15.66563341386821,28.0
382,0.9780512432513616,1.0453007774318812,-0.4772559089585727,-0.84114795164847,-0.7281330975832442,-0.6115823947382321,-0.8742118970423735,-0.5820166530330763,1.0009948480234334,-1.1962441355518711,-0.8358973708727238,-0.9094615644763532,-0.8658112193405787,1.1261229949649068,-0.2496873326054554,-0.3394959921543437,1.5477036064605425,-0.8590067214933529,-1.2679318193723683,-1.1009188740296814,0.129341657465931,0.3069157024039716,-0.9852571782621392,15.642098779951633,15.642098779951603,29.0
367,-0.7713556440282276,-0.7170606415876387,0.9167222125149171,-0.056595273538547,0.3533323999329009,-0.0894050534680888,0.43351575592553,0.9391714058362642,-0.1109150851448235,0.2399615842914376,1.1934197403423832,0.6980516394007099,0.8726149611755991,-0.5970851500955289,-0.1713062486559977,0.7616459381329873,1.4190855782228242,0.5930381131648669,0.6946906136791137,1.079332229440864,-1.1608812960213812,0.3069157024039716,1.0149634248429074,15.618410704448626,15.618410704448596,30.0
365,-0.4214742665723097,-0.6133923228217846,1.021270571625429,0.2339918108363618,0.3533323999329009,-0.0760158908714188,0.4196037596173608,0.7942963526106128,0.6674218680729562,0.2399615842914376,0.3816928958563403,0.1622139047750223,0.8924019258318809,-0.6340489477675189,-0.0601144784021159,1.1745741619907364,1.4019365077911283,0.5930381131648669,0.6946906136791137,1.079332229440864,-1.1608812960213812,1.4392804857026436,1.0149634248429074,15.608253141983587,15.608253141983555,31.0
384,0.6281698657954439,0.7342958211343189,-0.5469548150322472,-0.8400392534854911,-0.54788884799722,-0.6249715573349024,-0.8881238933505426,-0.5820166530330763,0.2226578948056535,-0.7175088956041015,-1.2417607931157453,-1.4452992991020406,-0.847437609302603,1.3137077275389388,-0.3772844460115494,-0.47713873344026,1.5648526768922382,-0.8590067214933529,-1.2679318193723683,-1.1009188740296814,0.129341657465931,-1.3916314725440362,-0.9852571782621392,15.577160615880047,15.577160615880018,32.0
378,0.9780512432513616,0.837964139900173,-0.6863526271795962,-0.8447715017421084,-0.7281330975832442,-0.571414906948221,-0.8881238933505426,-0.5095791264202506,0.6674218680729562,-0.7175088956041015,-0.8358973708727238,-0.9094615644763532,-0.8714646378138022,1.2632889580146571,-0.2797637950511776,0.3487177142752382,1.513405465597151,-0.8590067214933529,-1.2679318193723683,-1.1009188740296814,0.129341657465931,-1.3916314725440362,-0.9852571782621392,15.428790565159737,15.42879056515971,33.0
363,-0.1882200149350311,-0.6133923228217846,0.9864211185885916,-0.013139713833496,0.1730881503468767,0.0177082473052736,0.5448117263908836,0.7942963526106128,0.1114669014888278,1.197432064186977,0.3816928958563403,0.1622139047750223,0.8118407125884483,-0.5574303580530806,-0.1312042987283682,1.03693142070482,1.3847874373594329,0.5930381131648669,0.6946906136791137,1.079332229440864,-1.1608812960213812,-1.3916314725440362,1.0149634248429074,15.413700659849694,15.413700659849667,34.0
359,-0.1882200149350311,-0.6652264822047116,0.9515716655517544,1.2321987373779018,0.1730881503468767,-0.0492375656780781,0.4056917633091916,1.0840464590619157,-0.2221060784616492,0.7186968242392072,0.3816928958563403,0.6980516394007099,0.8076006487335308,-0.6502322889120807,-0.1421411941631763,0.624003196847071,1.350489296496041,0.5930381131648669,0.6946906136791137,1.079332229440864,-1.1608812960213812,1.4392804857026436,1.0149634248429074,15.382099634319781,15.382099634319752,35.0
376,0.278288488339526,0.8897982992831001,-0.6515031741427589,-0.8448526259979361,-0.7281330975832442,-0.3571883054014956,-0.9020358896587118,-0.5820166530330763,0.6674218680729562,-0.2387736556563319,-1.2417607931157453,-0.9094615644763532,-0.8078636799900394,1.1133781466270416,-0.2660926757576675,-0.2018532508684273,1.4962563951654553,-0.8590067214933529,-1.2679318193723683,-1.1009188740296814,0.129341657465931,0.3069157024039716,-0.9852571782621392,15.372364608271608,15.372364608271578,36.0
361,0.3949156141581653,-0.7170606415876387,1.021270571625429,-0.1663834330920674,0.3533323999329009,0.0310974099019439,0.4891637411582068,0.8667338792234385,-0.2221060784616492,0.7186968242392072,0.7875563180993618,0.6980516394007099,0.7736801378941907,-0.6502322889120807,-0.1448754180218783,-0.2018532508684273,1.367638366927737,0.5930381131648669,0.6946906136791137,1.079332229440864,-1.1608812960213812,0.3069157024039716,1.0149634248429074,15.37198685746366,15.371986857463634,37.0
374,0.7447969916140832,0.7861299805172459,-0.7212020802164334,-0.8444470047187975,-0.9083773471692684,-0.6249715573349024,-0.8602999007342043,-0.5820166530330763,0.3338488881224792,-0.2387736556563319,-1.2417607931157453,-0.3736238298506654,-0.8643978647222729,1.1045576650794282,-0.2998147700149924,0.3487177142752382,1.4791073247337594,-0.8590067214933529,-1.2679318193723683,-1.1009188740296814,0.129341657465931,1.4392804857026436,-0.9852571782621392,15.358040860741104,15.358040860741076,38.0
355,-0.538101392390949,-0.7688948009705657,1.0561200246622662,0.0577358443413259,0.1730881503468767,-0.1697400290481109,0.4474277522336992,0.9391714058362642,0.7786128613897819,1.197432064186977,0.3816928958563403,0.6980516394007099,0.7722667832758849,-0.5941325312723872,-0.1776861043263025,1.3122169032766529,1.3161911556326498,0.5930381131648669,0.6946906136791137,1.079332229440864,-1.1608812960213812,0.3069157024039716,1.0149634248429074,15.18372964208089,15.183729642080865,39.0
370,0.6281698657954439,0.7342958211343189,-0.5469548150322472,-0.8400392534854911,-0.54788884799722,-0.5312474191582099,-0.8742118970423735,-0.5820166530330763,0.2226578948056535,-0.7175088956041015,-0.8358973708727238,-0.9094615644763532,-0.847437609302603,1.3137077275389388,-0.3772844460115494,-0.47713873344026,1.4448091838703678,-0.8590067214933529,-1.2679318193723683,-1.1009188740296814,0.129341657465931,0.3069157024039716,-0.9852571782621392,15.103320656433366,15.103320656433338,40.0
357,0.0450342367022474,-0.7170606415876387,1.1258189307359407,0.3136828714777965,0.3533323999329009,0.0444865724986143,0.5169877337745452,0.7218588259977871,-0.2221060784616492,0.2399615842914376,0.3816928958563403,0.6980516394007099,0.8485879326643999,-0.6806181003451727,-0.1603693532211897,-0.2018532508684273,1.3333402260643454,0.5930381131648669,0.6946906136791137,1.079332229440864,-1.1608812960213812,-1.3916314725440362,1.0149634248429074,15.102930834894806,15.10293083489478,41.0
372,0.5115427399768046,0.837964139900173,-0.5818042680690845,-0.8436898449977388,-0.7281330975832442,-0.5580257443515506,-0.9298598822750502,-0.5095791264202506,-0.1109150851448235,-0.7175088956041015,-0.4300339486297024,-1.4452992991020406,-0.7159956298001602,1.1053799133592903,-0.3745502221528474,-0.0642105095825109,1.4619582543020635,-0.8590067214933529,-1.2679318193723683,-1.1009188740296814,0.129341657465931,-1.3916314725440362,-0.9852571782621392,15.101326461899568,15.101326461899536,42.0
368,0.9780512432513616,1.0453007774318812,-0.4772559089585727,-0.84114795164847,-0.7281330975832442,-0.6115823947382321,-0.8881238933505426,-0.5820166530330763,1.0009948480234334,-1.1962441355518711,-0.8358973708727238,-0.9094615644763532,-0.8658112193405787,1.1261229949649068,-0.2496873326054554,-0.3394959921543437,1.4276601134386722,-0.8590067214933529,-1.2679318193723683,-1.1009188740296814,0.129341657465931,1.4392804857026436,-0.9852571782621392,15.100365833866993,15.100365833866967,43.0
353,-0.7713556440282276,-0.7170606415876387,0.9167222125149171,-0.056595273538547,0.3533323999329009,-0.009070077888067,0.3500437780765148,0.9391714058362642,-0.1109150851448235,0.2399615842914376,1.1934197403423832,0.1622139047750223,0.8726149611755991,-0.5970851500955289,-0.1713062486559977,0.7616459381329873,1.299042085200954,0.5930381131648669,0.6946906136791137,1.079332229440864,-1.1608812960213812,1.4392804857026436,1.0149634248429074,15.054800144172878,15.054800144172853,44.0
351,-0.4214742665723097,-0.6133923228217846,1.021270571625429,0.2339918108363618,0.3533323999329009,0.0310974099019439,0.3778677706928532,0.7942963526106128,0.6674218680729562,0.7186968242392072,0.7875563180993618,0.6980516394007099,0.8924019258318809,-0.6340489477675189,-0.0601144784021159,1.1745741619907364,1.2818930147692582,0.5930381131648669,0.6946906136791137,1.079332229440864,-1.1608812960213812,-1.3916314725440362,1.0149634248429074,14.963872236041786,14.963872236041757,45.0
366,0.8614241174327224,0.9934666180489542,-0.5121053619954099,-0.8424729811603229,-0.7281330975832442,-0.5178582565615396,-0.8881238933505426,-0.3647040731945991,0.6674218680729562,-0.2387736556563319,-1.2417607931157453,-0.3736238298506654,-0.8191705169364861,1.3452147866263884,-0.3390053119897212,0.0734322317034054,1.4105110430069765,-0.8590067214933529,-1.2679318193723683,-1.1009188740296814,0.129341657465931,-1.3916314725440362,-0.9852571782621392,14.95876393688588,14.958763936885848,46.0
364,0.9780512432513616,0.837964139900173,-0.6863526271795962,-0.8447715017421084,-0.7281330975832442,-0.571414906948221,-0.8602999007342043,-0.5820166530330763,0.6674218680729562,-0.7175088956041015,-0.8358973708727238,-0.9094615644763532,-0.8714646378138022,1.2632889580146571,-0.2797637950511776,0.3487177142752382,1.3933619725752806,-0.8590067214933529,-1.2679318193723683,-1.1009188740296814,0.129341657465931,0.3069157024039716,-0.9852571782621392,14.909369321323473,14.909369321323446,47.0
349,-0.1882200149350311,-0.6133923228217846,0.9864211185885916,-0.013139713833496,0.1730881503468767,-0.0492375656780781,0.43351575592553,0.7942963526106128,0.1114669014888278,1.197432064186977,0.3816928958563403,0.1622139047750223,0.8118407125884483,-0.5574303580530806,-0.1312042987283682,1.03693142070482,1.2647439443375623,0.5930381131648669,0.6946906136791137,1.079332229440864,-1.1608812960213812,0.3069157024039716,1.0149634248429074,14.888711572286253,14.888711572286228,48.0
362,0.7447969916140832,0.8897982992831001,-0.6515031741427589,-0.8448526259979361,-0.7281330975832442,-0.3571883054014956,-0.8881238933505426,-0.5820166530330763,0.6674218680729562,-0.2387736556563319,-1.2417607931157453,-0.9094615644763532,-0.8078636799900394,1.1133781466270416,-0.2660926757576675,-0.2018532508684273,1.376212902143585,-0.8590067214933529,-1.2679318193723683,-1.1009188740296814,0.129341657465931,1.4392804857026436,-0.9852571782621392,14.851228849515755,14.851228849515726,49.0
347,0.3949156141581653,-0.7170606415876387,1.021270571625429,-0.1663834330920674,0.3533323999329009,-0.0626267282747484,0.3917797670010224,0.8667338792234385,-0.2221060784616492,0.7186968242392072,0.7875563180993618,0.6980516394007099,0.7736801378941907,-0.6502322889120807,-0.1448754180218783,-0.2018532508684273,1.2475948739058669,0.5930381131648669,0.6946906136791137,1.079332229440864,-1.1608812960213812,1.4392804857026436,1.0149634248429074,14.822870739877951,14.822870739877922,50.0
345,-0.1882200149350311,-0.6652264822047116,0.9515716655517544,1.2321987373779018,0.1730881503468767,0.0043190847086032,0.43351575592553,0.5045462461593098,-0.2221060784616492,0.7186968242392072,0.7875563180993618,0.6980516394007099,0.8076006487335308,-0.6502322889120807,-0.1421411941631763,0.624003196847071,1.230445803474171,0.5930381131648669,0.6946906136791137,1.079332229440864,-1.1608812960213812,-1.3916314725440362,1.0149634248429074,14.671965817697902,14.67196581769788,51.0
343,-0.4214742665723097,-0.7688948009705657,1.0561200246622662,0.0577358443413259,0.1730881503468767,-0.0492375656780781,0.4891637411582068,1.01160893244909,0.7786128613897819,1.197432064186977,0.3816928958563403,0.1622139047750223,0.7722667832758849,-0.5941325312723872,-0.1776861043263025,1.3122169032766529,1.213296733042475,0.5930381131648669,0.6946906136791137,1.079332229440864,-1.1608812960213812,0.3069157024039716,1.0149634248429074,14.671753431560477,14.671753431560456,52.0
360,0.9780512432513616,0.7861299805172459,-0.7212020802164334,-0.8444470047187975,-0.9083773471692684,-0.5446365817548803,-0.8742118970423735,-0.5095791264202506,0.3338488881224792,-0.7175088956041015,-1.2417607931157453,-1.4452992991020406,-0.8643978647222729,1.1045576650794282,-0.2998147700149924,0.3487177142752382,1.359063831711889,-0.8590067214933529,-1.2679318193723683,-1.1009188740296814,0.129341657465931,-1.3916314725440362,-0.9852571782621392,14.602655385618364,14.602655385618341,53.0
358,0.5115427399768046,0.837964139900173,-0.5818042680690845,-0.8436898449977388,-0.7281330975832442,-0.450912443578188,-0.915947885966881,-0.5095791264202506,-0.1109150851448235,-1.1962441355518711,-0.8358973708727238,-0.3736238298506654,-0.7159956298001602,1.1053799133592903,-0.3745502221528474,-0.0642105095825109,1.3419147612801934,-0.8590067214933529,-1.2679318193723683,-1.1009188740296814,0.129341657465931,0.3069157024039716,-0.9852571782621392,14.596601702985742,14.596601702985716,54.0
341,0.0450342367022474,-0.7170606415876387,1.1258189307359407,0.3136828714777965,0.1730881503468767,0.0310974099019439,0.4613397485418684,0.5769837727721355,-0.2221060784616492,0.7186968242392072,0.3816928958563403,0.6980516394007099,0.8485879326643999,-0.6806181003451727,-0.1603693532211897,-0.2018532508684273,1.1961476626107794,0.5930381131648669,0.6946906136791137,1.079332229440864,-1.1608812960213812,1.4392804857026436,1.0149634248429074,14.552026592565626,14.552026592565609,55.0
356,0.6281698657954439,0.7342958211343189,-0.5469548150322472,-0.8400392534854911,-0.54788884799722,-0.6249715573349024,-0.9020358896587118,-0.5820166530330763,0.2226578948056535,-0.7175088956041015,-1.2417607931157453,-1.4452992991020406,-0.847437609302603,1.3137077275389388,-0.3772844460115494,-0.47713873344026,1.3247656908484975,-0.8590067214933529,-1.2679318193723683,-1.1009188740296814,0.129341657465931,1.4392804857026436,-0.9852571782621392,14.517865323208994,14.51786532320897,56.0
337,0.278288488339526,-0.6133923228217846,1.021270571625429,0.2339918108363618,0.3533323999329009,-0.009070077888067,0.3778677706928532,0.7942963526106128,0.6674218680729562,0.2399615842914376,0.3816928958563403,0.6980516394007099,0.8924019258318809,-0.6340489477675189,-0.0601144784021159,1.1745741619907364,1.161849521747388,0.5930381131648669,0.6946906136791137,1.079332229440864,-1.1608812960213812,0.3069157024039716,1.0149634248429074,14.43693474799417,14.436934747994142,57.0
335,-0.1882200149350311,-0.6133923228217846,0.9864211185885916,-0.013139713833496,0.3533323999329009,0.0177082473052736,0.3083077891520075,0.9391714058362642,0.1114669014888278,1.197432064186977,1.1934197403423832,0.6980516394007099,0.8118407125884483,-0.5574303580530806,-0.1312042987283682,1.03693142070482,1.144700451315692,0.5930381131648669,0.6946906136791137,1.079332229440864,-1.1608812960213812,1.4392804857026436,1.0149634248429074,14.414825864720006,14.414825864719981,58.0
354,0.9780512432513616,1.0453007774318812,-0.4772559089585727,-0.84114795164847,-0.7281330975832442,-0.6115823947382321,-0.8742118970423735,-0.654454179645902,1.0009948480234334,-0.7175088956041015,-0.8358973708727238,-0.9094615644763532,-0.8658112193405787,1.1261229949649068,-0.2496873326054554,-0.3394959921543437,1.3076166204168018,-0.8590067214933529,-1.2679318193723683,-1.1009188740296814,0.129341657465931,-1.3916314725440362,-0.9852571782621392,14.411584761299268,14.411584761299244,59.0
352,0.8614241174327224,0.9934666180489542,-0.5121053619954099,-0.8424729811603229,-0.7281330975832442,-0.6115823947382321,-0.8602999007342043,-0.5820166530330763,0.6674218680729562,-1.1962441355518711,-0.8358973708727238,-0.3736238298506654,-0.8191705169364861,1.3452147866263884,-0.3390053119897212,0.0734322317034054,1.2904675499851062,-0.8590067214933529,-1.2679318193723683,-1.1009188740296814,0.129341657465931,0.3069157024039716,-0.9852571782621392,14.406417432672335,14.406417432672301,60.0
350,0.9780512432513616,0.837964139900173,-0.6863526271795962,-0.8447715017421084,-0.7281330975832442,-0.3571883054014956,-0.9020358896587118,-0.5820166530330763,0.6674218680729562,-0.7175088956041015,-0.8358973708727238,-0.9094615644763532,-0.8714646378138022,1.2632889580146571,-0.2797637950511776,0.3487177142752382,1.2733184795534105,-0.8590067214933529,-1.2679318193723683,-1.1009188740296814,0.129341657465931,1.4392804857026436,-0.9852571782621392,14.375403150610934,14.375403150610905,61.0
339,-0.7713556440282276,-0.7170606415876387,0.9167222125149171,-0.056595273538547,0.3533323999329009,-0.009070077888067,0.5169877337745452,0.9391714058362642,-0.1109150851448235,0.2399615842914376,1.1934197403423832,0.1622139047750223,0.8726149611755991,-0.5970851500955289,-0.1713062486559977,0.7616459381329873,1.1789985921790835,0.5930381131648669,0.6946906136791137,1.079332229440864,-1.1608812960213812,-1.3916314725440362,1.0149634248429074,14.355466331857443,14.35546633185742,62.0
333,-0.4214742665723097,-0.7688948009705657,1.0561200246622662,0.0577358443413259,0.1730881503468767,-0.0492375656780781,0.4613397485418684,1.01160893244909,0.7786128613897819,1.197432064186977,0.3816928958563403,0.1622139047750223,0.7722667832758849,-0.5941325312723872,-0.1776861043263025,1.3122169032766529,1.1275513808839963,0.5930381131648669,0.6946906136791137,1.079332229440864,-1.1608812960213812,-1.3916314725440362,1.0149634248429074,14.17958190990536,14.17958190990534,63.0
348,0.7447969916140832,0.8897982992831001,-0.6515031741427589,-0.8448526259979361,-0.7281330975832442,-0.450912443578188,-0.9020358896587118,-0.654454179645902,0.6674218680729562,-0.7175088956041015,-1.2417607931157453,-0.9094615644763532,-0.8078636799900394,1.1133781466270416,-0.2660926757576675,-0.2018532508684273,1.2561694091217146,-0.8590067214933529,-1.2679318193723683,-1.1009188740296814,0.129341657465931,-1.3916314725440362,-0.9852571782621392,14.117488668169338,14.117488668169315,64.0
329,-0.4214742665723097,-0.6133923228217846,1.021270571625429,0.2339918108363618,0.3533323999329009,-0.0492375656780781,0.5308997300827144,0.8667338792234385,0.6674218680729562,0.7186968242392072,0.3816928958563403,0.6980516394007099,0.8924019258318809,-0.6340489477675189,-0.0601144784021159,1.1745741619907364,1.0932532400206048,0.5930381131648669,0.6946906136791137,1.079332229440864,-1.1608812960213812,0.3069157024039716,1.0149634248429074,14.099254673057578,14.099254673057553,65.0
346,0.9780512432513616,0.7861299805172459,-0.7212020802164334,-0.8444470047187975,-0.9083773471692684,-0.6249715573349024,-0.8881238933505426,-0.4371415998074248,0.3338488881224792,-0.7175088956041015,-1.2417607931157453,-1.4452992991020406,-0.8643978647222729,1.1045576650794282,-0.2998147700149924,0.3487177142752382,1.2390203386900187,-0.8590067214933529,-1.2679318193723683,-1.1009188740296814,0.129341657465931,0.3069157024039716,-0.9852571782621392,14.08418431214548,14.084184312145458,66.0
344,0.5115427399768046,0.837964139900173,-0.5818042680690845,-0.8436898449977388,-0.7281330975832442,-0.5580257443515506,-0.9298598822750502,-0.5095791264202506,-0.1109150851448235,-0.2387736556563319,-1.2417607931157453,-0.3736238298506654,-0.7159956298001602,1.1053799133592903,-0.3745502221528474,-0.0642105095825109,1.221871268258323,-0.8590067214933529,-1.2679318193723683,-1.1009188740296814,0.129341657465931,1.4392804857026436,-0.9852571782621392,14.0733893301044,14.073389330104375,67.0
331,0.3949156141581653,-0.7170606415876387,1.021270571625429,-0.1663834330920674,0.3533323999329009,0.0310974099019439,0.4891637411582068,0.7218588259977871,-0.2221060784616492,0.2399615842914376,0.7875563180993618,0.1622139047750223,0.7736801378941907,-0.6502322889120807,-0.1448754180218783,-0.2018532508684273,1.1104023104523006,0.5930381131648669,0.6946906136791137,1.079332229440864,-1.1608812960213812,-0.8254490808947003,1.0149634248429074,14.015776487981443,14.015776487981421,68.0
327,-0.7713556440282276,-0.7170606415876387,0.9167222125149171,-0.056595273538547,0.3533323999329009,-0.0894050534680888,0.5587237226990528,0.9391714058362642,-0.1109150851448235,0.7186968242392072,0.3816928958563403,0.6980516394007099,0.8726149611755991,-0.5970851500955289,-0.1713062486559977,0.7616459381329873,1.076104169588909,0.5930381131648669,0.6946906136791137,1.079332229440864,-1.1608812960213812,0.8730980940533075,1.0149634248429074,13.952386427167403,13.95238642716738,69.0
342,0.8614241174327224,1.0453007774318812,-0.4772559089585727,-0.84114795164847,-0.7281330975832442,-0.5446365817548803,-0.8881238933505426,-0.5820166530330763,1.0009948480234334,-0.7175088956041015,-0.8358973708727238,-0.9094615644763532,-0.8658112193405787,1.1261229949649068,-0.2496873326054554,-0.3394959921543437,1.2047221978266272,-0.8590067214933529,-1.2679318193723683,-1.1009188740296814,0.129341657465931,-1.3916314725440362,-0.9852571782621392,13.907666002752565,13.907666002752546,70.0
325,-0.1882200149350311,-0.6652264822047116,0.9515716655517544,1.2321987373779018,0.1730881503468767,0.0310974099019439,0.5169877337745452,0.5045462461593098,-0.2221060784616492,0.2399615842914376,0.7875563180993618,0.6980516394007099,0.8076006487335308,-0.6502322889120807,-0.1421411941631763,0.624003196847071,1.0589550991572132,0.5930381131648669,0.6946906136791137,1.079332229440864,-1.1608812960213812,-0.2592666892453643,1.0149634248429074,13.863315365284414,13.863315365284395,71.0
340,0.6281698657954439,0.7342958211343189,-0.5469548150322472,-0.8400392534854911,-0.54788884799722,-0.5312474191582099,-0.9020358896587118,-0.5820166530330763,0.2226578948056535,-0.7175088956041015,-0.8358973708727238,-0.9094615644763532,-0.847437609302603,1.3137077275389388,-0.3772844460115494,-0.47713873344026,1.1875731273949317,-0.8590067214933529,-1.2679318193723683,-1.1009188740296814,0.129341657465931,0.3069157024039716,-0.9852571782621392,13.841443154387877,13.84144315438785,72.0
338,0.278288488339526,0.8897982992831001,-0.6515031741427589,-0.8448526259979361,-0.7281330975832442,-0.450912443578188,-0.8602999007342043,-0.654454179645902,0.6674218680729562,-0.7175088956041015,-1.2417607931157453,-1.4452992991020406,-0.8078636799900394,1.1133781466270416,-0.2660926757576675,-0.2018532508684273,1.1704240569632358,-0.8590067214933529,-1.2679318193723683,-1.1009188740296814,0.129341657465931,1.4392804857026436,-0.9852571782621392,13.775178516382356,13.775178516382335,73.0
321,0.0450342367022474,-0.7170606415876387,1.1258189307359407,0.3136828714777965,0.3533323999329009,-0.0492375656780781,0.43351575592553,0.7218588259977871,-0.2221060784616492,0.7186968242392072,0.7875563180993618,0.6980516394007099,0.8485879326643999,-0.6806181003451727,-0.1603693532211897,-0.2018532508684273,1.024656958293822,0.5930381131648669,0.6946906136791137,1.079332229440864,-1.1608812960213812,1.4392804857026436,1.0149634248429074,13.737498803088187,13.737498803088167,74.0
323,-0.4214742665723097,-0.7688948009705657,0.9167222125149171,0.0577358443413259,0.1730881503468767,-0.1697400290481109,0.3500437780765148,0.9391714058362642,0.7786128613897819,0.2399615842914376,0.7875563180993618,0.1622139047750223,0.7722667832758849,-0.5941325312723872,-0.1776861043263025,1.3122169032766529,1.0418060287255175,0.5930381131648669,0.6946906136791137,1.079332229440864,-1.1608812960213812,-1.3916314725440362,1.0149634248429074,13.717874152305088,13.71787415230507,75.0
336,0.9780512432513616,0.837964139900173,-0.6863526271795962,-0.8447715017421084,-0.7281330975832442,-0.571414906948221,-0.9020358896587118,-0.5820166530330763,0.6674218680729562,-0.7175088956041015,-1.2417607931157453,-0.9094615644763532,-0.8714646378138022,1.2632889580146571,-0.2797637950511776,0.3487177142752382,1.15327498653154,-0.8590067214933529,-1.2679318193723683,-1.1009188740296814,0.129341657465931,-1.3916314725440362,-0.9852571782621392,13.643276255816836,13.643276255816813,76.0
317,-0.7713556440282276,-0.6133923228217846,1.0561200246622662,0.0409431233849869,0.1730881503468767,0.0177082473052736,0.5587237226990528,0.9391714058362642,0.6674218680729562,1.197432064186977,0.7875563180993618,0.6980516394007099,0.7934671025504725,-0.7854921309494233,-0.1375841543986729,1.7251451271344018,0.9903588174304302,0.5930381131648669,0.6946906136791137,1.079332229440864,-1.1608812960213812,0.3069157024039716,1.0149634248429074,13.619392589434257,13.619392589434238,77.0
319,-0.1882200149350311,-0.6133923228217846,0.9864211185885916,-0.013139713833496,0.1730881503468767,-0.0492375656780781,0.43351575592553,0.7942963526106128,0.1114669014888278,0.7186968242392072,0.7875563180993618,0.6980516394007099,0.8118407125884483,-0.5574303580530806,-0.1312042987283682,1.03693142070482,1.007507887862126,0.5930381131648669,0.6946906136791137,1.079332229440864,-1.1608812960213812,-0.8254490808947003,1.0149634248429074,13.600101783834036,13.600101783834017,78.0
334,0.5115427399768046,0.837964139900173,-0.5818042680690845,-0.8436898449977388,-0.7281330975832442,-0.5580257443515506,-0.9437718785832194,-0.5820166530330763,-0.1109150851448235,-0.7175088956041015,-0.4300339486297024,-1.4452992991020406,-0.7159956298001602,1.1053799133592903,-0.3745502221528474,-0.0642105095825109,1.1361259160998445,-0.8590067214933529,-1.2679318193723683,-1.1009188740296814,0.129341657465931,0.3069157024039716,-0.9852571782621392,13.571591683308931,13.57159168330891,79.0
332,0.7447969916140832,0.7861299805172459,-0.7212020802164334,-0.8444470047187975,-0.9083773471692684,-0.6249715573349024,-0.8602999007342043,-0.5820166530330763,0.3338488881224792,-0.2387736556563319,-1.2417607931157453,-0.3736238298506654,-0.8643978647222729,1.1045576650794282,-0.2998147700149924,0.3487177142752382,1.1189768456681484,-0.8590067214933529,-1.2679318193723683,-1.1009188740296814,0.129341657465931,0.8730980940533075,-0.9852571782621392,13.569444491127982,13.56944449112796,80.0
330,0.8614241174327224,1.0453007774318812,-0.4772559089585727,-0.84114795164847,-0.7281330975832442,-0.6115823947382321,-0.9020358896587118,-0.5820166530330763,1.0009948480234334,-0.7175088956041015,-0.8358973708727238,-0.9094615644763532,-0.8658112193405787,1.1261229949649068,-0.2496873326054554,-0.3394959921543437,1.1018277752364527,-0.8590067214933529,-1.2679318193723683,-1.1009188740296814,0.129341657465931,1.4392804857026436,-0.9852571782621392,13.517964324684442,13.517964324684419,81.0
315,-0.4214742665723097,-0.6133923228217846,1.021270571625429,0.2339918108363618,0.3533323999329009,0.0310974099019439,0.4474277522336992,0.8667338792234385,0.6674218680729562,0.7186968242392072,0.3816928958563403,0.1622139047750223,0.8924019258318809,-0.6340489477675189,-0.0601144784021159,1.1745741619907364,0.9732097469987344,0.5930381131648669,0.6946906136791137,1.079332229440864,-1.1608812960213812,0.8730980940533075,1.0149634248429074,13.512053179796444,13.51205317979642,82.0
309,-0.1882200149350311,-0.7688948009705657,1.0561200246622662,0.0577358443413259,0.3533323999329009,-0.1697400290481109,0.4474277522336992,0.9391714058362642,0.7786128613897819,1.197432064186977,0.7875563180993618,0.6980516394007099,0.7722667832758849,-0.5941325312723872,-0.1776861043263025,1.3122169032766529,0.9217625357036472,0.5930381131648669,0.6946906136791137,1.079332229440864,-1.1608812960213812,1.4392804857026436,1.0149634248429074,13.336809859274831,13.336809859274815,83.0
324,0.8614241174327224,0.9934666180489542,-0.5818042680690845,-0.8433653479744279,-0.54788884799722,-0.5312474191582099,-0.8602999007342043,-0.5820166530330763,0.7786128613897819,-0.7175088956041015,-0.8358973708727238,-0.9094615644763532,-0.8304773538829329,1.2224381684742274,-0.372727406247046,-0.2018532508684273,1.0503805639413657,-0.8590067214933529,-1.2679318193723683,-1.1009188740296814,0.129341657465931,1.4392804857026436,-0.9852571782621392,13.26863673334917,13.268636733349153,84.0
313,0.3949156141581653,-0.7170606415876387,1.021270571625429,-0.1663834330920674,0.3533323999329009,-0.009070077888067,0.4752517448500376,0.7942963526106128,-0.2221060784616492,0.2399615842914376,0.7875563180993618,0.6980516394007099,0.7736801378941907,-0.6502322889120807,-0.1448754180218783,-0.2018532508684273,0.9560606765670387,0.5930381131648669,0.6946906136791137,1.079332229440864,-1.1608812960213812,-1.3916314725440362,1.0149634248429074,13.258846144298353,13.25884614429833,85.0
328,0.6281698657954439,0.7342958211343189,-0.5469548150322472,-0.8400392534854911,-0.54788884799722,-0.5312474191582099,-0.8881238933505426,-0.4371415998074248,0.2226578948056535,-0.7175088956041015,-1.2417607931157453,-0.9094615644763532,-0.847437609302603,1.3137077275389388,-0.3772844460115494,-0.47713873344026,1.084678704804757,-0.8590067214933529,-1.2679318193723683,-1.1009188740296814,0.129341657465931,-1.3916314725440362,-0.9852571782621392,13.2560882389609,13.25608823896088,86.0
326,0.278288488339526,0.8897982992831001,-0.6515031741427589,-0.8448526259979361,-0.7281330975832442,-0.3571883054014956,-0.9020358896587118,-0.654454179645902,0.6674218680729562,-0.2387736556563319,-1.2417607931157453,-0.9094615644763532,-0.8078636799900394,1.1133781466270416,-0.2660926757576675,-0.2018532508684273,1.0675296343730611,-0.8590067214933529,-1.2679318193723683,-1.1009188740296814,0.129341657465931,-0.8254490808947003,-0.9852571782621392,13.220967563658945,13.220967563658926,87.0
311,-0.7713556440282276,-0.7170606415876387,0.9167222125149171,-0.056595273538547,0.3533323999329009,-0.009070077888067,0.2943957928438383,0.9391714058362642,-0.1109150851448235,1.197432064186977,0.7875563180993618,0.1622139047750223,0.8726149611755991,-0.5970851500955289,-0.1713062486559977,0.7616459381329873,0.938911606135343,0.5930381131648669,0.6946906136791137,1.079332229440864,-1.1608812960213812,-0.8254490808947003,1.0149634248429074,13.216095936954412,13.2160959369544,88.0
307,-0.538101392390949,-0.6652264822047116,0.9515716655517544,1.2321987373779018,0.1730881503468767,0.0043190847086032,0.4613397485418684,0.5045462461593098,-0.2221060784616492,0.7186968242392072,1.1934197403423832,0.6980516394007099,0.8076006487335308,-0.6502322889120807,-0.1421411941631763,0.624003196847071,0.9046134652719514,0.5930381131648669,0.6946906136791137,1.079332229440864,-1.1608812960213812,0.8730980940533075,1.0149634248429074,13.172911787106175,13.172911787106157,89.0
322,0.9780512432513616,0.837964139900173,-0.6863526271795962,-0.8447715017421084,-0.7281330975832442,-0.3571883054014956,-0.9020358896587118,-0.5095791264202506,0.6674218680729562,-0.7175088956041015,-1.2417607931157453,-0.3736238298506654,-0.8714646378138022,1.2632889580146571,-0.2797637950511776,0.3487177142752382,1.0332314935096696,-0.8590067214933529,-1.2679318193723683,-1.1009188740296814,0.129341657465931,0.3069157024039716,-0.9852571782621392,13.15998482017981,13.159984820179789,90.0
304,-0.1882200149350311,-0.6133923228217846,0.9864211185885916,-0.013139713833496,0.3533323999329009,-0.0492375656780781,0.4891637411582068,1.01160893244909,0.1114669014888278,0.7186968242392072,0.3816928958563403,0.6980516394007099,0.8118407125884483,-0.5574303580530806,-0.1312042987283682,1.03693142070482,0.8788898596244078,0.5930381131648669,0.6946906136791137,1.079332229440864,-1.1608812960213812,0.3069157024039716,1.0149634248429074,13.018897123312167,13.018897123312149,91.0
318,0.7447969916140832,0.7861299805172459,-0.7212020802164334,-0.8444470047187975,-0.9083773471692684,-0.5446365817548803,-0.8881238933505426,-0.5820166530330763,0.3338488881224792,-0.2387736556563319,-1.2417607931157453,-1.4452992991020406,-0.8643978647222729,1.1045576650794282,-0.2998147700149924,0.3487177142752382,0.998933352646278,-0.8590067214933529,-1.2679318193723683,-1.1009188740296814,0.129341657465931,1.4392804857026436,-0.9852571782621392,12.962235091642137,12.96223509164212,92.0
306,-0.4214742665723097,-1.3390705541827634,0.9515716655517544,0.2394000945582101,0.5335766495189251,-0.3036316550148144,0.4196037596173608,0.6494212993849613,-0.666870051728952,1.197432064186977,1.1934197403423832,0.1622139047750223,0.4104480009895909,-0.2400425220262463,-0.0327722398150958,1.1745741619907364,0.8960389300561036,-0.132984304164243,0.6946906136791137,-0.555856098162045,-0.5157698192777251,-0.8254490808947003,1.0149634248429074,12.937643071568958,12.937643071568942,93.0
320,0.5115427399768046,0.837964139900173,-0.5818042680690845,-0.8436898449977388,-0.7281330975832442,-0.450912443578188,-0.915947885966881,-0.5820166530330763,-0.1109150851448235,-0.7175088956041015,-0.8358973708727238,-0.9094615644763532,-0.7159956298001602,1.1053799133592903,-0.3745502221528474,-0.0642105095825109,1.016082423077974,-0.8590067214933529,-1.2679318193723683,-1.1009188740296814,0.129341657465931,-1.3916314725440362,-0.9852571782621392,12.923521722384036,12.923521722384017,94.0
301,0.3949156141581653,-0.7170606415876387,1.1258189307359407,0.3136828714777965,0.3533323999329009,0.0444865724986143,0.5169877337745452,0.8667338792234385,-0.2221060784616492,0.2399615842914376,0.7875563180993618,0.1622139047750223,0.8485879326643999,-0.6806181003451727,-0.1603693532211897,-0.2018532508684273,0.8531662539768642,0.5930381131648669,0.6946906136791137,1.079332229440864,-1.1608812960213812,1.4392804857026436,1.0149634248429074,12.882744172580553,12.882744172580539,95.0
316,0.8614241174327224,0.9934666180489542,-0.5121053619954099,-0.8424729811603229,-0.7281330975832442,-0.5312474191582099,-0.9020358896587118,-0.5820166530330763,0.6674218680729562,-0.7175088956041015,-1.2417607931157453,-0.9094615644763532,-0.8191705169364861,1.3452147866263884,-0.3390053119897212,0.0734322317034054,0.9817842822145824,-0.8590067214933529,-1.2679318193723683,-1.1009188740296814,0.129341657465931,-1.3916314725440362,-0.9852571782621392,12.805100875464667,12.805100875464642,96.0
314,0.6281698657954439,0.7342958211343189,-0.5469548150322472,-0.8400392534854911,-0.54788884799722,-0.6115823947382321,-0.8742118970423735,-0.4371415998074248,0.2226578948056535,-0.7175088956041015,-0.4300339486297024,-0.9094615644763532,-0.847437609302603,1.3137077275389388,-0.3772844460115494,-0.47713873344026,0.9646352117828866,-0.8590067214933529,-1.2679318193723683,-1.1009188740296814,0.129341657465931,0.3069157024039716,-0.9852571782621392,12.769580220091747,12.769580220091727,97.0
303,-1.1212370214841456,-1.1317339166510552,0.88187275947808,0.7845010108832998,0.5335766495189251,-0.250075004628133,0.5308997300827144,0.432108719546484,-0.7780610450457777,1.197432064186977,0.7875563180993618,1.2338893740263976,0.4344750295007901,-0.3735083678166167,-0.0610258863550166,0.0734322317034054,0.8703153244085599,-0.132984304164243,0.6946906136791137,-0.555856098162045,-0.5157698192777251,-1.3916314725440362,1.0149634248429074,12.75657626307617,12.756576263076155,98.0
300,-0.7713556440282276,-1.2354022354169092,0.7076254942938938,0.5681426205907588,0.5335766495189251,-0.2366858420314626,0.3917797670010224,0.5045462461593098,-0.3332970717784749,1.197432064186977,0.7875563180993618,0.6980516394007099,0.4966626327062468,-0.3800489791337029,0.0620141872865739,1.3122169032766529,0.8445917187610162,-0.132984304164243,0.6946906136791137,-0.555856098162045,-0.5157698192777251,-0.2592666892453643,1.0149634248429074,12.724715983190217,12.724715983190201,99.0
298,-0.7713556440282276,-0.6133923228217846,1.021270571625429,0.2339918108363618,0.1730881503468767,0.0310974099019439,0.4056917633091916,0.7942963526106128,0.6674218680729562,1.197432064186977,0.3816928958563403,0.1622139047750223,0.8924019258318809,-0.6340489477675189,-0.0601144784021159,1.1745741619907364,0.8274426483293205,0.5930381131648669,0.6946906136791137,1.079332229440864,-1.1608812960213812,-0.8254490808947003,1.0149634248429074,12.719974922452735,12.71997492245272,100.0
312,0.9780512432513616,1.0453007774318812,-0.4772559089585727,-0.84114795164847,-0.7281330975832442,-0.5446365817548803,-0.9020358896587118,-0.5820166530330763,1.0009948480234334,-0.7175088956041015,-1.2417607931157453,-1.4452992991020406,-0.8658112193405787,1.1261229949649068,-0.2496873326054554,-0.3394959921543437,0.9474861413511908,-0.8590067214933529,-1.2679318193723683,-1.1009188740296814,0.129341657465931,0.8730980940533075,-0.9852571782621392,12.706353814534387,12.706353814534365,101.0
279,0.5115427399768046,0.5787933429855378,1.0909694776991037,3.4178484378884533,-0.3676445984111958,3.3248314086828463,2.603787179999923,1.0840464590619157,-1.334016011629906,0.7186968242392072,1.5992831625854045,1.7697271086520852,2.17572791925358,-1.7378425136389857,3.448806140265467,0.4863604555611545,0.6645264792282107,2.0450829478230865,1.6760018302048547,0.5342694535732276,0.7744531342095872,0.8730980940533075,-0.9852571782621392,12.664712178916728,12.664712178916718,102.0
310,0.8614241174327224,0.8897982992831001,-0.6515031741427589,-0.8448526259979361,-0.7281330975832442,-0.450912443578188,-0.8881238933505426,-0.5820166530330763,0.6674218680729562,-0.2387736556563319,-1.2417607931157453,-0.3736238298506654,-0.8078636799900394,1.1133781466270416,-0.2660926757576675,-0.2018532508684273,0.930337070919495,-0.8590067214933529,-1.2679318193723683,-1.1009188740296814,0.129341657465931,0.3069157024039716,-0.9852571782621392,12.642083020671791,12.642083020671773,103.0
297,0.3949156141581653,-1.028065597885201,0.9515716655517544,0.4121947594712632,0.5335766495189251,-0.3571883054014956,0.4891637411582068,0.432108719546484,-1.000443031679429,0.7186968242392072,0.7875563180993618,1.2338893740263976,0.3892476817150033,-0.4642173030541493,0.0319377248408518,0.0734322317034054,0.8188681131134726,-0.132984304164243,0.6946906136791137,-0.555856098162045,-0.5157698192777251,0.8730980940533075,1.0149634248429074,12.616474462087226,12.616474462087215,104.0
295,-0.7713556440282276,-0.7170606415876387,0.9167222125149171,-0.056595273538547,0.3533323999329009,-0.0894050534680888,0.4891637411582068,0.9391714058362642,-0.1109150851448235,0.2399615842914376,0.3816928958563403,0.6980516394007099,0.8726149611755991,-0.5970851500955289,-0.1713062486559977,0.7616459381329873,0.8017190426817769,0.5930381131648669,0.6946906136791137,1.079332229440864,-1.1608812960213812,0.3069157024039716,1.0149634248429074,12.561183812998857,12.561183812998841,105.0
294,-0.538101392390949,-0.9243972791193468,0.7076254942938938,0.1204178526775476,0.7138208991049493,-0.1429617038547702,0.4613397485418684,0.7942963526106128,-0.1109150851448235,1.197432064186977,0.7875563180993618,1.2338893740263976,0.3694607170587217,-0.2877702971800696,-0.0063414091809763,0.2110749729893218,0.793144507465929,-0.132984304164243,0.6946906136791137,-0.555856098162045,-0.5157698192777251,1.4392804857026436,1.0149634248429074,12.555162309866878,12.555162309866867,106.0
292,-0.4214742665723097,-0.6652264822047116,0.9515716655517544,1.2321987373779018,0.1730881503468767,0.0043190847086032,0.3500437780765148,0.5045462461593098,-0.2221060784616492,0.7186968242392072,0.3816928958563403,0.1622139047750223,0.8076006487335308,-0.6502322889120807,-0.1421411941631763,0.624003196847071,0.7759954370342332,0.5930381131648669,0.6946906136791137,1.079332229440864,-1.1608812960213812,1.4392804857026436,1.0149634248429074,12.510217242925053,12.510217242925041,107.0
308,0.9780512432513616,0.9934666180489542,-0.5818042680690845,-0.8433653479744279,-0.54788884799722,-0.5312474191582099,-0.8881238933505426,-0.5820166530330763,0.7786128613897819,-1.1962441355518711,-0.8358973708727238,-0.9094615644763532,-0.8304773538829329,1.2224381684742274,-0.372727406247046,-0.2018532508684273,0.9131880004877994,-0.8590067214933529,-1.2679318193723683,-1.1009188740296814,0.129341657465931,-1.3916314725440362,-0.9852571782621392,12.462051873830603,12.462051873830587,108.0
305,0.9780512432513616,0.837964139900173,-0.6863526271795962,-0.8447715017421084,-0.7281330975832442,-0.6249715573349024,-0.8881238933505426,-0.5095791264202506,0.6674218680729562,-0.7175088956041015,-1.2417607931157453,-1.4452992991020406,-0.8714646378138022,1.2632889580146571,-0.2797637950511776,0.3487177142752382,0.8874643948402556,-0.8590067214933529,-1.2679318193723683,-1.1009188740296814,0.129341657465931,1.4392804857026436,-0.9852571782621392,12.437528610169503,12.437528610169487,109.0
289,-0.538101392390949,-0.7688948009705657,0.9167222125149171,0.0577358443413259,0.3533323999329009,-0.0492375656780781,0.4891637411582068,1.01160893244909,0.7786128613897819,0.2399615842914376,0.7875563180993618,0.1622139047750223,0.7722667832758849,-0.5941325312723872,-0.1776861043263025,1.3122169032766529,0.7502718313866896,0.5930381131648669,0.6946906136791137,1.079332229440864,-1.1608812960213812,0.8730980940533075,1.0149634248429074,12.399910504225524,12.39991050422551,110.0
287,-0.4214742665723097,-1.079899757268128,0.7773244003675682,1.0263053760871372,0.7138208991049493,-0.2366858420314626,0.5865477153153912,0.5045462461593098,-0.1109150851448235,1.197432064186977,0.7875563180993618,1.2338893740263976,0.331300142364464,-0.1673482991020597,0.1185214803664155,0.3487177142752382,0.7331227609549938,-0.132984304164243,0.6946906136791137,-0.555856098162045,-0.5157698192777251,1.4392804857026436,1.0149634248429074,12.30362856432541,12.303628564325402,111.0
302,0.9780512432513616,0.7861299805172459,-0.7212020802164334,-0.8444470047187975,-0.7281330975832442,-0.450912443578188,-0.8742118970423735,-0.2198290199689476,0.3338488881224792,-1.1962441355518711,-0.8358973708727238,-0.3736238298506654,-0.8643978647222729,1.1045576650794282,-0.2998147700149924,0.3487177142752382,0.861740789192712,-0.8590067214933529,-1.2679318193723683,-1.1009188740296814,0.129341657465931,-0.2592666892453643,-0.9852571782621392,12.277553880890876,12.277553880890853,112.0
290,-1.1212370214841456,-1.079899757268128,0.6727760412570565,0.5611929760081837,0.5335766495189251,-0.1563508664514405,0.4613397485418684,0.5769837727721355,-0.666870051728952,0.2399615842914376,1.1934197403423832,1.2338893740263976,0.5348232074005045,-0.2664292168254626,0.1039389531200048,0.3487177142752382,0.7588463666025375,-0.132984304164243,0.6946906136791137,-0.555856098162045,-0.5157698192777251,-0.8254490808947003,1.0149634248429074,12.23367808126757,12.233678081267561,113.0
285,0.0450342367022474,-0.7170606415876387,0.9167222125149171,-0.056595273538547,0.1730881503468767,-0.0894050534680888,0.5169877337745452,0.7942963526106128,-0.1109150851448235,0.7186968242392072,0.3816928958563403,0.6980516394007099,0.8726149611755991,-0.5970851500955289,-0.1713062486559977,0.7616459381329873,0.7159736905232981,0.5930381131648669,0.6946906136791137,1.079332229440864,-1.1608812960213812,1.4392804857026436,1.0149634248429074,12.229702531399818,12.229702531399804,114.0
299,0.8614241174327224,0.837964139900173,-0.5818042680690845,-0.8436898449977388,-0.7281330975832442,-0.5580257443515506,-0.915947885966881,-0.5095791264202506,-0.1109150851448235,-0.2387736556563319,-1.2417607931157453,-0.9094615644763532,-0.7159956298001602,1.1053799133592903,-0.3745502221528474,-0.0642105095825109,0.8360171835451684,-0.8590067214933529,-1.2679318193723683,-1.1009188740296814,0.129341657465931,0.8730980940533075,-0.9852571782621392,12.151552628553395,12.151552628553379,115.0
268,0.6281698657954439,0.5269591836026106,1.1258189307359407,1.9524198806164392,-0.1874003488251716,3.1775506201194723,2.5342271984590776,1.2289215122875672,-0.8892520383626034,1.197432064186977,1.1934197403423832,1.7697271086520852,2.216715203184449,-1.695608851991515,3.562732134378051,0.3487177142752382,0.5702065918538841,2.0450829478230865,1.6760018302048547,0.5342694535732276,0.7744531342095872,-1.3916314725440362,-0.9852571782621392,12.079736467679787,12.079736467679774,116.0
283,-0.7713556440282276,-1.2354022354169092,0.7076254942938938,0.5681426205907588,0.5335766495189251,-0.3571883054014956,0.5169877337745452,0.7218588259977871,-0.3332970717784749,0.7186968242392072,1.1934197403423832,1.2338893740263976,0.4966626327062468,-0.3800489791337029,0.0620141872865739,1.3122169032766529,0.6988246200916023,-0.132984304164243,0.6946906136791137,-0.555856098162045,-0.5157698192777251,-1.3916314725440362,1.0149634248429074,11.99166815478167,11.991668154781653,117.0
281,-0.1882200149350311,-0.6133923228217846,0.9864211185885916,-0.013139713833496,0.1730881503468767,0.0177082473052736,0.5587237226990528,0.9391714058362642,0.1114669014888278,0.2399615842914376,0.3816928958563403,0.1622139047750223,0.8118407125884483,-0.5574303580530806,-0.1312042987283682,1.03693142070482,0.6816755496599065,0.5930381131648669,0.6946906136791137,1.079332229440864,-1.1608812960213812,-0.2592666892453643,1.0149634248429074,11.981641054234586,11.98164105423457,118.0
296,0.8614241174327224,1.0453007774318812,-0.4772559089585727,-0.84114795164847,-0.7281330975832442,-0.6115823947382321,-0.8602999007342043,-0.5820166530330763,1.0009948480234334,-1.1962441355518711,-0.8358973708727238,-0.9094615644763532,-0.8658112193405787,1.1261229949649068,-0.2496873326054554,-0.3394959921543437,0.8102935778976247,-0.8590067214933529,-1.2679318193723683,-1.1009188740296814,0.129341657465931,-0.8254490808947003,-0.9852571782621392,11.976578365727798,11.976578365727786,119.0
293,0.6281698657954439,0.7342958211343189,-0.5469548150322472,-0.8400392534854911,-0.7281330975832442,-0.5312474191582099,-0.9020358896587118,-0.5820166530330763,0.2226578948056535,-0.2387736556563319,-0.8358973708727238,-0.3736238298506654,-0.847437609302603,1.3137077275389388,-0.3772844460115494,-0.47713873344026,0.7845699722500811,-0.8590067214933529,-1.2679318193723683,-1.1009188740296814,0.129341657465931,-0.2592666892453643,-0.9852571782621392,11.877490786812599,11.877490786812578,120.0
278,0.278288488339526,-0.6133923228217846,1.021270571625429,-0.1663834330920674,0.3533323999329009,-0.009070077888067,0.363955774384684,0.7218588259977871,-0.2221060784616492,1.197432064186977,0.3816928958563403,0.1622139047750223,0.7736801378941907,-0.6502322889120807,-0.1448754180218783,-0.2018532508684273,0.6559519440123629,0.5930381131648669,0.6946906136791137,1.079332229440864,-1.1608812960213812,0.8730980940533075,1.0149634248429074,11.874833554837458,11.874833554837439,121.0
291,0.9780512432513616,0.9934666180489542,-0.5818042680690845,-0.8435816793233017,-0.54788884799722,-0.6115823947382321,-0.8602999007342043,-0.5820166530330763,0.5562308747561305,-0.7175088956041015,-1.2417607931157453,-1.4452992991020406,-0.8954916663250014,1.2289787797913136,-0.3982468289282648,-0.3394959921543437,0.7674209018183853,-0.8590067214933529,-1.2679318193723683,-1.1009188740296814,0.129341657465931,0.8730980940533075,-0.9852571782621392,11.802020681537632,11.802020681537616,122.0
275,-0.4214742665723097,-0.6133923228217846,1.021270571625429,0.2339918108363618,0.1730881503468767,-0.009070077888067,0.5169877337745452,0.7942963526106128,0.6674218680729562,0.2399615842914376,0.7875563180993618,0.6980516394007099,0.8924019258318809,-0.6340489477675189,-0.0601144784021159,1.1745741619907364,0.6302283383648193,0.5930381131648669,0.6946906136791137,1.079332229440864,-1.1608812960213812,-1.3916314725440362,1.0149634248429074,11.746718415598181,11.746718415598165,123.0
274,-0.538101392390949,-0.9243972791193468,0.7076254942938938,0.1204178526775476,0.7138208991049493,-0.1697400290481109,0.4613397485418684,0.7942963526106128,-0.1109150851448235,0.7186968242392072,0.7875563180993618,0.6980516394007099,0.3694607170587217,-0.2877702971800696,-0.0063414091809763,0.2110749729893218,0.6216538031489713,-0.132984304164243,0.6946906136791137,-0.555856098162045,-0.5157698192777251,1.4392804857026436,1.0149634248429074,11.671293893030056,11.67129389303005,124.0
277,-0.538101392390949,-1.1317339166510552,0.88187275947808,0.7845010108832998,0.5335766495189251,-0.1697400290481109,0.5587237226990528,0.5045462461593098,-0.7780610450457777,0.7186968242392072,0.3816928958563403,0.6980516394007099,0.4344750295007901,-0.3735083678166167,-0.0610258863550166,0.0734322317034054,0.647377408796515,-0.132984304164243,0.6946906136791137,-0.555856098162045,-0.5157698192777251,-0.8254490808947003,1.0149634248429074,11.660182104872968,11.660182104872959,125.0
286,0.7447969916140832,0.7861299805172459,-0.6515031741427589,-0.842256649811449,-0.7281330975832442,-0.6249715573349024,-0.9437718785832194,-0.4371415998074248,0.6674218680729562,-0.7175088956041015,-0.4300339486297024,-0.9094615644763532,-0.7838366514788402,1.2429943754707842,-0.3763730380586487,-0.0642105095825109,0.7245482257391459,-0.8590067214933529,-1.2679318193723683,-1.1009188740296814,0.129341657465931,0.3069157024039716,-0.9852571782621392,11.61999298512639,11.619992985126375,126.0
288,0.9780512432513616,0.837964139900173,-0.6863526271795962,-0.8447715017421084,-0.7281330975832442,-0.3571883054014956,-0.8742118970423735,-0.5095791264202506,0.6674218680729562,-1.1962441355518711,-1.2417607931157453,-1.4452992991020406,-0.8714646378138022,1.2632889580146571,-0.2797637950511776,0.3487177142752382,0.7416972961708417,-0.8590067214933529,-1.2679318193723683,-1.1009188740296814,0.129341657465931,-1.3916314725440362,-0.9852571782621392,11.596956983143578,11.596956983143563,127.0
271,0.0450342367022474,-0.7170606415876387,1.1258189307359407,0.3136828714777965,0.1730881503468767,-0.0492375656780781,0.5169877337745452,0.7218588259977871,-0.2221060784616492,0.2399615842914376,0.3816928958563403,0.1622139047750223,0.8485879326643999,-0.6806181003451727,-0.1603693532211897,-0.2018532508684273,0.5959301975014277,0.5930381131648669,0.6946906136791137,1.079332229440864,-1.1608812960213812,1.4392804857026436,1.0149634248429074,11.573084826865442,11.573084826865431,128.0
284,0.7447969916140832,0.8897982992831001,-0.6515031741427589,-0.8448526259979361,-0.7281330975832442,-0.450912443578188,-0.8602999007342043,-0.654454179645902,0.6674218680729562,-0.7175088956041015,-1.2417607931157453,-1.4452992991020406,-0.8078636799900394,1.1133781466270416,-0.2660926757576675,-0.2018532508684273,0.7073991553074501,-0.8590067214933529,-1.2679318193723683,-1.1009188740296814,0.129341657465931,0.8730980940533075,-0.9852571782621392,11.501732733464417,11.501732733464404,129.0
282,0.8614241174327224,1.0453007774318812,-0.4772559089585727,-0.84114795164847,-0.7281330975832442,-0.6115823947382321,-0.8881238933505426,-0.5820166530330763,1.0009948480234334,-0.2387736556563319,-0.8358973708727238,-0.9094615644763532,-0.8658112193405787,1.1261229949649068,-0.2496873326054554,-0.3394959921543437,0.6902500848757545,-0.8590067214933529,-1.2679318193723683,-1.1009188740296814,0.129341657465931,-0.8254490808947003,-0.9852571782621392,11.426978490488517,11.426978490488509,130.0
267,-0.1882200149350311,-0.7170606415876387,0.9167222125149171,0.0575465544110612,0.1730881503468767,0.0310974099019439,0.5169877337745452,0.7942963526106128,0.6674218680729562,0.7186968242392072,0.3816928958563403,0.6980516394007099,0.9616563021288668,-0.5339215322333822,-0.0920137567536394,1.3122169032766529,0.5616320566380362,0.5930381131648669,0.6946906136791137,1.079332229440864,-1.1608812960213812,-1.3916314725440362,1.0149634248429074,11.420391773759386,11.420391773759379,131.0
270,0.3949156141581653,-1.028065597885201,0.9515716655517544,0.4121947594712632,0.5335766495189251,-0.2768533298214737,0.4891637411582068,0.432108719546484,-1.000443031679429,1.197432064186977,1.1934197403423832,0.6980516394007099,0.3892476817150033,-0.4642173030541493,0.0319377248408518,0.0734322317034054,0.5873556622855798,-0.132984304164243,0.6946906136791137,-0.555856098162045,-0.5157698192777251,-1.3916314725440362,1.0149634248429074,11.405343373992224,11.405343373992215,132.0
249,0.6281698657954439,0.5787933429855378,1.0909694776991037,3.4178484378884533,-0.1874003488251716,3.070437319346109,2.297723261220201,1.2289215122875672,-1.2228250183130804,1.197432064186977,1.5992831625854045,2.305564843277773,2.17572791925358,-1.7378425136389857,3.448806140265467,0.4863604555611545,0.4072904227527743,2.0450829478230865,1.6760018302048547,0.5342694535732276,0.7744531342095872,-0.8254490808947003,-0.9852571782621392,11.375181727124257,11.37518172712425,133.0
266,-1.1212370214841456,-1.079899757268128,0.6727760412570565,0.5611929760081837,0.7138208991049493,-0.3571883054014956,0.3778677706928532,0.5769837727721355,-0.666870051728952,1.197432064186977,0.7875563180993618,1.2338893740263976,0.5348232074005045,-0.2664292168254626,0.1039389531200048,0.3487177142752382,0.5530575214221883,-0.132984304164243,0.6946906136791137,-0.555856098162045,-0.5157698192777251,-0.2592666892453643,1.0149634248429074,11.26734205780542,11.267342057805415,134.0
280,0.5115427399768046,0.837964139900173,-0.5818042680690845,-0.8436898449977388,-0.54788884799722,-0.450912443578188,-0.9020358896587118,-0.654454179645902,-0.1109150851448235,-1.1962441355518711,-0.8358973708727238,-0.3736238298506654,-0.7159956298001602,1.1053799133592903,-0.3745502221528474,-0.0642105095825109,0.6731010144440587,-0.8590067214933529,-1.2679318193723683,-1.1009188740296814,0.129341657465931,-1.3916314725440362,-0.9852571782621392,11.250015047605928,11.250015047605913,135.0
276,0.9780512432513616,0.9934666180489542,-0.5818042680690845,-0.8433653479744279,-0.7281330975832442,-0.6115823947382321,-0.8881238933505426,-0.2922665465817733,0.7786128613897819,-0.7175088956041015,-0.8358973708727238,-0.9094615644763532,-0.8304773538829329,1.2224381684742274,-0.372727406247046,-0.2018532508684273,0.6388028735806671,-0.8590067214933529,-1.2679318193723683,-1.1009188740296814,0.129341657465931,0.3069157024039716,-0.9852571782621392,11.209221380883681,11.209221380883669,136.0
261,0.3949156141581653,-0.6133923228217846,1.021270571625429,-0.1663834330920674,0.3533323999329009,-0.0626267282747484,0.3778677706928532,0.8667338792234385,-0.2221060784616492,0.7186968242392072,0.3816928958563403,0.6980516394007099,0.7736801378941907,-0.6502322889120807,-0.1448754180218783,-0.2018532508684273,0.510184845342949,0.5930381131648669,0.6946906136791137,1.079332229440864,-1.1608812960213812,1.4392804857026436,1.0149634248429074,11.195640859530108,11.19564085953009,137.0
263,-0.887982769846867,-1.079899757268128,0.7773244003675682,1.0263053760871372,0.7138208991049493,-0.1697400290481109,0.43351575592553,0.2872336663208326,-0.1109150851448235,0.2399615842914376,1.1934197403423832,1.2338893740263976,0.331300142364464,-0.1673482991020597,0.1185214803664155,0.3487177142752382,0.5273339157746447,-0.132984304164243,0.6946906136791137,-0.555856098162045,-0.5157698192777251,-0.8254490808947003,1.0149634248429074,11.145627201869175,11.145627201869168,138.0
257,-0.1882200149350311,-0.6133923228217846,0.9864211185885916,-0.013139713833496,0.1730881503468767,0.0310974099019439,0.4891637411582068,0.9391714058362642,0.1114669014888278,1.197432064186977,0.3816928958563403,0.1622139047750223,0.8118407125884483,-0.5574303580530806,-0.1312042987283682,1.03693142070482,0.4758867044795574,0.5930381131648669,0.6946906136791137,1.079332229440864,-1.1608812960213812,1.4392804857026436,1.0149634248429074,11.081393470514541,11.08139347051453,139.0
273,0.9780512432513616,0.7861299805172459,-0.4772559089585727,-0.8448796674165454,-0.7281330975832442,-0.450912443578188,-0.9020358896587118,-0.5820166530330763,0.0002759081720021,-0.7175088956041015,-0.8358973708727238,-0.9094615644763532,-0.8629845101039672,1.2893766534393782,-0.3544992471890326,-0.2018532508684273,0.6130792679331235,-0.8590067214933529,-1.2679318193723683,-1.1009188740296814,0.129341657465931,0.8730980940533075,-0.9852571782621392,11.066199988013828,11.066199988013814,140.0
243,0.3949156141581653,0.4751250242196836,1.0561200246622662,1.6005839830915984,-0.1874003488251716,3.2043289453128136,2.7846431320061225,1.0840464590619157,-0.8892520383626034,0.7186968242392072,1.1934197403423832,1.2338893740263976,2.331196927267221,-1.711717443292453,3.4834396424756924,0.7616459381329873,0.355843211457687,2.0450829478230865,1.6760018302048547,0.5342694535732276,0.7744531342095872,-1.3916314725440362,-0.9852571782621392,10.980935155207439,10.980935155207428,141.0
272,0.7447969916140832,0.7861299805172459,-0.7212020802164334,-0.8444470047187975,-0.9083773471692684,-0.6249715573349024,-0.8742118970423735,-0.5095791264202506,0.3338488881224792,-0.7175088956041015,-1.2417607931157453,-0.9094615644763532,-0.8643978647222729,1.1045576650794282,-0.2998147700149924,0.3487177142752382,0.6045047327172756,-0.8590067214933529,-1.2679318193723683,-1.1009188740296814,0.129341657465931,-1.3916314725440362,-0.9852571782621392,10.91380911096894,10.91380911096893,142.0
269,0.8614241174327224,0.837964139900173,-0.5818042680690845,-0.8436898449977388,-0.7281330975832442,-0.450912443578188,-0.8881238933505426,-0.5095791264202506,-0.1109150851448235,-0.2387736556563319,-0.8358973708727238,-0.3736238298506654,-0.7159956298001602,1.1053799133592903,-0.3745502221528474,-0.0642105095825109,0.578781127069732,-0.8590067214933529,-1.2679318193723683,-1.1009188740296814,0.129341657465931,0.3069157024039716,-0.9852571782621392,10.912103461975631,10.912103461975617,143.0
254,-0.4214742665723097,-0.7688948009705657,1.0561200246622662,0.0577358443413259,0.1730881503468767,-0.1697400290481109,0.4056917633091916,0.7942963526106128,0.7786128613897819,0.2399615842914376,0.7875563180993618,0.1622139047750223,0.7722667832758849,-0.5941325312723872,-0.1776861043263025,1.3122169032766529,0.4501630988320137,0.5930381131648669,0.6946906136791137,1.079332229440864,-1.1608812960213812,0.3069157024039716,1.0149634248429074,10.89108561018879,10.891085610188783,144.0
255,-0.538101392390949,-1.3390705541827634,0.88187275947808,-0.5533190919717038,0.7138208991049493,-0.3170208176114847,0.572635719007222,0.5769837727721355,-0.3332970717784749,0.7186968242392072,0.3816928958563403,0.6980516394007099,0.5164495973625286,-0.1858488853989607,0.0875336099677927,0.4863604555611545,0.4587376340478616,-0.132984304164243,0.6946906136791137,-0.555856098162045,-0.5157698192777251,1.4392804857026436,1.0149634248429074,10.823770929003507,10.823770929003501,145.0
264,0.9780512432513616,1.5636423712611518,-1.2787933288058293,-0.8452041644398562,-1.0886215967552926,-0.9195331344616496,-1.1802758158220954,-0.2198290199689476,1.0009948480234334,-1.6749793754996407,-1.2417607931157453,-1.4452992991020406,-1.036827128155585,0.2549509424508371,-0.5732371558851936,-0.3394959921543437,0.5359084509904926,1.3190605304939769,-0.2866206028466274,-0.0107933222944086,2.0646760876968995,-0.2592666892453643,-0.9852571782621392,10.76381207822306,10.763812078223044,146.0
248,0.278288488339526,-0.6133923228217846,1.021270571625429,0.2339918108363618,0.1730881503468767,0.0310974099019439,0.5308997300827144,0.7942963526106128,0.6674218680729562,0.7186968242392072,0.3816928958563403,0.1622139047750223,0.8924019258318809,-0.6340489477675189,-0.0601144784021159,1.1745741619907364,0.3987158875369264,0.5930381131648669,0.6946906136791137,1.079332229440864,-1.1608812960213812,1.4392804857026436,1.0149634248429074,10.742146575161001,10.742146575160994,147.0
265,0.278288488339526,0.8897982992831001,-0.6515031741427589,-0.8448526259979361,-0.7281330975832442,-0.3571883054014956,-0.8881238933505426,-0.5820166530330763,0.6674218680729562,-0.2387736556563319,-1.2417607931157453,-0.9094615644763532,-0.8078636799900394,1.1133781466270416,-0.2660926757576675,-0.2018532508684273,0.5444829862063404,-0.8590067214933529,-1.2679318193723683,-1.1009188740296814,0.129341657465931,0.8730980940533075,-0.9852571782621392,10.73187798239654,10.73187798239653,148.0
252,0.0450342367022474,-0.7170606415876387,1.1258189307359407,0.3136828714777965,0.1730881503468767,-0.0492375656780781,0.3222197854601764,0.8667338792234385,-0.2221060784616492,0.7186968242392072,0.7875563180993618,0.6980516394007099,0.8485879326643999,-0.6806181003451727,-0.1603693532211897,-0.2018532508684273,0.433014028400318,0.5930381131648669,0.6946906136791137,1.079332229440864,-1.1608812960213812,-1.3916314725440362,1.0149634248429074,10.71378130079794,10.713781300797935,149.0
262,0.9780512432513616,0.9934666180489542,-0.5121053619954099,-0.8424729811603229,-0.7281330975832442,-0.5312474191582099,-0.8602999007342043,-0.3647040731945991,1.0009948480234334,-0.2387736556563319,-1.2417607931157453,-0.3736238298506654,-0.8191705169364861,1.3452147866263884,-0.3390053119897212,0.0734322317034054,0.5187593805587968,-0.8590067214933529,-1.2679318193723683,-1.1009188740296814,0.129341657465931,-0.2592666892453643,-0.9852571782621392,10.65481593924585,10.654815939245836,150.0
260,-1.820999776395981,-1.6500755104803255,-2.045481295616249,0.8828236089465019,2.8767518941372394,1.2762895313922853,0.4056917633091916,-2.610267398192197,-2.6683079314318143,1.197432064186977,0.3816928958563403,0.6980516394007099,-1.09618802212443,-1.495578270454113,-0.7646328259943346,-2.1288516288712565,0.501610310127101,-1.5850291388224629,0.6946906136791137,1.6243950053085003,1.4195646109532432,0.3069157024039716,1.0149634248429074,10.642310886090039,10.642310886090026,151.0
245,-0.1882200149350311,-0.7170606415876387,0.9515716655517544,1.2321987373779018,0.1730881503468767,-0.0492375656780781,0.5169877337745452,0.5045462461593098,-0.2221060784616492,1.197432064186977,0.3816928958563403,0.1622139047750223,0.8076006487335308,-0.6502322889120807,-0.1421411941631763,0.624003196847071,0.3729922818893828,0.5930381131648669,0.6946906136791137,1.079332229440864,-1.1608812960213812,-0.2592666892453643,1.0149634248429074,10.496550255734254,10.49655025573424,152.0
246,-0.538101392390949,-0.9243972791193468,0.7076254942938938,0.1204178526775476,0.7138208991049493,-0.1697400290481109,0.363955774384684,0.432108719546484,-0.1109150851448235,1.197432064186977,0.7875563180993618,1.2338893740263976,0.3694607170587217,-0.2877702971800696,-0.0063414091809763,0.2110749729893218,0.3815668171052307,-0.132984304164243,0.6946906136791137,-0.555856098162045,-0.5157698192777251,0.8730980940533075,1.0149634248429074,10.494157725932526,10.494157725932515,153.0
259,0.278288488339526,0.8897982992831001,-0.6515031741427589,-0.8448526259979361,-0.7281330975832442,-0.3571883054014956,-0.8602999007342043,-0.654454179645902,0.6674218680729562,-0.7175088956041015,-0.4300339486297024,-0.9094615644763532,-0.8078636799900394,1.1133781466270416,-0.2660926757576675,-0.2018532508684273,0.4930357749112531,-0.8590067214933529,-1.2679318193723683,-1.1009188740296814,0.129341657465931,-0.2592666892453643,-0.9852571782621392,10.444568235561045,10.44456823556103,154.0
229,-0.4214742665723097,0.4751250242196836,1.0561200246622662,1.8431455080164945,-0.1874003488251716,3.2311072705061537,2.603787179999923,1.0840464590619157,-1.2228250183130804,1.197432064186977,1.1934197403423832,2.305564843277773,2.3665307927248675,-1.7702091959281094,3.562732134378051,0.8992886794189037,0.2357997184358167,2.0450829478230865,1.6760018302048547,0.5342694535732276,0.7744531342095872,-1.3916314725440362,-0.9852571782621392,10.421046221858214,10.421046221858207,155.0
258,0.8614241174327224,1.4081398931123703,-1.2439438757689922,-0.8462046969283982,-1.2688658463413167,-0.892754809268309,-1.1663638195139263,-0.1473914933561218,0.7786128613897819,-2.1537146154474103,-1.2417607931157453,-1.9811370337277283,-0.9859463618965748,0.2989412254234682,-0.4711594651603185,-1.1653524398698418,0.4844612396954053,1.3190605304939769,-0.2866206028466274,-0.0107933222944086,2.0646760876968995,-1.3916314725440362,-0.9852571782621392,10.374017422037614,10.374017422037602,156.0
240,-0.1882200149350311,-0.7170606415876387,0.9167222125149171,0.0575465544110612,0.3533323999329009,-0.009070077888067,0.3917797670010224,0.8667338792234385,0.6674218680729562,0.7186968242392072,0.3816928958563403,0.6980516394007099,0.9616563021288668,-0.5339215322333822,-0.0920137567536394,1.3122169032766529,0.3301196058101434,0.5930381131648669,0.6946906136791137,1.079332229440864,-1.1608812960213812,-0.8254490808947003,1.0149634248429074,10.312974118028421,10.312974118028412,157.0
253,0.9780512432513616,0.837964139900173,-0.6863526271795962,-0.8447715017421084,-0.7281330975832442,-0.571414906948221,-0.915947885966881,-0.5095791264202506,0.6674218680729562,-0.2387736556563319,-1.2417607931157453,-0.9094615644763532,-0.8714646378138022,1.2632889580146571,-0.2797637950511776,0.3487177142752382,0.4415885636161659,-0.8590067214933529,-1.2679318193723683,-1.1009188740296814,0.129341657465931,1.4392804857026436,-0.9852571782621392,10.295629851882829,10.295629851882817,158.0
256,0.6281698657954439,0.7342958211343189,-0.5469548150322472,-0.8400392534854911,-0.54788884799722,-0.6115823947382321,-0.9020358896587118,-0.5820166530330763,0.2226578948056535,-0.7175088956041015,-0.8358973708727238,-0.9094615644763532,-0.847437609302603,1.3137077275389388,-0.3772844460115494,-0.47713873344026,0.4673121692637095,-0.8590067214933529,-1.2679318193723683,-1.1009188740296814,0.129341657465931,-0.8254490808947003,-0.9852571782621392,10.260903124512467,10.260903124512453,159.0
239,-0.6547285182095883,-0.6133923228217846,0.9864211185885916,0.0146859059154134,0.1730881503468767,-0.0224592404847374,0.43351575592553,1.0840464590619157,0.2226578948056535,0.2399615842914376,0.3816928958563403,0.6980516394007099,0.7736801378941907,-0.7281963758117482,-0.1631035770798917,0.2110749729893218,0.3215450705942955,0.5930381131648669,0.6946906136791137,1.079332229440864,-1.1608812960213812,0.3069157024039716,1.0149634248429074,10.203608347448869,10.203608347448858,160.0
238,-0.887982769846867,-1.3390705541827634,0.9515716655517544,0.2394000945582101,0.7138208991049493,-0.3571883054014956,0.5169877337745452,0.7942963526106128,-0.666870051728952,1.197432064186977,1.1934197403423832,0.1622139047750223,0.4104480009895909,-0.2400425220262463,-0.0327722398150958,1.1745741619907364,0.3129705353784476,-0.132984304164243,0.6946906136791137,-0.555856098162045,-0.5157698192777251,0.8730980940533075,1.0149634248429074,10.146722942551381,10.146722942551367,161.0
251,0.9780512432513616,1.3563057337294435,-1.3136427818426666,-0.8454204957887302,-1.2688658463413167,-0.9195331344616496,-1.1802758158220954,-0.1473914933561218,1.5569498146075618,-2.63244985539518,-1.2417607931157453,-1.9811370337277283,-1.0142134542626915,0.3048090881479399,-0.4474628583849011,-0.7524242160120928,0.4244394931844701,1.3190605304939769,-0.2866206028466274,-0.0107933222944086,2.0646760876968995,-1.3916314725440362,-0.9852571782621392,10.107725484860563,10.107725484860554,162.0
250,0.7447969916140832,0.7861299805172459,-0.6515031741427589,-0.842256649811449,-0.54788884799722,-0.6249715573349024,-0.9298598822750502,-0.5095791264202506,0.6674218680729562,-1.1962441355518711,-0.8358973708727238,-0.3736238298506654,-0.7838366514788402,1.2429943754707842,-0.3763730380586487,-0.0642105095825109,0.4158649579686222,-0.8590067214933529,-1.2679318193723683,-1.1009188740296814,0.129341657465931,0.3069157024039716,-0.9852571782621392,10.097671090290797,10.097671090290786,163.0
235,-0.6547285182095883,-0.6133923228217846,1.021270571625429,-0.1656803562082272,0.3533323999329009,-0.0492375656780781,0.572635719007222,0.5769837727721355,-0.2221060784616492,0.7186968242392072,0.7875563180993618,0.6980516394007099,0.7553065278562148,-0.6936245731357212,-0.0810768613188313,1.03693142070482,0.287246929730904,0.5930381131648669,0.6946906136791137,1.079332229440864,-1.1608812960213812,-1.3916314725440362,1.0149634248429074,10.006569894170724,10.006569894170717,164.0
247,-2.1708811538518997,-1.6500755104803255,-1.9060834834689,0.0055459064254898,2.8767518941372394,1.1557870680222515,0.4613397485418684,-2.682704924805023,-3.113071904699117,0.7186968242392072,0.3816928958563403,0.6980516394007099,-1.06226751128509,-1.3474614553134694,-0.8958755712120312,-2.4041371114430894,0.3901413523210786,-1.5850291388224629,0.6946906136791137,1.6243950053085003,1.4195646109532432,-0.2592666892453643,1.0149634248429074,9.97353193871255,9.973531938712538,165.0
232,-0.887982769846867,-1.079899757268128,0.6727760412570565,0.5611929760081837,0.7138208991049493,-0.1697400290481109,0.4613397485418684,0.6494212993849613,-0.666870051728952,0.2399615842914376,1.1934197403423832,1.2338893740263976,0.5348232074005045,-0.2664292168254626,0.1039389531200048,0.3487177142752382,0.2615233240833604,-0.132984304164243,0.6946906136791137,-0.555856098162045,-0.5157698192777251,0.8730980940533075,1.0149634248429074,9.88675187283709,9.886751872837081,166.0
244,0.278288488339526,1.3044715743465165,-1.069696610584806,-0.844392921881579,-1.2688658463413167,-0.9597006222516608,-1.1941878121302647,-0.0749539667432961,0.7786128613897819,-1.6749793754996407,-1.2417607931157453,-1.4452992991020406,-1.0891212490329008,0.3582178514171751,-0.575059971790995,-1.3029951811557583,0.3644177466735349,1.3190605304939769,-0.2866206028466274,-0.0107933222944086,2.0646760876968995,-0.8254490808947003,-0.9852571782621392,9.817442137767895,9.817442137767886,167.0
228,-0.1882200149350311,-0.7170606415876387,1.1258189307359407,0.3136828714777965,0.1730881503468767,0.0310974099019439,0.5169877337745452,0.5769837727721355,-0.2221060784616492,1.197432064186977,0.3816928958563403,0.6980516394007099,0.8485879326643999,-0.6806181003451727,-0.1603693532211897,-0.2018532508684273,0.2272251832199688,0.5930381131648669,0.6946906136791137,1.079332229440864,-1.1608812960213812,0.8730980940533075,1.0149634248429074,9.792277596836591,9.792277596836584,168.0
241,0.9780512432513616,1.0453007774318812,-0.4772559089585727,-0.84114795164847,-0.7281330975832442,-0.5446365817548803,-0.9020358896587118,-0.654454179645902,1.0009948480234334,-0.7175088956041015,-0.8358973708727238,-0.9094615644763532,-0.8658112193405787,1.1261229949649068,-0.2496873326054554,-0.3394959921543437,0.3386941410259912,-0.8590067214933529,-1.2679318193723683,-1.1009188740296814,0.129341657465931,0.3069157024039716,-0.9852571782621392,9.73528253279611,9.735282532796104,169.0
242,0.6281698657954439,0.7342958211343189,-0.5469548150322472,-0.8400392534854911,-0.54788884799722,-0.5312474191582099,-0.8602999007342043,-0.5820166530330763,0.2226578948056535,-0.7175088956041015,-1.2417607931157453,-0.9094615644763532,-0.847437609302603,1.3137077275389388,-0.3772844460115494,-0.47713873344026,0.3472686762418391,-0.8590067214933529,-1.2679318193723683,-1.1009188740296814,0.129341657465931,0.8730980940533075,-0.9852571782621392,9.731516092186952,9.73151609218694,170.0
208,0.6281698657954439,0.4232908648367565,1.0909694776991037,1.6005839830915984,-0.1874003488251716,3.2043289453128136,2.756819139389784,1.0840464590619157,-0.8892520383626034,0.7186968242392072,1.5992831625854045,2.305564843277773,2.331196927267221,-1.711717443292453,3.4834396424756924,0.7616459381329873,0.0557344789030112,2.0450829478230865,1.6760018302048547,0.5342694535732276,0.7744531342095872,-0.8254490808947003,-0.9852571782621392,9.603104242843434,9.603104242843429,171.0
225,-0.7713556440282276,-1.2354022354169092,0.7076254942938938,0.5681426205907588,0.5335766495189251,-0.3571883054014956,0.4474277522336992,0.5045462461593098,-0.3332970717784749,1.197432064186977,1.1934197403423832,0.6980516394007099,0.4966626327062468,-0.3800489791337029,0.0620141872865739,1.3122169032766529,0.2015015775724252,-0.132984304164243,0.6946906136791137,-0.555856098162045,-0.5157698192777251,-0.8254490808947003,1.0149634248429074,9.563538333659709,9.563538333659702,172.0
236,0.7447969916140832,0.7861299805172459,-0.7212020802164334,-0.8444470047187975,-0.7281330975832442,-0.5446365817548803,-0.9020358896587118,-0.7268917062587278,0.3338488881224792,-0.2387736556563319,-0.8358973708727238,-0.3736238298506654,-0.8643978647222729,1.1045576650794282,-0.2998147700149924,0.3487177142752382,0.2958214649467519,-0.8590067214933529,-1.2679318193723683,-1.1009188740296814,0.129341657465931,0.8730980940533075,-0.9852571782621392,9.55513933381705,9.55513933381704,173.0
237,0.8614241174327224,0.9934666180489542,-0.5121053619954099,-0.8424729811603229,-0.7281330975832442,-0.5312474191582099,-0.8602999007342043,-0.5820166530330763,0.6674218680729562,-0.7175088956041015,-0.8358973708727238,-0.9094615644763532,-0.8191705169364861,1.3452147866263884,-0.3390053119897212,0.0734322317034054,0.3043960001625997,-0.8590067214933529,-1.2679318193723683,-1.1009188740296814,0.129341657465931,-1.3916314725440362,-0.9852571782621392,9.50385967251115,9.503859672511137,174.0
221,0.3949156141581653,-1.028065597885201,0.7076254942938938,0.152488975148108,0.7138208991049493,-0.3571883054014956,0.4474277522336992,0.2872336663208326,-0.1109150851448235,1.197432064186977,1.1934197403423832,0.6980516394007099,0.5348232074005045,-0.3589321483099674,0.0200894214531431,1.1745741619907364,0.1672034367090336,-0.132984304164243,0.6946906136791137,-0.555856098162045,-0.5157698192777251,0.3069157024039716,1.0149634248429074,9.485248518971819,9.485248518971812,175.0
234,0.9780512432513616,0.9934666180489542,-0.5818042680690845,-0.8435816793233017,-0.7281330975832442,-0.450912443578188,-0.8602999007342043,-0.5820166530330763,0.5562308747561305,-0.2387736556563319,-1.2417607931157453,-0.9094615644763532,-0.8954916663250014,1.2289787797913136,-0.3982468289282648,-0.3394959921543437,0.2786723945150561,-0.8590067214933529,-1.2679318193723683,-1.1009188740296814,0.129341657465931,-0.2592666892453643,-0.9852571782621392,9.400932572602033,9.40093257260202,176.0
216,0.1616613625208867,-0.6133923228217846,1.0561200246622662,0.0409431233849869,0.1730881503468767,0.0177082473052736,0.5169877337745452,0.8667338792234385,0.6674218680729562,0.7186968242392072,0.3816928958563403,0.6980516394007099,0.7934671025504725,-0.7854921309494233,-0.1375841543986729,1.7251451271344018,0.1243307606297942,0.5930381131648669,0.6946906136791137,1.079332229440864,-1.1608812960213812,0.8730980940533075,1.0149634248429074,9.395825887920497,9.395825887920488,177.0
231,0.9780512432513616,1.3563057337294435,-1.3136427818426666,-0.8454204957887302,-1.0886215967552926,-0.892754809268309,-1.1941878121302647,-0.1473914933561218,1.5569498146075618,-2.1537146154474103,-1.6476242153587666,-1.4452992991020406,-1.0142134542626915,0.3048090881479399,-0.4474628583849011,-0.7524242160120928,0.2529487888675125,1.3190605304939769,-0.2866206028466274,-0.0107933222944086,2.0646760876968995,0.8730980940533075,-0.9852571782621392,9.395019609572316,9.395019609572309,178.0
233,-3.453779537856932,-2.012914626160815,-1.9060834834689,1.1664610487388358,2.8767518941372394,1.07545209244223,0.5169877337745452,-2.610267398192197,-2.6683079314318143,0.2399615842914376,0.7875563180993618,0.1622139047750223,-1.0509606743386433,-1.374633023470736,-0.8174944872625735,-2.817065335300838,0.2700978592992082,-1.5850291388224629,0.6946906136791137,1.6243950053085003,1.4195646109532432,-0.8254490808947003,1.0149634248429074,9.321962973880874,9.321962973880868,179.0
218,0.3949156141581653,-0.6133923228217846,1.021270571625429,-0.1663834330920674,0.3533323999329009,-0.009070077888067,0.43351575592553,0.7218588259977871,-0.2221060784616492,0.7186968242392072,0.3816928958563403,0.6980516394007099,0.7736801378941907,-0.6502322889120807,-0.1448754180218783,-0.2018532508684273,0.14147983106149,0.5930381131648669,0.6946906136791137,1.079332229440864,-1.1608812960213812,-0.2592666892453643,1.0149634248429074,9.316352417578615,9.31635241757861,180.0
214,-1.1212370214841456,-0.7170606415876387,0.9167222125149171,-0.056595273538547,0.3533323999329009,-0.009070077888067,0.5169877337745452,0.7942963526106128,-0.1109150851448235,0.2399615842914376,1.1934197403423832,0.6980516394007099,0.8726149611755991,-0.5970851500955289,-0.1713062486559977,0.7616459381329873,0.1071816901980985,0.5930381131648669,0.6946906136791137,1.079332229440864,-1.1608812960213812,0.8730980940533075,1.0149634248429074,9.1985494138808,9.19854941388079,181.0
230,0.6281698657954439,0.7861299805172459,-0.6515031741427589,-0.842256649811449,-0.7281330975832442,-0.6249715573349024,-0.9020358896587118,-0.5095791264202506,0.6674218680729562,-0.7175088956041015,-0.8358973708727238,-0.9094615644763532,-0.7838366514788402,1.2429943754707842,-0.3763730380586487,-0.0642105095825109,0.2443742536516646,-0.8590067214933529,-1.2679318193723683,-1.1009188740296814,0.129341657465931,-1.3916314725440362,-0.9852571782621392,9.17282993376033,9.172829933760324,182.0
226,0.8614241174327224,1.0971349368148082,-0.6166537211059216,-0.8415806143462179,-0.54788884799722,-0.5044690939648693,-0.9020358896587118,-0.2198290199689476,0.5562308747561305,-0.7175088956041015,-1.2417607931157453,-0.3736238298506654,-0.8135170984632629,1.2598130902861486,-0.3052832177323964,0.624003196847071,0.210076112788273,-0.8590067214933529,-1.2679318193723683,-1.1009188740296814,0.129341657465931,-0.8254490808947003,-0.9852571782621392,9.10897122043878,9.108971220438777,183.0
227,0.9780512432513616,0.9416324586660272,-0.5818042680690845,-0.8427974781836338,-0.7281330975832442,-0.6115823947382321,-0.915947885966881,-0.5820166530330763,0.1114669014888278,-0.7175088956041015,-0.4300339486297024,-0.9094615644763532,-0.829063999264627,1.1855491206458613,-0.3845757096347548,-0.6147814747261764,0.2186506480041209,-0.8590067214933529,-1.2679318193723683,-1.1009188740296814,0.129341657465931,0.3069157024039716,-0.9852571782621392,9.104616073702447,9.104616073702438,184.0
224,-2.1708811538518997,-1.6500755104803255,-1.9060834834689,0.0055459064254898,3.056996143723264,1.035284604652219,0.3500437780765148,-2.7551424514178486,-3.113071904699117,1.197432064186977,0.3816928958563403,0.1622139047750223,-1.06226751128509,-1.3474614553134694,-0.8958755712120312,-2.4041371114430894,0.1929270423565773,-1.5850291388224629,0.6946906136791137,1.6243950053085003,1.4195646109532432,0.8730980940533075,1.0149634248429074,9.046617616537306,9.046617616537299,185.0
222,0.9780512432513616,1.5118082118782248,-1.1742449696953177,-0.8457179513934319,-1.2688658463413167,-0.9195331344616496,-1.1941878121302647,-0.0025164401304703,0.7786128613897819,-2.63244985539518,-1.6476242153587666,-1.4452992991020406,-0.9774662341867398,0.3851277951217584,-0.5513633650155776,-0.3394959921543437,0.1757779719248815,1.3190605304939769,-0.2866206028466274,-0.0107933222944086,2.0646760876968995,0.8730980940533075,-0.9852571782621392,8.991865690710078,8.991865690710075,186.0
213,-0.887982769846867,-1.028065597885201,0.7773244003675682,0.5276886583513336,0.3533323999329009,-0.3571883054014956,0.3222197854601764,0.6494212993849613,-0.2221060784616492,0.2399615842914376,0.7875563180993618,1.2338893740263976,0.3397802700742991,-0.2383980254665218,0.0638370031923753,0.3487177142752382,0.0986071549822506,-0.132984304164243,0.6946906136791137,-0.555856098162045,-0.5157698192777251,-0.8254490808947003,1.0149634248429074,8.98700791339166,8.987007913391658,187.0
194,-0.4214742665723097,0.5787933429855378,1.0909694776991037,3.4178484378884533,-0.3676445984111958,3.3248314086828463,2.756819139389784,1.0840464590619157,-1.334016011629906,0.7186968242392072,1.5992831625854045,1.7697271086520852,2.17572791925358,-1.7378425136389857,3.448806140265467,0.4863604555611545,-0.0643090141188591,2.0450829478230865,1.6760018302048547,0.5342694535732276,0.7744531342095872,-1.3916314725440362,-0.9852571782621392,8.96581425778741,8.96581425778741,188.0
209,-0.1882200149350311,-0.5097240040559304,1.1258189307359407,-0.1656803562082272,0.1730881503468767,-0.009070077888067,0.3778677706928532,0.8667338792234385,-0.2221060784616492,0.2399615842914376,0.3816928958563403,0.6980516394007099,0.7553065278562148,-0.6936245731357212,-0.0810768613188313,1.03693142070482,0.0643090141188591,0.5930381131648669,0.6946906136791137,1.079332229440864,-1.1608812960213812,-0.8254490808947003,1.0149634248429074,8.926914743809823,8.926914743809819,189.0
223,0.5115427399768046,1.0453007774318812,-0.5818042680690845,-0.8448526259979361,-0.7281330975832442,-0.450912443578188,-0.9020358896587118,-0.5820166530330763,0.6674218680729562,-0.7175088956041015,-1.2417607931157453,-0.9094615644763532,-0.8078636799900394,1.1133781466270416,-0.2660926757576675,-0.2018532508684273,0.1843525071407294,-0.8590067214933529,-1.2679318193723683,-1.1009188740296814,0.129341657465931,-0.8254490808947003,-0.9852571782621392,8.890769924372105,8.890769924372101,190.0
203,0.278288488339526,-0.5615581634388576,1.021270571625429,0.2334780238827862,0.1730881503468767,-0.0760158908714188,0.4056917633091916,0.7942963526106128,-0.1109150851448235,1.197432064186977,1.1934197403423832,0.6980516394007099,0.7991205210236957,-0.8362472747700123,-0.1029506521884474,1.449859644562569,0.0128618028237718,0.5930381131648669,0.6946906136791137,1.079332229440864,-1.1608812960213812,0.8730980940533075,1.0149634248429074,8.860975536466695,8.860975536466691,191.0
205,-0.1882200149350311,-0.7688948009705657,1.0561200246622662,0.2712278442612874,0.1730881503468767,-0.009070077888067,0.4196037596173608,1.01160893244909,0.3338488881224792,1.197432064186977,0.3816928958563403,0.1622139047750223,0.9644830113654784,-0.6803938508143011,-0.0920137567536394,1.3122169032766529,0.0300108732554675,0.5930381131648669,0.6946906136791137,1.079332229440864,-1.1608812960213812,-0.8254490808947003,1.0149634248429074,8.832110364792724,8.83211036479272,192.0
220,0.9780512432513616,0.9416324586660272,-0.6515031741427589,-0.8422025669742305,-0.54788884799722,-0.571414906948221,-0.9020358896587118,-0.2922665465817733,0.7786128613897819,-1.1962441355518711,-0.8358973708727238,-0.9094615644763532,-0.8700512831954964,1.2550291002942229,-0.3390053119897212,-0.3394959921543437,0.1586289014931858,-0.8590067214933529,-1.2679318193723683,-1.1009188740296814,0.129341657465931,-0.2592666892453643,-0.9852571782621392,8.811310306233924,8.811310306233917,193.0
207,-0.887982769846867,-1.1317339166510552,0.88187275947808,0.7845010108832998,0.5335766495189251,-0.1697400290481109,0.3917797670010224,0.5769837727721355,-0.7780610450457777,1.197432064186977,0.7875563180993618,0.6980516394007099,0.4344750295007901,-0.3735083678166167,-0.0610258863550166,0.0734322317034054,0.0471599436871633,-0.132984304164243,0.6946906136791137,-0.555856098162045,-0.5157698192777251,0.8730980940533075,1.0149634248429074,8.807621295101656,8.80762129510165,194.0
217,0.9780512432513616,1.5636423712611518,-1.2787933288058293,-0.8452041644398562,-1.0886215967552926,-0.9195331344616496,-1.1802758158220954,-0.2198290199689476,1.0009948480234334,-2.1537146154474103,-1.6476242153587666,-1.4452992991020406,-1.036827128155585,0.2549509424508371,-0.5732371558851936,-0.3394959921543437,0.1329052958456421,1.3190605304939769,-0.2866206028466274,-0.0107933222944086,2.0646760876968995,0.8730980940533075,-0.9852571782621392,8.799010535138185,8.79901053513818,195.0
188,0.278288488339526,0.5269591836026106,1.1258189307359407,1.9524198806164392,-0.1874003488251716,3.070437319346109,2.3394592501447087,1.2289215122875672,-0.8892520383626034,0.7186968242392072,1.1934197403423832,1.7697271086520852,2.216715203184449,-1.695608851991515,3.562732134378051,0.3487177142752382,-0.1157562254139464,2.0450829478230865,1.6760018302048547,0.5342694535732276,0.7744531342095872,1.4392804857026436,-0.9852571782621392,8.788671937450095,8.788671937450099,196.0
204,0.278288488339526,-1.028065597885201,0.9515716655517544,0.4121947594712632,0.5335766495189251,-0.1697400290481109,0.43351575592553,0.5045462461593098,-1.000443031679429,0.7186968242392072,0.7875563180993618,1.2338893740263976,0.3892476817150033,-0.4642173030541493,0.0319377248408518,0.0734322317034054,0.0214363380396197,-0.132984304164243,0.6946906136791137,-0.555856098162045,-0.5157698192777251,0.3069157024039716,1.0149634248429074,8.688307650636887,8.688307650636881,197.0
219,0.8614241174327224,0.837964139900173,-0.5818042680690845,-0.8436898449977388,-0.7281330975832442,-0.5580257443515506,-0.9298598822750502,-0.654454179645902,-0.1109150851448235,-0.7175088956041015,-0.8358973708727238,-0.9094615644763532,-0.7159956298001602,1.1053799133592903,-0.3745502221528474,-0.0642105095825109,0.1500543662773379,-0.8590067214933529,-1.2679318193723683,-1.1009188740296814,0.129341657465931,-1.3916314725440362,-0.9852571782621392,8.685621326424076,8.685621326424073,198.0
199,-0.538101392390949,-0.6133923228217846,0.9864211185885916,0.0146859059154134,0.3533323999329009,-0.0492375656780781,0.5865477153153912,0.8667338792234385,0.2226578948056535,1.197432064186977,0.7875563180993618,0.6980516394007099,0.7736801378941907,-0.7281963758117482,-0.1631035770798917,0.2110749729893218,-0.0214363380396197,0.5930381131648669,0.6946906136791137,1.079332229440864,-1.1608812960213812,1.4392804857026436,1.0149634248429074,8.63521375188912,8.635213751889115,199.0
215,0.6281698657954439,0.6824616617513918,-0.790900986290108,-0.8433112651372093,-0.7281330975832442,-0.450912443578188,-0.9020358896587118,-0.5095791264202506,0.5562308747561305,-0.7175088956041015,-0.8358973708727238,-0.9094615644763532,-0.7301291759832186,1.1801671319049447,-0.3654361426238406,0.7616459381329873,0.1157562254139464,-0.8590067214933529,-1.2679318193723683,-1.1009188740296814,0.129341657465931,-0.8254490808947003,-0.9852571782621392,8.59299598845586,8.592995988455854,200.0
197,0.278288488339526,-0.7688948009705657,0.9167222125149171,0.0577358443413259,0.1730881503468767,-0.0492375656780781,0.4474277522336992,0.8667338792234385,0.7786128613897819,1.197432064186977,0.3816928958563403,0.1622139047750223,0.7722667832758849,-0.5941325312723872,-0.1776861043263025,1.3122169032766529,-0.0385854084713154,0.5930381131648669,0.6946906136791137,1.079332229440864,-1.1608812960213812,-0.2592666892453643,1.0149634248429074,8.528240488537616,8.528240488537614,201.0
212,0.5115427399768046,0.9934666180489542,-0.5818042680690845,-0.8435816793233017,-0.7281330975832442,-0.5981932321415617,-0.8881238933505426,-0.5095791264202506,0.6674218680729562,-0.7175088956041015,-0.8358973708727238,-0.9094615644763532,-0.8954916663250014,1.2289787797913136,-0.3982468289282648,-0.3394959921543437,0.0900326197664027,-0.8590067214933529,-1.2679318193723683,-1.1009188740296814,0.129341657465931,1.4392804857026436,-0.9852571782621392,8.525059690017445,8.52505969001744,202.0
211,0.9780512432513616,1.2008032555806625,-1.209094422732155,-0.8462046969283982,-1.2688658463413167,-0.9597006222516608,-1.1802758158220954,-0.2922665465817733,1.2233768346570848,-1.6749793754996407,-1.6476242153587666,-1.4452992991020406,-1.0043199719345506,0.410393242266617,-0.4000696448340662,-0.47713873344026,0.0814580845505548,1.3190605304939769,-0.2866206028466274,-0.0107933222944086,2.0646760876968995,-1.3916314725440362,-0.9852571782621392,8.466569896321799,8.466569896321797,203.0
200,-1.1212370214841456,-1.079899757268128,0.7773244003675682,1.0263053760871372,0.5335766495189251,-0.2366858420314626,0.5169877337745452,0.7218588259977871,-0.1109150851448235,0.7186968242392072,0.7875563180993618,0.6980516394007099,0.331300142364464,-0.1673482991020597,0.1185214803664155,0.3487177142752382,-0.0128618028237718,-0.132984304164243,0.6946906136791137,-0.555856098162045,-0.5157698192777251,-1.3916314725440362,1.0149634248429074,8.456806735042122,8.45680673504212,204.0
210,0.9780512432513616,0.7861299805172459,-0.6515031741427589,-0.8448526259979361,-0.7281330975832442,-0.571414906948221,-0.8881238933505426,-0.5820166530330763,0.7786128613897819,-0.7175088956041015,-0.8358973708727238,-0.9094615644763532,-0.8417841908293795,1.354932266297488,-0.3800186698702514,-0.3394959921543437,0.0728835493347069,-0.8590067214933529,-1.2679318193723683,-1.1009188740296814,0.129341657465931,-0.2592666892453643,-0.9852571782621392,8.389056635041278,8.389056635041273,205.0
206,-2.7540167829450954,-1.6500755104803255,-1.9060834834689,0.9353110024670396,2.8767518941372394,1.1557870680222515,0.5865477153153912,-2.610267398192197,-2.3347349514813374,0.7186968242392072,1.1934197403423832,0.1622139047750223,-1.0000799080796332,-1.3706712817586724,-0.780126761193646,-2.5417798527290056,0.0385854084713154,-1.5850291388224629,0.6946906136791137,1.6243950053085003,1.4195646109532432,1.4392804857026436,1.0149634248429074,8.388639276212709,8.388639276212707,206.0
178,0.278288488339526,0.4751250242196836,1.0561200246622662,1.8431455080164945,-0.1874003488251716,3.2043289453128136,2.756819139389784,1.0840464590619157,-1.2228250183130804,1.197432064186977,1.1934197403423832,1.7697271086520852,2.3665307927248675,-1.7702091959281094,3.562732134378051,0.8992886794189037,-0.2015015775724252,2.0450829478230865,1.6760018302048547,0.5342694535732276,0.7744531342095872,-0.8254490808947003,-0.9852571782621392,8.313507044780037,8.31350704478004,207.0
190,-0.0715928891163918,-0.6133923228217846,1.021270571625429,0.2339918108363618,0.1730881503468767,-0.1429617038547702,0.4613397485418684,0.9391714058362642,0.6674218680729562,0.2399615842914376,0.3816928958563403,0.1622139047750223,0.8924019258318809,-0.6340489477675189,-0.0601144784021159,1.1745741619907364,-0.0986071549822506,0.5930381131648669,0.6946906136791137,1.079332229440864,-1.1608812960213812,-0.2592666892453643,1.0149634248429074,8.195345288621722,8.195345288621724,208.0
189,0.3949156141581653,-0.6652264822047116,0.9515716655517544,1.2321987373779018,0.1730881503468767,0.0310974099019439,0.4196037596173608,0.7218588259977871,-0.2221060784616492,0.7186968242392072,1.1934197403423832,0.1622139047750223,0.8076006487335308,-0.6502322889120807,-0.1421411941631763,0.624003196847071,-0.1071816901980985,0.5930381131648669,0.6946906136791137,1.079332229440864,-1.1608812960213812,-0.2592666892453643,1.0149634248429074,8.191885714158763,8.191885714158762,209.0
193,-0.6547285182095883,-1.079899757268128,0.6727760412570565,0.5611929760081837,0.7138208991049493,-0.1563508664514405,0.43351575592553,0.7942963526106128,-0.1109150851448235,0.7186968242392072,1.1934197403423832,0.1622139047750223,0.5348232074005045,-0.2664292168254626,0.1039389531200048,0.3487177142752382,-0.0728835493347069,-0.132984304164243,0.6946906136791137,-0.555856098162045,-0.5157698192777251,-0.8254490808947003,1.0149634248429074,8.19065833799366,8.190658337993659,210.0
202,0.9780512432513616,0.837964139900173,-0.6863526271795962,-0.8447715017421084,-0.7281330975832442,-0.3571883054014956,-0.8602999007342043,-0.7268917062587278,0.6674218680729562,-1.1962441355518711,-1.2417607931157453,-1.4452992991020406,-0.8714646378138022,1.2632889580146571,-0.2797637950511776,0.3487177142752382,0.0042872676079239,-0.8590067214933529,-1.2679318193723683,-1.1009188740296814,0.129341657465931,0.8730980940533075,-0.9852571782621392,8.068786939581253,8.068786939581246,211.0
186,-0.1882200149350311,-0.7170606415876387,0.9167222125149171,0.0575465544110612,0.3533323999329009,-0.0492375656780781,0.5308997300827144,1.01160893244909,0.6674218680729562,0.2399615842914376,0.7875563180993618,0.1622139047750223,0.9616563021288668,-0.5339215322333822,-0.0646715181666192,0.7616459381329873,-0.1329052958456421,0.5930381131648669,0.6946906136791137,1.079332229440864,-1.1608812960213812,-1.3916314725440362,1.0149634248429074,7.9830858662086355,7.983085866208636,212.0
196,0.9780512432513616,1.3563057337294435,-1.1393955166584804,-0.8441765905327051,-1.0886215967552926,-0.8391981588816276,-1.1802758158220954,0.0699210864823553,1.3345678279739104,-2.1537146154474103,-1.2417607931157453,-0.9094615644763532,-0.9096252125080596,0.3614694696148123,-0.4374373709029936,-1.3029951811557583,-0.0471599436871633,1.3190605304939769,-0.2866206028466274,-0.0107933222944086,2.0646760876968995,1.4392804857026436,-0.9852571782621392,7.981118291733274,7.981118291733271,213.0
187,-0.7713556440282276,-0.9243972791193468,0.7076254942938938,0.1204178526775476,0.7138208991049493,-0.1429617038547702,0.4613397485418684,0.7942963526106128,-0.1109150851448235,1.197432064186977,0.7875563180993618,1.2338893740263976,0.3694607170587217,-0.2877702971800696,-0.0063414091809763,0.2110749729893218,-0.1243307606297942,-0.132984304164243,0.6946906136791137,-0.555856098162045,-0.5157698192777251,-0.8254490808947003,1.0149634248429074,7.954518181269788,7.954518181269787,214.0
198,0.5115427399768046,1.1489690961977352,-0.6863526271795962,-0.8394173008574786,-0.7281330975832442,-0.6249715573349024,-0.9437718785832194,-0.654454179645902,0.6674218680729562,-0.7175088956041015,-1.2417607931157453,-1.4452992991020406,-0.8318907085012388,1.3082136140325864,-0.2305477655945414,0.4863604555611545,-0.0300108732554675,-0.8590067214933529,-1.2679318193723683,-1.1009188740296814,0.129341657465931,0.8730980940533075,-0.9852571782621392,7.914071414826893,7.9140714148268945,215.0
201,0.8614241174327224,0.9416324586660272,-0.5469548150322472,-0.8427974781836338,-0.7281330975832442,-0.6115823947382321,-0.9020358896587118,-0.4371415998074248,0.1114669014888278,-1.1962441355518711,-0.8358973708727238,-0.9094615644763532,-0.829063999264627,1.1855491206458613,-0.3845757096347548,-0.6147814747261764,-0.0042872676079239,-0.8590067214933529,-1.2679318193723683,-1.1009188740296814,0.129341657465931,-1.3916314725440362,-0.9852571782621392,7.907571308035827,7.907571308035826,216.0
181,-0.3048471407536705,-0.6133923228217846,1.021270571625429,-0.0829606566825574,0.1730881503468767,0.0177082473052736,0.3083077891520075,0.7942963526106128,0.1114669014888278,1.197432064186977,1.1934197403423832,0.6980516394007099,0.9630696567471728,-0.7455009646106677,-0.1129761396703548,1.03693142070482,-0.1757779719248815,0.5930381131648669,0.6946906136791137,1.079332229440864,-1.1608812960213812,-1.3916314725440362,1.0149634248429074,7.804545789583728,7.804545789583733,217.0
182,0.1616613625208867,-0.6133923228217846,0.9864211185885916,-0.013139713833496,0.1730881503468767,-0.1563508664514405,0.4613397485418684,0.9391714058362642,0.2226578948056535,0.2399615842914376,0.3816928958563403,0.1622139047750223,0.8118407125884483,-0.5574303580530806,-0.1312042987283682,1.03693142070482,-0.1672034367090336,0.5930381131648669,0.6946906136791137,1.079332229440864,-1.1608812960213812,-1.3916314725440362,1.0149634248429074,7.781990450617556,7.781990450617557,218.0
195,0.6281698657954439,0.837964139900173,-0.5469548150322472,-0.8400392534854911,-0.54788884799722,-0.450912443578188,-0.8742118970423735,-0.2198290199689476,0.2226578948056535,-1.1962441355518711,-1.2417607931157453,-1.4452992991020406,-0.847437609302603,1.3137077275389388,-0.3772844460115494,-0.47713873344026,-0.0557344789030112,-0.8590067214933529,-1.2679318193723683,-1.1009188740296814,0.129341657465931,1.4392804857026436,-0.9852571782621392,7.759886308563321,7.759886308563319,219.0
183,-0.7713556440282276,-1.3390705541827634,0.9515716655517544,0.2394000945582101,0.5335766495189251,-0.3036316550148144,0.4613397485418684,0.432108719546484,-0.666870051728952,1.197432064186977,1.1934197403423832,0.1622139047750223,0.4104480009895909,-0.2400425220262463,-0.0327722398150958,1.1745741619907364,-0.1586289014931858,-0.132984304164243,0.6946906136791137,-0.555856098162045,-0.5157698192777251,-0.8254490808947003,1.0149634248429074,7.746804496572332,7.746804496572332,220.0
176,0.0450342367022474,-0.7170606415876387,0.9167222125149171,0.3121144691984605,0.3533323999329009,-0.0626267282747484,0.3500437780765148,0.6494212993849613,0.4450398814393049,1.197432064186977,0.3816928958563403,0.6980516394007099,0.8019472302603073,-0.6781887304273978,-0.1102419158116528,1.449859644562569,-0.2186506480041209,0.5930381131648669,0.6946906136791137,1.079332229440864,-1.1608812960213812,1.4392804857026436,1.0149634248429074,7.72809777742582,7.728097777425821,221.0
192,0.7447969916140832,0.7861299805172459,-0.6515031741427589,-0.8422025669742305,-0.7281330975832442,-0.410744955788177,-0.8463879044260351,-0.2922665465817733,0.7786128613897819,-0.2387736556563319,-0.8358973708727238,-0.9094615644763532,-0.8700512831954964,1.2550291002942229,-0.3390053119897212,-0.3394959921543437,-0.0814580845505548,-0.8590067214933529,-1.2679318193723683,-1.1009188740296814,0.129341657465931,0.3069157024039716,-0.9852571782621392,7.683430424672333,7.683430424672328,222.0
164,-0.6547285182095883,0.5269591836026106,1.0561200246622662,2.20836690775291,-0.3676445984111958,3.244496433102824,2.701171154157107,1.0840464590619157,-1.2228250183130804,0.7186968242392072,1.1934197403423832,1.7697271086520852,2.1601810184522154,-1.6152527700958843,3.5144275128743154,-0.47713873344026,-0.3215450705942955,2.0450829478230865,1.6760018302048547,0.5342694535732276,0.7744531342095872,0.3069157024039716,-0.9852571782621392,7.6612476478245055,7.661247647824508,223.0
161,0.3949156141581653,0.5269591836026106,1.1258189307359407,1.1924208106037075,-0.1874003488251716,3.070437319346109,2.756819139389784,1.4462340921260444,-1.1116340249962546,1.197432064186977,1.1934197403423832,1.7697271086520852,2.2181285578027548,-1.6734828982788574,3.530832856026528,0.2110749729893218,-0.3472686762418391,2.0450829478230865,1.6760018302048547,0.5342694535732276,0.7744531342095872,-0.2592666892453643,-0.9852571782621392,7.587488247496814,7.587488247496819,224.0
191,-3.453779537856932,-2.012914626160815,-1.9060834834689,1.1664610487388358,2.8767518941372394,1.0218954420555486,0.5169877337745452,-2.9000175046435,-2.77949892474864,0.7186968242392072,0.3816928958563403,0.6980516394007099,-1.0509606743386433,-1.374633023470736,-0.8174944872625735,-2.817065335300838,-0.0900326197664027,-1.5850291388224629,0.6946906136791137,1.6243950053085003,1.4195646109532432,-0.8254490808947003,1.0149634248429074,7.56338302901046,7.5633830290104616,225.0
173,-0.538101392390949,-0.7170606415876387,1.021270571625429,0.0575465544110612,0.1730881503468767,0.0310974099019439,0.3500437780765148,0.9391714058362642,0.3338488881224792,1.197432064186977,0.3816928958563403,0.1622139047750223,0.9616563021288668,-0.5339215322333822,-0.0920137567536394,1.3122169032766529,-0.2443742536516646,0.5930381131648669,0.6946906136791137,1.079332229440864,-1.1608812960213812,1.4392804857026436,1.0149634248429074,7.5606762842806745,7.5606762842806745,226.0
185,0.6281698657954439,0.9934666180489542,-0.6166537211059216,-0.8433653479744279,-0.7281330975832442,-0.450912443578188,-0.8602999007342043,-0.5095791264202506,0.6674218680729562,-0.7175088956041015,-1.2417607931157453,-1.4452992991020406,-0.8304773538829329,1.2224381684742274,-0.372727406247046,-0.2018532508684273,-0.14147983106149,-0.8590067214933529,-1.2679318193723683,-1.1009188740296814,0.129341657465931,1.4392804857026436,-0.9852571782621392,7.371123066796859,7.371123066796858,227.0
175,-0.4214742665723097,-1.3390705541827634,0.7424749473307309,0.2729314536336696,0.5335766495189251,-0.3839666305948363,0.4613397485418684,0.432108719546484,0.0002759081720021,0.2399615842914376,0.3816928958563403,0.6980516394007099,0.5319964981638927,-0.2445275126436769,-0.0336836477679964,-0.2018532508684273,-0.2272251832199688,-0.132984304164243,0.6946906136791137,-0.555856098162045,-0.5157698192777251,-1.3916314725440362,1.0149634248429074,7.314834222624167,7.314834222624171,228.0
184,0.8614241174327224,1.4081398931123703,-1.2439438757689922,-0.8462046969283982,-1.0886215967552926,-0.892754809268309,-1.1941878121302647,-0.1473914933561218,0.7786128613897819,-2.1537146154474103,-1.6476242153587666,-1.4452992991020406,-0.9859463618965748,0.2989412254234682,-0.4711594651603185,-1.1653524398698418,-0.1500543662773379,1.3190605304939769,-0.2866206028466274,-0.0107933222944086,2.0646760876968995,-0.8254490808947003,-0.9852571782621392,7.299603311830488,7.299603311830488,229.0
151,0.8614241174327224,0.5787933429855378,1.0909694776991037,3.4178484378884533,-0.1874003488251716,3.2043289453128136,2.673347161540769,1.2289215122875672,-1.2228250183130804,1.6761673041347465,1.1934197403423832,1.7697271086520852,2.17572791925358,-1.7378425136389857,3.448806140265467,0.4863604555611545,-0.433014028400318,2.0450829478230865,1.6760018302048547,0.5342694535732276,0.7744531342095872,-0.8254490808947003,-0.9852571782621392,7.268494202534697,7.268494202534704,230.0
169,0.3949156141581653,-0.6133923228217846,1.021270571625429,-0.2514827774553503,0.3533323999329009,-0.0224592404847374,0.4196037596173608,0.8667338792234385,0.2226578948056535,0.7186968242392072,0.3816928958563403,0.1622139047750223,0.8076006487335308,-0.6502322889120807,-0.1448754180218783,-0.2018532508684273,-0.2786723945150561,0.5930381131648669,0.6946906136791137,1.079332229440864,-1.1608812960213812,-0.2592666892453643,1.0149634248429074,7.256151128989528,7.256151128989535,231.0
167,-0.1882200149350311,-1.2354022354169092,0.7424749473307309,1.4820073624900745,0.5335766495189251,-0.1697400290481109,0.3778677706928532,0.5045462461593098,-0.3332970717784749,0.7186968242392072,0.3816928958563403,0.6980516394007099,0.4358883841190958,-0.2397808975735629,0.0775081224858853,0.8992886794189037,-0.2958214649467519,-0.132984304164243,0.6946906136791137,-0.555856098162045,-0.5157698192777251,0.3069157024039716,1.0149634248429074,7.175054055305632,7.175054055305633,232.0
179,-1.587745524758703,-1.6500755104803255,-2.045481295616249,0.8828236089465019,3.056996143723264,1.1825653932155924,0.6282837042398988,-2.5378298715793712,-2.6683079314318143,0.2399615842914376,0.7875563180993618,0.1622139047750223,-1.0848811851779834,-1.3721662786311493,-0.8594192530960043,-2.4041371114430894,-0.1929270423565773,-1.5850291388224629,0.6946906136791137,1.6243950053085003,1.4195646109532432,-0.8254490808947003,1.0149634248429074,7.161690211991101,7.161690211991104,233.0
180,0.7447969916140832,0.7861299805172459,-0.4772559089585727,-0.8448796674165454,-0.7281330975832442,-0.5178582565615396,-0.8881238933505426,-0.4371415998074248,0.0002759081720021,-0.7175088956041015,-0.4300339486297024,-0.9094615644763532,-0.8629845101039672,1.2893766534393782,-0.3544992471890326,-0.2018532508684273,-0.1843525071407294,-0.8590067214933529,-1.2679318193723683,-1.1009188740296814,0.129341657465931,0.3069157024039716,-0.9852571782621392,7.145401498031872,7.14540149803187,234.0
163,-0.4214742665723097,-0.7170606415876387,0.9167222125149171,0.6582716688153607,0.3533323999329009,-0.0626267282747484,0.363955774384684,0.7218588259977871,0.6674218680729562,0.2399615842914376,0.7875563180993618,0.1622139047750223,0.8471745780460941,-0.5550757379789295,-0.1239130351051629,1.3122169032766529,-0.3301196058101434,0.5930381131648669,0.6946906136791137,1.079332229440864,-1.1608812960213812,0.8730980940533075,1.0149634248429074,7.121444050084913,7.121444050084917,235.0
177,0.3949156141581653,0.7861299805172459,-0.6515031741427589,-0.8415806143462179,-0.7281330975832442,-0.3571883054014956,-0.8742118970423735,-0.2198290199689476,0.4450398814393049,-0.2387736556563319,-0.8358973708727238,-0.3736238298506654,-0.8135170984632629,1.2598130902861486,-0.3052832177323964,0.624003196847071,-0.210076112788273,-0.8590067214933529,-1.2679318193723683,-1.1009188740296814,0.129341657465931,-0.2592666892453643,-0.9852571782621392,7.071551864352593,7.071551864352595,236.0
148,0.5115427399768046,0.4232908648367565,1.0909694776991037,1.6005839830915984,-0.1874003488251716,3.284663920892835,2.6594351652326,1.2289215122875672,-0.8892520383626034,1.197432064186977,1.5992831625854045,1.2338893740263976,2.331196927267221,-1.711717443292453,3.4834396424756924,0.7616459381329873,-0.4587376340478616,2.0450829478230865,1.6760018302048547,0.5342694535732276,0.7744531342095872,-1.3916314725440362,-0.9852571782621392,7.033837750965353,7.0338377509653585,237.0
174,0.8614241174327224,0.9934666180489542,-0.5121053619954099,-0.8424729811603229,-0.7281330975832442,-0.5178582565615396,-0.8742118970423735,-0.3647040731945991,1.0009948480234334,-0.2387736556563319,-1.2417607931157453,-0.3736238298506654,-0.8191705169364861,1.3452147866263884,-0.3390053119897212,0.0734322317034054,-0.2357997184358167,-0.8590067214933529,-1.2679318193723683,-1.1009188740296814,0.129341657465931,0.8730980940533075,-0.9852571782621392,6.999009927778098,6.999009927778099,238.0
172,0.5115427399768046,0.7861299805172459,-0.6863526271795962,-0.8449067088351546,-0.7281330975832442,-0.5312474191582099,-0.9020358896587118,-0.5820166530330763,0.2226578948056535,-0.2387736556563319,-0.4300339486297024,-1.4452992991020406,-0.8304773538829329,1.2224381684742274,-0.372727406247046,-0.2018532508684273,-0.2529487888675125,-0.8590067214933529,-1.2679318193723683,-1.1009188740296814,0.129341657465931,0.8730980940533075,-0.9852571782621392,6.811886993476404,6.811886993476404,239.0
170,0.9780512432513616,1.3044715743465165,-1.2439438757689922,-0.8452041644398562,-1.0886215967552926,-0.9061439718649792,-1.2080998084384338,-0.0025164401304703,0.7786128613897819,-2.63244985539518,-1.6476242153587666,-1.4452992991020406,-1.036827128155585,0.2549509424508371,-0.5732371558851936,-0.3394959921543437,-0.2700978592992082,1.3190605304939769,-0.2866206028466274,-0.0107933222944086,2.0646760876968995,0.8730980940533075,-0.9852571782621392,6.793778702813799,6.793778702813801,240.0
140,0.278288488339526,0.3196225460709024,1.021270571625429,3.30316578156666,-0.3676445984111958,3.2043289453128136,2.5481391947672463,1.01160893244909,-1.000443031679429,1.197432064186977,1.1934197403423832,1.7697271086520852,2.2647692602068474,-1.6818922556865397,3.5381241196497326,-0.0642105095825109,-0.5273339157746447,2.0450829478230865,1.6760018302048547,0.5342694535732276,0.7744531342095872,0.8730980940533075,-0.9852571782621392,6.78858419681822,6.788584196818228,241.0
154,-0.7713556440282276,-0.6133923228217846,1.0561200246622662,0.2712278442612874,0.1730881503468767,0.0310974099019439,0.572635719007222,0.8667338792234385,0.5562308747561305,1.197432064186977,-0.024170526386681,0.6980516394007099,0.8118407125884483,-0.5574303580530806,-0.1503438657392823,1.3122169032766529,-0.4072904227527743,0.5930381131648669,0.6946906136791137,1.079332229440864,-1.1608812960213812,0.8730980940533075,1.0149634248429074,6.75487221920791,6.754872219207913,242.0
168,-1.704372650577342,-1.7019096698632528,-2.045481295616249,0.7889628449538247,3.056996143723264,1.115619580232241,0.5865477153153912,-2.610267398192197,-2.6683079314318143,0.7186968242392072,1.1934197403423832,0.6980516394007099,-1.0848811851779834,-1.3721662786311493,-0.8594192530960043,-2.4041371114430894,-0.287246929730904,-1.5850291388224629,0.6946906136791137,1.6243950053085003,1.4195646109532432,-0.8254490808947003,1.0149634248429074,6.740135009146403,6.740135009146406,243.0
155,-0.538101392390949,-0.6652264822047116,0.9864211185885916,-0.0829606566825574,0.1730881503468767,-0.0358484030814077,0.4613397485418684,0.9391714058362642,0.1114669014888278,0.7186968242392072,1.1934197403423832,0.6980516394007099,0.9630696567471728,-0.7455009646106677,-0.1129761396703548,1.03693142070482,-0.3987158875369264,0.5930381131648669,0.6946906136791137,1.079332229440864,-1.1608812960213812,-0.8254490808947003,1.0149634248429074,6.712417528511284,6.712417528511291,244.0
158,-1.2378641473027847,-1.1317339166510552,0.88187275947808,0.7845010108832998,0.5335766495189251,-0.250075004628133,0.4752517448500376,0.5045462461593098,-0.7780610450457777,0.7186968242392072,1.1934197403423832,0.1622139047750223,0.4344750295007901,-0.3735083678166167,-0.0610258863550166,0.0734322317034054,-0.3729922818893828,-0.132984304164243,0.6946906136791137,-0.555856098162045,-0.5157698192777251,0.8730980940533075,1.0149634248429074,6.705619475113875,6.7056194751138785,245.0
171,0.6281698657954439,0.7342958211343189,-0.5469548150322472,-0.8400392534854911,-0.7281330975832442,-0.5312474191582099,-0.8881238933505426,-0.654454179645902,0.2226578948056535,-1.1962441355518711,-0.4300339486297024,-0.9094615644763532,-0.847437609302603,1.3137077275389388,-0.3772844460115494,-0.47713873344026,-0.2615233240833604,-0.8590067214933529,-1.2679318193723683,-1.1009188740296814,0.129341657465931,-0.8254490808947003,-0.9852571782621392,6.679230536372363,6.6792305363723665,246.0
166,0.7447969916140832,1.5118082118782248,-1.2787933288058293,-0.8445551703932345,-1.0886215967552926,-0.8659764840749683,-1.1802758158220954,-0.0749539667432961,1.2233768346570848,-1.6749793754996407,-1.2417607931157453,-1.4452992991020406,-0.923758758691118,0.1904418274034612,-0.5331352059575641,-1.1653524398698418,-0.3043960001625997,1.3190605304939769,-0.2866206028466274,-0.0107933222944086,2.0646760876968995,0.3069157024039716,-0.9852571782621392,6.644022785322971,6.6440227853229725,247.0
150,0.278288488339526,-0.6133923228217846,1.021270571625429,0.2339918108363618,0.3533323999329009,-0.0492375656780781,0.5169877337745452,1.01160893244909,0.6674218680729562,0.2399615842914376,0.3816928958563403,0.6980516394007099,0.8924019258318809,-0.6340489477675189,-0.0601144784021159,1.1745741619907364,-0.4415885636161659,0.5930381131648669,0.6946906136791137,1.079332229440864,-1.1608812960213812,-0.8254490808947003,1.0149634248429074,6.5444540057636615,6.544454005763671,248.0
152,-0.538101392390949,-1.079899757268128,0.7773244003675682,0.998614963431274,0.5335766495189251,-0.250075004628133,0.6282837042398988,0.3596711929336583,-0.3332970717784749,1.197432064186977,0.7875563180993618,1.2338893740263976,0.5319964981638927,-0.2445275126436769,-0.0336836477679964,-0.2018532508684273,-0.4244394931844701,-0.132984304164243,0.6946906136791137,-0.555856098162045,-0.5157698192777251,-0.8254490808947003,1.0149634248429074,6.4842526154358735,6.48425261543588,249.0
165,0.8614241174327224,0.9934666180489542,-0.5818042680690845,-0.8427974781836338,-0.7281330975832442,-0.4375232809815176,-0.8881238933505426,-0.4371415998074248,0.1114669014888278,-0.2387736556563319,-1.2417607931157453,-0.9094615644763532,-0.829063999264627,1.1855491206458613,-0.3845757096347548,-0.6147814747261764,-0.3129705353784476,-0.8590067214933529,-1.2679318193723683,-1.1009188740296814,0.129341657465931,-1.3916314725440362,-0.9852571782621392,6.426232958298034,6.426232958298038,250.0
147,-0.1882200149350311,-0.6652264822047116,0.9515716655517544,1.2321987373779018,0.1730881503468767,-0.1697400290481109,0.4056917633091916,1.0840464590619157,0.6674218680729562,0.2399615842914376,0.3816928958563403,0.6980516394007099,0.8076006487335308,-0.6502322889120807,-0.1421411941631763,0.624003196847071,-0.4673121692637095,0.5930381131648669,0.6946906136791137,1.079332229440864,-1.1608812960213812,-0.2592666892453643,1.0149634248429074,6.414347201090995,6.414347201090999,251.0
162,0.9780512432513616,0.8897982992831001,-0.4772559089585727,-0.8444740461374067,-0.7281330975832442,-0.450912443578188,-0.8881238933505426,-0.5820166530330763,1.112185841340259,-0.7175088956041015,-0.8358973708727238,-0.3736238298506654,-0.786663360715452,1.1187227604461465,-0.3426509438013239,-0.47713873344026,-0.3386941410259912,-0.8590067214933529,-1.2679318193723683,-1.1009188740296814,0.129341657465931,-0.2592666892453643,-0.9852571782621392,6.413026050059681,6.4130260500596865,252.0
160,0.8614241174327224,1.5636423712611518,-1.209094422732155,-0.8449067088351546,-1.0886215967552926,-0.8793656466716386,-1.1802758158220954,-0.2922665465817733,1.0009948480234334,-2.1537146154474103,-1.2417607931157453,-0.9094615644763532,-0.9039717940348364,0.209465662605729,-0.5349580218633655,-1.3029951811557583,-0.355843211457687,1.3190605304939769,-0.2866206028466274,-0.0107933222944086,2.0646760876968995,-0.8254490808947003,-0.9852571782621392,6.333912813094449,6.333912813094455,253.0
159,0.9780512432513616,0.9934666180489542,-0.6166537211059216,-0.8433653479744279,-0.7281330975832442,-0.6115823947382321,-0.8324759081178659,-0.2922665465817733,0.7786128613897819,-0.7175088956041015,-1.2417607931157453,-1.4452992991020406,-0.8304773538829329,1.2224381684742274,-0.372727406247046,-0.2018532508684273,-0.3644177466735349,-0.8590067214933529,-1.2679318193723683,-1.1009188740296814,0.129341657465931,0.8730980940533075,-0.9852571782621392,6.277640511997114,6.277640511997117,254.0
145,-1.2378641473027847,-1.3390705541827634,0.88187275947808,0.8398007119391987,0.5335766495189251,-0.3571883054014956,0.4752517448500376,0.432108719546484,-0.7780610450457777,0.7186968242392072,1.1934197403423832,1.2338893740263976,0.4726356041950476,-0.251105498882575,-0.0327722398150958,0.3487177142752382,-0.4844612396954053,-0.132984304164243,0.6946906136791137,-0.555856098162045,-0.5157698192777251,1.4392804857026436,1.0149634248429074,6.233073796446072,6.233073796446076,255.0
156,-1.704372650577342,-1.6500755104803255,-1.9060834834689,0.0055459064254898,2.8767518941372394,1.1557870680222515,0.4752517448500376,-2.7551424514178486,-3.113071904699117,0.7186968242392072,0.7875563180993618,1.2338893740263976,-1.06226751128509,-1.3474614553134694,-0.8958755712120312,-2.4041371114430894,-0.3901413523210786,-1.5850291388224629,0.6946906136791137,1.6243950053085003,1.4195646109532432,0.3069157024039716,1.0149634248429074,6.229181264414458,6.229181264414462,256.0
144,0.1616613625208867,-0.6133923228217846,0.88187275947808,0.0146859059154134,0.3533323999329009,0.0310974099019439,0.4891637411582068,0.7218588259977871,0.2226578948056535,0.7186968242392072,0.3816928958563403,0.6980516394007099,0.7736801378941907,-0.7281963758117482,-0.1631035770798917,0.2110749729893218,-0.4930357749112531,0.5930381131648669,0.6946906136791137,1.079332229440864,-1.1608812960213812,-1.3916314725440362,1.0149634248429074,6.187137930501177,6.187137930501188,257.0
157,0.8614241174327224,0.7861299805172459,-0.4772559089585727,-0.8462858211842259,-0.7281330975832442,-0.5580257443515506,-0.8881238933505426,-0.5095791264202506,0.3338488881224792,-0.2387736556563319,-0.4300339486297024,-1.4452992991020406,-0.8417841908293795,1.3465602838116175,-0.2442188848880514,-0.2018532508684273,-0.3815668171052307,-0.8590067214933529,-1.2679318193723683,-1.1009188740296814,0.129341657465931,-0.8254490808947003,-0.9852571782621392,6.1511586505987585,6.151158650598766,258.0
127,0.1616613625208867,0.4751250242196836,1.0909694776991037,1.8431455080164945,-0.3676445984111958,3.1909397827161423,2.756819139389784,1.0840464590619157,-1.000443031679429,0.7186968242392072,1.5992831625854045,1.2338893740263976,2.3665307927248675,-1.7702091959281094,3.449717548218368,0.8992886794189037,-0.6388028735806671,2.0450829478230865,1.6760018302048547,0.5342694535732276,0.7744531342095872,-1.3916314725440362,-0.9852571782621392,6.114413839593428,6.114413839593442,259.0
153,0.9780512432513616,0.837964139900173,-0.6863526271795962,-0.8447715017421084,-0.7281330975832442,-0.571414906948221,-0.8881238933505426,-0.5095791264202506,0.6674218680729562,-0.2387736556563319,-0.4300339486297024,-0.3736238298506654,-0.8714646378138022,1.2632889580146571,-0.2797637950511776,0.3487177142752382,-0.4158649579686222,-0.8590067214933529,-1.2679318193723683,-1.1009188740296814,0.129341657465931,-0.2592666892453643,-0.9852571782621392,6.0797710133493,6.079771013349305,260.0
143,-1.1212370214841456,-1.079899757268128,0.7076254942938938,0.152488975148108,0.5335766495189251,-0.1697400290481109,0.5448117263908836,0.2872336663208326,-0.1109150851448235,0.2399615842914376,0.3816928958563403,0.1622139047750223,0.5348232074005045,-0.3589321483099674,0.0200894214531431,1.1745741619907364,-0.501610310127101,-0.132984304164243,0.6946906136791137,-0.555856098162045,-0.5157698192777251,0.8730980940533075,1.0149634248429074,6.073954135292872,6.073954135292877,261.0
123,0.278288488339526,0.5269591836026106,1.1258189307359407,1.9524198806164392,-0.3676445984111958,3.1775506201194723,2.5481391947672463,1.01160893244909,-0.8892520383626034,1.197432064186977,1.5992831625854045,1.7697271086520852,2.216715203184449,-1.695608851991515,3.562732134378051,0.3487177142752382,-0.6731010144440587,2.0450829478230865,1.6760018302048547,0.5342694535732276,0.7744531342095872,-0.8254490808947003,-0.9852571782621392,5.996203634222378,5.996203634222391,262.0
137,-0.887982769846867,-0.5615581634388576,1.021270571625429,-0.1668431372084245,0.3533323999329009,-0.0626267282747484,0.4056917633091916,0.7942963526106128,0.0002759081720021,0.7186968242392072,0.7875563180993618,0.6980516394007099,0.8076006487335308,-0.5760056941936054,-0.1312042987283682,1.03693142070482,-0.5530575214221883,0.5930381131648669,0.6946906136791137,1.079332229440864,-1.1608812960213812,-0.8254490808947003,1.0149634248429074,5.920004980746932,5.920004980746941,263.0
138,-0.7713556440282276,-1.2354022354169092,0.9515716655517544,1.4294929275509276,0.3533323999329009,-0.1697400290481109,0.5169877337745452,0.7218588259977871,-0.5556790584121263,0.7186968242392072,0.7875563180993618,0.1622139047750223,0.5348232074005045,-0.4179845247728028,0.0273806850763484,0.0734322317034054,-0.5444829862063404,-0.132984304164243,0.6946906136791137,-0.555856098162045,-0.5157698192777251,0.8730980940533075,1.0149634248429074,5.915035173216192,5.9150351732161965,264.0
149,0.278288488339526,1.3044715743465165,-1.1742449696953177,-0.8456097857189949,-1.2688658463413167,-0.8391981588816276,-1.2080998084384338,-0.0749539667432961,1.2233768346570848,-1.6749793754996407,-1.2417607931157453,-1.4452992991020406,-0.9181053402178948,0.1471616679452565,-0.4738936890190205,-0.47713873344026,-0.4501630988320137,1.3190605304939769,-0.2866206028466274,-0.0107933222944086,2.0646760876968995,-0.8254490808947003,-0.9852571782621392,5.880691755588988,5.880691755588999,265.0
146,0.9780512432513616,1.0453007774318812,-0.5818042680690845,-0.8448526259979361,-0.7281330975832442,-0.571414906948221,-0.8602999007342043,-0.654454179645902,0.7786128613897819,-1.1962441355518711,-0.8358973708727238,-0.9094615644763532,-0.8417841908293795,1.354932266297488,-0.3800186698702514,-0.3394959921543437,-0.4758867044795574,-0.8590067214933529,-1.2679318193723683,-1.1009188740296814,0.129341657465931,0.3069157024039716,-0.9852571782621392,5.715012179494576,5.715012179494582,266.0
130,-0.887982769846867,-0.7170606415876387,1.0561200246622662,0.2712278442612874,-0.0071560992391474,-0.1697400290481109,0.4613397485418684,0.8667338792234385,0.3338488881224792,0.7186968242392072,0.3816928958563403,0.6980516394007099,0.9644830113654784,-0.6803938508143011,-0.0920137567536394,1.3122169032766529,-0.6130792679331235,0.5930381131648669,0.6946906136791137,1.079332229440864,-1.1608812960213812,0.8730980940533075,1.0149634248429074,5.707967767620274,5.707967767620284,267.0
141,0.9780512432513616,1.3563057337294435,-1.1393955166584804,-0.8441765905327051,-1.0886215967552926,-0.8124198336882871,-1.1802758158220954,-0.2922665465817733,1.3345678279739104,-2.63244985539518,-1.6476242153587666,-1.4452992991020406,-0.9096252125080596,0.3614694696148123,-0.4374373709029936,-1.3029951811557583,-0.5187593805587968,1.3190605304939769,-0.2866206028466274,-0.0107933222944086,2.0646760876968995,1.4392804857026436,-0.9852571782621392,5.5966414108349865,5.5966414108349944,268.0
142,-3.453779537856932,-2.012914626160815,-1.9060834834689,1.1664610487388358,3.056996143723264,1.035284604652219,0.3222197854601764,-2.610267398192197,-2.6683079314318143,0.2399615842914376,0.7875563180993618,0.1622139047750223,-1.0509606743386433,-1.374633023470736,-0.8174944872625735,-2.817065335300838,-0.510184845342949,-1.5850291388224629,0.6946906136791137,1.6243950053085003,1.4195646109532432,0.8730980940533075,1.0149634248429074,5.5662785273720194,5.56627852737203,269.0
111,0.3949156141581653,0.5787933429855378,1.1258189307359407,1.1924208106037075,-0.3676445984111958,3.244496433102824,2.7846431320061225,1.0840464590619157,-1.334016011629906,0.7186968242392072,1.5992831625854045,1.7697271086520852,2.2181285578027548,-1.6734828982788574,3.4752369708995867,0.2110749729893218,-0.7759954370342332,2.0450829478230865,1.6760018302048547,0.5342694535732276,0.7744531342095872,-0.2592666892453643,-0.9852571782621392,5.459642786365484,5.459642786365497,270.0
139,0.8614241174327224,0.9416324586660272,-0.6515031741427589,-0.8422025669742305,-0.7281330975832442,-0.5044690939648693,-0.8881238933505426,-0.2922665465817733,0.7786128613897819,-1.1962441355518711,-0.8358973708727238,-0.3736238298506654,-0.8700512831954964,1.2550291002942229,-0.3390053119897212,-0.3394959921543437,-0.5359084509904926,-0.8590067214933529,-1.2679318193723683,-1.1009188740296814,0.129341657465931,-1.3916314725440362,-0.9852571782621392,5.373515390931015,5.373515390931024,271.0
124,-1.1212370214841456,-0.7170606415876387,0.9167222125149171,-0.056595273538547,0.3533323999329009,-0.0894050534680888,0.3222197854601764,0.7942963526106128,-0.1109150851448235,0.2399615842914376,1.1934197403423832,0.1622139047750223,0.8726149611755991,-0.5970851500955289,-0.1713062486559977,0.7616459381329873,-0.6645264792282107,0.5930381131648669,0.6946906136791137,1.079332229440864,-1.1608812960213812,0.3069157024039716,1.0149634248429074,5.359014779730974,5.359014779730985,272.0
135,0.6281698657954439,0.837964139900173,-0.5469548150322472,-0.8436087207419111,-0.54788884799722,-0.410744955788177,-0.9298598822750502,-0.2922665465817733,0.4450398814393049,-0.7175088956041015,-1.2417607931157453,-0.3736238298506654,-0.7951434884252869,1.2882180308632087,-0.3080174415910984,-0.47713873344026,-0.5702065918538841,-0.8590067214933529,-1.2679318193723683,-1.1009188740296814,0.129341657465931,1.4392804857026436,-0.9852571782621392,5.312507330237989,5.312507330237997,273.0
136,0.6281698657954439,1.1489690961977352,-0.5121053619954099,-0.845501620044558,-0.7281330975832442,-0.5981932321415617,-0.8881238933505426,-0.5095791264202506,0.6674218680729562,-0.7175088956041015,-0.4300339486297024,-0.9094615644763532,-0.847437609302603,1.159087676003021,-0.3390053119897212,0.0734322317034054,-0.5616320566380362,-0.8590067214933529,-1.2679318193723683,-1.1009188740296814,0.129341657465931,-0.8254490808947003,-0.9852571782621392,5.286714291792089,5.286714291792101,274.0
125,-0.6547285182095883,-1.3390705541827634,0.88187275947808,-0.5533190919717038,0.7138208991049493,-0.1697400290481109,0.3778677706928532,0.5045462461593098,-0.3332970717784749,0.7186968242392072,0.3816928958563403,0.1622139047750223,0.5164495973625286,-0.1858488853989607,0.0875336099677927,0.4863604555611545,-0.6559519440123629,-0.132984304164243,0.6946906136791137,-0.555856098162045,-0.5157698192777251,-0.8254490808947003,1.0149634248429074,5.234112233525774,5.234112233525784,275.0
134,0.9780512432513616,1.1489690961977352,-1.1742449696953177,-0.8445551703932345,-1.0886215967552926,-0.8659764840749683,-1.1663638195139263,-0.2922665465817733,1.2233768346570848,-1.6749793754996407,-2.053487637601788,-0.9094615644763532,-0.9986665534613274,0.3349706500501602,-0.4319689231855896,-1.0277096985839256,-0.578781127069732,1.3190605304939769,-0.2866206028466274,-0.0107933222944086,2.0646760876968995,-1.3916314725440362,-0.9852571782621392,5.2203215999794645,5.220321599979473,276.0
133,0.8614241174327224,0.8897982992831001,-0.5121053619954099,-0.8424729811603229,-0.7281330975832442,-0.6249715573349024,-0.915947885966881,-0.5095791264202506,1.0009948480234334,-0.7175088956041015,-0.8358973708727238,-0.9094615644763532,-0.8672245739588846,1.2893766534393782,-0.3007261779678931,0.7616459381329873,-0.5873556622855798,-0.8590067214933529,-1.2679318193723683,-1.1009188740296814,0.129341657465931,-0.2592666892453643,-0.9852571782621392,5.212867332322836,5.212867332322847,277.0
132,-2.637389657126456,-1.7537438292461798,-1.801535124358388,0.5167909666518092,3.056996143723264,1.035284604652219,0.43351575592553,-2.8275799780306743,-2.5571169381149885,1.197432064186977,0.3816928958563403,0.1622139047750223,-1.0749877028498425,-1.4281539115054072,-0.852127989472799,-2.4041371114430894,-0.5959301975014277,-1.5850291388224629,0.6946906136791137,1.6243950053085003,1.4195646109532432,0.8730980940533075,1.0149634248429074,5.203871104422355,5.203871104422365,278.0
116,-0.538101392390949,-0.6133923228217846,0.9864211185885916,-0.013139713833496,0.1730881503468767,0.0177082473052736,0.3361317817683456,1.01160893244909,0.1114669014888278,1.197432064186977,0.7875563180993618,0.6980516394007099,0.8118407125884483,-0.5574303580530806,-0.0373292795795991,1.3122169032766529,-0.7331227609549938,0.5930381131648669,0.6946906136791137,1.079332229440864,-1.1608812960213812,1.4392804857026436,1.0149634248429074,5.192142938028095,5.1921429380281054,279.0
101,0.278288488339526,0.3196225460709024,1.021270571625429,3.5306652363262088,-0.1874003488251716,3.2043289453128136,2.575963187383585,1.2289215122875672,-1.2228250183130804,0.7186968242392072,1.1934197403423832,1.2338893740263976,2.363704083488256,-1.7150438113337136,3.562732134378051,0.4863604555611545,-0.861740789192712,2.0450829478230865,1.6760018302048547,0.5342694535732276,0.7744531342095872,0.8730980940533075,-0.9852571782621392,5.152020892221614,5.152020892221627,280.0
118,-0.6547285182095883,-0.5097240040559304,1.1258189307359407,-0.1663834330920674,0.1730881503468767,-0.009070077888067,0.3917797670010224,1.01160893244909,-0.2221060784616492,0.2399615842914376,0.7875563180993618,0.6980516394007099,0.7736801378941907,-0.6502322889120807,-0.1448754180218783,-0.2018532508684273,-0.7159736905232981,0.5930381131648669,0.6946906136791137,1.079332229440864,-1.1608812960213812,0.3069157024039716,1.0149634248429074,5.102277395320666,5.1022773953206775,281.0
128,0.9780512432513616,1.3563057337294435,-1.209094422732155,-0.8442577147885328,-1.2688658463413167,-0.8793656466716386,-1.1802758158220954,0.0699210864823553,1.3345678279739104,-2.1537146154474103,-1.6476242153587666,-0.9094615644763532,-0.9774662341867398,0.2555115662780159,-0.5076157832763454,-0.6147814747261764,-0.6302283383648193,1.3190605304939769,-0.2866206028466274,-0.0107933222944086,2.0646760876968995,0.8730980940533075,-0.9852571782621392,5.089407058098488,5.089407058098498,282.0
117,-0.538101392390949,-0.976231438502274,0.7773244003675682,0.9923143128953206,0.5335766495189251,-0.1697400290481109,0.4613397485418684,0.6494212993849613,-0.3332970717784749,0.7186968242392072,1.1934197403423832,1.2338893740263976,0.4344750295007901,-0.3735083678166167,0.0574571475220706,0.624003196847071,-0.7245482257391459,-0.132984304164243,0.6946906136791137,-0.555856098162045,-0.5157698192777251,-0.8254490808947003,1.0149634248429074,5.051670247247263,5.051670247247273,283.0
131,0.8614241174327224,0.8897982992831001,-0.6515031741427589,-0.8462858211842259,-0.7281330975832442,-0.5178582565615396,-0.8602999007342043,-0.4371415998074248,0.3338488881224792,-0.2387736556563319,-0.8358973708727238,-0.9094615644763532,-0.8248239354097096,1.3465602838116175,-0.3654361426238406,-0.6147814747261764,-0.6045047327172756,-0.8590067214933529,-1.2679318193723683,-1.1009188740296814,0.129341657465931,-0.8254490808947003,-0.9852571782621392,5.045312868565323,5.045312868565335,284.0
129,0.5115427399768046,1.0971349368148082,-0.6166537211059216,-0.8415806143462179,-0.54788884799722,-0.450912443578188,-0.8742118970423735,-0.2198290199689476,0.5562308747561305,-0.2387736556563319,-0.8358973708727238,-0.9094615644763532,-0.8135170984632629,1.2598130902861486,-0.3052832177323964,0.624003196847071,-0.6216538031489713,-0.8590067214933529,-1.2679318193723683,-1.1009188740296814,0.129341657465931,-1.3916314725440362,-0.9852571782621392,5.012402382335682,5.012402382335694,285.0
112,-0.1882200149350311,-0.7688948009705657,0.9167222125149171,0.959999817657277,0.1730881503468767,0.0310974099019439,0.3222197854601764,0.9391714058362642,0.3338488881224792,1.197432064186977,0.3816928958563403,0.1622139047750223,0.9574162382739496,-0.5826958051979393,-0.153989497550885,0.2110749729893218,-0.7674209018183853,0.5930381131648669,0.6946906136791137,1.079332229440864,-1.1608812960213812,-0.2592666892453643,1.0149634248429074,4.920276380054572,4.920276380054584,286.0
121,-2.637389657126456,-1.6500755104803255,-1.9060834834689,0.9353110024670396,2.8767518941372394,1.035284604652219,0.6282837042398988,-2.682704924805023,-2.3347349514813374,1.197432064186977,1.1934197403423832,0.6980516394007099,-1.0000799080796332,-1.3706712817586724,-0.780126761193646,-2.5417798527290056,-0.6902500848757545,-1.5850291388224629,0.6946906136791137,1.6243950053085003,1.4195646109532432,1.4392804857026436,1.0149634248429074,4.857437634795486,4.857437634795498,287.0
109,0.0450342367022474,-0.7170606415876387,1.0561200246622662,0.3121144691984605,0.3533323999329009,-0.0760158908714188,0.5169877337745452,0.8667338792234385,0.6674218680729562,0.2399615842914376,0.3816928958563403,0.1622139047750223,0.8019472302603073,-0.6781887304273978,-0.1102419158116528,1.449859644562569,-0.793144507465929,0.5930381131648669,0.6946906136791137,1.079332229440864,-1.1608812960213812,0.8730980940533075,1.0149634248429074,4.857208723512838,4.8572087235128505,288.0
126,0.9780512432513616,0.7861299805172459,-0.4772559089585727,-0.8448796674165454,-0.7281330975832442,-0.5044690939648693,-0.8881238933505426,-0.4371415998074248,0.0002759081720021,-1.1962441355518711,-0.4300339486297024,-0.9094615644763532,-0.8629845101039672,1.2893766534393782,-0.3544992471890326,-0.2018532508684273,-0.647377408796515,-0.8590067214933529,-1.2679318193723683,-1.1009188740296814,0.129341657465931,-0.2592666892453643,-0.9852571782621392,4.842847368072747,4.842847368072758,289.0
122,0.6281698657954439,0.7342958211343189,-0.5818042680690845,-0.8400392534854911,-0.7281330975832442,-0.6115823947382321,-0.8742118970423735,-0.4371415998074248,0.4450398814393049,-0.7175088956041015,-0.4300339486297024,-0.9094615644763532,-0.847437609302603,1.3137077275389388,-0.3772844460115494,-0.47713873344026,-0.6816755496599065,-0.8590067214933529,-1.2679318193723683,-1.1009188740296814,0.129341657465931,1.4392804857026436,-0.9852571782621392,4.748469482836197,4.7484694828362075,290.0
120,0.9780512432513616,0.9416324586660272,-0.6515031741427589,-0.8406341646948945,-0.7281330975832442,-0.5178582565615396,-0.9437718785832194,-0.5095791264202506,0.6674218680729562,-0.7175088956041015,-0.8358973708727238,-0.9094615644763532,-0.7951434884252869,1.3494007778693236,-0.3608791028593373,0.7616459381329873,-0.6988246200916023,-0.8590067214933529,-1.2679318193723683,-1.1009188740296814,0.129341657465931,0.3069157024039716,-0.9852571782621392,4.683837513016236,4.683837513016249,291.0
119,0.9780512432513616,1.5118082118782248,-1.1742449696953177,-0.8442306733699235,-1.0886215967552926,-0.9597006222516608,-1.1802758158220954,-0.2922665465817733,1.3345678279739104,-2.1537146154474103,-1.2417607931157453,-0.9094615644763532,-0.9520258510572348,0.2792446416285858,-0.5595660365916836,-0.47713873344026,-0.7073991553074501,1.3190605304939769,-0.2866206028466274,-0.0107933222944086,2.0646760876968995,-0.2592666892453643,-0.9852571782621392,4.683544324015091,4.683544324015104,292.0
107,0.0450342367022474,-0.976231438502274,0.7773244003675682,0.8262529612159687,0.5335766495189251,-0.1563508664514405,0.3778677706928532,0.5045462461593098,-0.4444880650953006,0.7186968242392072,1.1934197403423832,0.6980516394007099,0.4585020580119893,-0.2268117997048263,0.0437860282285605,0.2110749729893218,-0.8102935778976247,-0.132984304164243,0.6946906136791137,-0.555856098162045,-0.5157698192777251,0.3069157024039716,1.0149634248429074,4.649413220814149,4.649413220814161,293.0
106,-0.6547285182095883,-0.6133923228217846,1.021270571625429,-0.1656803562082272,0.3533323999329009,-0.0224592404847374,0.6282837042398988,0.5769837727721355,-0.2221060784616492,0.2399615842914376,0.7875563180993618,0.6980516394007099,0.7553065278562148,-0.6936245731357212,-0.0810768613188313,1.03693142070482,-0.8188681131134726,0.5930381131648669,0.6946906136791137,1.079332229440864,-1.1608812960213812,0.3069157024039716,1.0149634248429074,4.639741694278301,4.6397416942783165,294.0
108,0.278288488339526,-0.9243972791193468,0.7076254942938938,0.1204178526775476,0.7138208991049493,-0.1429617038547702,0.4752517448500376,0.432108719546484,-0.4444880650953006,0.7186968242392072,0.3816928958563403,0.6980516394007099,0.3694607170587217,-0.2877702971800696,-0.0063414091809763,0.2110749729893218,-0.8017190426817769,-0.132984304164243,0.6946906136791137,-0.555856098162045,-0.5157698192777251,0.3069157024039716,1.0149634248429074,4.637948832106937,4.637948832106949,295.0
104,-0.7713556440282276,-1.079899757268128,0.6727760412570565,0.5611929760081837,0.7138208991049493,-0.3571883054014956,0.4056917633091916,0.7942963526106128,-0.666870051728952,0.2399615842914376,1.1934197403423832,1.2338893740263976,0.5348232074005045,-0.2664292168254626,0.1039389531200048,0.3487177142752382,-0.8360171835451684,-0.132984304164243,0.6946906136791137,-0.555856098162045,-0.5157698192777251,0.8730980940533075,1.0149634248429074,4.508454598246661,4.508454598246674,296.0
115,0.1616613625208867,0.8897982992831001,-0.6515031741427589,-0.8416617386020456,-0.7281330975832442,-0.3839666305948363,-0.9020358896587118,-0.7268917062587278,0.8898038547066076,-0.2387736556563319,-0.8358973708727238,-0.3736238298506654,-0.8629845101039672,1.2014334624159275,-0.3426509438013239,0.624003196847071,-0.7416972961708417,-0.8590067214933529,-1.2679318193723683,-1.1009188740296814,0.129341657465931,-1.3916314725440362,-0.9852571782621392,4.402561496843407,4.402561496843418,297.0
113,0.9780512432513616,1.5636423712611518,-1.1742449696953177,-0.8453123301142932,-1.0886215967552926,-0.8391981588816276,-1.1941878121302647,-0.1473914933561218,1.2233768346570848,-2.1537146154474103,-1.6476242153587666,-0.9094615644763532,-0.9859463618965748,0.2989412254234682,-0.4711594651603185,-1.1653524398698418,-0.7588463666025375,1.3190605304939769,-0.2866206028466274,-0.0107933222944086,2.0646760876968995,-0.2592666892453643,-0.9852571782621392,4.396864546266277,4.396864546266292,298.0
98,-0.887982769846867,-0.6133923228217846,0.9167222125149171,-0.3316335422131421,0.1730881503468767,0.0177082473052736,0.5448117263908836,0.9391714058362642,0.0002759081720021,0.7186968242392072,0.3816928958563403,0.6980516394007099,0.9616563021288668,-0.5339215322333822,-0.0646715181666192,0.7616459381329873,-0.8874643948402556,0.5930381131648669,0.6946906136791137,1.079332229440864,-1.1608812960213812,1.4392804857026436,1.0149634248429074,4.352286614208804,4.352286614208817,299.0
114,0.278288488339526,0.8897982992831001,-0.6515031741427589,-0.8448526259979361,-0.7281330975832442,-0.3839666305948363,-0.8324759081178659,-0.5820166530330763,0.6674218680729562,-0.7175088956041015,-1.2417607931157453,-0.9094615644763532,-0.8078636799900394,1.1133781466270416,-0.2660926757576675,-0.2018532508684273,-0.7502718313866896,-0.8590067214933529,-1.2679318193723683,-1.1009188740296814,0.129341657465931,-0.8254490808947003,-0.9852571782621392,4.296746000211148,4.296746000211162,300.0
93,0.9780512432513616,-0.7170606415876387,1.021270571625429,1.3606454757717987,0.1730881503468767,-0.0626267282747484,0.503075737466376,1.01160893244909,0.6674218680729562,0.2399615842914376,1.1934197403423832,0.6980516394007099,0.838694450336259,-0.7585821872448402,-0.0619372943079172,0.4863604555611545,-0.930337070919495,0.5930381131648669,0.6946906136791137,1.079332229440864,-1.1608812960213812,-0.8254490808947003,1.0149634248429074,4.209866663783035,4.209866663783053,301.0
110,0.9780512432513616,0.7861299805172459,-0.5818042680690845,-0.8449067088351546,-0.7281330975832442,-0.571414906948221,-0.8881238933505426,-0.5820166530330763,0.4450398814393049,-0.7175088956041015,-1.2417607931157453,-1.4452992991020406,-0.8827714747602489,1.292852521167887,-0.3317140483665158,-0.6147814747261764,-0.7845699722500811,-0.8590067214933529,-1.2679318193723683,-1.1009188740296814,0.129341657465931,0.8730980940533075,-0.9852571782621392,4.1698580541247185,4.169858054124732,302.0
90,0.3949156141581653,-0.976231438502274,0.8121738534044055,1.5693781860165337,0.5335766495189251,-0.3036316550148144,0.4752517448500376,0.6494212993849613,-0.7780610450457777,0.7186968242392072,1.1934197403423832,1.2338893740263976,0.4683955403401301,-0.2790993153197039,-0.0254809761918904,0.4863604555611545,-0.9560606765670387,-0.132984304164243,0.6946906136791137,-0.555856098162045,-0.5157698192777251,0.8730980940533075,1.0149634248429074,4.024794003590506,4.024794003590519,303.0
105,-3.5704066636755707,-2.0647487855437423,-1.9060834834689,1.0918808162145477,2.8767518941372394,1.035284604652219,0.3500437780765148,-2.610267398192197,-2.6683079314318143,0.2399615842914376,0.7875563180993618,0.1622139047750223,-1.0566140928118666,-1.3721662786311493,-0.8894957155417265,-2.817065335300838,-0.8274426483293205,-1.5850291388224629,0.6946906136791137,1.6243950053085003,1.4195646109532432,0.8730980940533075,1.0149634248429074,3.9917823823889083,3.991782382388922,304.0
103,0.9780512432513616,0.7861299805172459,-0.7212020802164334,-0.8439602591838312,-0.9083773471692684,-0.450912443578188,-0.8742118970423735,-0.2198290199689476,0.4450398814393049,-0.2387736556563319,-1.2417607931157453,-0.3736238298506654,-0.8813581201419429,1.223559416128585,-0.3964240130224635,-0.6147814747261764,-0.8445917187610162,-0.8590067214933529,-1.2679318193723683,-1.1009188740296814,0.129341657465931,0.3069157024039716,-0.9852571782621392,3.918588193150644,3.9185881931506565,305.0
86,-0.4214742665723097,-0.5097240040559304,1.0561200246622662,0.0409431233849869,-0.0071560992391474,0.0578757350952846,0.4891637411582068,1.01160893244909,0.6674218680729562,0.7186968242392072,0.3816928958563403,0.6980516394007099,0.7934671025504725,-0.7854921309494233,-0.1375841543986729,1.7251451271344018,-0.9903588174304302,0.5930381131648669,0.6946906136791137,1.079332229440864,-1.1608812960213812,0.8730980940533075,1.0149634248429074,3.911776613354903,3.9117766133549194,306.0
92,-1.1212370214841456,-1.2354022354169092,0.9167222125149171,0.5517284794949492,0.3533323999329009,-0.4241341183848473,0.6282837042398988,0.5769837727721355,-0.666870051728952,0.2399615842914376,1.1934197403423832,0.6980516394007099,0.4641554764852127,-0.3208471029836198,0.0519886998046665,-0.2018532508684273,-0.938911606135343,-0.132984304164243,0.6946906136791137,-0.555856098162045,-0.5157698192777251,-0.2592666892453643,1.0149634248429074,3.8754645604145677,3.8754645604145823,307.0
102,0.8614241174327224,0.9416324586660272,-0.5121053619954099,-0.8424729811603229,-0.7281330975832442,-0.5312474191582099,-0.8881238933505426,-0.5820166530330763,0.6674218680729562,-1.1962441355518711,-0.8358973708727238,-0.3736238298506654,-0.8191705169364861,1.3452147866263884,-0.3390053119897212,0.0734322317034054,-0.8531662539768642,-0.8590067214933529,-1.2679318193723683,-1.1009188740296814,0.129341657465931,-0.8254490808947003,-0.9852571782621392,3.853279025852334,3.85327902585235,308.0
100,0.9780512432513616,1.5118082118782248,-1.1742449696953177,-0.8457179513934319,-1.2688658463413167,-0.9730897848483312,-1.1663638195139263,-0.0025164401304703,0.7786128613897819,-1.6749793754996407,-1.6476242153587666,-1.9811370337277283,-0.9774662341867398,0.3851277951217584,-0.5513633650155776,-0.3394959921543437,-0.8703153244085599,1.3190605304939769,-0.2866206028466274,-0.0107933222944086,2.0646760876968995,-0.2592666892453643,-0.9852571782621392,3.8342591077045545,3.8342591077045682,309.0
97,0.8614241174327224,1.6673106900270058,-1.2787933288058293,-0.8457990756492596,-0.9083773471692684,-0.852587321478298,-1.1663638195139263,-0.2922665465817733,0.8898038547066076,-1.6749793754996407,-1.2417607931157453,-1.4452992991020406,-0.9110385671263656,0.3464821259682319,-0.4921218480770339,-1.3029951811557583,-0.8960389300561036,1.3190605304939769,-0.2866206028466274,-0.0107933222944086,2.0646760876968995,-0.8254490808947003,-0.9852571782621392,3.6971756578623545,3.697175657862372,310.0
99,0.9780512432513616,1.3563057337294435,-1.3136427818426666,-0.8444199633001883,-1.0886215967552926,-0.892754809268309,-1.2080998084384338,-0.7268917062587278,1.0009948480234334,-1.6749793754996407,-1.6476242153587666,-1.4452992991020406,-1.0509606743386433,0.010444203957249,-0.5039701514647427,-1.853566146299424,-0.8788898596244078,1.3190605304939769,-0.2866206028466274,-0.0107933222944086,2.0646760876968995,-1.3916314725440362,-0.9852571782621392,3.663562903485578,3.663562903485595,311.0
80,-0.6547285182095883,-1.1317339166510552,0.6727760412570565,1.4847385457696078,0.3533323999329009,-0.1295725412580999,0.4474277522336992,1.01160893244909,-0.5556790584121263,1.197432064186977,1.1934197403423832,1.2338893740263976,0.4867691503781061,-0.3895795841957428,0.0747738986271833,-0.3394959921543437,-1.0418060287255175,-0.132984304164243,0.6946906136791137,-0.555856098162045,-0.5157698192777251,0.3069157024039716,1.0149634248429074,3.5302304907882878,3.5302304907883024,312.0
96,0.6281698657954439,1.0453007774318812,-0.4772559089585727,-0.84114795164847,-0.7281330975832442,-0.5446365817548803,-0.8463879044260351,-0.5820166530330763,1.0009948480234334,-0.7175088956041015,-1.2417607931157453,-1.4452992991020406,-0.8658112193405787,1.1261229949649068,-0.2496873326054554,-0.3394959921543437,-0.9046134652719514,-0.8590067214933529,-1.2679318193723683,-1.1009188740296814,0.129341657465931,-1.3916314725440362,-0.9852571782621392,3.5225595409742287,3.522559540974247,313.0
91,0.6281698657954439,1.3563057337294435,-1.3136427818426666,-0.8452582472770748,-1.0886215967552926,-0.9597006222516608,-1.152451823205757,-0.3647040731945991,0.5562308747561305,-2.63244985539518,-1.2417607931157453,-0.9094615644763532,-0.9025584394165306,0.3661039599194905,-0.5805284195083991,-0.47713873344026,-0.9474861413511908,1.3190605304939769,-0.2866206028466274,-0.0107933222944086,2.0646760876968995,0.8730980940533075,-0.9852571782621392,3.4777171229921167,3.477717122992132,314.0
79,0.0450342367022474,-1.2354022354169092,0.7773244003675682,-0.2428295235003931,0.5335766495189251,-0.1831291916447812,0.6700196931644061,0.7942963526106128,-0.3332970717784749,0.2399615842914376,1.1934197403423832,0.6980516394007099,0.3779408447685566,-0.2834721811716987,0.0510772918517659,1.449859644562569,-1.0503805639413657,-0.132984304164243,0.6946906136791137,-0.555856098162045,-0.5157698192777251,0.3069157024039716,1.0149634248429074,3.471417117893731,3.4714171178937474,315.0
62,-1.2378641473027847,0.4232908648367565,0.9167222125149171,4.021818522525862,-0.1874003488251716,3.2043289453128136,2.4646672169182318,1.5186716187388702,-1.4452070049467318,1.197432064186977,1.1934197403423832,2.305564843277773,2.318476735702469,-1.7858692881673044,3.5363013037439317,0.624003196847071,-1.1961476626107794,2.0450829478230865,1.6760018302048547,0.5342694535732276,0.7744531342095872,-0.8254490808947003,-0.9852571782621392,3.462137913322884,3.4621379133229024,316.0
89,0.9780512432513616,1.3563057337294435,-1.348492234879504,-0.8454204957887302,-1.0886215967552926,-0.8258089962849574,-1.2080998084384338,-0.0749539667432961,1.5569498146075618,-2.1537146154474103,-1.2417607931157453,-0.9094615644763532,-1.0142134542626915,0.3048090881479399,-0.4474628583849011,-0.7524242160120928,-0.9646352117828866,1.3190605304939769,-0.2866206028466274,-0.0107933222944086,2.0646760876968995,0.3069157024039716,-0.9852571782621392,3.447042803523153,3.447042803523169,317.0
95,0.8614241174327224,0.837964139900173,-0.5818042680690845,-0.8436898449977388,-0.7281330975832442,-0.5580257443515506,-0.9437718785832194,-0.654454179645902,-0.1109150851448235,-1.1962441355518711,-1.2417607931157453,-0.9094615644763532,-0.7159956298001602,1.1053799133592903,-0.3745502221528474,-0.0642105095825109,-0.9131880004877994,-0.8590067214933529,-1.2679318193723683,-1.1009188740296814,0.129341657465931,-1.3916314725440362,-0.9852571782621392,3.437214950371404,3.4372149503714207,318.0
94,0.9780512432513616,0.6306275023684648,-0.6166537211059216,-0.8465832767889276,-0.7281330975832442,-0.6785282077215836,-0.8742118970423735,-0.5820166530330763,0.4450398814393049,-0.7175088956041015,-1.2417607931157453,-1.4452992991020406,-0.7499161406395003,1.3603890048820284,-0.2660926757576675,-1.0277096985839256,-0.9217625357036472,-0.8590067214933529,-1.2679318193723683,-1.1009188740296814,0.129341657465931,-1.3916314725440362,-0.9852571782621392,3.3851052638301558,3.385105263830173,319.0
77,-0.4214742665723097,-1.1835680760339822,0.7076254942938938,1.2704893861285875,0.3533323999329009,-0.3304099802081551,0.3917797670010224,0.7218588259977871,-0.4444880650953006,1.197432064186977,1.1934197403423832,1.2338893740263976,0.5291697889272811,-0.4040436789369562,0.0802423463445873,-0.0642105095825109,-1.0675296343730611,-0.132984304164243,0.6946906136791137,-0.555856098162045,-0.5157698192777251,-0.2592666892453643,1.0149634248429074,3.3753871710021754,3.375387171002191,320.0
88,0.3949156141581653,1.5636423712611518,-1.2439438757689922,-0.8472322708355494,-1.2688658463413167,-1.0266464352350124,-1.1663638195139263,-0.5095791264202506,1.3345678279739104,-1.6749793754996407,-1.2417607931157453,-1.9811370337277283,-0.9435457233473998,0.2432525919237057,-0.4593111617726098,-1.0277096985839256,-0.9732097469987344,1.3190605304939769,-0.2866206028466274,-0.0107933222944086,2.0646760876968995,0.8730980940533075,-0.9852571782621392,3.339427379458213,3.339427379458231,321.0
76,-0.887982769846867,-0.9243972791193468,0.9515716655517544,1.4238412710615962,0.3533323999329009,-0.2232966794347923,0.5308997300827144,0.432108719546484,-0.1109150851448235,1.197432064186977,0.7875563180993618,1.2338893740263976,0.4231681925543434,-0.2826873078136483,0.0665712270510773,0.2110749729893218,-1.076104169588909,-0.132984304164243,0.6946906136791137,-0.555856098162045,-0.5157698192777251,-0.8254490808947003,1.0149634248429074,3.3244023908399094,3.3244023908399285,322.0
87,-2.637389657126456,-1.3909047135656905,-2.219728560800435,0.3729306196506445,3.056996143723264,0.9549496290721968,0.4196037596173608,-3.044892557869152,-3.3354538913327683,1.197432064186977,0.7875563180993618,0.6980516394007099,-1.1442420791468284,-1.4047198355293329,-0.8831158598714217,-2.954708076586755,-0.9817842822145824,-1.5850291388224629,0.6946906136791137,1.6243950053085003,1.4195646109532432,0.3069157024039716,1.0149634248429074,3.2485867032530162,3.248586703253033,323.0
72,0.0450342367022474,-1.028065597885201,0.9515716655517544,0.4121947594712632,0.7138208991049493,-0.2768533298214737,0.4474277522336992,0.7942963526106128,-1.000443031679429,1.197432064186977,0.7875563180993618,0.6980516394007099,0.3892476817150033,-0.4642173030541493,0.0319377248408518,0.0734322317034054,-1.1104023104523006,-0.132984304164243,0.6946906136791137,-0.555856098162045,-0.5157698192777251,1.4392804857026436,1.0149634248429074,3.1919310856395398,3.191931085639556,324.0
83,-3.337152412038292,-1.5464071917144715,-1.9757823895425743,1.306319265785833,2.8767518941372394,1.0486737672488893,0.2804837965356691,-2.610267398192197,-2.4459259447981627,0.2399615842914376,1.1934197403423832,1.2338893740263976,-0.9477857872023172,-1.4241174199497195,-0.8539508053786004,-3.367636300444504,-1.016082423077974,-1.5850291388224629,0.6946906136791137,1.6243950053085003,1.4195646109532432,0.8730980940533075,1.0149634248429074,3.1540030816684848,3.1540030816685034,325.0
85,0.9780512432513616,0.9934666180489542,-0.6515031741427589,-0.840580081857676,-0.7281330975832442,-0.3437991428048252,-0.8742118970423735,-0.2922665465817733,-0.1109150851448235,-0.7175088956041015,-0.8358973708727238,-0.3736238298506654,-0.8135170984632629,1.1309817348004565,-0.2414846610293494,-1.0277096985839256,-0.998933352646278,-0.8590067214933529,-1.2679318193723683,-1.1009188740296814,0.129341657465931,0.3069157024039716,-0.9852571782621392,3.1448149346085557,3.144814934608573,326.0
84,-2.7540167829450954,-1.7019096698632528,-2.010631842579412,0.9154896426264656,2.8767518941372394,1.0218954420555486,0.2804837965356691,-2.3205172917408943,-2.77949892474864,0.2399615842914376,0.3816928958563403,0.6980516394007099,-1.1442420791468284,-1.4028884643605484,-0.8448367258495936,-2.679422594014922,-1.007507887862126,-1.5850291388224629,0.6946906136791137,1.6243950053085003,1.4195646109532432,-1.3916314725440362,1.0149634248429074,3.0644086531337233,3.0644086531337407,327.0
81,-2.404135405489178,-1.2354022354169092,-1.8712340304320627,0.1891300973636302,2.8767518941372394,1.209343718408933,0.4196037596173608,-2.4653923449665456,-2.77949892474864,0.7186968242392072,0.3816928958563403,0.6980516394007099,-0.993013134988104,-1.3306801154199168,-0.8730903723895144,-3.367636300444504,-1.0332314935096696,-1.5850291388224629,0.6946906136791137,1.6243950053085003,1.4195646109532432,0.8730980940533075,1.0149634248429074,3.049234961718041,3.0492349617180596,328.0
82,0.9780512432513616,0.9934666180489542,-0.790900986290108,-0.8435816793233017,-0.54788884799722,-0.4375232809815176,-0.8463879044260351,-0.7268917062587278,0.5562308747561305,-0.7175088956041015,-0.4300339486297024,-1.4452992991020406,-0.8954916663250014,1.2289787797913136,-0.3982468289282648,-0.3394959921543437,-1.024656958293822,-0.8590067214933529,-1.2679318193723683,-1.1009188740296814,0.129341657465931,0.3069157024039716,-0.9852571782621392,3.0223317620102463,3.022331762010265,329.0
78,0.7447969916140832,0.8897982992831001,-0.6515031741427589,-0.842256649811449,-0.7281330975832442,-0.3839666305948363,-0.8742118970423735,-0.4371415998074248,0.6674218680729562,-1.1962441355518711,-0.8358973708727238,-0.3736238298506654,-0.7838366514788402,1.2429943754707842,-0.3763730380586487,-0.0642105095825109,-1.0589550991572132,-0.8590067214933529,-1.2679318193723683,-1.1009188740296814,0.129341657465931,1.4392804857026436,-0.9852571782621392,2.9289235583715576,2.928923558371575,330.0
64,-1.354491273121424,-0.5615581634388576,1.160668383772778,0.2334780238827862,0.1730881503468767,-0.1161833786614295,0.5865477153153912,1.01160893244909,-0.1109150851448235,1.197432064186977,0.3816928958563403,1.2338893740263976,0.7991205210236957,-0.8362472747700123,-0.1029506521884474,1.449859644562569,-1.1789985921790835,0.5930381131648669,0.6946906136791137,1.079332229440864,-1.1608812960213812,-0.2592666892453643,1.0149634248429074,2.913663236740826,2.9136632367408457,331.0
66,-0.887982769846867,-1.028065597885201,0.7773244003675682,0.5276886583513336,0.3533323999329009,-0.2634641672248033,0.5448117263908836,0.5045462461593098,-0.2221060784616492,0.7186968242392072,1.1934197403423832,0.1622139047750223,0.3397802700742991,-0.2383980254665218,0.0638370031923753,0.3487177142752382,-1.161849521747388,-0.132984304164243,0.6946906136791137,-0.555856098162045,-0.5157698192777251,1.4392804857026436,1.0149634248429074,2.903201126253697,2.903201126253716,332.0
74,-1.1212370214841456,-1.2872363947998362,-2.080330748653086,-0.2557823630142198,2.6965076445512155,1.07545209244223,0.6143717079317296,-2.4653923449665456,-2.4459259447981627,1.197432064186977,1.1934197403423832,1.2338893740263976,-1.1329352422003818,-1.3975438505414437,-0.9095466905055412,-2.5417798527290056,-1.0932532400206048,-1.5850291388224629,0.6946906136791137,1.6243950053085003,1.4195646109532432,-0.2592666892453643,1.0149634248429074,2.8412261148534967,2.841226114853515,333.0
68,-1.1212370214841456,-1.1835680760339822,0.5682276821465447,-0.2609743153871941,0.5335766495189251,-0.3839666305948363,0.5587237226990528,0.5769837727721355,-0.7780610450457777,1.197432064186977,0.7875563180993618,0.6980516394007099,0.5362365620188103,-0.2835843059371344,-0.0036071853222743,-0.7524242160120928,-1.144700451315692,-0.132984304164243,0.6946906136791137,-0.555856098162045,-0.5157698192777251,-0.2592666892453643,1.0149634248429074,2.824601762140919,2.824601762140936,334.0
43,-0.3048471407536705,0.4232908648367565,1.0561200246622662,3.739776526431473,-0.1874003488251716,3.298053083489505,2.5342271984590776,1.0840464590619157,-1.4452070049467318,1.197432064186977,1.1934197403423832,2.305564843277773,2.1615943730705216,-1.7962221415092063,3.509870473109812,-0.3394959921543437,-1.359063831711889,2.0450829478230865,1.6760018302048547,0.5342694535732276,0.7744531342095872,0.3069157024039716,-0.9852571782621392,2.684276045040835,2.6842760450408574,335.0
75,0.8614241174327224,1.3044715743465165,-1.069696610584806,-0.844392921881579,-1.2688658463413167,-1.066813923025023,-1.1802758158220954,-0.2198290199689476,0.7786128613897819,-2.1537146154474103,-1.6476242153587666,-1.4452992991020406,-1.0891212490329008,0.3582178514171751,-0.575059971790995,-1.3029951811557583,-1.084678704804757,1.3190605304939769,-0.2866206028466274,-0.0107933222944086,2.0646760876968995,-1.3916314725440362,-0.9852571782621392,2.669324711354728,2.6693247113547462,336.0
73,0.9780512432513616,0.7861299805172459,-0.7212020802164334,-0.8444470047187975,-0.9083773471692684,-0.5848040695448913,-0.8881238933505426,-0.7993292328715536,0.3338488881224792,-0.2387736556563319,-1.2417607931157453,-1.4452992991020406,-0.8643978647222729,1.1045576650794282,-0.2998147700149924,0.3487177142752382,-1.1018277752364527,-0.8590067214933529,-1.2679318193723683,-1.1009188740296814,0.129341657465931,0.3069157024039716,-0.9852571782621392,2.6181787696766157,2.618178769676635,337.0
70,-2.7540167829450954,-1.7537438292461798,-2.010631842579412,0.8056474002357267,3.056996143723264,1.0888412550389004,0.3778677706928532,-2.610267398192197,-2.4459259447981627,0.2399615842914376,1.1934197403423832,1.2338893740263976,-1.0552007381935609,-1.4648934596465255,-0.8083804077335668,-1.853566146299424,-1.1275513808839963,-1.5850291388224629,0.6946906136791137,1.6243950053085003,1.4195646109532432,-0.8254490808947003,1.0149634248429074,2.6023158655374776,2.6023158655374976,338.0
71,-2.1708811538518997,-1.5464071917144715,-2.045481295616249,1.0647582733494785,2.8767518941372394,0.9817279542655376,0.2943957928438383,-3.189767611094803,-2.5571169381149885,0.2399615842914376,0.7875563180993618,0.1622139047750223,-0.993013134988104,-1.312104779279392,-0.8184058952154741,-3.367636300444504,-1.1189768456681484,-1.5850291388224629,0.6946906136791137,1.6243950053085003,1.4195646109532432,-0.2592666892453643,1.0149634248429074,2.5498705167704094,2.549870516770432,339.0
69,-2.1708811538518997,-1.5464071917144715,-1.8712340304320627,0.5794188921508125,2.8767518941372394,1.0085062794588784,0.6561076968562372,-2.39295481835372,-3.113071904699117,1.197432064186977,1.1934197403423832,0.1622139047750223,-0.9774662341867398,-1.4758443117374185,-0.7117711647260956,-2.5417798527290056,-1.1361259160998445,-1.5850291388224629,0.6946906136791137,1.6243950053085003,1.4195646109532432,-1.3916314725440362,1.0149634248429074,2.5213861223664362,2.5213861223664575,340.0
53,-0.538101392390949,-0.6652264822047116,0.9515716655517544,1.5837101378794318,0.1730881503468767,0.0043190847086032,0.642195700548068,0.8667338792234385,0.7786128613897819,1.197432064186977,0.3816928958563403,0.1622139047750223,0.8782683796488225,-0.5588879800037455,-0.1940914474785145,1.7251451271344018,-1.2733184795534105,0.5930381131648669,0.6946906136791137,1.079332229440864,-1.1608812960213812,-0.8254490808947003,1.0149634248429074,2.5212938364095776,2.5212938364095985,341.0
41,0.1616613625208867,0.3196225460709024,1.160668383772778,0.9301731329312836,-0.0071560992391474,3.070437319346109,2.3672832427610477,1.4462340921260444,-0.5556790584121263,1.197432064186977,1.5992831625854045,2.305564843277773,2.2237819762759785,-1.752418733145635,3.4524517720770698,-1.0277096985839256,-1.376212902143585,2.0450829478230865,1.6760018302048547,0.5342694535732276,0.7744531342095872,-0.8254490808947003,-0.9852571782621392,2.488938271377574,2.4889382713775974,342.0
67,0.6281698657954439,1.1489690961977352,-0.4424064559217354,-0.8444740461374067,-0.7281330975832442,-0.4375232809815176,-0.9298598822750502,-0.3647040731945991,1.3345678279739104,-0.2387736556563319,-0.4300339486297024,-0.3736238298506654,-0.8827714747602489,1.328769821029143,-0.3390053119897212,-1.3029951811557583,-1.15327498653154,-0.8590067214933529,-1.2679318193723683,-1.1009188740296814,0.129341657465931,-0.2592666892453643,-0.9852571782621392,2.4429107400579877,2.442910740058009,343.0
56,-1.354491273121424,-1.028065597885201,0.9864211185885916,0.9373391088627328,0.5335766495189251,-0.2634641672248033,0.43351575592553,0.432108719546484,-0.8892520383626034,0.7186968242392072,0.7875563180993618,1.2338893740263976,0.3949011001882268,-0.2495731270882862,0.0301149089350504,0.8992886794189037,-1.2475948739058669,-0.132984304164243,0.6946906136791137,-0.555856098162045,-0.5157698192777251,-0.2592666892453643,1.0149634248429074,2.4416976919764113,2.4416976919764326,344.0
65,0.9780512432513616,0.6824616617513918,-0.5818042680690845,-0.841364282997344,-0.7281330975832442,-0.5580257443515506,-0.8324759081178659,-0.2922665465817733,0.8898038547066076,-0.2387736556563319,-1.2417607931157453,-0.3736238298506654,-0.8064503253717337,1.334039685004624,-0.3153087052143037,-0.6147814747261764,-1.1704240569632358,-0.8590067214933529,-1.2679318193723683,-1.1009188740296814,0.129341657465931,1.4392804857026436,-0.9852571782621392,2.401861304421915,2.4018613044219337,345.0
54,-1.354491273121424,-1.1317339166510552,0.8121738534044055,0.5881803117802067,0.5335766495189251,-0.3036316550148144,0.6282837042398988,0.5045462461593098,-0.2221060784616492,0.2399615842914376,1.1934197403423832,0.6980516394007099,0.4613287672486009,-0.4235533881227791,-0.0683171499782219,0.0734322317034054,-1.2647439443375623,-0.132984304164243,0.6946906136791137,-0.555856098162045,-0.5157698192777251,1.4392804857026436,1.0149634248429074,2.371195901042601,2.371195901042621,346.0
37,0.6281698657954439,0.5787933429855378,1.0909694776991037,1.099073833564606,-0.1874003488251716,3.1106048071361205,2.4646672169182318,1.5186716187388702,-1.334016011629906,1.197432064186977,1.1934197403423832,1.7697271086520852,2.1771412738718854,-1.6384252216192754,3.490730906098898,-0.2018532508684273,-1.4105110430069765,2.0450829478230865,1.6760018302048547,0.5342694535732276,0.7744531342095872,0.3069157024039716,-0.9852571782621392,2.370777552916374,2.3707775529163984,347.0
52,-1.4711183989400634,-1.079899757268128,0.7773244003675682,1.056970344790017,0.5335766495189251,-0.3571883054014956,0.4474277522336992,0.2872336663208326,0.3338488881224792,1.197432064186977,0.7875563180993618,1.2338893740263976,0.4104480009895909,-0.2400425220262463,0.0501658838988652,1.1745741619907364,-1.2818930147692582,-0.132984304164243,0.6946906136791137,-0.555856098162045,-0.5157698192777251,-0.2592666892453643,1.0149634248429074,2.337753443075538,2.337753443075559,348.0
48,-0.4214742665723097,-0.5615581634388576,0.9515716655517544,0.8824450290859726,0.1730881503468767,0.0043190847086032,0.4056917633091916,0.5045462461593098,-0.2221060784616492,1.197432064186977,1.1934197403423832,0.6980516394007099,0.7835736202223316,-0.6002993933713541,-0.2041169349604219,1.1745741619907364,-1.3161911556326498,0.5930381131648669,0.6946906136791137,1.079332229440864,-1.1608812960213812,-0.2592666892453643,1.0149634248429074,2.275201815363692,2.275201815363715,349.0
63,-2.637389657126456,-1.5982413510973987,-1.9757823895425743,-0.3889072668275156,3.056996143723264,1.1423979054255815,0.5865477153153912,-2.682704924805023,-2.3347349514813374,0.7186968242392072,0.3816928958563403,1.2338893740263976,-1.233283420100096,-1.4299852826741912,-0.8694447405779117,-2.1288516288712565,-1.1875731273949317,-1.5850291388224629,0.6946906136791137,1.6243950053085003,1.4195646109532432,-0.2592666892453643,1.0149634248429074,2.2734433310334765,2.273443331033498,350.0
61,0.3949156141581653,1.1489690961977352,-1.3833416879163412,-0.8478271820449527,-1.0886215967552926,-1.173927223798386,-1.2080998084384338,0.0699210864823553,1.7793318012412132,-2.1537146154474103,-1.6476242153587666,-0.9094615644763532,-1.0325870643006674,0.3155730656297731,-0.4201206197978809,-0.2018532508684273,-1.2047221978266272,1.3190605304939769,-0.2866206028466274,-0.0107933222944086,2.0646760876968995,0.8730980940533075,-0.9852571782621392,2.2671238852300295,2.267123885230049,351.0
51,-1.2378641473027847,-1.3390705541827634,0.7773244003675682,1.0263053760871372,0.7138208991049493,-0.2366858420314626,0.572635719007222,0.7942963526106128,-0.1109150851448235,1.197432064186977,1.1934197403423832,0.6980516394007099,0.331300142364464,-0.1673482991020597,0.1185214803664155,0.3487177142752382,-1.2904675499851062,-0.132984304164243,0.6946906136791137,-0.555856098162045,-0.5157698192777251,-0.8254490808947003,1.0149634248429074,2.2528778660994995,2.25287786609952,352.0
45,-0.887982769846867,-0.6133923228217846,0.9864211185885916,-0.4074035971562367,0.1730881503468767,0.071264897691955,0.4891637411582068,0.7218588259977871,0.6674218680729562,0.2399615842914376,0.7875563180993618,1.2338893740263976,0.7962938117870841,-0.5669609631151205,-0.0373292795795991,1.03693142070482,-1.3419147612801934,0.5930381131648669,0.6946906136791137,1.079332229440864,-1.1608812960213812,1.4392804857026436,1.0149634248429074,2.167053791157279,2.167053791157302,353.0
30,0.7447969916140832,0.4232908648367565,1.160668383772778,2.785755277897434,-0.0071560992391474,3.003491506362758,2.5481391947672463,1.1564839856747415,-1.334016011629906,0.7186968242392072,1.1934197403423832,1.7697271086520852,2.404691367419125,-1.7649767068744404,3.4560974038886725,0.624003196847071,-1.4705327895179117,2.0450829478230865,1.6760018302048547,0.5342694535732276,0.7744531342095872,0.3069157024039716,-0.9852571782621392,2.15683525537523,2.1568352553752566,354.0
59,0.9780512432513616,0.837964139900173,-0.5818042680690845,-0.8431219752069447,-0.54788884799722,-0.5981932321415617,-0.8463879044260351,-0.5095791264202506,0.4450398814393049,-1.1962441355518711,-0.8358973708727238,-0.3736238298506654,-0.8460242546842971,1.261532336689497,-0.1858887759024085,0.3487177142752382,-1.221871268258323,-0.8590067214933529,-1.2679318193723683,-1.1009188740296814,0.129341657465931,0.8730980940533075,-0.9852571782621392,2.1280877285223285,2.1280877285223507,355.0
60,0.5115427399768046,0.9934666180489542,-0.6166537211059216,-0.8412561173229071,-0.54788884799722,-0.3571883054014956,-0.8602999007342043,-0.2198290199689476,0.5562308747561305,-0.2387736556563319,-0.8358973708727238,-0.9094615644763532,-0.7513294952578061,1.2817521693897462,-0.3271570086020125,-0.8900669572980091,-1.213296733042475,-0.8590067214933529,-1.2679318193723683,-1.1009188740296814,0.129341657465931,0.3069157024039716,-0.9852571782621392,2.1232098529644827,2.123209852964503,356.0
46,-1.354491273121424,-1.028065597885201,0.8470233064412427,1.8272992367114789,0.5335766495189251,-0.3973557931915066,0.363955774384684,0.6494212993849613,0.7786128613897819,0.7186968242392072,0.7875563180993618,1.2338893740263976,0.3991411640431442,-0.2426587665530808,0.086622202014892,0.7616459381329873,-1.3333402260643454,-0.132984304164243,0.6946906136791137,-0.555856098162045,-0.5157698192777251,-0.2592666892453643,1.0149634248429074,2.119887767468507,2.119887767468529,357.0
57,0.9780512432513616,0.837964139900173,-0.5818042680690845,-0.8459072413236965,-0.7281330975832442,-0.5580257443515506,-0.8742118970423735,-0.3647040731945991,0.7786128613897819,-0.7175088956041015,-0.4300339486297024,-0.3736238298506654,-0.8672245739588846,1.143988207591005,-0.1612807611740904,-0.6147814747261764,-1.2390203386900187,-0.8590067214933529,-1.2679318193723683,-1.1009188740296814,0.129341657465931,1.4392804857026436,-0.9852571782621392,2.0724109940810487,2.072410994081071,358.0
29,0.9780512432513616,0.3714567054538294,1.021270571625429,0.8675992902694989,-0.1874003488251716,3.0838264819427805,2.1725152944466783,1.2289215122875672,-1.2228250183130804,1.197432064186977,1.1934197403423832,2.305564843277773,2.36229072886995,-1.5792607203910043,3.518073144685918,0.0734322317034054,-1.4791073247337594,2.0450829478230865,1.6760018302048547,0.5342694535732276,0.7744531342095872,-0.2592666892453643,-0.9852571782621392,2.028772664099325,2.0287726640993515,359.0
58,0.3949156141581653,0.9934666180489542,-0.7212020802164334,-0.8450148745095916,-0.7281330975832442,-0.4643016061748584,-0.8602999007342043,-0.7993292328715536,0.5562308747561305,-0.7175088956041015,-0.4300339486297024,-0.3736238298506654,-0.8516776731575204,1.4006417956734674,-0.4511084901965037,-0.3394959921543437,-1.230445803474171,-0.8590067214933529,-1.2679318193723683,-1.1009188740296814,0.129341657465931,-0.8254490808947003,-0.9852571782621392,1.9843273942038966,1.9843273942039175,360.0
50,-1.587745524758703,-1.961080466777888,-1.9757823895425743,0.8828236089465019,2.8767518941372394,1.2762895313922853,0.4056917633091916,-2.610267398192197,-2.6683079314318143,1.197432064186977,1.1934197403423832,1.2338893740263976,-1.09618802212443,-1.495578270454113,-0.7646328259943346,-2.1288516288712565,-1.299042085200954,-1.5850291388224629,0.6946906136791137,1.6243950053085003,1.4195646109532432,0.8730980940533075,1.0149634248429074,1.8966876684586385,1.8966876684586615,361.0
55,0.9780512432513616,1.3044715743465165,-1.2787933288058293,-0.8442577147885328,-0.9083773471692684,-0.9597006222516608,-1.1941878121302647,0.1423586130951811,1.7793318012412132,-2.63244985539518,-1.6476242153587666,-1.9811370337277283,-0.8940783117066956,0.1748564850078901,-0.5304009820988621,-1.0277096985839256,-1.2561694091217146,1.3190605304939769,-0.2866206028466274,-0.0107933222944086,2.0646760876968995,-0.8254490808947003,-0.9852571782621392,1.8958249924873642,1.8958249924873867,362.0
40,-0.6547285182095883,-0.6652264822047116,0.9864211185885916,-0.4839848946576086,0.1730881503468767,-0.1563508664514405,0.3361317817683456,0.9391714058362642,0.4450398814393049,0.2399615842914376,0.3816928958563403,0.6980516394007099,0.8514146419010118,-0.6317317026151797,-0.1293814828225669,1.3122169032766529,-1.3847874373594329,0.5930381131648669,0.6946906136791137,1.079332229440864,-1.1608812960213812,-0.8254490808947003,1.0149634248429074,1.8188621926081954,1.81886219260822,363.0
49,0.1616613625208867,0.7861299805172459,-0.6166537211059216,-0.8409586617182053,-0.7281330975832442,-0.3304099802081551,-0.915947885966881,-1.233954392548508,0.4450398814393049,-0.7175088956041015,-0.4300339486297024,-1.4452992991020406,-0.8841848293785547,1.22890402994769,-0.2770295711924756,0.7616459381329873,-1.3076166204168018,-0.8590067214933529,-1.2679318193723683,-1.1009188740296814,0.129341657465931,1.4392804857026436,-0.9852571782621392,1.6671315766297738,1.6671315766297965,364.0
47,0.9780512432513616,0.7342958211343189,-0.5121053619954099,-0.8465832767889276,-0.7281330975832442,-0.4375232809815176,-0.915947885966881,-0.7268917062587278,0.1114669014888278,-1.1962441355518711,-0.8358973708727238,-0.9094615644763532,-0.8064503253717337,1.0924481904123655,-0.2615356359931642,0.2110749729893218,-1.3247656908484975,-0.8590067214933529,-1.2679318193723683,-1.1009188740296814,0.129341657465931,-0.2592666892453643,-0.9852571782621392,1.511781590485424,1.5117815904854486,365.0
31,-0.1882200149350311,-1.079899757268128,0.7424749473307309,0.2419690293260881,0.7138208991049493,-0.4375232809815176,0.3222197854601764,0.5045462461593098,-0.5556790584121263,0.2399615842914376,1.1934197403423832,0.6980516394007099,0.4076212917529793,-0.2088718372351041,0.003684078300931,1.449859644562569,-1.4619582543020635,-0.132984304164243,0.6946906136791137,-0.555856098162045,-0.5157698192777251,1.4392804857026436,1.0149634248429074,1.4804083743966234,1.4804083743966474,366.0
44,0.9780512432513616,1.1489690961977352,-1.209094422732155,-0.8462046969283982,-1.2688658463413167,-0.93292229705832,-1.1663638195139263,0.0699210864823553,1.2233768346570848,-2.1537146154474103,-2.053487637601788,-1.4452992991020406,-1.0043199719345506,0.410393242266617,-0.4000696448340662,-0.47713873344026,-1.350489296496041,1.3190605304939769,-0.2866206028466274,-0.0107933222944086,2.0646760876968995,-0.2592666892453643,-0.9852571782621392,1.4735225019569673,1.4735225019569906,367.0
28,-0.0715928891163918,-0.7688948009705657,1.0561200246622662,0.0577358443413259,0.1730881503468767,-0.1965183542414516,0.5587237226990528,0.7942963526106128,0.7786128613897819,0.7186968242392072,0.3816928958563403,0.6980516394007099,0.7722667832758849,-0.5941325312723872,-0.1776861043263025,1.3122169032766529,-1.487681859949607,0.5930381131648669,0.6946906136791137,1.079332229440864,-1.1608812960213812,0.8730980940533075,1.0149634248429074,1.4624681933909034,1.4624681933909291,368.0
27,0.0450342367022474,-0.7170606415876387,1.1258189307359407,0.3136828714777965,0.1730881503468767,0.0444865724986143,0.5169877337745452,0.8667338792234385,-0.2221060784616492,1.197432064186977,0.3816928958563403,0.6980516394007099,0.8485879326643999,-0.6806181003451727,-0.1603693532211897,-0.2018532508684273,-1.4962563951654553,0.5930381131648669,0.6946906136791137,1.079332229440864,-1.1608812960213812,0.3069157024039716,1.0149634248429074,1.344224661447029,1.344224661447055,369.0
42,0.9780512432513616,1.5118082118782248,-1.1742449696953177,-0.8447715017421084,-1.2688658463413167,-0.7588631833016056,-1.1663638195139263,-0.3647040731945991,0.7786128613897819,-2.63244985539518,-1.2417607931157453,-1.9811370337277283,-1.0156268088809974,0.179154601016261,-0.5504519570626769,-1.7159234050135073,-1.367638366927737,1.3190605304939769,-0.2866206028466274,-0.0107933222944086,2.0646760876968995,0.3069157024039716,-0.9852571782621392,1.323866938367286,1.3238669383673105,370.0
35,-2.987271034582374,-1.4945730323315445,-1.8712340304320627,1.6757050439880712,2.8767518941372394,1.0218954420555486,0.6839316894725753,-2.610267398192197,-3.3354538913327683,0.7186968242392072,0.7875563180993618,1.2338893740263976,-0.9548525602938464,-1.4236689208879767,-0.7701012737117385,-2.1288516288712565,-1.4276601134386722,-1.5850291388224629,0.6946906136791137,1.6243950053085003,1.4195646109532432,1.4392804857026436,1.0149634248429074,1.2334315709836625,1.2334315709836887,371.0
6,-0.0715928891163918,0.6824616617513918,0.9167222125149171,3.135779400375456,-0.1874003488251716,3.003491506362758,2.589875183691753,1.1564839856747415,-0.1109150851448235,0.7186968242392072,1.5992831625854045,1.2338893740263976,2.338263700358751,-1.6311371118659508,3.5198959605917195,0.8992886794189037,-1.6763216346982608,2.0450829478230865,1.6760018302048547,0.5342694535732276,0.7744531342095872,1.4392804857026436,-0.9852571782621392,1.2333581356330023,1.2333581356330328,372.0
39,0.9780512432513616,0.9416324586660272,-0.5818042680690845,-0.8394984251133063,-0.7281330975832442,-0.5580257443515506,-0.915947885966881,-0.2198290199689476,0.7786128613897819,-1.1962441355518711,-0.4300339486297024,-1.4452992991020406,-0.8969050209433072,1.130196861442406,-0.2806752030040783,-0.2018532508684273,-1.3933619725752806,-0.8590067214933529,-1.2679318193723683,-1.1009188740296814,0.129341657465931,0.3069157024039716,-0.9852571782621392,1.2235010383222595,1.2235010383222842,373.0
7,0.5115427399768046,0.6824616617513918,1.021270571625429,3.5064361252523284,-0.3676445984111958,3.284663920892835,2.8542031135469688,1.1564839856747415,-1.334016011629906,0.7186968242392072,1.5992831625854045,1.7697271086520852,2.356637310396726,-1.7045788332263758,3.443337692548063,0.0734322317034054,-1.6677470994824128,2.0450829478230865,1.6760018302048547,0.5342694535732276,0.7744531342095872,0.3069157024039716,-0.9852571782621392,1.2189856581686707,1.2189856581686995,374.0
11,-0.538101392390949,0.4232908648367565,1.0561200246622662,1.1982617570233036,-0.3676445984111958,3.030269831556099,2.895939102471476,1.2289215122875672,-0.8892520383626034,0.7186968242392072,1.1934197403423832,1.2338893740263976,2.189861465436638,-1.627661244137442,3.5891629650121706,0.0734322317034054,-1.6334489586190213,2.0450829478230865,1.6760018302048547,0.5342694535732276,0.7744531342095872,-0.8254490808947003,-0.9852571782621392,1.166427440347099,1.1664274403471286,375.0
38,0.9780512432513616,0.7342958211343189,-0.5469548150322472,-0.8420944012997935,-0.7281330975832442,-0.3571883054014956,-0.8324759081178659,-0.654454179645902,1.3345678279739104,-1.1962441355518711,-0.4300339486297024,-0.3736238298506654,-0.7951434884252869,1.325891952049625,-0.1795089202321038,-0.6147814747261764,-1.4019365077911283,-0.8590067214933529,-1.2679318193723683,-1.1009188740296814,0.129341657465931,-1.3916314725440362,-0.9852571782621392,1.1643678926619208,1.164367892661947,376.0
8,0.278288488339526,0.2159542273050483,0.8470233064412427,2.263504360297153,-0.1874003488251716,3.217718107909484,2.575963187383585,1.301359038900393,-0.8892520383626034,0.7186968242392072,1.5992831625854045,1.2338893740263976,2.29444970719127,-1.681256882015737,3.4615658516060765,-0.0642105095825109,-1.659172564266565,2.0450829478230865,1.6760018302048547,0.5342694535732276,0.7744531342095872,-0.2592666892453643,-0.9852571782621392,1.1379869496448103,1.1379869496448392,377.0
36,-4.270169418587407,-1.8574121480120336,-1.9060834834689,1.581709072902348,2.8767518941372394,0.9683387916688672,0.4196037596173608,-2.610267398192197,-2.5571169381149885,1.197432064186977,1.1934197403423832,0.6980516394007099,-1.0919479582695126,-1.3929841100803897,-0.9122809143642432,-2.4041371114430894,-1.4190855782228242,-1.5850291388224629,0.6946906136791137,1.6243950053085003,1.4195646109532432,-0.8254490808947003,1.0149634248429074,1.1190398891069546,1.1190398891069788,378.0
21,0.278288488339526,-0.3023873665242222,0.8121738534044055,0.1357503370289876,0.1730881503468767,-0.0492375656780781,0.2943957928438383,0.6494212993849613,0.1114669014888278,0.7186968242392072,1.1934197403423832,0.6980516394007099,0.7666133648026614,-0.7978632300691693,-0.1138875476232555,0.7616459381329873,-1.5477036064605425,0.5930381131648669,0.6946906136791137,1.079332229440864,-1.1608812960213812,-0.8254490808947003,1.0149634248429074,1.0907344590671575,1.0907344590671868,379.0
23,-0.4214742665723097,-1.4427388729486177,0.7773244003675682,-0.4314975011370709,0.7138208991049493,-0.1563508664514405,0.2804837965356691,0.432108719546484,0.0002759081720021,0.7186968242392072,0.3816928958563403,0.6980516394007099,0.4585020580119893,-0.120779146524406,-0.1220902191993615,0.4863604555611545,-1.5305545360288468,-0.132984304164243,0.6946906136791137,-0.555856098162045,-0.5157698192777251,-0.2592666892453643,1.0149634248429074,0.9986503881502777,0.9986503881503033,380.0
34,-2.520762531307817,-2.116582944926669,-1.9757823895425743,0.4783921522266863,2.6965076445512155,1.0620629298455595,0.3083077891520075,-2.9724550312563256,-2.4459259447981627,0.7186968242392072,1.1934197403423832,1.2338893740263976,-1.0834678305596777,-1.389919366491812,-0.8475709497082956,-2.954708076586755,-1.43623464865452,-1.5850291388224629,0.6946906136791137,1.6243950053085003,1.4195646109532432,-1.3916314725440362,1.0149634248429074,0.988534157665338,0.988534157665365,381.0
2,-0.538101392390949,0.837964139900173,1.160668383772778,4.024062960270429,-0.1874003488251716,3.3248314086828463,2.923763095087814,1.2289215122875672,-0.5556790584121263,0.7186968242392072,1.1934197403423832,1.7697271086520852,2.2704226786800707,-1.9592515504528063,3.4861738663343944,0.0734322317034054,-1.710619775561652,2.0450829478230865,1.6760018302048547,0.5342694535732276,0.7744531342095872,-1.3916314725440362,-0.9852571782621392,0.9464146058047929,0.9464146058048242,382.0
33,0.8614241174327224,0.9416324586660272,-0.5469548150322472,-0.843825052090785,-0.54788884799722,-0.5580257443515506,-0.8742118970423735,-0.5095791264202506,0.3338488881224792,-0.7175088956041015,-1.2417607931157453,-0.3736238298506654,-0.8629845101039672,1.108369907104244,-0.4018924607398675,0.624003196847071,-1.4448091838703678,-0.8590067214933529,-1.2679318193723683,-1.1009188740296814,0.129341657465931,-1.3916314725440362,-0.9852571782621392,0.93628370848824,0.936283708488266,383.0
32,0.278288488339526,0.837964139900173,-0.7560515332532707,-0.8418510285323103,-0.7281330975832442,-0.5312474191582099,-0.915947885966881,-0.2922665465817733,1.2233768346570848,-0.2387736556563319,-1.2417607931157453,-1.4452992991020406,-0.8870115386151664,1.2333890205651203,-0.3390053119897212,0.3487177142752382,-1.4533837190862158,-0.8590067214933529,-1.2679318193723683,-1.1009188740296814,0.129341657465931,-1.3916314725440362,-0.9852571782621392,0.8656499983691918,0.8656499983692162,384.0
18,-0.6547285182095883,-1.079899757268128,0.9515716655517544,0.7247935585940947,0.5335766495189251,-0.3170208176114847,0.4474277522336992,0.1423586130951811,-0.666870051728952,0.7186968242392072,1.1934197403423832,0.1622139047750223,0.452848639538766,-0.2688212118214256,-0.0983936124239441,-0.0642105095825109,-1.573427212108086,-0.132984304164243,0.6946906136791137,-0.555856098162045,-0.5157698192777251,0.8730980940533075,1.0149634248429074,0.8325698986710925,0.8325698986711204,385.0
25,0.9780512432513616,1.4081398931123703,-1.2439438757689922,-0.8468266495564107,-1.0886215967552926,-0.8258089962849574,-1.1802758158220954,-0.1473914933561218,1.6681408079243871,-1.6749793754996407,-1.6476242153587666,-1.4452992991020406,-0.8757047016687196,0.2970724793328722,-0.5094385991821467,-0.2018532508684273,-1.513405465597151,1.3190605304939769,-0.2866206028466274,-0.0107933222944086,2.0646760876968995,-1.3916314725440362,-0.9852571782621392,0.7024860471268287,0.7024860471268567,386.0
14,-0.538101392390949,-1.079899757268128,0.5333782291097074,1.126169335011066,0.7138208991049493,-0.2099075168381219,0.6004597116235604,0.6494212993849613,-0.3332970717784749,0.7186968242392072,1.1934197403423832,0.1622139047750223,0.5122095335076111,-0.3631928893965265,0.1066731769787068,0.4863604555611545,-1.6077253529714777,-0.132984304164243,0.6946906136791137,-0.555856098162045,-0.5157698192777251,-1.3916314725440362,1.0149634248429074,0.6576713113903592,0.657671311390388,387.0
26,0.9780512432513616,0.8897982992831001,-0.5818042680690845,-0.8464210282772722,-0.9083773471692684,-0.5178582565615396,-0.915947885966881,-0.944204286097205,-0.1109150851448235,-0.2387736556563319,-0.8358973708727238,-1.4452992991020406,-0.8191705169364861,1.180578256044876,-0.3936897891637614,-0.3394959921543437,-1.504830930381303,-0.8590067214933529,-1.2679318193723683,-1.1009188740296814,0.129341657465931,-0.8254490808947003,-0.9852571782621392,0.5723550029349985,0.5723550029350264,388.0
20,0.9780512432513616,1.6673106900270058,-1.1393955166584804,-0.8473404365099864,-1.0886215967552926,-0.9597006222516608,-1.138539826897588,0.0699210864823553,1.7793318012412132,-1.6749793754996407,-2.053487637601788,-0.9094615644763532,-1.0142134542626915,0.1734362379790371,-0.4438172265732983,-1.578280663727591,-1.5562781416763904,1.3190605304939769,-0.2866206028466274,-0.0107933222944086,2.0646760876968995,0.3069157024039716,-0.9852571782621392,0.527996508886745,0.527996508886774,389.0
24,-3.337152412038292,-1.961080466777888,-1.7666856713215509,0.594372796641723,2.6965076445512155,1.0620629298455595,0.642195700548068,-2.682704924805023,-2.77949892474864,0.2399615842914376,1.1934197403423832,1.2338893740263976,-1.1117349229257942,-1.3417430922762454,-0.9195721779874486,-3.367636300444504,-1.521980000812999,-1.5850291388224629,0.6946906136791137,1.6243950053085003,1.4195646109532432,-1.3916314725440362,1.0149634248429074,0.5270655799802358,0.5270655799802635,390.0
16,-2.404135405489178,-1.6500755104803255,-2.010631842579412,1.1077541289381725,2.8767518941372394,1.0620629298455595,0.3361317817683456,-2.9000175046435,-2.890689918065465,0.7186968242392072,0.3816928958563403,1.2338893740263976,-1.1117349229257942,-1.3740350247217454,-0.79926632820456,-1.99120888758534,-1.5905762825397818,-1.5850291388224629,0.6946906136791137,1.6243950053085003,1.4195646109532432,1.4392804857026436,1.0149634248429074,0.40010305013500425,0.4001030501350333,391.0
22,-0.1882200149350311,0.6824616617513918,-0.790900986290108,-0.8433112651372093,-0.7281330975832442,-0.571414906948221,-0.9437718785832194,-0.4371415998074248,0.5562308747561305,-1.1962441355518711,-0.4300339486297024,-1.4452992991020406,-0.7301291759832186,1.1801671319049447,-0.3654361426238406,0.7616459381329873,-1.5391290712446946,-0.8590067214933529,-1.2679318193723683,-1.1009188740296814,0.129341657465931,-1.3916314725440362,-0.9852571782621392,0.39566398649541606,0.3956639864954433,392.0
19,0.0450342367022474,0.837964139900173,-0.4772559089585727,-0.8431219752069447,-0.54788884799722,-0.5312474191582099,-0.8602999007342043,-0.8717667594843793,0.4450398814393049,-0.7175088956041015,-0.8358973708727238,-0.3736238298506654,-0.7767698783873113,1.1920897319629475,-0.148521049833481,-0.6147814747261764,-1.5648526768922382,-0.8590067214933529,-1.2679318193723683,-1.1009188740296814,0.129341657465931,0.8730980940533075,-0.9852571782621392,0.3810798816941727,0.3810798816942027,393.0
17,-3.453779537856932,-1.8055779886291068,-1.9060834834689,0.1869397424562817,3.056996143723264,0.9683387916688672,0.43351575592553,-2.610267398192197,-2.00116197153086,0.2399615842914376,1.1934197403423832,1.2338893740263976,-1.052374028956949,-1.4739008158031983,-0.8074689997806661,-1.578280663727591,-1.582001747323934,-1.5850291388224629,0.6946906136791137,1.6243950053085003,1.4195646109532432,-0.2592666892453643,1.0149634248429074,0.37297843016165694,0.37297843016168686,394.0
5,-0.7713556440282276,-1.2354022354169092,0.7076254942938938,0.5681426205907588,0.5335766495189251,-0.2366858420314626,0.363955774384684,0.7218588259977871,-0.3332970717784749,0.7186968242392072,0.7875563180993618,0.1622139047750223,0.4966626327062468,-0.3800489791337029,0.0620141872865739,1.3122169032766529,-1.6848961699141085,-0.132984304164243,0.6946906136791137,-0.555856098162045,-0.5157698192777251,-0.8254490808947003,1.0149634248429074,0.2696845387037306,0.26968453870376,395.0
15,0.1616613625208867,1.1489690961977352,-0.6863526271795962,-0.8394173008574786,-0.7281330975832442,-0.5580257443515506,-0.915947885966881,-0.5095791264202506,0.6674218680729562,-0.7175088956041015,-0.4300339486297024,-1.4452992991020406,-0.8318907085012388,1.3082136140325864,-0.2305477655945414,0.4863604555611545,-1.5991508177556295,-0.8590067214933529,-1.2679318193723683,-1.1009188740296814,0.129341657465931,0.3069157024039716,-0.9852571782621392,0.22932841439797583,0.22932841439800566,396.0
13,0.9780512432513616,1.2008032555806625,-1.1742449696953177,-0.8450959987654193,-1.0886215967552926,-0.9730897848483312,-1.138539826897588,0.1423586130951811,1.0009948480234334,-1.6749793754996407,-1.2417607931157453,-0.9094615644763532,-0.9322388864009532,0.2878782485671396,-0.5522747729684783,-1.0277096985839256,-1.6162998881873256,1.3190605304939769,-0.2866206028466274,-0.0107933222944086,2.0646760876968995,-0.2592666892453643,-0.9852571782621392,0.21989866157773932,0.21989866157776716,397.0
10,0.9780512432513616,1.0971349368148082,-0.5818042680690845,-0.843716886416348,-0.54788884799722,-0.7053065329149243,-0.8463879044260351,-0.2198290199689476,0.8898038547066076,-0.7175088956041015,-0.4300339486297024,-0.9094615644763532,-0.7711164599140877,1.1035859171123183,-0.3718159982941454,0.624003196847071,-1.6420234938348692,-0.8590067214933529,-1.2679318193723683,-1.1009188740296814,0.129341657465931,0.8730980940533075,-0.9852571782621392,0.12062543693950178,0.12062543693953162,398.0
12,-1.820999776395981,-1.6500755104803255,-2.080330748653086,1.067705787977886,2.8767518941372394,1.129008742828911,0.6143717079317296,-3.1173300844819773,-3.113071904699117,0.2399615842914376,1.1934197403423832,0.1622139047750223,-1.1357619514369934,-1.3008549278140038,-0.9022554268823358,-2.679422594014922,-1.6248744234031731,-1.5850291388224629,0.6946906136791137,1.6243950053085003,1.4195646109532432,-0.8254490808947003,1.0149634248429074,0.09173297704538731,0.09173297704541822,399.0
9,0.278288488339526,1.4599740524952978,-1.1393955166584804,-0.8481787204868728,-1.0886215967552926,-1.0266464352350124,-1.1941878121302647,-0.3647040731945991,0.8898038547066076,-2.63244985539518,-2.053487637601788,-1.4452992991020406,-0.9393056594924822,0.185807337098783,-0.5513633650155776,-1.1653524398698418,-1.650598029050717,1.3190605304939769,-0.2866206028466274,-0.0107933222944086,2.0646760876968995,0.8730980940533075,-0.9852571782621392,-0.05464804577112183,-0.05464804577109168,400.0
4,0.9780512432513616,1.5636423712611518,-1.348492234879504,-0.8457179513934319,-1.0886215967552926,-1.0400355978316829,-1.1663638195139263,-0.5095791264202506,0.5562308747561305,-1.6749793754996407,-1.6476242153587666,-1.4452992991020406,-1.0241069365908324,0.0799241836056104,-0.5513633650155776,-0.8900669572980091,-1.6934707051299565,1.3190605304939769,-0.2866206028466274,-0.0107933222944086,2.0646760876968995,0.8730980940533075,-0.9852571782621392,-0.19890453746140194,-0.19890453746137104,401.0
3,0.9780512432513616,1.4081398931123703,-1.2439438757689922,-0.8472593122541586,-1.0886215967552926,-0.9463114596549904,-1.1663638195139263,0.0699210864823553,0.3338488881224792,-2.63244985539518,-2.053487637601788,-0.9094615644763532,-0.9195186948362006,0.2977078530036748,-0.4538427140552057,-0.8900669572980091,-1.7020452403458044,1.3190605304939769,-0.2866206028466274,-0.0107933222944086,2.0646760876968995,1.4392804857026436,-0.9852571782621392,-0.21772324014555475,-0.21772324014552505,402.0
1,0.9780512432513616,1.6154765306440788,-1.2439438757689922,-0.8472593122541586,-1.2688658463413167,-0.892754809268309,-1.152451823205757,-0.0025164401304703,1.5569498146075618,-1.6749793754996407,-1.2417607931157453,-1.4452992991020406,-1.0057333265528563,0.2575298120558596,-0.5550089968271802,0.0734322317034054,-1.7191943107775,1.3190605304939769,-0.2866206028466274,-0.0107933222944086,2.0646760876968995,-0.8254490808947003,-0.9852571782621392,-0.26219633927869573,-0.26219633927866476,403.0
0,0.7447969916140832,0.8897982992831001,-0.6166537211059216,-0.8439332177652219,-0.7281330975832442,-0.5446365817548803,-0.8463879044260351,-0.5095791264202506,0.4450398814393049,-0.2387736556563319,-0.4300339486297024,-0.9094615644763532,-0.9463724325840114,1.2778278025994945,-0.3317140483665158,-0.3394959921543437,-1.727768845993348,-0.8590067214933529,-1.2679318193723683,-1.1009188740296814,0.129341657465931,-0.2592666892453643,-0.9852571782621392,-0.4166050327882147,-0.4166050327881837,404.0
